Copyright 1986-2022 Xilinx, Inc. All Rights Reserved. Copyright 2022-2025 Advanced Micro Devices, Inc. All Rights Reserved.
---------------------------------------------------------------------------------------------------------------------------------------------------------------------------------------
| Tool Version : Vivado v.2025.2 (win64) Build 6299465 Fri Nov 14 19:35:11 GMT 2025
| Date         : Sat Jan 10 23:12:52 2026
| Host         : STUDIOPC running 64-bit major release  (build 9200)
| Command      : report_bus_skew -warn_on_violation -file mbv_system_wrapper_bus_skew_routed.rpt -pb mbv_system_wrapper_bus_skew_routed.pb -rpx mbv_system_wrapper_bus_skew_routed.rpx
| Design       : mbv_system_wrapper
| Device       : 7a35ti-csg324
| Speed File   : -1L  PRODUCTION 1.23 2018-06-13
| Design State : Routed
---------------------------------------------------------------------------------------------------------------------------------------------------------------------------------------

Bus Skew Report

Table of Contents
-----------------
1. Bus Skew Report Summary
2. Bus Skew Report Per Constraint

1. Bus Skew Report Summary
--------------------------

Id  Position  From                            To                              Corner  Requirement(ns)  Actual(ns)  Slack(ns)
--  --------  ------------------------------  ------------------------------  ------  ---------------  ----------  ---------
1   206       [get_cells [list {mbv_system_i/mbv_axi_ethernetlite/U0/XEMAC_I/EMAC_I/TX/INST_TX_INTRFCE/I_TX_FIFO/gnuram_async_fifo.xpm_fifo_base_inst/gen_cdc_pntr.rd_pntr_cdc_inst/src_gray_ff_reg[0]} {mbv_system_i/mbv_axi_ethernetlite/U0/XEMAC_I/EMAC_I/TX/INST_TX_INTRFCE/I_TX_FIFO/gnuram_async_fifo.xpm_fifo_base_inst/gen_cdc_pntr.rd_pntr_cdc_inst/src_gray_ff_reg[1]} {mbv_system_i/mbv_axi_ethernetlite/U0/XEMAC_I/EMAC_I/TX/INST_TX_INTRFCE/I_TX_FIFO/gnuram_async_fifo.xpm_fifo_base_inst/gen_cdc_pntr.rd_pntr_cdc_inst/src_gray_ff_reg[2]} {mbv_system_i/mbv_axi_ethernetlite/U0/XEMAC_I/EMAC_I/TX/INST_TX_INTRFCE/I_TX_FIFO/gnuram_async_fifo.xpm_fifo_base_inst/gen_cdc_pntr.rd_pntr_cdc_inst/src_gray_ff_reg[3]}]]
                                              [get_cells [list {mbv_system_i/mbv_axi_ethernetlite/U0/XEMAC_I/EMAC_I/TX/INST_TX_INTRFCE/I_TX_FIFO/gnuram_async_fifo.xpm_fifo_base_inst/gen_cdc_pntr.rd_pntr_cdc_inst/dest_graysync_ff_reg[0][0]} {mbv_system_i/mbv_axi_ethernetlite/U0/XEMAC_I/EMAC_I/TX/INST_TX_INTRFCE/I_TX_FIFO/gnuram_async_fifo.xpm_fifo_base_inst/gen_cdc_pntr.rd_pntr_cdc_inst/dest_graysync_ff_reg[0][1]} {mbv_system_i/mbv_axi_ethernetlite/U0/XEMAC_I/EMAC_I/TX/INST_TX_INTRFCE/I_TX_FIFO/gnuram_async_fifo.xpm_fifo_base_inst/gen_cdc_pntr.rd_pntr_cdc_inst/dest_graysync_ff_reg[0][2]} {mbv_system_i/mbv_axi_ethernetlite/U0/XEMAC_I/EMAC_I/TX/INST_TX_INTRFCE/I_TX_FIFO/gnuram_async_fifo.xpm_fifo_base_inst/gen_cdc_pntr.rd_pntr_cdc_inst/dest_graysync_ff_reg[0][3]}]]
                                                                              Slow             13.333       0.684     12.649
2   208       [get_cells [list {mbv_system_i/mbv_axi_ethernetlite/U0/XEMAC_I/EMAC_I/TX/INST_TX_INTRFCE/I_TX_FIFO/gnuram_async_fifo.xpm_fifo_base_inst/gen_cdc_pntr.wr_pntr_cdc_inst/src_gray_ff_reg[0]} {mbv_system_i/mbv_axi_ethernetlite/U0/XEMAC_I/EMAC_I/TX/INST_TX_INTRFCE/I_TX_FIFO/gnuram_async_fifo.xpm_fifo_base_inst/gen_cdc_pntr.wr_pntr_cdc_inst/src_gray_ff_reg[1]} {mbv_system_i/mbv_axi_ethernetlite/U0/XEMAC_I/EMAC_I/TX/INST_TX_INTRFCE/I_TX_FIFO/gnuram_async_fifo.xpm_fifo_base_inst/gen_cdc_pntr.wr_pntr_cdc_inst/src_gray_ff_reg[2]} {mbv_system_i/mbv_axi_ethernetlite/U0/XEMAC_I/EMAC_I/TX/INST_TX_INTRFCE/I_TX_FIFO/gnuram_async_fifo.xpm_fifo_base_inst/gen_cdc_pntr.wr_pntr_cdc_inst/src_gray_ff_reg[3]}]]
                                              [get_cells [list {mbv_system_i/mbv_axi_ethernetlite/U0/XEMAC_I/EMAC_I/TX/INST_TX_INTRFCE/I_TX_FIFO/gnuram_async_fifo.xpm_fifo_base_inst/gen_cdc_pntr.wr_pntr_cdc_inst/dest_graysync_ff_reg[0][0]} {mbv_system_i/mbv_axi_ethernetlite/U0/XEMAC_I/EMAC_I/TX/INST_TX_INTRFCE/I_TX_FIFO/gnuram_async_fifo.xpm_fifo_base_inst/gen_cdc_pntr.wr_pntr_cdc_inst/dest_graysync_ff_reg[0][1]} {mbv_system_i/mbv_axi_ethernetlite/U0/XEMAC_I/EMAC_I/TX/INST_TX_INTRFCE/I_TX_FIFO/gnuram_async_fifo.xpm_fifo_base_inst/gen_cdc_pntr.wr_pntr_cdc_inst/dest_graysync_ff_reg[0][2]} {mbv_system_i/mbv_axi_ethernetlite/U0/XEMAC_I/EMAC_I/TX/INST_TX_INTRFCE/I_TX_FIFO/gnuram_async_fifo.xpm_fifo_base_inst/gen_cdc_pntr.wr_pntr_cdc_inst/dest_graysync_ff_reg[0][3]}]]
                                                                              Slow             13.333       0.849     12.484
3   210       [get_cells [list {mbv_system_i/mbv_axi_ethernetlite/U0/XEMAC_I/EMAC_I/RX/INST_RX_INTRFCE/I_RX_FIFO/gnuram_async_fifo.xpm_fifo_base_inst/gen_cdc_pntr.rd_pntr_cdc_inst/src_gray_ff_reg[0]} {mbv_system_i/mbv_axi_ethernetlite/U0/XEMAC_I/EMAC_I/RX/INST_RX_INTRFCE/I_RX_FIFO/gnuram_async_fifo.xpm_fifo_base_inst/gen_cdc_pntr.rd_pntr_cdc_inst/src_gray_ff_reg[1]} {mbv_system_i/mbv_axi_ethernetlite/U0/XEMAC_I/EMAC_I/RX/INST_RX_INTRFCE/I_RX_FIFO/gnuram_async_fifo.xpm_fifo_base_inst/gen_cdc_pntr.rd_pntr_cdc_inst/src_gray_ff_reg[2]} {mbv_system_i/mbv_axi_ethernetlite/U0/XEMAC_I/EMAC_I/RX/INST_RX_INTRFCE/I_RX_FIFO/gnuram_async_fifo.xpm_fifo_base_inst/gen_cdc_pntr.rd_pntr_cdc_inst/src_gray_ff_reg[3]}]]
                                              [get_cells [list {mbv_system_i/mbv_axi_ethernetlite/U0/XEMAC_I/EMAC_I/RX/INST_RX_INTRFCE/I_RX_FIFO/gnuram_async_fifo.xpm_fifo_base_inst/gen_cdc_pntr.rd_pntr_cdc_inst/dest_graysync_ff_reg[0][0]} {mbv_system_i/mbv_axi_ethernetlite/U0/XEMAC_I/EMAC_I/RX/INST_RX_INTRFCE/I_RX_FIFO/gnuram_async_fifo.xpm_fifo_base_inst/gen_cdc_pntr.rd_pntr_cdc_inst/dest_graysync_ff_reg[0][1]} {mbv_system_i/mbv_axi_ethernetlite/U0/XEMAC_I/EMAC_I/RX/INST_RX_INTRFCE/I_RX_FIFO/gnuram_async_fifo.xpm_fifo_base_inst/gen_cdc_pntr.rd_pntr_cdc_inst/dest_graysync_ff_reg[0][2]} {mbv_system_i/mbv_axi_ethernetlite/U0/XEMAC_I/EMAC_I/RX/INST_RX_INTRFCE/I_RX_FIFO/gnuram_async_fifo.xpm_fifo_base_inst/gen_cdc_pntr.rd_pntr_cdc_inst/dest_graysync_ff_reg[0][3]}]]
                                                                              Slow             13.333       0.612     12.721
4   212       [get_cells [list {mbv_system_i/mbv_axi_ethernetlite/U0/XEMAC_I/EMAC_I/RX/INST_RX_INTRFCE/I_RX_FIFO/gnuram_async_fifo.xpm_fifo_base_inst/gen_cdc_pntr.wr_pntr_cdc_inst/src_gray_ff_reg[0]} {mbv_system_i/mbv_axi_ethernetlite/U0/XEMAC_I/EMAC_I/RX/INST_RX_INTRFCE/I_RX_FIFO/gnuram_async_fifo.xpm_fifo_base_inst/gen_cdc_pntr.wr_pntr_cdc_inst/src_gray_ff_reg[1]} {mbv_system_i/mbv_axi_ethernetlite/U0/XEMAC_I/EMAC_I/RX/INST_RX_INTRFCE/I_RX_FIFO/gnuram_async_fifo.xpm_fifo_base_inst/gen_cdc_pntr.wr_pntr_cdc_inst/src_gray_ff_reg[2]} {mbv_system_i/mbv_axi_ethernetlite/U0/XEMAC_I/EMAC_I/RX/INST_RX_INTRFCE/I_RX_FIFO/gnuram_async_fifo.xpm_fifo_base_inst/gen_cdc_pntr.wr_pntr_cdc_inst/src_gray_ff_reg[3]}]]
                                              [get_cells [list {mbv_system_i/mbv_axi_ethernetlite/U0/XEMAC_I/EMAC_I/RX/INST_RX_INTRFCE/I_RX_FIFO/gnuram_async_fifo.xpm_fifo_base_inst/gen_cdc_pntr.wr_pntr_cdc_inst/dest_graysync_ff_reg[0][0]} {mbv_system_i/mbv_axi_ethernetlite/U0/XEMAC_I/EMAC_I/RX/INST_RX_INTRFCE/I_RX_FIFO/gnuram_async_fifo.xpm_fifo_base_inst/gen_cdc_pntr.wr_pntr_cdc_inst/dest_graysync_ff_reg[0][1]} {mbv_system_i/mbv_axi_ethernetlite/U0/XEMAC_I/EMAC_I/RX/INST_RX_INTRFCE/I_RX_FIFO/gnuram_async_fifo.xpm_fifo_base_inst/gen_cdc_pntr.wr_pntr_cdc_inst/dest_graysync_ff_reg[0][2]} {mbv_system_i/mbv_axi_ethernetlite/U0/XEMAC_I/EMAC_I/RX/INST_RX_INTRFCE/I_RX_FIFO/gnuram_async_fifo.xpm_fifo_base_inst/gen_cdc_pntr.wr_pntr_cdc_inst/dest_graysync_ff_reg[0][3]}]]
                                                                              Slow             13.333       0.670     12.663
5   214       [get_cells [list {mbv_system_i/mbv_axi_ethernetlite/U0/XEMAC_I/EMAC_I/TX/INST_TX_INTRFCE/I_TX_FIFO/gnuram_async_fifo.xpm_fifo_base_inst/gen_cdc_pntr.rd_pntr_cdc_dc_inst/src_gray_ff_reg[0]} {mbv_system_i/mbv_axi_ethernetlite/U0/XEMAC_I/EMAC_I/TX/INST_TX_INTRFCE/I_TX_FIFO/gnuram_async_fifo.xpm_fifo_base_inst/gen_cdc_pntr.rd_pntr_cdc_dc_inst/src_gray_ff_reg[1]} {mbv_system_i/mbv_axi_ethernetlite/U0/XEMAC_I/EMAC_I/TX/INST_TX_INTRFCE/I_TX_FIFO/gnuram_async_fifo.xpm_fifo_base_inst/gen_cdc_pntr.rd_pntr_cdc_dc_inst/src_gray_ff_reg[2]} {mbv_system_i/mbv_axi_ethernetlite/U0/XEMAC_I/EMAC_I/TX/INST_TX_INTRFCE/I_TX_FIFO/gnuram_async_fifo.xpm_fifo_base_inst/gen_cdc_pntr.rd_pntr_cdc_dc_inst/src_gray_ff_reg[3]} {mbv_system_i/mbv_axi_ethernetlite/U0/XEMAC_I/EMAC_I/TX/INST_TX_INTRFCE/I_TX_FIFO/gnuram_async_fifo.xpm_fifo_base_inst/gen_cdc_pntr.rd_pntr_cdc_dc_inst/src_gray_ff_reg[4]}]]
                                              [get_cells [list {mbv_system_i/mbv_axi_ethernetlite/U0/XEMAC_I/EMAC_I/TX/INST_TX_INTRFCE/I_TX_FIFO/gnuram_async_fifo.xpm_fifo_base_inst/gen_cdc_pntr.rd_pntr_cdc_dc_inst/dest_graysync_ff_reg[0][0]} {mbv_system_i/mbv_axi_ethernetlite/U0/XEMAC_I/EMAC_I/TX/INST_TX_INTRFCE/I_TX_FIFO/gnuram_async_fifo.xpm_fifo_base_inst/gen_cdc_pntr.rd_pntr_cdc_dc_inst/dest_graysync_ff_reg[0][1]} {mbv_system_i/mbv_axi_ethernetlite/U0/XEMAC_I/EMAC_I/TX/INST_TX_INTRFCE/I_TX_FIFO/gnuram_async_fifo.xpm_fifo_base_inst/gen_cdc_pntr.rd_pntr_cdc_dc_inst/dest_graysync_ff_reg[0][2]} {mbv_system_i/mbv_axi_ethernetlite/U0/XEMAC_I/EMAC_I/TX/INST_TX_INTRFCE/I_TX_FIFO/gnuram_async_fifo.xpm_fifo_base_inst/gen_cdc_pntr.rd_pntr_cdc_dc_inst/dest_graysync_ff_reg[0][3]} {mbv_system_i/mbv_axi_ethernetlite/U0/XEMAC_I/EMAC_I/TX/INST_TX_INTRFCE/I_TX_FIFO/gnuram_async_fifo.xpm_fifo_base_inst/gen_cdc_pntr.rd_pntr_cdc_dc_inst/dest_graysync_ff_reg[0][4]}]]
                                                                              Slow             13.333       0.655     12.678
6   216       [get_cells [list {mbv_system_i/mbv_axi_ethernetlite/U0/XEMAC_I/EMAC_I/TX/INST_TX_INTRFCE/I_TX_FIFO/gnuram_async_fifo.xpm_fifo_base_inst/gen_cdc_pntr.wr_pntr_cdc_dc_inst/src_gray_ff_reg[0]} {mbv_system_i/mbv_axi_ethernetlite/U0/XEMAC_I/EMAC_I/TX/INST_TX_INTRFCE/I_TX_FIFO/gnuram_async_fifo.xpm_fifo_base_inst/gen_cdc_pntr.wr_pntr_cdc_dc_inst/src_gray_ff_reg[1]} {mbv_system_i/mbv_axi_ethernetlite/U0/XEMAC_I/EMAC_I/TX/INST_TX_INTRFCE/I_TX_FIFO/gnuram_async_fifo.xpm_fifo_base_inst/gen_cdc_pntr.wr_pntr_cdc_dc_inst/src_gray_ff_reg[2]} {mbv_system_i/mbv_axi_ethernetlite/U0/XEMAC_I/EMAC_I/TX/INST_TX_INTRFCE/I_TX_FIFO/gnuram_async_fifo.xpm_fifo_base_inst/gen_cdc_pntr.wr_pntr_cdc_dc_inst/src_gray_ff_reg[3]} {mbv_system_i/mbv_axi_ethernetlite/U0/XEMAC_I/EMAC_I/TX/INST_TX_INTRFCE/I_TX_FIFO/gnuram_async_fifo.xpm_fifo_base_inst/gen_cdc_pntr.wr_pntr_cdc_dc_inst/src_gray_ff_reg[4]}]]
                                              [get_cells [list {mbv_system_i/mbv_axi_ethernetlite/U0/XEMAC_I/EMAC_I/TX/INST_TX_INTRFCE/I_TX_FIFO/gnuram_async_fifo.xpm_fifo_base_inst/gen_cdc_pntr.wr_pntr_cdc_dc_inst/dest_graysync_ff_reg[0][0]} {mbv_system_i/mbv_axi_ethernetlite/U0/XEMAC_I/EMAC_I/TX/INST_TX_INTRFCE/I_TX_FIFO/gnuram_async_fifo.xpm_fifo_base_inst/gen_cdc_pntr.wr_pntr_cdc_dc_inst/dest_graysync_ff_reg[0][1]} {mbv_system_i/mbv_axi_ethernetlite/U0/XEMAC_I/EMAC_I/TX/INST_TX_INTRFCE/I_TX_FIFO/gnuram_async_fifo.xpm_fifo_base_inst/gen_cdc_pntr.wr_pntr_cdc_dc_inst/dest_graysync_ff_reg[0][2]} {mbv_system_i/mbv_axi_ethernetlite/U0/XEMAC_I/EMAC_I/TX/INST_TX_INTRFCE/I_TX_FIFO/gnuram_async_fifo.xpm_fifo_base_inst/gen_cdc_pntr.wr_pntr_cdc_dc_inst/dest_graysync_ff_reg[0][3]} {mbv_system_i/mbv_axi_ethernetlite/U0/XEMAC_I/EMAC_I/TX/INST_TX_INTRFCE/I_TX_FIFO/gnuram_async_fifo.xpm_fifo_base_inst/gen_cdc_pntr.wr_pntr_cdc_dc_inst/dest_graysync_ff_reg[0][4]}]]
                                                                              Slow             13.333       0.734     12.599
7   218       [get_cells [list {mbv_system_i/mbv_axi_ethernetlite/U0/XEMAC_I/EMAC_I/RX/INST_RX_INTRFCE/I_RX_FIFO/gnuram_async_fifo.xpm_fifo_base_inst/gen_cdc_pntr.rd_pntr_cdc_dc_inst/src_gray_ff_reg[0]} {mbv_system_i/mbv_axi_ethernetlite/U0/XEMAC_I/EMAC_I/RX/INST_RX_INTRFCE/I_RX_FIFO/gnuram_async_fifo.xpm_fifo_base_inst/gen_cdc_pntr.rd_pntr_cdc_dc_inst/src_gray_ff_reg[1]} {mbv_system_i/mbv_axi_ethernetlite/U0/XEMAC_I/EMAC_I/RX/INST_RX_INTRFCE/I_RX_FIFO/gnuram_async_fifo.xpm_fifo_base_inst/gen_cdc_pntr.rd_pntr_cdc_dc_inst/src_gray_ff_reg[2]} {mbv_system_i/mbv_axi_ethernetlite/U0/XEMAC_I/EMAC_I/RX/INST_RX_INTRFCE/I_RX_FIFO/gnuram_async_fifo.xpm_fifo_base_inst/gen_cdc_pntr.rd_pntr_cdc_dc_inst/src_gray_ff_reg[3]} {mbv_system_i/mbv_axi_ethernetlite/U0/XEMAC_I/EMAC_I/RX/INST_RX_INTRFCE/I_RX_FIFO/gnuram_async_fifo.xpm_fifo_base_inst/gen_cdc_pntr.rd_pntr_cdc_dc_inst/src_gray_ff_reg[4]}]]
                                              [get_cells [list {mbv_system_i/mbv_axi_ethernetlite/U0/XEMAC_I/EMAC_I/RX/INST_RX_INTRFCE/I_RX_FIFO/gnuram_async_fifo.xpm_fifo_base_inst/gen_cdc_pntr.rd_pntr_cdc_dc_inst/dest_graysync_ff_reg[0][0]} {mbv_system_i/mbv_axi_ethernetlite/U0/XEMAC_I/EMAC_I/RX/INST_RX_INTRFCE/I_RX_FIFO/gnuram_async_fifo.xpm_fifo_base_inst/gen_cdc_pntr.rd_pntr_cdc_dc_inst/dest_graysync_ff_reg[0][1]} {mbv_system_i/mbv_axi_ethernetlite/U0/XEMAC_I/EMAC_I/RX/INST_RX_INTRFCE/I_RX_FIFO/gnuram_async_fifo.xpm_fifo_base_inst/gen_cdc_pntr.rd_pntr_cdc_dc_inst/dest_graysync_ff_reg[0][2]} {mbv_system_i/mbv_axi_ethernetlite/U0/XEMAC_I/EMAC_I/RX/INST_RX_INTRFCE/I_RX_FIFO/gnuram_async_fifo.xpm_fifo_base_inst/gen_cdc_pntr.rd_pntr_cdc_dc_inst/dest_graysync_ff_reg[0][3]} {mbv_system_i/mbv_axi_ethernetlite/U0/XEMAC_I/EMAC_I/RX/INST_RX_INTRFCE/I_RX_FIFO/gnuram_async_fifo.xpm_fifo_base_inst/gen_cdc_pntr.rd_pntr_cdc_dc_inst/dest_graysync_ff_reg[0][4]}]]
                                                                              Slow             13.333       0.755     12.578
8   220       [get_cells [list {mbv_system_i/mbv_axi_ethernetlite/U0/XEMAC_I/EMAC_I/RX/INST_RX_INTRFCE/I_RX_FIFO/gnuram_async_fifo.xpm_fifo_base_inst/gen_cdc_pntr.wr_pntr_cdc_dc_inst/src_gray_ff_reg[0]} {mbv_system_i/mbv_axi_ethernetlite/U0/XEMAC_I/EMAC_I/RX/INST_RX_INTRFCE/I_RX_FIFO/gnuram_async_fifo.xpm_fifo_base_inst/gen_cdc_pntr.wr_pntr_cdc_dc_inst/src_gray_ff_reg[1]} {mbv_system_i/mbv_axi_ethernetlite/U0/XEMAC_I/EMAC_I/RX/INST_RX_INTRFCE/I_RX_FIFO/gnuram_async_fifo.xpm_fifo_base_inst/gen_cdc_pntr.wr_pntr_cdc_dc_inst/src_gray_ff_reg[2]} {mbv_system_i/mbv_axi_ethernetlite/U0/XEMAC_I/EMAC_I/RX/INST_RX_INTRFCE/I_RX_FIFO/gnuram_async_fifo.xpm_fifo_base_inst/gen_cdc_pntr.wr_pntr_cdc_dc_inst/src_gray_ff_reg[3]} {mbv_system_i/mbv_axi_ethernetlite/U0/XEMAC_I/EMAC_I/RX/INST_RX_INTRFCE/I_RX_FIFO/gnuram_async_fifo.xpm_fifo_base_inst/gen_cdc_pntr.wr_pntr_cdc_dc_inst/src_gray_ff_reg[4]}]]
                                              [get_cells [list {mbv_system_i/mbv_axi_ethernetlite/U0/XEMAC_I/EMAC_I/RX/INST_RX_INTRFCE/I_RX_FIFO/gnuram_async_fifo.xpm_fifo_base_inst/gen_cdc_pntr.wr_pntr_cdc_dc_inst/dest_graysync_ff_reg[0][0]} {mbv_system_i/mbv_axi_ethernetlite/U0/XEMAC_I/EMAC_I/RX/INST_RX_INTRFCE/I_RX_FIFO/gnuram_async_fifo.xpm_fifo_base_inst/gen_cdc_pntr.wr_pntr_cdc_dc_inst/dest_graysync_ff_reg[0][1]} {mbv_system_i/mbv_axi_ethernetlite/U0/XEMAC_I/EMAC_I/RX/INST_RX_INTRFCE/I_RX_FIFO/gnuram_async_fifo.xpm_fifo_base_inst/gen_cdc_pntr.wr_pntr_cdc_dc_inst/dest_graysync_ff_reg[0][2]} {mbv_system_i/mbv_axi_ethernetlite/U0/XEMAC_I/EMAC_I/RX/INST_RX_INTRFCE/I_RX_FIFO/gnuram_async_fifo.xpm_fifo_base_inst/gen_cdc_pntr.wr_pntr_cdc_dc_inst/dest_graysync_ff_reg[0][3]} {mbv_system_i/mbv_axi_ethernetlite/U0/XEMAC_I/EMAC_I/RX/INST_RX_INTRFCE/I_RX_FIFO/gnuram_async_fifo.xpm_fifo_base_inst/gen_cdc_pntr.wr_pntr_cdc_dc_inst/dest_graysync_ff_reg[0][4]}]]
                                                                              Slow             13.333       1.081     12.252


2. Bus Skew Report Per Constraint
---------------------------------

Id: 1
set_bus_skew -from [get_cells [list {mbv_system_i/mbv_axi_ethernetlite/U0/XEMAC_I/EMAC_I/TX/INST_TX_INTRFCE/I_TX_FIFO/gnuram_async_fifo.xpm_fifo_base_inst/gen_cdc_pntr.rd_pntr_cdc_inst/src_gray_ff_reg[0]} {mbv_system_i/mbv_axi_ethernetlite/U0/XEMAC_I/EMAC_I/TX/INST_TX_INTRFCE/I_TX_FIFO/gnuram_async_fifo.xpm_fifo_base_inst/gen_cdc_pntr.rd_pntr_cdc_inst/src_gray_ff_reg[1]} {mbv_system_i/mbv_axi_ethernetlite/U0/XEMAC_I/EMAC_I/TX/INST_TX_INTRFCE/I_TX_FIFO/gnuram_async_fifo.xpm_fifo_base_inst/gen_cdc_pntr.rd_pntr_cdc_inst/src_gray_ff_reg[2]} {mbv_system_i/mbv_axi_ethernetlite/U0/XEMAC_I/EMAC_I/TX/INST_TX_INTRFCE/I_TX_FIFO/gnuram_async_fifo.xpm_fifo_base_inst/gen_cdc_pntr.rd_pntr_cdc_inst/src_gray_ff_reg[3]}]] -to [get_cells [list {mbv_system_i/mbv_axi_ethernetlite/U0/XEMAC_I/EMAC_I/TX/INST_TX_INTRFCE/I_TX_FIFO/gnuram_async_fifo.xpm_fifo_base_inst/gen_cdc_pntr.rd_pntr_cdc_inst/dest_graysync_ff_reg[0][0]} {mbv_system_i/mbv_axi_ethernetlite/U0/XEMAC_I/EMAC_I/TX/INST_TX_INTRFCE/I_TX_FIFO/gnuram_async_fifo.xpm_fifo_base_inst/gen_cdc_pntr.rd_pntr_cdc_inst/dest_graysync_ff_reg[0][1]} {mbv_system_i/mbv_axi_ethernetlite/U0/XEMAC_I/EMAC_I/TX/INST_TX_INTRFCE/I_TX_FIFO/gnuram_async_fifo.xpm_fifo_base_inst/gen_cdc_pntr.rd_pntr_cdc_inst/dest_graysync_ff_reg[0][2]} {mbv_system_i/mbv_axi_ethernetlite/U0/XEMAC_I/EMAC_I/TX/INST_TX_INTRFCE/I_TX_FIFO/gnuram_async_fifo.xpm_fifo_base_inst/gen_cdc_pntr.rd_pntr_cdc_inst/dest_graysync_ff_reg[0][3]}]] 13.333
Requirement: 13.333ns
Endpoints: 4

From Clock            To Clock              Endpoint Pin                    Reference Pin                   Corner  Actual(ns)  Slack(ns)
--------------------  --------------------  ------------------------------  ------------------------------  ------  ----------  ---------
eth_mii_tx_clk        clk_out1_mbv_system_clk_wiz_1_1
                                            mbv_system_i/mbv_axi_ethernetlite/U0/XEMAC_I/EMAC_I/TX/INST_TX_INTRFCE/I_TX_FIFO/gnuram_async_fifo.xpm_fifo_base_inst/gen_cdc_pntr.rd_pntr_cdc_inst/dest_graysync_ff_reg[0][1]/D
                                                                            mbv_system_i/mbv_axi_ethernetlite/U0/XEMAC_I/EMAC_I/TX/INST_TX_INTRFCE/I_TX_FIFO/gnuram_async_fifo.xpm_fifo_base_inst/gen_cdc_pntr.rd_pntr_cdc_inst/dest_graysync_ff_reg[0][0]/D
                                                                                                            Slow         0.684     12.649


Slack (MET) :             12.649ns  (requirement - actual skew)
  Endpoint Source:        mbv_system_i/mbv_axi_ethernetlite/U0/XEMAC_I/EMAC_I/TX/INST_TX_INTRFCE/I_TX_FIFO/gnuram_async_fifo.xpm_fifo_base_inst/gen_cdc_pntr.rd_pntr_cdc_inst/src_gray_ff_reg[1]/C
                            (rising edge-triggered cell FDRE clocked by eth_mii_tx_clk)
  Endpoint Destination:   mbv_system_i/mbv_axi_ethernetlite/U0/XEMAC_I/EMAC_I/TX/INST_TX_INTRFCE/I_TX_FIFO/gnuram_async_fifo.xpm_fifo_base_inst/gen_cdc_pntr.rd_pntr_cdc_inst/dest_graysync_ff_reg[0][1]/D
                            (rising edge-triggered cell FDRE clocked by clk_out1_mbv_system_clk_wiz_1_1)
  Reference Source:       mbv_system_i/mbv_axi_ethernetlite/U0/XEMAC_I/EMAC_I/TX/INST_TX_INTRFCE/I_TX_FIFO/gnuram_async_fifo.xpm_fifo_base_inst/gen_cdc_pntr.rd_pntr_cdc_inst/src_gray_ff_reg[0]/C
                            (rising edge-triggered cell FDRE clocked by eth_mii_tx_clk)
  Reference Destination:  mbv_system_i/mbv_axi_ethernetlite/U0/XEMAC_I/EMAC_I/TX/INST_TX_INTRFCE/I_TX_FIFO/gnuram_async_fifo.xpm_fifo_base_inst/gen_cdc_pntr.rd_pntr_cdc_inst/dest_graysync_ff_reg[0][0]/D
                            (rising edge-triggered cell FDRE clocked by clk_out1_mbv_system_clk_wiz_1_1)
  Path Type:              Bus Skew (Max at Slow Process Corner)
  Requirement:            13.333ns
  Endpoint Relative Delay:    7.863ns
  Reference Relative Delay:   6.279ns
  Relative CRPR:              0.900ns
  Actual Bus Skew:            0.684ns  (Endpoint Relative Delay - Reference Relative Delay - Relative CRPR)

Endpoint path:
    Location             Delay type                Incr(ns)  Path(ns)    Netlist Resource(s)
  -------------------------------------------------------------------    -------------------
                         (clock eth_mii_tx_clk rise edge)
                                                      0.000     0.000 r  
    H16                                               0.000     0.000 r  eth_mii_tx_clk (IN)
                         net (fo=0)                   0.000     0.000    mbv_system_i/mbv_axi_ethernetlite/U0/phy_tx_clk
    H16                  IBUF (Prop_ibuf_I_O)         1.479     1.479 r  mbv_system_i/mbv_axi_ethernetlite/U0/NO_LOOPBACK_GEN.INCLUDE_BUFG_GEN.TX_IBUF_INST/O
                         net (fo=1, routed)           1.972     3.450    mbv_system_i/mbv_axi_ethernetlite/U0/o
    BUFGCTRL_X0Y18       BUFG (Prop_bufg_I_O)         0.096     3.546 r  mbv_system_i/mbv_axi_ethernetlite/U0/NO_LOOPBACK_GEN.INCLUDE_BUFG_GEN.CLOCK_BUFG_TX/O
                         net (fo=96, routed)          1.639     5.186    mbv_system_i/mbv_axi_ethernetlite/U0/XEMAC_I/EMAC_I/TX/INST_TX_INTRFCE/I_TX_FIFO/gnuram_async_fifo.xpm_fifo_base_inst/gen_cdc_pntr.rd_pntr_cdc_inst/src_clk
    SLICE_X61Y6          FDRE                                         r  mbv_system_i/mbv_axi_ethernetlite/U0/XEMAC_I/EMAC_I/TX/INST_TX_INTRFCE/I_TX_FIFO/gnuram_async_fifo.xpm_fifo_base_inst/gen_cdc_pntr.rd_pntr_cdc_inst/src_gray_ff_reg[1]/C
  -------------------------------------------------------------------    -------------------
    SLICE_X61Y6          FDRE (Prop_fdre_C_Q)         0.419     5.605 r  mbv_system_i/mbv_axi_ethernetlite/U0/XEMAC_I/EMAC_I/TX/INST_TX_INTRFCE/I_TX_FIFO/gnuram_async_fifo.xpm_fifo_base_inst/gen_cdc_pntr.rd_pntr_cdc_inst/src_gray_ff_reg[1]/Q
                         net (fo=1, routed)           0.562     6.167    mbv_system_i/mbv_axi_ethernetlite/U0/XEMAC_I/EMAC_I/TX/INST_TX_INTRFCE/I_TX_FIFO/gnuram_async_fifo.xpm_fifo_base_inst/gen_cdc_pntr.rd_pntr_cdc_inst/async_path[1]
    SLICE_X61Y5          FDRE                                         r  mbv_system_i/mbv_axi_ethernetlite/U0/XEMAC_I/EMAC_I/TX/INST_TX_INTRFCE/I_TX_FIFO/gnuram_async_fifo.xpm_fifo_base_inst/gen_cdc_pntr.rd_pntr_cdc_inst/dest_graysync_ff_reg[0][1]/D
  -------------------------------------------------------------------    -------------------

                         (clock clk_out1_mbv_system_clk_wiz_1_1 rise edge)
                                                      0.000     0.000 r  
    E3                                                0.000     0.000 r  sys_clock (IN)
                         net (fo=0)                   0.000     0.000    mbv_system_i/mbv_clocking_wizard/inst/clk_in1
    E3                   IBUF (Prop_ibuf_I_O)         1.418     1.418 r  mbv_system_i/mbv_clocking_wizard/inst/clkin1_ibufg/O
                         net (fo=1, routed)           1.162     2.580    mbv_system_i/mbv_clocking_wizard/inst/clk_in1_mbv_system_clk_wiz_1_1
    MMCME2_ADV_X1Y1      MMCME2_ADV (Prop_mmcme2_adv_CLKIN1_CLKOUT0)
                                                     -7.204    -4.624 r  mbv_system_i/mbv_clocking_wizard/inst/mmcm_adv_inst/CLKOUT0
                         net (fo=1, routed)           1.581    -3.043    mbv_system_i/mbv_clocking_wizard/inst/clk_out1_mbv_system_clk_wiz_1_1
    BUFGCTRL_X0Y16       BUFG (Prop_bufg_I_O)         0.091    -2.952 r  mbv_system_i/mbv_clocking_wizard/inst/clkout1_buf/O
                         net (fo=13804, routed)       1.521    -1.430    mbv_system_i/mbv_axi_ethernetlite/U0/XEMAC_I/EMAC_I/TX/INST_TX_INTRFCE/I_TX_FIFO/gnuram_async_fifo.xpm_fifo_base_inst/gen_cdc_pntr.rd_pntr_cdc_inst/dest_clk
    SLICE_X61Y5          FDRE                                         r  mbv_system_i/mbv_axi_ethernetlite/U0/XEMAC_I/EMAC_I/TX/INST_TX_INTRFCE/I_TX_FIFO/gnuram_async_fifo.xpm_fifo_base_inst/gen_cdc_pntr.rd_pntr_cdc_inst/dest_graysync_ff_reg[0][1]/C
                         clock pessimism              0.000    -1.430    
    SLICE_X61Y5          FDRE (Setup_fdre_C_D)       -0.266    -1.696    mbv_system_i/mbv_axi_ethernetlite/U0/XEMAC_I/EMAC_I/TX/INST_TX_INTRFCE/I_TX_FIFO/gnuram_async_fifo.xpm_fifo_base_inst/gen_cdc_pntr.rd_pntr_cdc_inst/dest_graysync_ff_reg[0][1]
  -------------------------------------------------------------------
                         data arrival                           6.167    
                         clock arrival                         -1.696    
  -------------------------------------------------------------------
                         relative delay                         7.863    

Reference path:
    Location             Delay type                Incr(ns)  Path(ns)    Netlist Resource(s)
  -------------------------------------------------------------------    -------------------
                         (clock eth_mii_tx_clk rise edge)
                                                      0.000     0.000 r  
    H16                                               0.000     0.000 r  eth_mii_tx_clk (IN)
                         net (fo=0)                   0.000     0.000    mbv_system_i/mbv_axi_ethernetlite/U0/phy_tx_clk
    H16                  IBUF (Prop_ibuf_I_O)         1.408     1.408 r  mbv_system_i/mbv_axi_ethernetlite/U0/NO_LOOPBACK_GEN.INCLUDE_BUFG_GEN.TX_IBUF_INST/O
                         net (fo=1, routed)           1.868     3.276    mbv_system_i/mbv_axi_ethernetlite/U0/o
    BUFGCTRL_X0Y18       BUFG (Prop_bufg_I_O)         0.091     3.367 r  mbv_system_i/mbv_axi_ethernetlite/U0/NO_LOOPBACK_GEN.INCLUDE_BUFG_GEN.CLOCK_BUFG_TX/O
                         net (fo=96, routed)          1.521     4.889    mbv_system_i/mbv_axi_ethernetlite/U0/XEMAC_I/EMAC_I/TX/INST_TX_INTRFCE/I_TX_FIFO/gnuram_async_fifo.xpm_fifo_base_inst/gen_cdc_pntr.rd_pntr_cdc_inst/src_clk
    SLICE_X61Y6          FDRE                                         r  mbv_system_i/mbv_axi_ethernetlite/U0/XEMAC_I/EMAC_I/TX/INST_TX_INTRFCE/I_TX_FIFO/gnuram_async_fifo.xpm_fifo_base_inst/gen_cdc_pntr.rd_pntr_cdc_inst/src_gray_ff_reg[0]/C
  -------------------------------------------------------------------    -------------------
    SLICE_X61Y6          FDRE (Prop_fdre_C_Q)         0.367     5.256 r  mbv_system_i/mbv_axi_ethernetlite/U0/XEMAC_I/EMAC_I/TX/INST_TX_INTRFCE/I_TX_FIFO/gnuram_async_fifo.xpm_fifo_base_inst/gen_cdc_pntr.rd_pntr_cdc_inst/src_gray_ff_reg[0]/Q
                         net (fo=1, routed)           0.365     5.621    mbv_system_i/mbv_axi_ethernetlite/U0/XEMAC_I/EMAC_I/TX/INST_TX_INTRFCE/I_TX_FIFO/gnuram_async_fifo.xpm_fifo_base_inst/gen_cdc_pntr.rd_pntr_cdc_inst/async_path[0]
    SLICE_X61Y5          FDRE                                         r  mbv_system_i/mbv_axi_ethernetlite/U0/XEMAC_I/EMAC_I/TX/INST_TX_INTRFCE/I_TX_FIFO/gnuram_async_fifo.xpm_fifo_base_inst/gen_cdc_pntr.rd_pntr_cdc_inst/dest_graysync_ff_reg[0][0]/D
  -------------------------------------------------------------------    -------------------

                         (clock clk_out1_mbv_system_clk_wiz_1_1 rise edge)
                                                      0.000     0.000 r  
    E3                                                0.000     0.000 r  sys_clock (IN)
                         net (fo=0)                   0.000     0.000    mbv_system_i/mbv_clocking_wizard/inst/clk_in1
    E3                   IBUF (Prop_ibuf_I_O)         1.489     1.489 r  mbv_system_i/mbv_clocking_wizard/inst/clkin1_ibufg/O
                         net (fo=1, routed)           1.233     2.722    mbv_system_i/mbv_clocking_wizard/inst/clk_in1_mbv_system_clk_wiz_1_1
    MMCME2_ADV_X1Y1      MMCME2_ADV (Prop_mmcme2_adv_CLKIN1_CLKOUT0)
                                                     -6.946    -4.224 r  mbv_system_i/mbv_clocking_wizard/inst/mmcm_adv_inst/CLKOUT0
                         net (fo=1, routed)           1.661    -2.563    mbv_system_i/mbv_clocking_wizard/inst/clk_out1_mbv_system_clk_wiz_1_1
    BUFGCTRL_X0Y16       BUFG (Prop_bufg_I_O)         0.096    -2.467 r  mbv_system_i/mbv_clocking_wizard/inst/clkout1_buf/O
                         net (fo=13804, routed)       1.639    -0.828    mbv_system_i/mbv_axi_ethernetlite/U0/XEMAC_I/EMAC_I/TX/INST_TX_INTRFCE/I_TX_FIFO/gnuram_async_fifo.xpm_fifo_base_inst/gen_cdc_pntr.rd_pntr_cdc_inst/dest_clk
    SLICE_X61Y5          FDRE                                         r  mbv_system_i/mbv_axi_ethernetlite/U0/XEMAC_I/EMAC_I/TX/INST_TX_INTRFCE/I_TX_FIFO/gnuram_async_fifo.xpm_fifo_base_inst/gen_cdc_pntr.rd_pntr_cdc_inst/dest_graysync_ff_reg[0][0]/C
                         clock pessimism              0.000    -0.828    
    SLICE_X61Y5          FDRE (Hold_fdre_C_D)         0.169    -0.659    mbv_system_i/mbv_axi_ethernetlite/U0/XEMAC_I/EMAC_I/TX/INST_TX_INTRFCE/I_TX_FIFO/gnuram_async_fifo.xpm_fifo_base_inst/gen_cdc_pntr.rd_pntr_cdc_inst/dest_graysync_ff_reg[0][0]
  -------------------------------------------------------------------
                         data arrival                           5.621    
                         clock arrival                         -0.659    
  -------------------------------------------------------------------
                         relative delay                         6.279    



Id: 2
set_bus_skew -from [get_cells [list {mbv_system_i/mbv_axi_ethernetlite/U0/XEMAC_I/EMAC_I/TX/INST_TX_INTRFCE/I_TX_FIFO/gnuram_async_fifo.xpm_fifo_base_inst/gen_cdc_pntr.wr_pntr_cdc_inst/src_gray_ff_reg[0]} {mbv_system_i/mbv_axi_ethernetlite/U0/XEMAC_I/EMAC_I/TX/INST_TX_INTRFCE/I_TX_FIFO/gnuram_async_fifo.xpm_fifo_base_inst/gen_cdc_pntr.wr_pntr_cdc_inst/src_gray_ff_reg[1]} {mbv_system_i/mbv_axi_ethernetlite/U0/XEMAC_I/EMAC_I/TX/INST_TX_INTRFCE/I_TX_FIFO/gnuram_async_fifo.xpm_fifo_base_inst/gen_cdc_pntr.wr_pntr_cdc_inst/src_gray_ff_reg[2]} {mbv_system_i/mbv_axi_ethernetlite/U0/XEMAC_I/EMAC_I/TX/INST_TX_INTRFCE/I_TX_FIFO/gnuram_async_fifo.xpm_fifo_base_inst/gen_cdc_pntr.wr_pntr_cdc_inst/src_gray_ff_reg[3]}]] -to [get_cells [list {mbv_system_i/mbv_axi_ethernetlite/U0/XEMAC_I/EMAC_I/TX/INST_TX_INTRFCE/I_TX_FIFO/gnuram_async_fifo.xpm_fifo_base_inst/gen_cdc_pntr.wr_pntr_cdc_inst/dest_graysync_ff_reg[0][0]} {mbv_system_i/mbv_axi_ethernetlite/U0/XEMAC_I/EMAC_I/TX/INST_TX_INTRFCE/I_TX_FIFO/gnuram_async_fifo.xpm_fifo_base_inst/gen_cdc_pntr.wr_pntr_cdc_inst/dest_graysync_ff_reg[0][1]} {mbv_system_i/mbv_axi_ethernetlite/U0/XEMAC_I/EMAC_I/TX/INST_TX_INTRFCE/I_TX_FIFO/gnuram_async_fifo.xpm_fifo_base_inst/gen_cdc_pntr.wr_pntr_cdc_inst/dest_graysync_ff_reg[0][2]} {mbv_system_i/mbv_axi_ethernetlite/U0/XEMAC_I/EMAC_I/TX/INST_TX_INTRFCE/I_TX_FIFO/gnuram_async_fifo.xpm_fifo_base_inst/gen_cdc_pntr.wr_pntr_cdc_inst/dest_graysync_ff_reg[0][3]}]] 13.333
Requirement: 13.333ns
Endpoints: 4

From Clock            To Clock              Endpoint Pin                    Reference Pin                   Corner  Actual(ns)  Slack(ns)
--------------------  --------------------  ------------------------------  ------------------------------  ------  ----------  ---------
clk_out1_mbv_system_clk_wiz_1_1
                      eth_mii_tx_clk        mbv_system_i/mbv_axi_ethernetlite/U0/XEMAC_I/EMAC_I/TX/INST_TX_INTRFCE/I_TX_FIFO/gnuram_async_fifo.xpm_fifo_base_inst/gen_cdc_pntr.wr_pntr_cdc_inst/dest_graysync_ff_reg[0][1]/D
                                                                            mbv_system_i/mbv_axi_ethernetlite/U0/XEMAC_I/EMAC_I/TX/INST_TX_INTRFCE/I_TX_FIFO/gnuram_async_fifo.xpm_fifo_base_inst/gen_cdc_pntr.wr_pntr_cdc_inst/dest_graysync_ff_reg[0][0]/D
                                                                                                            Slow         0.849     12.484


Slack (MET) :             12.484ns  (requirement - actual skew)
  Endpoint Source:        mbv_system_i/mbv_axi_ethernetlite/U0/XEMAC_I/EMAC_I/TX/INST_TX_INTRFCE/I_TX_FIFO/gnuram_async_fifo.xpm_fifo_base_inst/gen_cdc_pntr.wr_pntr_cdc_inst/src_gray_ff_reg[1]/C
                            (rising edge-triggered cell FDRE clocked by clk_out1_mbv_system_clk_wiz_1_1)
  Endpoint Destination:   mbv_system_i/mbv_axi_ethernetlite/U0/XEMAC_I/EMAC_I/TX/INST_TX_INTRFCE/I_TX_FIFO/gnuram_async_fifo.xpm_fifo_base_inst/gen_cdc_pntr.wr_pntr_cdc_inst/dest_graysync_ff_reg[0][1]/D
                            (rising edge-triggered cell FDRE clocked by eth_mii_tx_clk)
  Reference Source:       mbv_system_i/mbv_axi_ethernetlite/U0/XEMAC_I/EMAC_I/TX/INST_TX_INTRFCE/I_TX_FIFO/gnuram_async_fifo.xpm_fifo_base_inst/gen_cdc_pntr.wr_pntr_cdc_inst/src_gray_ff_reg[0]/C
                            (rising edge-triggered cell FDRE clocked by clk_out1_mbv_system_clk_wiz_1_1)
  Reference Destination:  mbv_system_i/mbv_axi_ethernetlite/U0/XEMAC_I/EMAC_I/TX/INST_TX_INTRFCE/I_TX_FIFO/gnuram_async_fifo.xpm_fifo_base_inst/gen_cdc_pntr.wr_pntr_cdc_inst/dest_graysync_ff_reg[0][0]/D
                            (rising edge-triggered cell FDRE clocked by eth_mii_tx_clk)
  Path Type:              Bus Skew (Max at Slow Process Corner)
  Requirement:            13.333ns
  Endpoint Relative Delay:   -4.330ns
  Reference Relative Delay:  -6.057ns
  Relative CRPR:              0.878ns
  Actual Bus Skew:            0.849ns  (Endpoint Relative Delay - Reference Relative Delay - Relative CRPR)

Endpoint path:
    Location             Delay type                Incr(ns)  Path(ns)    Netlist Resource(s)
  -------------------------------------------------------------------    -------------------
                         (clock clk_out1_mbv_system_clk_wiz_1_1 rise edge)
                                                      0.000     0.000 r  
    E3                                                0.000     0.000 r  sys_clock (IN)
                         net (fo=0)                   0.000     0.000    mbv_system_i/mbv_clocking_wizard/inst/clk_in1
    E3                   IBUF (Prop_ibuf_I_O)         1.489     1.489 r  mbv_system_i/mbv_clocking_wizard/inst/clkin1_ibufg/O
                         net (fo=1, routed)           1.233     2.722    mbv_system_i/mbv_clocking_wizard/inst/clk_in1_mbv_system_clk_wiz_1_1
    MMCME2_ADV_X1Y1      MMCME2_ADV (Prop_mmcme2_adv_CLKIN1_CLKOUT0)
                                                     -6.946    -4.224 r  mbv_system_i/mbv_clocking_wizard/inst/mmcm_adv_inst/CLKOUT0
                         net (fo=1, routed)           1.661    -2.563    mbv_system_i/mbv_clocking_wizard/inst/clk_out1_mbv_system_clk_wiz_1_1
    BUFGCTRL_X0Y16       BUFG (Prop_bufg_I_O)         0.096    -2.467 r  mbv_system_i/mbv_clocking_wizard/inst/clkout1_buf/O
                         net (fo=13804, routed)       1.639    -0.828    mbv_system_i/mbv_axi_ethernetlite/U0/XEMAC_I/EMAC_I/TX/INST_TX_INTRFCE/I_TX_FIFO/gnuram_async_fifo.xpm_fifo_base_inst/gen_cdc_pntr.wr_pntr_cdc_inst/src_clk
    SLICE_X65Y7          FDRE                                         r  mbv_system_i/mbv_axi_ethernetlite/U0/XEMAC_I/EMAC_I/TX/INST_TX_INTRFCE/I_TX_FIFO/gnuram_async_fifo.xpm_fifo_base_inst/gen_cdc_pntr.wr_pntr_cdc_inst/src_gray_ff_reg[1]/C
  -------------------------------------------------------------------    -------------------
    SLICE_X65Y7          FDRE (Prop_fdre_C_Q)         0.419    -0.409 r  mbv_system_i/mbv_axi_ethernetlite/U0/XEMAC_I/EMAC_I/TX/INST_TX_INTRFCE/I_TX_FIFO/gnuram_async_fifo.xpm_fifo_base_inst/gen_cdc_pntr.wr_pntr_cdc_inst/src_gray_ff_reg[1]/Q
                         net (fo=1, routed)           0.753     0.344    mbv_system_i/mbv_axi_ethernetlite/U0/XEMAC_I/EMAC_I/TX/INST_TX_INTRFCE/I_TX_FIFO/gnuram_async_fifo.xpm_fifo_base_inst/gen_cdc_pntr.wr_pntr_cdc_inst/async_path[1]
    SLICE_X64Y5          FDRE                                         r  mbv_system_i/mbv_axi_ethernetlite/U0/XEMAC_I/EMAC_I/TX/INST_TX_INTRFCE/I_TX_FIFO/gnuram_async_fifo.xpm_fifo_base_inst/gen_cdc_pntr.wr_pntr_cdc_inst/dest_graysync_ff_reg[0][1]/D
  -------------------------------------------------------------------    -------------------

                         (clock eth_mii_tx_clk rise edge)
                                                      0.000     0.000 r  
    H16                                               0.000     0.000 r  eth_mii_tx_clk (IN)
                         net (fo=0)                   0.000     0.000    mbv_system_i/mbv_axi_ethernetlite/U0/phy_tx_clk
    H16                  IBUF (Prop_ibuf_I_O)         1.408     1.408 r  mbv_system_i/mbv_axi_ethernetlite/U0/NO_LOOPBACK_GEN.INCLUDE_BUFG_GEN.TX_IBUF_INST/O
                         net (fo=1, routed)           1.868     3.276    mbv_system_i/mbv_axi_ethernetlite/U0/o
    BUFGCTRL_X0Y18       BUFG (Prop_bufg_I_O)         0.091     3.367 r  mbv_system_i/mbv_axi_ethernetlite/U0/NO_LOOPBACK_GEN.INCLUDE_BUFG_GEN.CLOCK_BUFG_TX/O
                         net (fo=96, routed)          1.522     4.890    mbv_system_i/mbv_axi_ethernetlite/U0/XEMAC_I/EMAC_I/TX/INST_TX_INTRFCE/I_TX_FIFO/gnuram_async_fifo.xpm_fifo_base_inst/gen_cdc_pntr.wr_pntr_cdc_inst/dest_clk
    SLICE_X64Y5          FDRE                                         r  mbv_system_i/mbv_axi_ethernetlite/U0/XEMAC_I/EMAC_I/TX/INST_TX_INTRFCE/I_TX_FIFO/gnuram_async_fifo.xpm_fifo_base_inst/gen_cdc_pntr.wr_pntr_cdc_inst/dest_graysync_ff_reg[0][1]/C
                         clock pessimism              0.000     4.890    
    SLICE_X64Y5          FDRE (Setup_fdre_C_D)       -0.216     4.674    mbv_system_i/mbv_axi_ethernetlite/U0/XEMAC_I/EMAC_I/TX/INST_TX_INTRFCE/I_TX_FIFO/gnuram_async_fifo.xpm_fifo_base_inst/gen_cdc_pntr.wr_pntr_cdc_inst/dest_graysync_ff_reg[0][1]
  -------------------------------------------------------------------
                         data arrival                           0.344    
                         clock arrival                          4.674    
  -------------------------------------------------------------------
                         relative delay                        -4.330    

Reference path:
    Location             Delay type                Incr(ns)  Path(ns)    Netlist Resource(s)
  -------------------------------------------------------------------    -------------------
                         (clock clk_out1_mbv_system_clk_wiz_1_1 rise edge)
                                                      0.000     0.000 r  
    E3                                                0.000     0.000 r  sys_clock (IN)
                         net (fo=0)                   0.000     0.000    mbv_system_i/mbv_clocking_wizard/inst/clk_in1
    E3                   IBUF (Prop_ibuf_I_O)         1.418     1.418 r  mbv_system_i/mbv_clocking_wizard/inst/clkin1_ibufg/O
                         net (fo=1, routed)           1.162     2.580    mbv_system_i/mbv_clocking_wizard/inst/clk_in1_mbv_system_clk_wiz_1_1
    MMCME2_ADV_X1Y1      MMCME2_ADV (Prop_mmcme2_adv_CLKIN1_CLKOUT0)
                                                     -7.204    -4.624 r  mbv_system_i/mbv_clocking_wizard/inst/mmcm_adv_inst/CLKOUT0
                         net (fo=1, routed)           1.581    -3.043    mbv_system_i/mbv_clocking_wizard/inst/clk_out1_mbv_system_clk_wiz_1_1
    BUFGCTRL_X0Y16       BUFG (Prop_bufg_I_O)         0.091    -2.952 r  mbv_system_i/mbv_clocking_wizard/inst/clkout1_buf/O
                         net (fo=13804, routed)       1.521    -1.430    mbv_system_i/mbv_axi_ethernetlite/U0/XEMAC_I/EMAC_I/TX/INST_TX_INTRFCE/I_TX_FIFO/gnuram_async_fifo.xpm_fifo_base_inst/gen_cdc_pntr.wr_pntr_cdc_inst/src_clk
    SLICE_X65Y7          FDRE                                         r  mbv_system_i/mbv_axi_ethernetlite/U0/XEMAC_I/EMAC_I/TX/INST_TX_INTRFCE/I_TX_FIFO/gnuram_async_fifo.xpm_fifo_base_inst/gen_cdc_pntr.wr_pntr_cdc_inst/src_gray_ff_reg[0]/C
  -------------------------------------------------------------------    -------------------
    SLICE_X65Y7          FDRE (Prop_fdre_C_Q)         0.367    -1.063 r  mbv_system_i/mbv_axi_ethernetlite/U0/XEMAC_I/EMAC_I/TX/INST_TX_INTRFCE/I_TX_FIFO/gnuram_async_fifo.xpm_fifo_base_inst/gen_cdc_pntr.wr_pntr_cdc_inst/src_gray_ff_reg[0]/Q
                         net (fo=1, routed)           0.363    -0.700    mbv_system_i/mbv_axi_ethernetlite/U0/XEMAC_I/EMAC_I/TX/INST_TX_INTRFCE/I_TX_FIFO/gnuram_async_fifo.xpm_fifo_base_inst/gen_cdc_pntr.wr_pntr_cdc_inst/async_path[0]
    SLICE_X65Y5          FDRE                                         r  mbv_system_i/mbv_axi_ethernetlite/U0/XEMAC_I/EMAC_I/TX/INST_TX_INTRFCE/I_TX_FIFO/gnuram_async_fifo.xpm_fifo_base_inst/gen_cdc_pntr.wr_pntr_cdc_inst/dest_graysync_ff_reg[0][0]/D
  -------------------------------------------------------------------    -------------------

                         (clock eth_mii_tx_clk rise edge)
                                                      0.000     0.000 r  
    H16                                               0.000     0.000 r  eth_mii_tx_clk (IN)
                         net (fo=0)                   0.000     0.000    mbv_system_i/mbv_axi_ethernetlite/U0/phy_tx_clk
    H16                  IBUF (Prop_ibuf_I_O)         1.479     1.479 r  mbv_system_i/mbv_axi_ethernetlite/U0/NO_LOOPBACK_GEN.INCLUDE_BUFG_GEN.TX_IBUF_INST/O
                         net (fo=1, routed)           1.972     3.450    mbv_system_i/mbv_axi_ethernetlite/U0/o
    BUFGCTRL_X0Y18       BUFG (Prop_bufg_I_O)         0.096     3.546 r  mbv_system_i/mbv_axi_ethernetlite/U0/NO_LOOPBACK_GEN.INCLUDE_BUFG_GEN.CLOCK_BUFG_TX/O
                         net (fo=96, routed)          1.640     5.187    mbv_system_i/mbv_axi_ethernetlite/U0/XEMAC_I/EMAC_I/TX/INST_TX_INTRFCE/I_TX_FIFO/gnuram_async_fifo.xpm_fifo_base_inst/gen_cdc_pntr.wr_pntr_cdc_inst/dest_clk
    SLICE_X65Y5          FDRE                                         r  mbv_system_i/mbv_axi_ethernetlite/U0/XEMAC_I/EMAC_I/TX/INST_TX_INTRFCE/I_TX_FIFO/gnuram_async_fifo.xpm_fifo_base_inst/gen_cdc_pntr.wr_pntr_cdc_inst/dest_graysync_ff_reg[0][0]/C
                         clock pessimism              0.000     5.187    
    SLICE_X65Y5          FDRE (Hold_fdre_C_D)         0.170     5.357    mbv_system_i/mbv_axi_ethernetlite/U0/XEMAC_I/EMAC_I/TX/INST_TX_INTRFCE/I_TX_FIFO/gnuram_async_fifo.xpm_fifo_base_inst/gen_cdc_pntr.wr_pntr_cdc_inst/dest_graysync_ff_reg[0][0]
  -------------------------------------------------------------------
                         data arrival                          -0.700    
                         clock arrival                          5.357    
  -------------------------------------------------------------------
                         relative delay                        -6.057    



Id: 3
set_bus_skew -from [get_cells [list {mbv_system_i/mbv_axi_ethernetlite/U0/XEMAC_I/EMAC_I/RX/INST_RX_INTRFCE/I_RX_FIFO/gnuram_async_fifo.xpm_fifo_base_inst/gen_cdc_pntr.rd_pntr_cdc_inst/src_gray_ff_reg[0]} {mbv_system_i/mbv_axi_ethernetlite/U0/XEMAC_I/EMAC_I/RX/INST_RX_INTRFCE/I_RX_FIFO/gnuram_async_fifo.xpm_fifo_base_inst/gen_cdc_pntr.rd_pntr_cdc_inst/src_gray_ff_reg[1]} {mbv_system_i/mbv_axi_ethernetlite/U0/XEMAC_I/EMAC_I/RX/INST_RX_INTRFCE/I_RX_FIFO/gnuram_async_fifo.xpm_fifo_base_inst/gen_cdc_pntr.rd_pntr_cdc_inst/src_gray_ff_reg[2]} {mbv_system_i/mbv_axi_ethernetlite/U0/XEMAC_I/EMAC_I/RX/INST_RX_INTRFCE/I_RX_FIFO/gnuram_async_fifo.xpm_fifo_base_inst/gen_cdc_pntr.rd_pntr_cdc_inst/src_gray_ff_reg[3]}]] -to [get_cells [list {mbv_system_i/mbv_axi_ethernetlite/U0/XEMAC_I/EMAC_I/RX/INST_RX_INTRFCE/I_RX_FIFO/gnuram_async_fifo.xpm_fifo_base_inst/gen_cdc_pntr.rd_pntr_cdc_inst/dest_graysync_ff_reg[0][0]} {mbv_system_i/mbv_axi_ethernetlite/U0/XEMAC_I/EMAC_I/RX/INST_RX_INTRFCE/I_RX_FIFO/gnuram_async_fifo.xpm_fifo_base_inst/gen_cdc_pntr.rd_pntr_cdc_inst/dest_graysync_ff_reg[0][1]} {mbv_system_i/mbv_axi_ethernetlite/U0/XEMAC_I/EMAC_I/RX/INST_RX_INTRFCE/I_RX_FIFO/gnuram_async_fifo.xpm_fifo_base_inst/gen_cdc_pntr.rd_pntr_cdc_inst/dest_graysync_ff_reg[0][2]} {mbv_system_i/mbv_axi_ethernetlite/U0/XEMAC_I/EMAC_I/RX/INST_RX_INTRFCE/I_RX_FIFO/gnuram_async_fifo.xpm_fifo_base_inst/gen_cdc_pntr.rd_pntr_cdc_inst/dest_graysync_ff_reg[0][3]}]] 13.333
Requirement: 13.333ns
Endpoints: 4

From Clock            To Clock              Endpoint Pin                    Reference Pin                   Corner  Actual(ns)  Slack(ns)
--------------------  --------------------  ------------------------------  ------------------------------  ------  ----------  ---------
clk_out1_mbv_system_clk_wiz_1_1
                      eth_mii_rx_clk        mbv_system_i/mbv_axi_ethernetlite/U0/XEMAC_I/EMAC_I/RX/INST_RX_INTRFCE/I_RX_FIFO/gnuram_async_fifo.xpm_fifo_base_inst/gen_cdc_pntr.rd_pntr_cdc_inst/dest_graysync_ff_reg[0][1]/D
                                                                            mbv_system_i/mbv_axi_ethernetlite/U0/XEMAC_I/EMAC_I/RX/INST_RX_INTRFCE/I_RX_FIFO/gnuram_async_fifo.xpm_fifo_base_inst/gen_cdc_pntr.rd_pntr_cdc_inst/dest_graysync_ff_reg[0][0]/D
                                                                                                            Slow         0.612     12.721


Slack (MET) :             12.721ns  (requirement - actual skew)
  Endpoint Source:        mbv_system_i/mbv_axi_ethernetlite/U0/XEMAC_I/EMAC_I/RX/INST_RX_INTRFCE/I_RX_FIFO/gnuram_async_fifo.xpm_fifo_base_inst/gen_cdc_pntr.rd_pntr_cdc_inst/src_gray_ff_reg[1]/C
                            (rising edge-triggered cell FDRE clocked by clk_out1_mbv_system_clk_wiz_1_1)
  Endpoint Destination:   mbv_system_i/mbv_axi_ethernetlite/U0/XEMAC_I/EMAC_I/RX/INST_RX_INTRFCE/I_RX_FIFO/gnuram_async_fifo.xpm_fifo_base_inst/gen_cdc_pntr.rd_pntr_cdc_inst/dest_graysync_ff_reg[0][1]/D
                            (rising edge-triggered cell FDRE clocked by eth_mii_rx_clk)
  Reference Source:       mbv_system_i/mbv_axi_ethernetlite/U0/XEMAC_I/EMAC_I/RX/INST_RX_INTRFCE/I_RX_FIFO/gnuram_async_fifo.xpm_fifo_base_inst/gen_cdc_pntr.rd_pntr_cdc_inst/src_gray_ff_reg[0]/C
                            (rising edge-triggered cell FDRE clocked by clk_out1_mbv_system_clk_wiz_1_1)
  Reference Destination:  mbv_system_i/mbv_axi_ethernetlite/U0/XEMAC_I/EMAC_I/RX/INST_RX_INTRFCE/I_RX_FIFO/gnuram_async_fifo.xpm_fifo_base_inst/gen_cdc_pntr.rd_pntr_cdc_inst/dest_graysync_ff_reg[0][0]/D
                            (rising edge-triggered cell FDRE clocked by eth_mii_rx_clk)
  Path Type:              Bus Skew (Max at Slow Process Corner)
  Requirement:            13.333ns
  Endpoint Relative Delay:   -4.484ns
  Reference Relative Delay:  -5.996ns
  Relative CRPR:              0.900ns
  Actual Bus Skew:            0.612ns  (Endpoint Relative Delay - Reference Relative Delay - Relative CRPR)

Endpoint path:
    Location             Delay type                Incr(ns)  Path(ns)    Netlist Resource(s)
  -------------------------------------------------------------------    -------------------
                         (clock clk_out1_mbv_system_clk_wiz_1_1 rise edge)
                                                      0.000     0.000 r  
    E3                                                0.000     0.000 r  sys_clock (IN)
                         net (fo=0)                   0.000     0.000    mbv_system_i/mbv_clocking_wizard/inst/clk_in1
    E3                   IBUF (Prop_ibuf_I_O)         1.489     1.489 r  mbv_system_i/mbv_clocking_wizard/inst/clkin1_ibufg/O
                         net (fo=1, routed)           1.233     2.722    mbv_system_i/mbv_clocking_wizard/inst/clk_in1_mbv_system_clk_wiz_1_1
    MMCME2_ADV_X1Y1      MMCME2_ADV (Prop_mmcme2_adv_CLKIN1_CLKOUT0)
                                                     -6.946    -4.224 r  mbv_system_i/mbv_clocking_wizard/inst/mmcm_adv_inst/CLKOUT0
                         net (fo=1, routed)           1.661    -2.563    mbv_system_i/mbv_clocking_wizard/inst/clk_out1_mbv_system_clk_wiz_1_1
    BUFGCTRL_X0Y16       BUFG (Prop_bufg_I_O)         0.096    -2.467 r  mbv_system_i/mbv_clocking_wizard/inst/clkout1_buf/O
                         net (fo=13804, routed)       1.640    -0.827    mbv_system_i/mbv_axi_ethernetlite/U0/XEMAC_I/EMAC_I/RX/INST_RX_INTRFCE/I_RX_FIFO/gnuram_async_fifo.xpm_fifo_base_inst/gen_cdc_pntr.rd_pntr_cdc_inst/src_clk
    SLICE_X59Y1          FDRE                                         r  mbv_system_i/mbv_axi_ethernetlite/U0/XEMAC_I/EMAC_I/RX/INST_RX_INTRFCE/I_RX_FIFO/gnuram_async_fifo.xpm_fifo_base_inst/gen_cdc_pntr.rd_pntr_cdc_inst/src_gray_ff_reg[1]/C
  -------------------------------------------------------------------    -------------------
    SLICE_X59Y1          FDRE (Prop_fdre_C_Q)         0.419    -0.408 r  mbv_system_i/mbv_axi_ethernetlite/U0/XEMAC_I/EMAC_I/RX/INST_RX_INTRFCE/I_RX_FIFO/gnuram_async_fifo.xpm_fifo_base_inst/gen_cdc_pntr.rd_pntr_cdc_inst/src_gray_ff_reg[1]/Q
                         net (fo=1, routed)           0.598     0.190    mbv_system_i/mbv_axi_ethernetlite/U0/XEMAC_I/EMAC_I/RX/INST_RX_INTRFCE/I_RX_FIFO/gnuram_async_fifo.xpm_fifo_base_inst/gen_cdc_pntr.rd_pntr_cdc_inst/async_path[1]
    SLICE_X60Y1          FDRE                                         r  mbv_system_i/mbv_axi_ethernetlite/U0/XEMAC_I/EMAC_I/RX/INST_RX_INTRFCE/I_RX_FIFO/gnuram_async_fifo.xpm_fifo_base_inst/gen_cdc_pntr.rd_pntr_cdc_inst/dest_graysync_ff_reg[0][1]/D
  -------------------------------------------------------------------    -------------------

                         (clock eth_mii_rx_clk rise edge)
                                                      0.000     0.000 r  
    F15                                               0.000     0.000 r  eth_mii_rx_clk (IN)
                         net (fo=0)                   0.000     0.000    mbv_system_i/mbv_axi_ethernetlite/U0/phy_rx_clk
    F15                  IBUF (Prop_ibuf_I_O)         1.412     1.412 r  mbv_system_i/mbv_axi_ethernetlite/U0/NO_LOOPBACK_GEN.INCLUDE_BUFG_GEN.RX_IBUF_INST/O
                         net (fo=1, routed)           1.868     3.280    mbv_system_i/mbv_axi_ethernetlite/U0/NO_LOOPBACK_GEN.INCLUDE_BUFG_GEN.RX_IBUF_INST_n_0
    BUFGCTRL_X0Y17       BUFG (Prop_bufg_I_O)         0.091     3.371 r  mbv_system_i/mbv_axi_ethernetlite/U0/NO_LOOPBACK_GEN.INCLUDE_BUFG_GEN.CLOCK_BUFG_RX/O
                         net (fo=98, routed)          1.522     4.893    mbv_system_i/mbv_axi_ethernetlite/U0/XEMAC_I/EMAC_I/RX/INST_RX_INTRFCE/I_RX_FIFO/gnuram_async_fifo.xpm_fifo_base_inst/gen_cdc_pntr.rd_pntr_cdc_inst/dest_clk
    SLICE_X60Y1          FDRE                                         r  mbv_system_i/mbv_axi_ethernetlite/U0/XEMAC_I/EMAC_I/RX/INST_RX_INTRFCE/I_RX_FIFO/gnuram_async_fifo.xpm_fifo_base_inst/gen_cdc_pntr.rd_pntr_cdc_inst/dest_graysync_ff_reg[0][1]/C
                         clock pessimism              0.000     4.893    
    SLICE_X60Y1          FDRE (Setup_fdre_C_D)       -0.218     4.675    mbv_system_i/mbv_axi_ethernetlite/U0/XEMAC_I/EMAC_I/RX/INST_RX_INTRFCE/I_RX_FIFO/gnuram_async_fifo.xpm_fifo_base_inst/gen_cdc_pntr.rd_pntr_cdc_inst/dest_graysync_ff_reg[0][1]
  -------------------------------------------------------------------
                         data arrival                           0.190    
                         clock arrival                          4.675    
  -------------------------------------------------------------------
                         relative delay                        -4.484    

Reference path:
    Location             Delay type                Incr(ns)  Path(ns)    Netlist Resource(s)
  -------------------------------------------------------------------    -------------------
                         (clock clk_out1_mbv_system_clk_wiz_1_1 rise edge)
                                                      0.000     0.000 r  
    E3                                                0.000     0.000 r  sys_clock (IN)
                         net (fo=0)                   0.000     0.000    mbv_system_i/mbv_clocking_wizard/inst/clk_in1
    E3                   IBUF (Prop_ibuf_I_O)         1.418     1.418 r  mbv_system_i/mbv_clocking_wizard/inst/clkin1_ibufg/O
                         net (fo=1, routed)           1.162     2.580    mbv_system_i/mbv_clocking_wizard/inst/clk_in1_mbv_system_clk_wiz_1_1
    MMCME2_ADV_X1Y1      MMCME2_ADV (Prop_mmcme2_adv_CLKIN1_CLKOUT0)
                                                     -7.204    -4.624 r  mbv_system_i/mbv_clocking_wizard/inst/mmcm_adv_inst/CLKOUT0
                         net (fo=1, routed)           1.581    -3.043    mbv_system_i/mbv_clocking_wizard/inst/clk_out1_mbv_system_clk_wiz_1_1
    BUFGCTRL_X0Y16       BUFG (Prop_bufg_I_O)         0.091    -2.952 r  mbv_system_i/mbv_clocking_wizard/inst/clkout1_buf/O
                         net (fo=13804, routed)       1.522    -1.429    mbv_system_i/mbv_axi_ethernetlite/U0/XEMAC_I/EMAC_I/RX/INST_RX_INTRFCE/I_RX_FIFO/gnuram_async_fifo.xpm_fifo_base_inst/gen_cdc_pntr.rd_pntr_cdc_inst/src_clk
    SLICE_X59Y1          FDRE                                         r  mbv_system_i/mbv_axi_ethernetlite/U0/XEMAC_I/EMAC_I/RX/INST_RX_INTRFCE/I_RX_FIFO/gnuram_async_fifo.xpm_fifo_base_inst/gen_cdc_pntr.rd_pntr_cdc_inst/src_gray_ff_reg[0]/C
  -------------------------------------------------------------------    -------------------
    SLICE_X59Y1          FDRE (Prop_fdre_C_Q)         0.367    -1.062 r  mbv_system_i/mbv_axi_ethernetlite/U0/XEMAC_I/EMAC_I/RX/INST_RX_INTRFCE/I_RX_FIFO/gnuram_async_fifo.xpm_fifo_base_inst/gen_cdc_pntr.rd_pntr_cdc_inst/src_gray_ff_reg[0]/Q
                         net (fo=1, routed)           0.486    -0.576    mbv_system_i/mbv_axi_ethernetlite/U0/XEMAC_I/EMAC_I/RX/INST_RX_INTRFCE/I_RX_FIFO/gnuram_async_fifo.xpm_fifo_base_inst/gen_cdc_pntr.rd_pntr_cdc_inst/async_path[0]
    SLICE_X60Y1          FDRE                                         r  mbv_system_i/mbv_axi_ethernetlite/U0/XEMAC_I/EMAC_I/RX/INST_RX_INTRFCE/I_RX_FIFO/gnuram_async_fifo.xpm_fifo_base_inst/gen_cdc_pntr.rd_pntr_cdc_inst/dest_graysync_ff_reg[0][0]/D
  -------------------------------------------------------------------    -------------------

                         (clock eth_mii_rx_clk rise edge)
                                                      0.000     0.000 r  
    F15                                               0.000     0.000 r  eth_mii_rx_clk (IN)
                         net (fo=0)                   0.000     0.000    mbv_system_i/mbv_axi_ethernetlite/U0/phy_rx_clk
    F15                  IBUF (Prop_ibuf_I_O)         1.482     1.482 r  mbv_system_i/mbv_axi_ethernetlite/U0/NO_LOOPBACK_GEN.INCLUDE_BUFG_GEN.RX_IBUF_INST/O
                         net (fo=1, routed)           1.972     3.454    mbv_system_i/mbv_axi_ethernetlite/U0/NO_LOOPBACK_GEN.INCLUDE_BUFG_GEN.RX_IBUF_INST_n_0
    BUFGCTRL_X0Y17       BUFG (Prop_bufg_I_O)         0.096     3.550 r  mbv_system_i/mbv_axi_ethernetlite/U0/NO_LOOPBACK_GEN.INCLUDE_BUFG_GEN.CLOCK_BUFG_RX/O
                         net (fo=98, routed)          1.640     5.190    mbv_system_i/mbv_axi_ethernetlite/U0/XEMAC_I/EMAC_I/RX/INST_RX_INTRFCE/I_RX_FIFO/gnuram_async_fifo.xpm_fifo_base_inst/gen_cdc_pntr.rd_pntr_cdc_inst/dest_clk
    SLICE_X60Y1          FDRE                                         r  mbv_system_i/mbv_axi_ethernetlite/U0/XEMAC_I/EMAC_I/RX/INST_RX_INTRFCE/I_RX_FIFO/gnuram_async_fifo.xpm_fifo_base_inst/gen_cdc_pntr.rd_pntr_cdc_inst/dest_graysync_ff_reg[0][0]/C
                         clock pessimism              0.000     5.190    
    SLICE_X60Y1          FDRE (Hold_fdre_C_D)         0.230     5.420    mbv_system_i/mbv_axi_ethernetlite/U0/XEMAC_I/EMAC_I/RX/INST_RX_INTRFCE/I_RX_FIFO/gnuram_async_fifo.xpm_fifo_base_inst/gen_cdc_pntr.rd_pntr_cdc_inst/dest_graysync_ff_reg[0][0]
  -------------------------------------------------------------------
                         data arrival                          -0.576    
                         clock arrival                          5.420    
  -------------------------------------------------------------------
                         relative delay                        -5.996    



Id: 4
set_bus_skew -from [get_cells [list {mbv_system_i/mbv_axi_ethernetlite/U0/XEMAC_I/EMAC_I/RX/INST_RX_INTRFCE/I_RX_FIFO/gnuram_async_fifo.xpm_fifo_base_inst/gen_cdc_pntr.wr_pntr_cdc_inst/src_gray_ff_reg[0]} {mbv_system_i/mbv_axi_ethernetlite/U0/XEMAC_I/EMAC_I/RX/INST_RX_INTRFCE/I_RX_FIFO/gnuram_async_fifo.xpm_fifo_base_inst/gen_cdc_pntr.wr_pntr_cdc_inst/src_gray_ff_reg[1]} {mbv_system_i/mbv_axi_ethernetlite/U0/XEMAC_I/EMAC_I/RX/INST_RX_INTRFCE/I_RX_FIFO/gnuram_async_fifo.xpm_fifo_base_inst/gen_cdc_pntr.wr_pntr_cdc_inst/src_gray_ff_reg[2]} {mbv_system_i/mbv_axi_ethernetlite/U0/XEMAC_I/EMAC_I/RX/INST_RX_INTRFCE/I_RX_FIFO/gnuram_async_fifo.xpm_fifo_base_inst/gen_cdc_pntr.wr_pntr_cdc_inst/src_gray_ff_reg[3]}]] -to [get_cells [list {mbv_system_i/mbv_axi_ethernetlite/U0/XEMAC_I/EMAC_I/RX/INST_RX_INTRFCE/I_RX_FIFO/gnuram_async_fifo.xpm_fifo_base_inst/gen_cdc_pntr.wr_pntr_cdc_inst/dest_graysync_ff_reg[0][0]} {mbv_system_i/mbv_axi_ethernetlite/U0/XEMAC_I/EMAC_I/RX/INST_RX_INTRFCE/I_RX_FIFO/gnuram_async_fifo.xpm_fifo_base_inst/gen_cdc_pntr.wr_pntr_cdc_inst/dest_graysync_ff_reg[0][1]} {mbv_system_i/mbv_axi_ethernetlite/U0/XEMAC_I/EMAC_I/RX/INST_RX_INTRFCE/I_RX_FIFO/gnuram_async_fifo.xpm_fifo_base_inst/gen_cdc_pntr.wr_pntr_cdc_inst/dest_graysync_ff_reg[0][2]} {mbv_system_i/mbv_axi_ethernetlite/U0/XEMAC_I/EMAC_I/RX/INST_RX_INTRFCE/I_RX_FIFO/gnuram_async_fifo.xpm_fifo_base_inst/gen_cdc_pntr.wr_pntr_cdc_inst/dest_graysync_ff_reg[0][3]}]] 13.333
Requirement: 13.333ns
Endpoints: 4

From Clock            To Clock              Endpoint Pin                    Reference Pin                   Corner  Actual(ns)  Slack(ns)
--------------------  --------------------  ------------------------------  ------------------------------  ------  ----------  ---------
eth_mii_rx_clk        clk_out1_mbv_system_clk_wiz_1_1
                                            mbv_system_i/mbv_axi_ethernetlite/U0/XEMAC_I/EMAC_I/RX/INST_RX_INTRFCE/I_RX_FIFO/gnuram_async_fifo.xpm_fifo_base_inst/gen_cdc_pntr.wr_pntr_cdc_inst/dest_graysync_ff_reg[0][1]/D
                                                                            mbv_system_i/mbv_axi_ethernetlite/U0/XEMAC_I/EMAC_I/RX/INST_RX_INTRFCE/I_RX_FIFO/gnuram_async_fifo.xpm_fifo_base_inst/gen_cdc_pntr.wr_pntr_cdc_inst/dest_graysync_ff_reg[0][2]/D
                                                                                                            Slow         0.670     12.663


Slack (MET) :             12.663ns  (requirement - actual skew)
  Endpoint Source:        mbv_system_i/mbv_axi_ethernetlite/U0/XEMAC_I/EMAC_I/RX/INST_RX_INTRFCE/I_RX_FIFO/gnuram_async_fifo.xpm_fifo_base_inst/gen_cdc_pntr.wr_pntr_cdc_inst/src_gray_ff_reg[1]/C
                            (rising edge-triggered cell FDRE clocked by eth_mii_rx_clk)
  Endpoint Destination:   mbv_system_i/mbv_axi_ethernetlite/U0/XEMAC_I/EMAC_I/RX/INST_RX_INTRFCE/I_RX_FIFO/gnuram_async_fifo.xpm_fifo_base_inst/gen_cdc_pntr.wr_pntr_cdc_inst/dest_graysync_ff_reg[0][1]/D
                            (rising edge-triggered cell FDRE clocked by clk_out1_mbv_system_clk_wiz_1_1)
  Reference Source:       mbv_system_i/mbv_axi_ethernetlite/U0/XEMAC_I/EMAC_I/RX/INST_RX_INTRFCE/I_RX_FIFO/gnuram_async_fifo.xpm_fifo_base_inst/gen_cdc_pntr.wr_pntr_cdc_inst/src_gray_ff_reg[2]/C
                            (rising edge-triggered cell FDRE clocked by eth_mii_rx_clk)
  Reference Destination:  mbv_system_i/mbv_axi_ethernetlite/U0/XEMAC_I/EMAC_I/RX/INST_RX_INTRFCE/I_RX_FIFO/gnuram_async_fifo.xpm_fifo_base_inst/gen_cdc_pntr.wr_pntr_cdc_inst/dest_graysync_ff_reg[0][2]/D
                            (rising edge-triggered cell FDRE clocked by clk_out1_mbv_system_clk_wiz_1_1)
  Path Type:              Bus Skew (Max at Slow Process Corner)
  Requirement:            13.333ns
  Endpoint Relative Delay:    7.924ns
  Reference Relative Delay:   6.419ns
  Relative CRPR:              0.835ns
  Actual Bus Skew:            0.670ns  (Endpoint Relative Delay - Reference Relative Delay - Relative CRPR)

Endpoint path:
    Location             Delay type                Incr(ns)  Path(ns)    Netlist Resource(s)
  -------------------------------------------------------------------    -------------------
                         (clock eth_mii_rx_clk rise edge)
                                                      0.000     0.000 r  
    F15                                               0.000     0.000 r  eth_mii_rx_clk (IN)
                         net (fo=0)                   0.000     0.000    mbv_system_i/mbv_axi_ethernetlite/U0/phy_rx_clk
    F15                  IBUF (Prop_ibuf_I_O)         1.482     1.482 r  mbv_system_i/mbv_axi_ethernetlite/U0/NO_LOOPBACK_GEN.INCLUDE_BUFG_GEN.RX_IBUF_INST/O
                         net (fo=1, routed)           1.972     3.454    mbv_system_i/mbv_axi_ethernetlite/U0/NO_LOOPBACK_GEN.INCLUDE_BUFG_GEN.RX_IBUF_INST_n_0
    BUFGCTRL_X0Y17       BUFG (Prop_bufg_I_O)         0.096     3.550 r  mbv_system_i/mbv_axi_ethernetlite/U0/NO_LOOPBACK_GEN.INCLUDE_BUFG_GEN.CLOCK_BUFG_RX/O
                         net (fo=98, routed)          1.574     5.124    mbv_system_i/mbv_axi_ethernetlite/U0/XEMAC_I/EMAC_I/RX/INST_RX_INTRFCE/I_RX_FIFO/gnuram_async_fifo.xpm_fifo_base_inst/gen_cdc_pntr.wr_pntr_cdc_inst/src_clk
    SLICE_X57Y1          FDRE                                         r  mbv_system_i/mbv_axi_ethernetlite/U0/XEMAC_I/EMAC_I/RX/INST_RX_INTRFCE/I_RX_FIFO/gnuram_async_fifo.xpm_fifo_base_inst/gen_cdc_pntr.wr_pntr_cdc_inst/src_gray_ff_reg[1]/C
  -------------------------------------------------------------------    -------------------
    SLICE_X57Y1          FDRE (Prop_fdre_C_Q)         0.419     5.543 r  mbv_system_i/mbv_axi_ethernetlite/U0/XEMAC_I/EMAC_I/RX/INST_RX_INTRFCE/I_RX_FIFO/gnuram_async_fifo.xpm_fifo_base_inst/gen_cdc_pntr.wr_pntr_cdc_inst/src_gray_ff_reg[1]/Q
                         net (fo=1, routed)           0.687     6.230    mbv_system_i/mbv_axi_ethernetlite/U0/XEMAC_I/EMAC_I/RX/INST_RX_INTRFCE/I_RX_FIFO/gnuram_async_fifo.xpm_fifo_base_inst/gen_cdc_pntr.wr_pntr_cdc_inst/async_path[1]
    SLICE_X58Y1          FDRE                                         r  mbv_system_i/mbv_axi_ethernetlite/U0/XEMAC_I/EMAC_I/RX/INST_RX_INTRFCE/I_RX_FIFO/gnuram_async_fifo.xpm_fifo_base_inst/gen_cdc_pntr.wr_pntr_cdc_inst/dest_graysync_ff_reg[0][1]/D
  -------------------------------------------------------------------    -------------------

                         (clock clk_out1_mbv_system_clk_wiz_1_1 rise edge)
                                                      0.000     0.000 r  
    E3                                                0.000     0.000 r  sys_clock (IN)
                         net (fo=0)                   0.000     0.000    mbv_system_i/mbv_clocking_wizard/inst/clk_in1
    E3                   IBUF (Prop_ibuf_I_O)         1.418     1.418 r  mbv_system_i/mbv_clocking_wizard/inst/clkin1_ibufg/O
                         net (fo=1, routed)           1.162     2.580    mbv_system_i/mbv_clocking_wizard/inst/clk_in1_mbv_system_clk_wiz_1_1
    MMCME2_ADV_X1Y1      MMCME2_ADV (Prop_mmcme2_adv_CLKIN1_CLKOUT0)
                                                     -7.204    -4.624 r  mbv_system_i/mbv_clocking_wizard/inst/mmcm_adv_inst/CLKOUT0
                         net (fo=1, routed)           1.581    -3.043    mbv_system_i/mbv_clocking_wizard/inst/clk_out1_mbv_system_clk_wiz_1_1
    BUFGCTRL_X0Y16       BUFG (Prop_bufg_I_O)         0.091    -2.952 r  mbv_system_i/mbv_clocking_wizard/inst/clkout1_buf/O
                         net (fo=13804, routed)       1.522    -1.429    mbv_system_i/mbv_axi_ethernetlite/U0/XEMAC_I/EMAC_I/RX/INST_RX_INTRFCE/I_RX_FIFO/gnuram_async_fifo.xpm_fifo_base_inst/gen_cdc_pntr.wr_pntr_cdc_inst/dest_clk
    SLICE_X58Y1          FDRE                                         r  mbv_system_i/mbv_axi_ethernetlite/U0/XEMAC_I/EMAC_I/RX/INST_RX_INTRFCE/I_RX_FIFO/gnuram_async_fifo.xpm_fifo_base_inst/gen_cdc_pntr.wr_pntr_cdc_inst/dest_graysync_ff_reg[0][1]/C
                         clock pessimism              0.000    -1.429    
    SLICE_X58Y1          FDRE (Setup_fdre_C_D)       -0.265    -1.694    mbv_system_i/mbv_axi_ethernetlite/U0/XEMAC_I/EMAC_I/RX/INST_RX_INTRFCE/I_RX_FIFO/gnuram_async_fifo.xpm_fifo_base_inst/gen_cdc_pntr.wr_pntr_cdc_inst/dest_graysync_ff_reg[0][1]
  -------------------------------------------------------------------
                         data arrival                           6.230    
                         clock arrival                         -1.694    
  -------------------------------------------------------------------
                         relative delay                         7.924    

Reference path:
    Location             Delay type                Incr(ns)  Path(ns)    Netlist Resource(s)
  -------------------------------------------------------------------    -------------------
                         (clock eth_mii_rx_clk rise edge)
                                                      0.000     0.000 r  
    F15                                               0.000     0.000 r  eth_mii_rx_clk (IN)
                         net (fo=0)                   0.000     0.000    mbv_system_i/mbv_axi_ethernetlite/U0/phy_rx_clk
    F15                  IBUF (Prop_ibuf_I_O)         1.412     1.412 r  mbv_system_i/mbv_axi_ethernetlite/U0/NO_LOOPBACK_GEN.INCLUDE_BUFG_GEN.RX_IBUF_INST/O
                         net (fo=1, routed)           1.868     3.280    mbv_system_i/mbv_axi_ethernetlite/U0/NO_LOOPBACK_GEN.INCLUDE_BUFG_GEN.RX_IBUF_INST_n_0
    BUFGCTRL_X0Y17       BUFG (Prop_bufg_I_O)         0.091     3.371 r  mbv_system_i/mbv_axi_ethernetlite/U0/NO_LOOPBACK_GEN.INCLUDE_BUFG_GEN.CLOCK_BUFG_RX/O
                         net (fo=98, routed)          1.457     4.828    mbv_system_i/mbv_axi_ethernetlite/U0/XEMAC_I/EMAC_I/RX/INST_RX_INTRFCE/I_RX_FIFO/gnuram_async_fifo.xpm_fifo_base_inst/gen_cdc_pntr.wr_pntr_cdc_inst/src_clk
    SLICE_X56Y0          FDRE                                         r  mbv_system_i/mbv_axi_ethernetlite/U0/XEMAC_I/EMAC_I/RX/INST_RX_INTRFCE/I_RX_FIFO/gnuram_async_fifo.xpm_fifo_base_inst/gen_cdc_pntr.wr_pntr_cdc_inst/src_gray_ff_reg[2]/C
  -------------------------------------------------------------------    -------------------
    SLICE_X56Y0          FDRE (Prop_fdre_C_Q)         0.418     5.246 r  mbv_system_i/mbv_axi_ethernetlite/U0/XEMAC_I/EMAC_I/RX/INST_RX_INTRFCE/I_RX_FIFO/gnuram_async_fifo.xpm_fifo_base_inst/gen_cdc_pntr.wr_pntr_cdc_inst/src_gray_ff_reg[2]/Q
                         net (fo=1, routed)           0.513     5.759    mbv_system_i/mbv_axi_ethernetlite/U0/XEMAC_I/EMAC_I/RX/INST_RX_INTRFCE/I_RX_FIFO/gnuram_async_fifo.xpm_fifo_base_inst/gen_cdc_pntr.wr_pntr_cdc_inst/async_path[2]
    SLICE_X54Y0          FDRE                                         r  mbv_system_i/mbv_axi_ethernetlite/U0/XEMAC_I/EMAC_I/RX/INST_RX_INTRFCE/I_RX_FIFO/gnuram_async_fifo.xpm_fifo_base_inst/gen_cdc_pntr.wr_pntr_cdc_inst/dest_graysync_ff_reg[0][2]/D
  -------------------------------------------------------------------    -------------------

                         (clock clk_out1_mbv_system_clk_wiz_1_1 rise edge)
                                                      0.000     0.000 r  
    E3                                                0.000     0.000 r  sys_clock (IN)
                         net (fo=0)                   0.000     0.000    mbv_system_i/mbv_clocking_wizard/inst/clk_in1
    E3                   IBUF (Prop_ibuf_I_O)         1.489     1.489 r  mbv_system_i/mbv_clocking_wizard/inst/clkin1_ibufg/O
                         net (fo=1, routed)           1.233     2.722    mbv_system_i/mbv_clocking_wizard/inst/clk_in1_mbv_system_clk_wiz_1_1
    MMCME2_ADV_X1Y1      MMCME2_ADV (Prop_mmcme2_adv_CLKIN1_CLKOUT0)
                                                     -6.946    -4.224 r  mbv_system_i/mbv_clocking_wizard/inst/mmcm_adv_inst/CLKOUT0
                         net (fo=1, routed)           1.661    -2.563    mbv_system_i/mbv_clocking_wizard/inst/clk_out1_mbv_system_clk_wiz_1_1
    BUFGCTRL_X0Y16       BUFG (Prop_bufg_I_O)         0.096    -2.467 r  mbv_system_i/mbv_clocking_wizard/inst/clkout1_buf/O
                         net (fo=13804, routed)       1.574    -0.893    mbv_system_i/mbv_axi_ethernetlite/U0/XEMAC_I/EMAC_I/RX/INST_RX_INTRFCE/I_RX_FIFO/gnuram_async_fifo.xpm_fifo_base_inst/gen_cdc_pntr.wr_pntr_cdc_inst/dest_clk
    SLICE_X54Y0          FDRE                                         r  mbv_system_i/mbv_axi_ethernetlite/U0/XEMAC_I/EMAC_I/RX/INST_RX_INTRFCE/I_RX_FIFO/gnuram_async_fifo.xpm_fifo_base_inst/gen_cdc_pntr.wr_pntr_cdc_inst/dest_graysync_ff_reg[0][2]/C
                         clock pessimism              0.000    -0.893    
    SLICE_X54Y0          FDRE (Hold_fdre_C_D)         0.233    -0.660    mbv_system_i/mbv_axi_ethernetlite/U0/XEMAC_I/EMAC_I/RX/INST_RX_INTRFCE/I_RX_FIFO/gnuram_async_fifo.xpm_fifo_base_inst/gen_cdc_pntr.wr_pntr_cdc_inst/dest_graysync_ff_reg[0][2]
  -------------------------------------------------------------------
                         data arrival                           5.759    
                         clock arrival                         -0.660    
  -------------------------------------------------------------------
                         relative delay                         6.419    



Id: 5
set_bus_skew -from [get_cells [list {mbv_system_i/mbv_axi_ethernetlite/U0/XEMAC_I/EMAC_I/TX/INST_TX_INTRFCE/I_TX_FIFO/gnuram_async_fifo.xpm_fifo_base_inst/gen_cdc_pntr.rd_pntr_cdc_dc_inst/src_gray_ff_reg[0]} {mbv_system_i/mbv_axi_ethernetlite/U0/XEMAC_I/EMAC_I/TX/INST_TX_INTRFCE/I_TX_FIFO/gnuram_async_fifo.xpm_fifo_base_inst/gen_cdc_pntr.rd_pntr_cdc_dc_inst/src_gray_ff_reg[1]} {mbv_system_i/mbv_axi_ethernetlite/U0/XEMAC_I/EMAC_I/TX/INST_TX_INTRFCE/I_TX_FIFO/gnuram_async_fifo.xpm_fifo_base_inst/gen_cdc_pntr.rd_pntr_cdc_dc_inst/src_gray_ff_reg[2]} {mbv_system_i/mbv_axi_ethernetlite/U0/XEMAC_I/EMAC_I/TX/INST_TX_INTRFCE/I_TX_FIFO/gnuram_async_fifo.xpm_fifo_base_inst/gen_cdc_pntr.rd_pntr_cdc_dc_inst/src_gray_ff_reg[3]} {mbv_system_i/mbv_axi_ethernetlite/U0/XEMAC_I/EMAC_I/TX/INST_TX_INTRFCE/I_TX_FIFO/gnuram_async_fifo.xpm_fifo_base_inst/gen_cdc_pntr.rd_pntr_cdc_dc_inst/src_gray_ff_reg[4]}]] -to [get_cells [list {mbv_system_i/mbv_axi_ethernetlite/U0/XEMAC_I/EMAC_I/TX/INST_TX_INTRFCE/I_TX_FIFO/gnuram_async_fifo.xpm_fifo_base_inst/gen_cdc_pntr.rd_pntr_cdc_dc_inst/dest_graysync_ff_reg[0][0]} {mbv_system_i/mbv_axi_ethernetlite/U0/XEMAC_I/EMAC_I/TX/INST_TX_INTRFCE/I_TX_FIFO/gnuram_async_fifo.xpm_fifo_base_inst/gen_cdc_pntr.rd_pntr_cdc_dc_inst/dest_graysync_ff_reg[0][1]} {mbv_system_i/mbv_axi_ethernetlite/U0/XEMAC_I/EMAC_I/TX/INST_TX_INTRFCE/I_TX_FIFO/gnuram_async_fifo.xpm_fifo_base_inst/gen_cdc_pntr.rd_pntr_cdc_dc_inst/dest_graysync_ff_reg[0][2]} {mbv_system_i/mbv_axi_ethernetlite/U0/XEMAC_I/EMAC_I/TX/INST_TX_INTRFCE/I_TX_FIFO/gnuram_async_fifo.xpm_fifo_base_inst/gen_cdc_pntr.rd_pntr_cdc_dc_inst/dest_graysync_ff_reg[0][3]} {mbv_system_i/mbv_axi_ethernetlite/U0/XEMAC_I/EMAC_I/TX/INST_TX_INTRFCE/I_TX_FIFO/gnuram_async_fifo.xpm_fifo_base_inst/gen_cdc_pntr.rd_pntr_cdc_dc_inst/dest_graysync_ff_reg[0][4]}]] 13.333
Requirement: 13.333ns
Endpoints: 5

From Clock            To Clock              Endpoint Pin                    Reference Pin                   Corner  Actual(ns)  Slack(ns)
--------------------  --------------------  ------------------------------  ------------------------------  ------  ----------  ---------
eth_mii_tx_clk        clk_out1_mbv_system_clk_wiz_1_1
                                            mbv_system_i/mbv_axi_ethernetlite/U0/XEMAC_I/EMAC_I/TX/INST_TX_INTRFCE/I_TX_FIFO/gnuram_async_fifo.xpm_fifo_base_inst/gen_cdc_pntr.rd_pntr_cdc_dc_inst/dest_graysync_ff_reg[0][1]/D
                                                                            mbv_system_i/mbv_axi_ethernetlite/U0/XEMAC_I/EMAC_I/TX/INST_TX_INTRFCE/I_TX_FIFO/gnuram_async_fifo.xpm_fifo_base_inst/gen_cdc_pntr.rd_pntr_cdc_dc_inst/dest_graysync_ff_reg[0][4]/D
                                                                                                            Slow         0.655     12.678


Slack (MET) :             12.678ns  (requirement - actual skew)
  Endpoint Source:        mbv_system_i/mbv_axi_ethernetlite/U0/XEMAC_I/EMAC_I/TX/INST_TX_INTRFCE/I_TX_FIFO/gnuram_async_fifo.xpm_fifo_base_inst/gen_cdc_pntr.rd_pntr_cdc_dc_inst/src_gray_ff_reg[1]/C
                            (rising edge-triggered cell FDRE clocked by eth_mii_tx_clk)
  Endpoint Destination:   mbv_system_i/mbv_axi_ethernetlite/U0/XEMAC_I/EMAC_I/TX/INST_TX_INTRFCE/I_TX_FIFO/gnuram_async_fifo.xpm_fifo_base_inst/gen_cdc_pntr.rd_pntr_cdc_dc_inst/dest_graysync_ff_reg[0][1]/D
                            (rising edge-triggered cell FDRE clocked by clk_out1_mbv_system_clk_wiz_1_1)
  Reference Source:       mbv_system_i/mbv_axi_ethernetlite/U0/XEMAC_I/EMAC_I/TX/INST_TX_INTRFCE/I_TX_FIFO/gnuram_async_fifo.xpm_fifo_base_inst/gen_cdc_pntr.rd_pntr_cdc_dc_inst/src_gray_ff_reg[4]/C
                            (rising edge-triggered cell FDRE clocked by eth_mii_tx_clk)
  Reference Destination:  mbv_system_i/mbv_axi_ethernetlite/U0/XEMAC_I/EMAC_I/TX/INST_TX_INTRFCE/I_TX_FIFO/gnuram_async_fifo.xpm_fifo_base_inst/gen_cdc_pntr.rd_pntr_cdc_dc_inst/dest_graysync_ff_reg[0][4]/D
                            (rising edge-triggered cell FDRE clocked by clk_out1_mbv_system_clk_wiz_1_1)
  Path Type:              Bus Skew (Max at Slow Process Corner)
  Requirement:            13.333ns
  Endpoint Relative Delay:    7.919ns
  Reference Relative Delay:   6.414ns
  Relative CRPR:              0.850ns
  Actual Bus Skew:            0.655ns  (Endpoint Relative Delay - Reference Relative Delay - Relative CRPR)

Endpoint path:
    Location             Delay type                Incr(ns)  Path(ns)    Netlist Resource(s)
  -------------------------------------------------------------------    -------------------
                         (clock eth_mii_tx_clk rise edge)
                                                      0.000     0.000 r  
    H16                                               0.000     0.000 r  eth_mii_tx_clk (IN)
                         net (fo=0)                   0.000     0.000    mbv_system_i/mbv_axi_ethernetlite/U0/phy_tx_clk
    H16                  IBUF (Prop_ibuf_I_O)         1.479     1.479 r  mbv_system_i/mbv_axi_ethernetlite/U0/NO_LOOPBACK_GEN.INCLUDE_BUFG_GEN.TX_IBUF_INST/O
                         net (fo=1, routed)           1.972     3.450    mbv_system_i/mbv_axi_ethernetlite/U0/o
    BUFGCTRL_X0Y18       BUFG (Prop_bufg_I_O)         0.096     3.546 r  mbv_system_i/mbv_axi_ethernetlite/U0/NO_LOOPBACK_GEN.INCLUDE_BUFG_GEN.CLOCK_BUFG_TX/O
                         net (fo=96, routed)          1.639     5.186    mbv_system_i/mbv_axi_ethernetlite/U0/XEMAC_I/EMAC_I/TX/INST_TX_INTRFCE/I_TX_FIFO/gnuram_async_fifo.xpm_fifo_base_inst/gen_cdc_pntr.rd_pntr_cdc_dc_inst/src_clk
    SLICE_X61Y6          FDRE                                         r  mbv_system_i/mbv_axi_ethernetlite/U0/XEMAC_I/EMAC_I/TX/INST_TX_INTRFCE/I_TX_FIFO/gnuram_async_fifo.xpm_fifo_base_inst/gen_cdc_pntr.rd_pntr_cdc_dc_inst/src_gray_ff_reg[1]/C
  -------------------------------------------------------------------    -------------------
    SLICE_X61Y6          FDRE (Prop_fdre_C_Q)         0.419     5.605 r  mbv_system_i/mbv_axi_ethernetlite/U0/XEMAC_I/EMAC_I/TX/INST_TX_INTRFCE/I_TX_FIFO/gnuram_async_fifo.xpm_fifo_base_inst/gen_cdc_pntr.rd_pntr_cdc_dc_inst/src_gray_ff_reg[1]/Q
                         net (fo=1, routed)           0.617     6.222    mbv_system_i/mbv_axi_ethernetlite/U0/XEMAC_I/EMAC_I/TX/INST_TX_INTRFCE/I_TX_FIFO/gnuram_async_fifo.xpm_fifo_base_inst/gen_cdc_pntr.rd_pntr_cdc_dc_inst/async_path[1]
    SLICE_X62Y6          FDRE                                         r  mbv_system_i/mbv_axi_ethernetlite/U0/XEMAC_I/EMAC_I/TX/INST_TX_INTRFCE/I_TX_FIFO/gnuram_async_fifo.xpm_fifo_base_inst/gen_cdc_pntr.rd_pntr_cdc_dc_inst/dest_graysync_ff_reg[0][1]/D
  -------------------------------------------------------------------    -------------------

                         (clock clk_out1_mbv_system_clk_wiz_1_1 rise edge)
                                                      0.000     0.000 r  
    E3                                                0.000     0.000 r  sys_clock (IN)
                         net (fo=0)                   0.000     0.000    mbv_system_i/mbv_clocking_wizard/inst/clk_in1
    E3                   IBUF (Prop_ibuf_I_O)         1.418     1.418 r  mbv_system_i/mbv_clocking_wizard/inst/clkin1_ibufg/O
                         net (fo=1, routed)           1.162     2.580    mbv_system_i/mbv_clocking_wizard/inst/clk_in1_mbv_system_clk_wiz_1_1
    MMCME2_ADV_X1Y1      MMCME2_ADV (Prop_mmcme2_adv_CLKIN1_CLKOUT0)
                                                     -7.204    -4.624 r  mbv_system_i/mbv_clocking_wizard/inst/mmcm_adv_inst/CLKOUT0
                         net (fo=1, routed)           1.581    -3.043    mbv_system_i/mbv_clocking_wizard/inst/clk_out1_mbv_system_clk_wiz_1_1
    BUFGCTRL_X0Y16       BUFG (Prop_bufg_I_O)         0.091    -2.952 r  mbv_system_i/mbv_clocking_wizard/inst/clkout1_buf/O
                         net (fo=13804, routed)       1.522    -1.429    mbv_system_i/mbv_axi_ethernetlite/U0/XEMAC_I/EMAC_I/TX/INST_TX_INTRFCE/I_TX_FIFO/gnuram_async_fifo.xpm_fifo_base_inst/gen_cdc_pntr.rd_pntr_cdc_dc_inst/dest_clk
    SLICE_X62Y6          FDRE                                         r  mbv_system_i/mbv_axi_ethernetlite/U0/XEMAC_I/EMAC_I/TX/INST_TX_INTRFCE/I_TX_FIFO/gnuram_async_fifo.xpm_fifo_base_inst/gen_cdc_pntr.rd_pntr_cdc_dc_inst/dest_graysync_ff_reg[0][1]/C
                         clock pessimism              0.000    -1.429    
    SLICE_X62Y6          FDRE (Setup_fdre_C_D)       -0.268    -1.697    mbv_system_i/mbv_axi_ethernetlite/U0/XEMAC_I/EMAC_I/TX/INST_TX_INTRFCE/I_TX_FIFO/gnuram_async_fifo.xpm_fifo_base_inst/gen_cdc_pntr.rd_pntr_cdc_dc_inst/dest_graysync_ff_reg[0][1]
  -------------------------------------------------------------------
                         data arrival                           6.222    
                         clock arrival                         -1.697    
  -------------------------------------------------------------------
                         relative delay                         7.919    

Reference path:
    Location             Delay type                Incr(ns)  Path(ns)    Netlist Resource(s)
  -------------------------------------------------------------------    -------------------
                         (clock eth_mii_tx_clk rise edge)
                                                      0.000     0.000 r  
    H16                                               0.000     0.000 r  eth_mii_tx_clk (IN)
                         net (fo=0)                   0.000     0.000    mbv_system_i/mbv_axi_ethernetlite/U0/phy_tx_clk
    H16                  IBUF (Prop_ibuf_I_O)         1.408     1.408 r  mbv_system_i/mbv_axi_ethernetlite/U0/NO_LOOPBACK_GEN.INCLUDE_BUFG_GEN.TX_IBUF_INST/O
                         net (fo=1, routed)           1.868     3.276    mbv_system_i/mbv_axi_ethernetlite/U0/o
    BUFGCTRL_X0Y18       BUFG (Prop_bufg_I_O)         0.091     3.367 r  mbv_system_i/mbv_axi_ethernetlite/U0/NO_LOOPBACK_GEN.INCLUDE_BUFG_GEN.CLOCK_BUFG_TX/O
                         net (fo=96, routed)          1.520     4.888    mbv_system_i/mbv_axi_ethernetlite/U0/XEMAC_I/EMAC_I/TX/INST_TX_INTRFCE/I_TX_FIFO/gnuram_async_fifo.xpm_fifo_base_inst/gen_cdc_pntr.rd_pntr_cdc_dc_inst/src_clk
    SLICE_X61Y7          FDRE                                         r  mbv_system_i/mbv_axi_ethernetlite/U0/XEMAC_I/EMAC_I/TX/INST_TX_INTRFCE/I_TX_FIFO/gnuram_async_fifo.xpm_fifo_base_inst/gen_cdc_pntr.rd_pntr_cdc_dc_inst/src_gray_ff_reg[4]/C
  -------------------------------------------------------------------    -------------------
    SLICE_X61Y7          FDRE (Prop_fdre_C_Q)         0.367     5.255 r  mbv_system_i/mbv_axi_ethernetlite/U0/XEMAC_I/EMAC_I/TX/INST_TX_INTRFCE/I_TX_FIFO/gnuram_async_fifo.xpm_fifo_base_inst/gen_cdc_pntr.rd_pntr_cdc_dc_inst/src_gray_ff_reg[4]/Q
                         net (fo=1, routed)           0.503     5.757    mbv_system_i/mbv_axi_ethernetlite/U0/XEMAC_I/EMAC_I/TX/INST_TX_INTRFCE/I_TX_FIFO/gnuram_async_fifo.xpm_fifo_base_inst/gen_cdc_pntr.rd_pntr_cdc_dc_inst/async_path[4]
    SLICE_X62Y7          FDRE                                         r  mbv_system_i/mbv_axi_ethernetlite/U0/XEMAC_I/EMAC_I/TX/INST_TX_INTRFCE/I_TX_FIFO/gnuram_async_fifo.xpm_fifo_base_inst/gen_cdc_pntr.rd_pntr_cdc_dc_inst/dest_graysync_ff_reg[0][4]/D
  -------------------------------------------------------------------    -------------------

                         (clock clk_out1_mbv_system_clk_wiz_1_1 rise edge)
                                                      0.000     0.000 r  
    E3                                                0.000     0.000 r  sys_clock (IN)
                         net (fo=0)                   0.000     0.000    mbv_system_i/mbv_clocking_wizard/inst/clk_in1
    E3                   IBUF (Prop_ibuf_I_O)         1.489     1.489 r  mbv_system_i/mbv_clocking_wizard/inst/clkin1_ibufg/O
                         net (fo=1, routed)           1.233     2.722    mbv_system_i/mbv_clocking_wizard/inst/clk_in1_mbv_system_clk_wiz_1_1
    MMCME2_ADV_X1Y1      MMCME2_ADV (Prop_mmcme2_adv_CLKIN1_CLKOUT0)
                                                     -6.946    -4.224 r  mbv_system_i/mbv_clocking_wizard/inst/mmcm_adv_inst/CLKOUT0
                         net (fo=1, routed)           1.661    -2.563    mbv_system_i/mbv_clocking_wizard/inst/clk_out1_mbv_system_clk_wiz_1_1
    BUFGCTRL_X0Y16       BUFG (Prop_bufg_I_O)         0.096    -2.467 r  mbv_system_i/mbv_clocking_wizard/inst/clkout1_buf/O
                         net (fo=13804, routed)       1.639    -0.828    mbv_system_i/mbv_axi_ethernetlite/U0/XEMAC_I/EMAC_I/TX/INST_TX_INTRFCE/I_TX_FIFO/gnuram_async_fifo.xpm_fifo_base_inst/gen_cdc_pntr.rd_pntr_cdc_dc_inst/dest_clk
    SLICE_X62Y7          FDRE                                         r  mbv_system_i/mbv_axi_ethernetlite/U0/XEMAC_I/EMAC_I/TX/INST_TX_INTRFCE/I_TX_FIFO/gnuram_async_fifo.xpm_fifo_base_inst/gen_cdc_pntr.rd_pntr_cdc_dc_inst/dest_graysync_ff_reg[0][4]/C
                         clock pessimism              0.000    -0.828    
    SLICE_X62Y7          FDRE (Hold_fdre_C_D)         0.171    -0.657    mbv_system_i/mbv_axi_ethernetlite/U0/XEMAC_I/EMAC_I/TX/INST_TX_INTRFCE/I_TX_FIFO/gnuram_async_fifo.xpm_fifo_base_inst/gen_cdc_pntr.rd_pntr_cdc_dc_inst/dest_graysync_ff_reg[0][4]
  -------------------------------------------------------------------
                         data arrival                           5.757    
                         clock arrival                         -0.657    
  -------------------------------------------------------------------
                         relative delay                         6.414    



Id: 6
set_bus_skew -from [get_cells [list {mbv_system_i/mbv_axi_ethernetlite/U0/XEMAC_I/EMAC_I/TX/INST_TX_INTRFCE/I_TX_FIFO/gnuram_async_fifo.xpm_fifo_base_inst/gen_cdc_pntr.wr_pntr_cdc_dc_inst/src_gray_ff_reg[0]} {mbv_system_i/mbv_axi_ethernetlite/U0/XEMAC_I/EMAC_I/TX/INST_TX_INTRFCE/I_TX_FIFO/gnuram_async_fifo.xpm_fifo_base_inst/gen_cdc_pntr.wr_pntr_cdc_dc_inst/src_gray_ff_reg[1]} {mbv_system_i/mbv_axi_ethernetlite/U0/XEMAC_I/EMAC_I/TX/INST_TX_INTRFCE/I_TX_FIFO/gnuram_async_fifo.xpm_fifo_base_inst/gen_cdc_pntr.wr_pntr_cdc_dc_inst/src_gray_ff_reg[2]} {mbv_system_i/mbv_axi_ethernetlite/U0/XEMAC_I/EMAC_I/TX/INST_TX_INTRFCE/I_TX_FIFO/gnuram_async_fifo.xpm_fifo_base_inst/gen_cdc_pntr.wr_pntr_cdc_dc_inst/src_gray_ff_reg[3]} {mbv_system_i/mbv_axi_ethernetlite/U0/XEMAC_I/EMAC_I/TX/INST_TX_INTRFCE/I_TX_FIFO/gnuram_async_fifo.xpm_fifo_base_inst/gen_cdc_pntr.wr_pntr_cdc_dc_inst/src_gray_ff_reg[4]}]] -to [get_cells [list {mbv_system_i/mbv_axi_ethernetlite/U0/XEMAC_I/EMAC_I/TX/INST_TX_INTRFCE/I_TX_FIFO/gnuram_async_fifo.xpm_fifo_base_inst/gen_cdc_pntr.wr_pntr_cdc_dc_inst/dest_graysync_ff_reg[0][0]} {mbv_system_i/mbv_axi_ethernetlite/U0/XEMAC_I/EMAC_I/TX/INST_TX_INTRFCE/I_TX_FIFO/gnuram_async_fifo.xpm_fifo_base_inst/gen_cdc_pntr.wr_pntr_cdc_dc_inst/dest_graysync_ff_reg[0][1]} {mbv_system_i/mbv_axi_ethernetlite/U0/XEMAC_I/EMAC_I/TX/INST_TX_INTRFCE/I_TX_FIFO/gnuram_async_fifo.xpm_fifo_base_inst/gen_cdc_pntr.wr_pntr_cdc_dc_inst/dest_graysync_ff_reg[0][2]} {mbv_system_i/mbv_axi_ethernetlite/U0/XEMAC_I/EMAC_I/TX/INST_TX_INTRFCE/I_TX_FIFO/gnuram_async_fifo.xpm_fifo_base_inst/gen_cdc_pntr.wr_pntr_cdc_dc_inst/dest_graysync_ff_reg[0][3]} {mbv_system_i/mbv_axi_ethernetlite/U0/XEMAC_I/EMAC_I/TX/INST_TX_INTRFCE/I_TX_FIFO/gnuram_async_fifo.xpm_fifo_base_inst/gen_cdc_pntr.wr_pntr_cdc_dc_inst/dest_graysync_ff_reg[0][4]}]] 13.333
Requirement: 13.333ns
Endpoints: 5

From Clock            To Clock              Endpoint Pin                    Reference Pin                   Corner  Actual(ns)  Slack(ns)
--------------------  --------------------  ------------------------------  ------------------------------  ------  ----------  ---------
clk_out1_mbv_system_clk_wiz_1_1
                      eth_mii_tx_clk        mbv_system_i/mbv_axi_ethernetlite/U0/XEMAC_I/EMAC_I/TX/INST_TX_INTRFCE/I_TX_FIFO/gnuram_async_fifo.xpm_fifo_base_inst/gen_cdc_pntr.wr_pntr_cdc_dc_inst/dest_graysync_ff_reg[0][3]/D
                                                                            mbv_system_i/mbv_axi_ethernetlite/U0/XEMAC_I/EMAC_I/TX/INST_TX_INTRFCE/I_TX_FIFO/gnuram_async_fifo.xpm_fifo_base_inst/gen_cdc_pntr.wr_pntr_cdc_dc_inst/dest_graysync_ff_reg[0][2]/D
                                                                                                            Slow         0.734     12.599


Slack (MET) :             12.599ns  (requirement - actual skew)
  Endpoint Source:        mbv_system_i/mbv_axi_ethernetlite/U0/XEMAC_I/EMAC_I/TX/INST_TX_INTRFCE/I_TX_FIFO/gnuram_async_fifo.xpm_fifo_base_inst/gen_cdc_pntr.wr_pntr_cdc_dc_inst/src_gray_ff_reg[3]/C
                            (rising edge-triggered cell FDRE clocked by clk_out1_mbv_system_clk_wiz_1_1)
  Endpoint Destination:   mbv_system_i/mbv_axi_ethernetlite/U0/XEMAC_I/EMAC_I/TX/INST_TX_INTRFCE/I_TX_FIFO/gnuram_async_fifo.xpm_fifo_base_inst/gen_cdc_pntr.wr_pntr_cdc_dc_inst/dest_graysync_ff_reg[0][3]/D
                            (rising edge-triggered cell FDRE clocked by eth_mii_tx_clk)
  Reference Source:       mbv_system_i/mbv_axi_ethernetlite/U0/XEMAC_I/EMAC_I/TX/INST_TX_INTRFCE/I_TX_FIFO/gnuram_async_fifo.xpm_fifo_base_inst/gen_cdc_pntr.wr_pntr_cdc_dc_inst/src_gray_ff_reg[2]/C
                            (rising edge-triggered cell FDRE clocked by clk_out1_mbv_system_clk_wiz_1_1)
  Reference Destination:  mbv_system_i/mbv_axi_ethernetlite/U0/XEMAC_I/EMAC_I/TX/INST_TX_INTRFCE/I_TX_FIFO/gnuram_async_fifo.xpm_fifo_base_inst/gen_cdc_pntr.wr_pntr_cdc_dc_inst/dest_graysync_ff_reg[0][2]/D
                            (rising edge-triggered cell FDRE clocked by eth_mii_tx_clk)
  Path Type:              Bus Skew (Max at Slow Process Corner)
  Requirement:            13.333ns
  Endpoint Relative Delay:   -4.436ns
  Reference Relative Delay:  -6.069ns
  Relative CRPR:              0.900ns
  Actual Bus Skew:            0.734ns  (Endpoint Relative Delay - Reference Relative Delay - Relative CRPR)

Endpoint path:
    Location             Delay type                Incr(ns)  Path(ns)    Netlist Resource(s)
  -------------------------------------------------------------------    -------------------
                         (clock clk_out1_mbv_system_clk_wiz_1_1 rise edge)
                                                      0.000     0.000 r  
    E3                                                0.000     0.000 r  sys_clock (IN)
                         net (fo=0)                   0.000     0.000    mbv_system_i/mbv_clocking_wizard/inst/clk_in1
    E3                   IBUF (Prop_ibuf_I_O)         1.489     1.489 r  mbv_system_i/mbv_clocking_wizard/inst/clkin1_ibufg/O
                         net (fo=1, routed)           1.233     2.722    mbv_system_i/mbv_clocking_wizard/inst/clk_in1_mbv_system_clk_wiz_1_1
    MMCME2_ADV_X1Y1      MMCME2_ADV (Prop_mmcme2_adv_CLKIN1_CLKOUT0)
                                                     -6.946    -4.224 r  mbv_system_i/mbv_clocking_wizard/inst/mmcm_adv_inst/CLKOUT0
                         net (fo=1, routed)           1.661    -2.563    mbv_system_i/mbv_clocking_wizard/inst/clk_out1_mbv_system_clk_wiz_1_1
    BUFGCTRL_X0Y16       BUFG (Prop_bufg_I_O)         0.096    -2.467 r  mbv_system_i/mbv_clocking_wizard/inst/clkout1_buf/O
                         net (fo=13804, routed)       1.639    -0.828    mbv_system_i/mbv_axi_ethernetlite/U0/XEMAC_I/EMAC_I/TX/INST_TX_INTRFCE/I_TX_FIFO/gnuram_async_fifo.xpm_fifo_base_inst/gen_cdc_pntr.wr_pntr_cdc_dc_inst/src_clk
    SLICE_X65Y7          FDRE                                         r  mbv_system_i/mbv_axi_ethernetlite/U0/XEMAC_I/EMAC_I/TX/INST_TX_INTRFCE/I_TX_FIFO/gnuram_async_fifo.xpm_fifo_base_inst/gen_cdc_pntr.wr_pntr_cdc_dc_inst/src_gray_ff_reg[3]/C
  -------------------------------------------------------------------    -------------------
    SLICE_X65Y7          FDRE (Prop_fdre_C_Q)         0.419    -0.409 r  mbv_system_i/mbv_axi_ethernetlite/U0/XEMAC_I/EMAC_I/TX/INST_TX_INTRFCE/I_TX_FIFO/gnuram_async_fifo.xpm_fifo_base_inst/gen_cdc_pntr.wr_pntr_cdc_dc_inst/src_gray_ff_reg[3]/Q
                         net (fo=1, routed)           0.644     0.236    mbv_system_i/mbv_axi_ethernetlite/U0/XEMAC_I/EMAC_I/TX/INST_TX_INTRFCE/I_TX_FIFO/gnuram_async_fifo.xpm_fifo_base_inst/gen_cdc_pntr.wr_pntr_cdc_dc_inst/async_path[3]
    SLICE_X64Y7          FDRE                                         r  mbv_system_i/mbv_axi_ethernetlite/U0/XEMAC_I/EMAC_I/TX/INST_TX_INTRFCE/I_TX_FIFO/gnuram_async_fifo.xpm_fifo_base_inst/gen_cdc_pntr.wr_pntr_cdc_dc_inst/dest_graysync_ff_reg[0][3]/D
  -------------------------------------------------------------------    -------------------

                         (clock eth_mii_tx_clk rise edge)
                                                      0.000     0.000 r  
    H16                                               0.000     0.000 r  eth_mii_tx_clk (IN)
                         net (fo=0)                   0.000     0.000    mbv_system_i/mbv_axi_ethernetlite/U0/phy_tx_clk
    H16                  IBUF (Prop_ibuf_I_O)         1.408     1.408 r  mbv_system_i/mbv_axi_ethernetlite/U0/NO_LOOPBACK_GEN.INCLUDE_BUFG_GEN.TX_IBUF_INST/O
                         net (fo=1, routed)           1.868     3.276    mbv_system_i/mbv_axi_ethernetlite/U0/o
    BUFGCTRL_X0Y18       BUFG (Prop_bufg_I_O)         0.091     3.367 r  mbv_system_i/mbv_axi_ethernetlite/U0/NO_LOOPBACK_GEN.INCLUDE_BUFG_GEN.CLOCK_BUFG_TX/O
                         net (fo=96, routed)          1.521     4.889    mbv_system_i/mbv_axi_ethernetlite/U0/XEMAC_I/EMAC_I/TX/INST_TX_INTRFCE/I_TX_FIFO/gnuram_async_fifo.xpm_fifo_base_inst/gen_cdc_pntr.wr_pntr_cdc_dc_inst/dest_clk
    SLICE_X64Y7          FDRE                                         r  mbv_system_i/mbv_axi_ethernetlite/U0/XEMAC_I/EMAC_I/TX/INST_TX_INTRFCE/I_TX_FIFO/gnuram_async_fifo.xpm_fifo_base_inst/gen_cdc_pntr.wr_pntr_cdc_dc_inst/dest_graysync_ff_reg[0][3]/C
                         clock pessimism              0.000     4.889    
    SLICE_X64Y7          FDRE (Setup_fdre_C_D)       -0.217     4.672    mbv_system_i/mbv_axi_ethernetlite/U0/XEMAC_I/EMAC_I/TX/INST_TX_INTRFCE/I_TX_FIFO/gnuram_async_fifo.xpm_fifo_base_inst/gen_cdc_pntr.wr_pntr_cdc_dc_inst/dest_graysync_ff_reg[0][3]
  -------------------------------------------------------------------
                         data arrival                           0.236    
                         clock arrival                          4.672    
  -------------------------------------------------------------------
                         relative delay                        -4.436    

Reference path:
    Location             Delay type                Incr(ns)  Path(ns)    Netlist Resource(s)
  -------------------------------------------------------------------    -------------------
                         (clock clk_out1_mbv_system_clk_wiz_1_1 rise edge)
                                                      0.000     0.000 r  
    E3                                                0.000     0.000 r  sys_clock (IN)
                         net (fo=0)                   0.000     0.000    mbv_system_i/mbv_clocking_wizard/inst/clk_in1
    E3                   IBUF (Prop_ibuf_I_O)         1.418     1.418 r  mbv_system_i/mbv_clocking_wizard/inst/clkin1_ibufg/O
                         net (fo=1, routed)           1.162     2.580    mbv_system_i/mbv_clocking_wizard/inst/clk_in1_mbv_system_clk_wiz_1_1
    MMCME2_ADV_X1Y1      MMCME2_ADV (Prop_mmcme2_adv_CLKIN1_CLKOUT0)
                                                     -7.204    -4.624 r  mbv_system_i/mbv_clocking_wizard/inst/mmcm_adv_inst/CLKOUT0
                         net (fo=1, routed)           1.581    -3.043    mbv_system_i/mbv_clocking_wizard/inst/clk_out1_mbv_system_clk_wiz_1_1
    BUFGCTRL_X0Y16       BUFG (Prop_bufg_I_O)         0.091    -2.952 r  mbv_system_i/mbv_clocking_wizard/inst/clkout1_buf/O
                         net (fo=13804, routed)       1.521    -1.430    mbv_system_i/mbv_axi_ethernetlite/U0/XEMAC_I/EMAC_I/TX/INST_TX_INTRFCE/I_TX_FIFO/gnuram_async_fifo.xpm_fifo_base_inst/gen_cdc_pntr.wr_pntr_cdc_dc_inst/src_clk
    SLICE_X65Y7          FDRE                                         r  mbv_system_i/mbv_axi_ethernetlite/U0/XEMAC_I/EMAC_I/TX/INST_TX_INTRFCE/I_TX_FIFO/gnuram_async_fifo.xpm_fifo_base_inst/gen_cdc_pntr.wr_pntr_cdc_dc_inst/src_gray_ff_reg[2]/C
  -------------------------------------------------------------------    -------------------
    SLICE_X65Y7          FDRE (Prop_fdre_C_Q)         0.367    -1.063 r  mbv_system_i/mbv_axi_ethernetlite/U0/XEMAC_I/EMAC_I/TX/INST_TX_INTRFCE/I_TX_FIFO/gnuram_async_fifo.xpm_fifo_base_inst/gen_cdc_pntr.wr_pntr_cdc_dc_inst/src_gray_ff_reg[2]/Q
                         net (fo=1, routed)           0.410    -0.653    mbv_system_i/mbv_axi_ethernetlite/U0/XEMAC_I/EMAC_I/TX/INST_TX_INTRFCE/I_TX_FIFO/gnuram_async_fifo.xpm_fifo_base_inst/gen_cdc_pntr.wr_pntr_cdc_dc_inst/async_path[2]
    SLICE_X64Y7          FDRE                                         r  mbv_system_i/mbv_axi_ethernetlite/U0/XEMAC_I/EMAC_I/TX/INST_TX_INTRFCE/I_TX_FIFO/gnuram_async_fifo.xpm_fifo_base_inst/gen_cdc_pntr.wr_pntr_cdc_dc_inst/dest_graysync_ff_reg[0][2]/D
  -------------------------------------------------------------------    -------------------

                         (clock eth_mii_tx_clk rise edge)
                                                      0.000     0.000 r  
    H16                                               0.000     0.000 r  eth_mii_tx_clk (IN)
                         net (fo=0)                   0.000     0.000    mbv_system_i/mbv_axi_ethernetlite/U0/phy_tx_clk
    H16                  IBUF (Prop_ibuf_I_O)         1.479     1.479 r  mbv_system_i/mbv_axi_ethernetlite/U0/NO_LOOPBACK_GEN.INCLUDE_BUFG_GEN.TX_IBUF_INST/O
                         net (fo=1, routed)           1.972     3.450    mbv_system_i/mbv_axi_ethernetlite/U0/o
    BUFGCTRL_X0Y18       BUFG (Prop_bufg_I_O)         0.096     3.546 r  mbv_system_i/mbv_axi_ethernetlite/U0/NO_LOOPBACK_GEN.INCLUDE_BUFG_GEN.CLOCK_BUFG_TX/O
                         net (fo=96, routed)          1.639     5.186    mbv_system_i/mbv_axi_ethernetlite/U0/XEMAC_I/EMAC_I/TX/INST_TX_INTRFCE/I_TX_FIFO/gnuram_async_fifo.xpm_fifo_base_inst/gen_cdc_pntr.wr_pntr_cdc_dc_inst/dest_clk
    SLICE_X64Y7          FDRE                                         r  mbv_system_i/mbv_axi_ethernetlite/U0/XEMAC_I/EMAC_I/TX/INST_TX_INTRFCE/I_TX_FIFO/gnuram_async_fifo.xpm_fifo_base_inst/gen_cdc_pntr.wr_pntr_cdc_dc_inst/dest_graysync_ff_reg[0][2]/C
                         clock pessimism              0.000     5.186    
    SLICE_X64Y7          FDRE (Hold_fdre_C_D)         0.231     5.417    mbv_system_i/mbv_axi_ethernetlite/U0/XEMAC_I/EMAC_I/TX/INST_TX_INTRFCE/I_TX_FIFO/gnuram_async_fifo.xpm_fifo_base_inst/gen_cdc_pntr.wr_pntr_cdc_dc_inst/dest_graysync_ff_reg[0][2]
  -------------------------------------------------------------------
                         data arrival                          -0.653    
                         clock arrival                          5.417    
  -------------------------------------------------------------------
                         relative delay                        -6.069    



Id: 7
set_bus_skew -from [get_cells [list {mbv_system_i/mbv_axi_ethernetlite/U0/XEMAC_I/EMAC_I/RX/INST_RX_INTRFCE/I_RX_FIFO/gnuram_async_fifo.xpm_fifo_base_inst/gen_cdc_pntr.rd_pntr_cdc_dc_inst/src_gray_ff_reg[0]} {mbv_system_i/mbv_axi_ethernetlite/U0/XEMAC_I/EMAC_I/RX/INST_RX_INTRFCE/I_RX_FIFO/gnuram_async_fifo.xpm_fifo_base_inst/gen_cdc_pntr.rd_pntr_cdc_dc_inst/src_gray_ff_reg[1]} {mbv_system_i/mbv_axi_ethernetlite/U0/XEMAC_I/EMAC_I/RX/INST_RX_INTRFCE/I_RX_FIFO/gnuram_async_fifo.xpm_fifo_base_inst/gen_cdc_pntr.rd_pntr_cdc_dc_inst/src_gray_ff_reg[2]} {mbv_system_i/mbv_axi_ethernetlite/U0/XEMAC_I/EMAC_I/RX/INST_RX_INTRFCE/I_RX_FIFO/gnuram_async_fifo.xpm_fifo_base_inst/gen_cdc_pntr.rd_pntr_cdc_dc_inst/src_gray_ff_reg[3]} {mbv_system_i/mbv_axi_ethernetlite/U0/XEMAC_I/EMAC_I/RX/INST_RX_INTRFCE/I_RX_FIFO/gnuram_async_fifo.xpm_fifo_base_inst/gen_cdc_pntr.rd_pntr_cdc_dc_inst/src_gray_ff_reg[4]}]] -to [get_cells [list {mbv_system_i/mbv_axi_ethernetlite/U0/XEMAC_I/EMAC_I/RX/INST_RX_INTRFCE/I_RX_FIFO/gnuram_async_fifo.xpm_fifo_base_inst/gen_cdc_pntr.rd_pntr_cdc_dc_inst/dest_graysync_ff_reg[0][0]} {mbv_system_i/mbv_axi_ethernetlite/U0/XEMAC_I/EMAC_I/RX/INST_RX_INTRFCE/I_RX_FIFO/gnuram_async_fifo.xpm_fifo_base_inst/gen_cdc_pntr.rd_pntr_cdc_dc_inst/dest_graysync_ff_reg[0][1]} {mbv_system_i/mbv_axi_ethernetlite/U0/XEMAC_I/EMAC_I/RX/INST_RX_INTRFCE/I_RX_FIFO/gnuram_async_fifo.xpm_fifo_base_inst/gen_cdc_pntr.rd_pntr_cdc_dc_inst/dest_graysync_ff_reg[0][2]} {mbv_system_i/mbv_axi_ethernetlite/U0/XEMAC_I/EMAC_I/RX/INST_RX_INTRFCE/I_RX_FIFO/gnuram_async_fifo.xpm_fifo_base_inst/gen_cdc_pntr.rd_pntr_cdc_dc_inst/dest_graysync_ff_reg[0][3]} {mbv_system_i/mbv_axi_ethernetlite/U0/XEMAC_I/EMAC_I/RX/INST_RX_INTRFCE/I_RX_FIFO/gnuram_async_fifo.xpm_fifo_base_inst/gen_cdc_pntr.rd_pntr_cdc_dc_inst/dest_graysync_ff_reg[0][4]}]] 13.333
Requirement: 13.333ns
Endpoints: 5

From Clock            To Clock              Endpoint Pin                    Reference Pin                   Corner  Actual(ns)  Slack(ns)
--------------------  --------------------  ------------------------------  ------------------------------  ------  ----------  ---------
clk_out1_mbv_system_clk_wiz_1_1
                      eth_mii_rx_clk        mbv_system_i/mbv_axi_ethernetlite/U0/XEMAC_I/EMAC_I/RX/INST_RX_INTRFCE/I_RX_FIFO/gnuram_async_fifo.xpm_fifo_base_inst/gen_cdc_pntr.rd_pntr_cdc_dc_inst/dest_graysync_ff_reg[0][1]/D
                                                                            mbv_system_i/mbv_axi_ethernetlite/U0/XEMAC_I/EMAC_I/RX/INST_RX_INTRFCE/I_RX_FIFO/gnuram_async_fifo.xpm_fifo_base_inst/gen_cdc_pntr.rd_pntr_cdc_dc_inst/dest_graysync_ff_reg[0][2]/D
                                                                                                            Slow         0.755     12.578


Slack (MET) :             12.578ns  (requirement - actual skew)
  Endpoint Source:        mbv_system_i/mbv_axi_ethernetlite/U0/XEMAC_I/EMAC_I/RX/INST_RX_INTRFCE/I_RX_FIFO/gnuram_async_fifo.xpm_fifo_base_inst/gen_cdc_pntr.rd_pntr_cdc_dc_inst/src_gray_ff_reg[1]/C
                            (rising edge-triggered cell FDRE clocked by clk_out1_mbv_system_clk_wiz_1_1)
  Endpoint Destination:   mbv_system_i/mbv_axi_ethernetlite/U0/XEMAC_I/EMAC_I/RX/INST_RX_INTRFCE/I_RX_FIFO/gnuram_async_fifo.xpm_fifo_base_inst/gen_cdc_pntr.rd_pntr_cdc_dc_inst/dest_graysync_ff_reg[0][1]/D
                            (rising edge-triggered cell FDRE clocked by eth_mii_rx_clk)
  Reference Source:       mbv_system_i/mbv_axi_ethernetlite/U0/XEMAC_I/EMAC_I/RX/INST_RX_INTRFCE/I_RX_FIFO/gnuram_async_fifo.xpm_fifo_base_inst/gen_cdc_pntr.rd_pntr_cdc_dc_inst/src_gray_ff_reg[2]/C
                            (rising edge-triggered cell FDRE clocked by clk_out1_mbv_system_clk_wiz_1_1)
  Reference Destination:  mbv_system_i/mbv_axi_ethernetlite/U0/XEMAC_I/EMAC_I/RX/INST_RX_INTRFCE/I_RX_FIFO/gnuram_async_fifo.xpm_fifo_base_inst/gen_cdc_pntr.rd_pntr_cdc_dc_inst/dest_graysync_ff_reg[0][2]/D
                            (rising edge-triggered cell FDRE clocked by eth_mii_rx_clk)
  Path Type:              Bus Skew (Max at Slow Process Corner)
  Requirement:            13.333ns
  Endpoint Relative Delay:   -4.426ns
  Reference Relative Delay:  -6.041ns
  Relative CRPR:              0.861ns
  Actual Bus Skew:            0.755ns  (Endpoint Relative Delay - Reference Relative Delay - Relative CRPR)

Endpoint path:
    Location             Delay type                Incr(ns)  Path(ns)    Netlist Resource(s)
  -------------------------------------------------------------------    -------------------
                         (clock clk_out1_mbv_system_clk_wiz_1_1 rise edge)
                                                      0.000     0.000 r  
    E3                                                0.000     0.000 r  sys_clock (IN)
                         net (fo=0)                   0.000     0.000    mbv_system_i/mbv_clocking_wizard/inst/clk_in1
    E3                   IBUF (Prop_ibuf_I_O)         1.489     1.489 r  mbv_system_i/mbv_clocking_wizard/inst/clkin1_ibufg/O
                         net (fo=1, routed)           1.233     2.722    mbv_system_i/mbv_clocking_wizard/inst/clk_in1_mbv_system_clk_wiz_1_1
    MMCME2_ADV_X1Y1      MMCME2_ADV (Prop_mmcme2_adv_CLKIN1_CLKOUT0)
                                                     -6.946    -4.224 r  mbv_system_i/mbv_clocking_wizard/inst/mmcm_adv_inst/CLKOUT0
                         net (fo=1, routed)           1.661    -2.563    mbv_system_i/mbv_clocking_wizard/inst/clk_out1_mbv_system_clk_wiz_1_1
    BUFGCTRL_X0Y16       BUFG (Prop_bufg_I_O)         0.096    -2.467 r  mbv_system_i/mbv_clocking_wizard/inst/clkout1_buf/O
                         net (fo=13804, routed)       1.640    -0.827    mbv_system_i/mbv_axi_ethernetlite/U0/XEMAC_I/EMAC_I/RX/INST_RX_INTRFCE/I_RX_FIFO/gnuram_async_fifo.xpm_fifo_base_inst/gen_cdc_pntr.rd_pntr_cdc_dc_inst/src_clk
    SLICE_X58Y1          FDRE                                         r  mbv_system_i/mbv_axi_ethernetlite/U0/XEMAC_I/EMAC_I/RX/INST_RX_INTRFCE/I_RX_FIFO/gnuram_async_fifo.xpm_fifo_base_inst/gen_cdc_pntr.rd_pntr_cdc_dc_inst/src_gray_ff_reg[1]/C
  -------------------------------------------------------------------    -------------------
    SLICE_X58Y1          FDRE (Prop_fdre_C_Q)         0.419    -0.408 r  mbv_system_i/mbv_axi_ethernetlite/U0/XEMAC_I/EMAC_I/RX/INST_RX_INTRFCE/I_RX_FIFO/gnuram_async_fifo.xpm_fifo_base_inst/gen_cdc_pntr.rd_pntr_cdc_dc_inst/src_gray_ff_reg[1]/Q
                         net (fo=1, routed)           0.542     0.134    mbv_system_i/mbv_axi_ethernetlite/U0/XEMAC_I/EMAC_I/RX/INST_RX_INTRFCE/I_RX_FIFO/gnuram_async_fifo.xpm_fifo_base_inst/gen_cdc_pntr.rd_pntr_cdc_dc_inst/async_path[1]
    SLICE_X55Y1          FDRE                                         r  mbv_system_i/mbv_axi_ethernetlite/U0/XEMAC_I/EMAC_I/RX/INST_RX_INTRFCE/I_RX_FIFO/gnuram_async_fifo.xpm_fifo_base_inst/gen_cdc_pntr.rd_pntr_cdc_dc_inst/dest_graysync_ff_reg[0][1]/D
  -------------------------------------------------------------------    -------------------

                         (clock eth_mii_rx_clk rise edge)
                                                      0.000     0.000 r  
    F15                                               0.000     0.000 r  eth_mii_rx_clk (IN)
                         net (fo=0)                   0.000     0.000    mbv_system_i/mbv_axi_ethernetlite/U0/phy_rx_clk
    F15                  IBUF (Prop_ibuf_I_O)         1.412     1.412 r  mbv_system_i/mbv_axi_ethernetlite/U0/NO_LOOPBACK_GEN.INCLUDE_BUFG_GEN.RX_IBUF_INST/O
                         net (fo=1, routed)           1.868     3.280    mbv_system_i/mbv_axi_ethernetlite/U0/NO_LOOPBACK_GEN.INCLUDE_BUFG_GEN.RX_IBUF_INST_n_0
    BUFGCTRL_X0Y17       BUFG (Prop_bufg_I_O)         0.091     3.371 r  mbv_system_i/mbv_axi_ethernetlite/U0/NO_LOOPBACK_GEN.INCLUDE_BUFG_GEN.CLOCK_BUFG_RX/O
                         net (fo=98, routed)          1.456     4.827    mbv_system_i/mbv_axi_ethernetlite/U0/XEMAC_I/EMAC_I/RX/INST_RX_INTRFCE/I_RX_FIFO/gnuram_async_fifo.xpm_fifo_base_inst/gen_cdc_pntr.rd_pntr_cdc_dc_inst/dest_clk
    SLICE_X55Y1          FDRE                                         r  mbv_system_i/mbv_axi_ethernetlite/U0/XEMAC_I/EMAC_I/RX/INST_RX_INTRFCE/I_RX_FIFO/gnuram_async_fifo.xpm_fifo_base_inst/gen_cdc_pntr.rd_pntr_cdc_dc_inst/dest_graysync_ff_reg[0][1]/C
                         clock pessimism              0.000     4.827    
    SLICE_X55Y1          FDRE (Setup_fdre_C_D)       -0.267     4.560    mbv_system_i/mbv_axi_ethernetlite/U0/XEMAC_I/EMAC_I/RX/INST_RX_INTRFCE/I_RX_FIFO/gnuram_async_fifo.xpm_fifo_base_inst/gen_cdc_pntr.rd_pntr_cdc_dc_inst/dest_graysync_ff_reg[0][1]
  -------------------------------------------------------------------
                         data arrival                           0.134    
                         clock arrival                          4.560    
  -------------------------------------------------------------------
                         relative delay                        -4.426    

Reference path:
    Location             Delay type                Incr(ns)  Path(ns)    Netlist Resource(s)
  -------------------------------------------------------------------    -------------------
                         (clock clk_out1_mbv_system_clk_wiz_1_1 rise edge)
                                                      0.000     0.000 r  
    E3                                                0.000     0.000 r  sys_clock (IN)
                         net (fo=0)                   0.000     0.000    mbv_system_i/mbv_clocking_wizard/inst/clk_in1
    E3                   IBUF (Prop_ibuf_I_O)         1.418     1.418 r  mbv_system_i/mbv_clocking_wizard/inst/clkin1_ibufg/O
                         net (fo=1, routed)           1.162     2.580    mbv_system_i/mbv_clocking_wizard/inst/clk_in1_mbv_system_clk_wiz_1_1
    MMCME2_ADV_X1Y1      MMCME2_ADV (Prop_mmcme2_adv_CLKIN1_CLKOUT0)
                                                     -7.204    -4.624 r  mbv_system_i/mbv_clocking_wizard/inst/mmcm_adv_inst/CLKOUT0
                         net (fo=1, routed)           1.581    -3.043    mbv_system_i/mbv_clocking_wizard/inst/clk_out1_mbv_system_clk_wiz_1_1
    BUFGCTRL_X0Y16       BUFG (Prop_bufg_I_O)         0.091    -2.952 r  mbv_system_i/mbv_clocking_wizard/inst/clkout1_buf/O
                         net (fo=13804, routed)       1.522    -1.429    mbv_system_i/mbv_axi_ethernetlite/U0/XEMAC_I/EMAC_I/RX/INST_RX_INTRFCE/I_RX_FIFO/gnuram_async_fifo.xpm_fifo_base_inst/gen_cdc_pntr.rd_pntr_cdc_dc_inst/src_clk
    SLICE_X58Y1          FDRE                                         r  mbv_system_i/mbv_axi_ethernetlite/U0/XEMAC_I/EMAC_I/RX/INST_RX_INTRFCE/I_RX_FIFO/gnuram_async_fifo.xpm_fifo_base_inst/gen_cdc_pntr.rd_pntr_cdc_dc_inst/src_gray_ff_reg[2]/C
  -------------------------------------------------------------------    -------------------
    SLICE_X58Y1          FDRE (Prop_fdre_C_Q)         0.367    -1.062 r  mbv_system_i/mbv_axi_ethernetlite/U0/XEMAC_I/EMAC_I/RX/INST_RX_INTRFCE/I_RX_FIFO/gnuram_async_fifo.xpm_fifo_base_inst/gen_cdc_pntr.rd_pntr_cdc_dc_inst/src_gray_ff_reg[2]/Q
                         net (fo=1, routed)           0.380    -0.682    mbv_system_i/mbv_axi_ethernetlite/U0/XEMAC_I/EMAC_I/RX/INST_RX_INTRFCE/I_RX_FIFO/gnuram_async_fifo.xpm_fifo_base_inst/gen_cdc_pntr.rd_pntr_cdc_dc_inst/async_path[2]
    SLICE_X58Y2          FDRE                                         r  mbv_system_i/mbv_axi_ethernetlite/U0/XEMAC_I/EMAC_I/RX/INST_RX_INTRFCE/I_RX_FIFO/gnuram_async_fifo.xpm_fifo_base_inst/gen_cdc_pntr.rd_pntr_cdc_dc_inst/dest_graysync_ff_reg[0][2]/D
  -------------------------------------------------------------------    -------------------

                         (clock eth_mii_rx_clk rise edge)
                                                      0.000     0.000 r  
    F15                                               0.000     0.000 r  eth_mii_rx_clk (IN)
                         net (fo=0)                   0.000     0.000    mbv_system_i/mbv_axi_ethernetlite/U0/phy_rx_clk
    F15                  IBUF (Prop_ibuf_I_O)         1.482     1.482 r  mbv_system_i/mbv_axi_ethernetlite/U0/NO_LOOPBACK_GEN.INCLUDE_BUFG_GEN.RX_IBUF_INST/O
                         net (fo=1, routed)           1.972     3.454    mbv_system_i/mbv_axi_ethernetlite/U0/NO_LOOPBACK_GEN.INCLUDE_BUFG_GEN.RX_IBUF_INST_n_0
    BUFGCTRL_X0Y17       BUFG (Prop_bufg_I_O)         0.096     3.550 r  mbv_system_i/mbv_axi_ethernetlite/U0/NO_LOOPBACK_GEN.INCLUDE_BUFG_GEN.CLOCK_BUFG_RX/O
                         net (fo=98, routed)          1.640     5.190    mbv_system_i/mbv_axi_ethernetlite/U0/XEMAC_I/EMAC_I/RX/INST_RX_INTRFCE/I_RX_FIFO/gnuram_async_fifo.xpm_fifo_base_inst/gen_cdc_pntr.rd_pntr_cdc_dc_inst/dest_clk
    SLICE_X58Y2          FDRE                                         r  mbv_system_i/mbv_axi_ethernetlite/U0/XEMAC_I/EMAC_I/RX/INST_RX_INTRFCE/I_RX_FIFO/gnuram_async_fifo.xpm_fifo_base_inst/gen_cdc_pntr.rd_pntr_cdc_dc_inst/dest_graysync_ff_reg[0][2]/C
                         clock pessimism              0.000     5.190    
    SLICE_X58Y2          FDRE (Hold_fdre_C_D)         0.169     5.359    mbv_system_i/mbv_axi_ethernetlite/U0/XEMAC_I/EMAC_I/RX/INST_RX_INTRFCE/I_RX_FIFO/gnuram_async_fifo.xpm_fifo_base_inst/gen_cdc_pntr.rd_pntr_cdc_dc_inst/dest_graysync_ff_reg[0][2]
  -------------------------------------------------------------------
                         data arrival                          -0.682    
                         clock arrival                          5.359    
  -------------------------------------------------------------------
                         relative delay                        -6.041    



Id: 8
set_bus_skew -from [get_cells [list {mbv_system_i/mbv_axi_ethernetlite/U0/XEMAC_I/EMAC_I/RX/INST_RX_INTRFCE/I_RX_FIFO/gnuram_async_fifo.xpm_fifo_base_inst/gen_cdc_pntr.wr_pntr_cdc_dc_inst/src_gray_ff_reg[0]} {mbv_system_i/mbv_axi_ethernetlite/U0/XEMAC_I/EMAC_I/RX/INST_RX_INTRFCE/I_RX_FIFO/gnuram_async_fifo.xpm_fifo_base_inst/gen_cdc_pntr.wr_pntr_cdc_dc_inst/src_gray_ff_reg[1]} {mbv_system_i/mbv_axi_ethernetlite/U0/XEMAC_I/EMAC_I/RX/INST_RX_INTRFCE/I_RX_FIFO/gnuram_async_fifo.xpm_fifo_base_inst/gen_cdc_pntr.wr_pntr_cdc_dc_inst/src_gray_ff_reg[2]} {mbv_system_i/mbv_axi_ethernetlite/U0/XEMAC_I/EMAC_I/RX/INST_RX_INTRFCE/I_RX_FIFO/gnuram_async_fifo.xpm_fifo_base_inst/gen_cdc_pntr.wr_pntr_cdc_dc_inst/src_gray_ff_reg[3]} {mbv_system_i/mbv_axi_ethernetlite/U0/XEMAC_I/EMAC_I/RX/INST_RX_INTRFCE/I_RX_FIFO/gnuram_async_fifo.xpm_fifo_base_inst/gen_cdc_pntr.wr_pntr_cdc_dc_inst/src_gray_ff_reg[4]}]] -to [get_cells [list {mbv_system_i/mbv_axi_ethernetlite/U0/XEMAC_I/EMAC_I/RX/INST_RX_INTRFCE/I_RX_FIFO/gnuram_async_fifo.xpm_fifo_base_inst/gen_cdc_pntr.wr_pntr_cdc_dc_inst/dest_graysync_ff_reg[0][0]} {mbv_system_i/mbv_axi_ethernetlite/U0/XEMAC_I/EMAC_I/RX/INST_RX_INTRFCE/I_RX_FIFO/gnuram_async_fifo.xpm_fifo_base_inst/gen_cdc_pntr.wr_pntr_cdc_dc_inst/dest_graysync_ff_reg[0][1]} {mbv_system_i/mbv_axi_ethernetlite/U0/XEMAC_I/EMAC_I/RX/INST_RX_INTRFCE/I_RX_FIFO/gnuram_async_fifo.xpm_fifo_base_inst/gen_cdc_pntr.wr_pntr_cdc_dc_inst/dest_graysync_ff_reg[0][2]} {mbv_system_i/mbv_axi_ethernetlite/U0/XEMAC_I/EMAC_I/RX/INST_RX_INTRFCE/I_RX_FIFO/gnuram_async_fifo.xpm_fifo_base_inst/gen_cdc_pntr.wr_pntr_cdc_dc_inst/dest_graysync_ff_reg[0][3]} {mbv_system_i/mbv_axi_ethernetlite/U0/XEMAC_I/EMAC_I/RX/INST_RX_INTRFCE/I_RX_FIFO/gnuram_async_fifo.xpm_fifo_base_inst/gen_cdc_pntr.wr_pntr_cdc_dc_inst/dest_graysync_ff_reg[0][4]}]] 13.333
Requirement: 13.333ns
Endpoints: 5

From Clock            To Clock              Endpoint Pin                    Reference Pin                   Corner  Actual(ns)  Slack(ns)
--------------------  --------------------  ------------------------------  ------------------------------  ------  ----------  ---------
eth_mii_rx_clk        clk_out1_mbv_system_clk_wiz_1_1
                                            mbv_system_i/mbv_axi_ethernetlite/U0/XEMAC_I/EMAC_I/RX/INST_RX_INTRFCE/I_RX_FIFO/gnuram_async_fifo.xpm_fifo_base_inst/gen_cdc_pntr.wr_pntr_cdc_dc_inst/dest_graysync_ff_reg[0][3]/D
                                                                            mbv_system_i/mbv_axi_ethernetlite/U0/XEMAC_I/EMAC_I/RX/INST_RX_INTRFCE/I_RX_FIFO/gnuram_async_fifo.xpm_fifo_base_inst/gen_cdc_pntr.wr_pntr_cdc_dc_inst/dest_graysync_ff_reg[0][2]/D
                                                                                                            Slow         1.081     12.252


Slack (MET) :             12.252ns  (requirement - actual skew)
  Endpoint Source:        mbv_system_i/mbv_axi_ethernetlite/U0/XEMAC_I/EMAC_I/RX/INST_RX_INTRFCE/I_RX_FIFO/gnuram_async_fifo.xpm_fifo_base_inst/gen_cdc_pntr.wr_pntr_cdc_dc_inst/src_gray_ff_reg[3]/C
                            (rising edge-triggered cell FDRE clocked by eth_mii_rx_clk)
  Endpoint Destination:   mbv_system_i/mbv_axi_ethernetlite/U0/XEMAC_I/EMAC_I/RX/INST_RX_INTRFCE/I_RX_FIFO/gnuram_async_fifo.xpm_fifo_base_inst/gen_cdc_pntr.wr_pntr_cdc_dc_inst/dest_graysync_ff_reg[0][3]/D
                            (rising edge-triggered cell FDRE clocked by clk_out1_mbv_system_clk_wiz_1_1)
  Reference Source:       mbv_system_i/mbv_axi_ethernetlite/U0/XEMAC_I/EMAC_I/RX/INST_RX_INTRFCE/I_RX_FIFO/gnuram_async_fifo.xpm_fifo_base_inst/gen_cdc_pntr.wr_pntr_cdc_dc_inst/src_gray_ff_reg[2]/C
                            (rising edge-triggered cell FDRE clocked by eth_mii_rx_clk)
  Reference Destination:  mbv_system_i/mbv_axi_ethernetlite/U0/XEMAC_I/EMAC_I/RX/INST_RX_INTRFCE/I_RX_FIFO/gnuram_async_fifo.xpm_fifo_base_inst/gen_cdc_pntr.wr_pntr_cdc_dc_inst/dest_graysync_ff_reg[0][2]/D
                            (rising edge-triggered cell FDRE clocked by clk_out1_mbv_system_clk_wiz_1_1)
  Path Type:              Bus Skew (Max at Slow Process Corner)
  Requirement:            13.333ns
  Endpoint Relative Delay:    8.261ns
  Reference Relative Delay:   6.307ns
  Relative CRPR:              0.874ns
  Actual Bus Skew:            1.081ns  (Endpoint Relative Delay - Reference Relative Delay - Relative CRPR)

Endpoint path:
    Location             Delay type                Incr(ns)  Path(ns)    Netlist Resource(s)
  -------------------------------------------------------------------    -------------------
                         (clock eth_mii_rx_clk rise edge)
                                                      0.000     0.000 r  
    F15                                               0.000     0.000 r  eth_mii_rx_clk (IN)
                         net (fo=0)                   0.000     0.000    mbv_system_i/mbv_axi_ethernetlite/U0/phy_rx_clk
    F15                  IBUF (Prop_ibuf_I_O)         1.482     1.482 r  mbv_system_i/mbv_axi_ethernetlite/U0/NO_LOOPBACK_GEN.INCLUDE_BUFG_GEN.RX_IBUF_INST/O
                         net (fo=1, routed)           1.972     3.454    mbv_system_i/mbv_axi_ethernetlite/U0/NO_LOOPBACK_GEN.INCLUDE_BUFG_GEN.RX_IBUF_INST_n_0
    BUFGCTRL_X0Y17       BUFG (Prop_bufg_I_O)         0.096     3.550 r  mbv_system_i/mbv_axi_ethernetlite/U0/NO_LOOPBACK_GEN.INCLUDE_BUFG_GEN.CLOCK_BUFG_RX/O
                         net (fo=98, routed)          1.574     5.124    mbv_system_i/mbv_axi_ethernetlite/U0/XEMAC_I/EMAC_I/RX/INST_RX_INTRFCE/I_RX_FIFO/gnuram_async_fifo.xpm_fifo_base_inst/gen_cdc_pntr.wr_pntr_cdc_dc_inst/src_clk
    SLICE_X57Y1          FDRE                                         r  mbv_system_i/mbv_axi_ethernetlite/U0/XEMAC_I/EMAC_I/RX/INST_RX_INTRFCE/I_RX_FIFO/gnuram_async_fifo.xpm_fifo_base_inst/gen_cdc_pntr.wr_pntr_cdc_dc_inst/src_gray_ff_reg[3]/C
  -------------------------------------------------------------------    -------------------
    SLICE_X57Y1          FDRE (Prop_fdre_C_Q)         0.419     5.543 r  mbv_system_i/mbv_axi_ethernetlite/U0/XEMAC_I/EMAC_I/RX/INST_RX_INTRFCE/I_RX_FIFO/gnuram_async_fifo.xpm_fifo_base_inst/gen_cdc_pntr.wr_pntr_cdc_dc_inst/src_gray_ff_reg[3]/Q
                         net (fo=1, routed)           1.059     6.602    mbv_system_i/mbv_axi_ethernetlite/U0/XEMAC_I/EMAC_I/RX/INST_RX_INTRFCE/I_RX_FIFO/gnuram_async_fifo.xpm_fifo_base_inst/gen_cdc_pntr.wr_pntr_cdc_dc_inst/async_path[3]
    SLICE_X60Y0          FDRE                                         r  mbv_system_i/mbv_axi_ethernetlite/U0/XEMAC_I/EMAC_I/RX/INST_RX_INTRFCE/I_RX_FIFO/gnuram_async_fifo.xpm_fifo_base_inst/gen_cdc_pntr.wr_pntr_cdc_dc_inst/dest_graysync_ff_reg[0][3]/D
  -------------------------------------------------------------------    -------------------

                         (clock clk_out1_mbv_system_clk_wiz_1_1 rise edge)
                                                      0.000     0.000 r  
    E3                                                0.000     0.000 r  sys_clock (IN)
                         net (fo=0)                   0.000     0.000    mbv_system_i/mbv_clocking_wizard/inst/clk_in1
    E3                   IBUF (Prop_ibuf_I_O)         1.418     1.418 r  mbv_system_i/mbv_clocking_wizard/inst/clkin1_ibufg/O
                         net (fo=1, routed)           1.162     2.580    mbv_system_i/mbv_clocking_wizard/inst/clk_in1_mbv_system_clk_wiz_1_1
    MMCME2_ADV_X1Y1      MMCME2_ADV (Prop_mmcme2_adv_CLKIN1_CLKOUT0)
                                                     -7.204    -4.624 r  mbv_system_i/mbv_clocking_wizard/inst/mmcm_adv_inst/CLKOUT0
                         net (fo=1, routed)           1.581    -3.043    mbv_system_i/mbv_clocking_wizard/inst/clk_out1_mbv_system_clk_wiz_1_1
    BUFGCTRL_X0Y16       BUFG (Prop_bufg_I_O)         0.091    -2.952 r  mbv_system_i/mbv_clocking_wizard/inst/clkout1_buf/O
                         net (fo=13804, routed)       1.522    -1.429    mbv_system_i/mbv_axi_ethernetlite/U0/XEMAC_I/EMAC_I/RX/INST_RX_INTRFCE/I_RX_FIFO/gnuram_async_fifo.xpm_fifo_base_inst/gen_cdc_pntr.wr_pntr_cdc_dc_inst/dest_clk
    SLICE_X60Y0          FDRE                                         r  mbv_system_i/mbv_axi_ethernetlite/U0/XEMAC_I/EMAC_I/RX/INST_RX_INTRFCE/I_RX_FIFO/gnuram_async_fifo.xpm_fifo_base_inst/gen_cdc_pntr.wr_pntr_cdc_dc_inst/dest_graysync_ff_reg[0][3]/C
                         clock pessimism              0.000    -1.429    
    SLICE_X60Y0          FDRE (Setup_fdre_C_D)       -0.230    -1.659    mbv_system_i/mbv_axi_ethernetlite/U0/XEMAC_I/EMAC_I/RX/INST_RX_INTRFCE/I_RX_FIFO/gnuram_async_fifo.xpm_fifo_base_inst/gen_cdc_pntr.wr_pntr_cdc_dc_inst/dest_graysync_ff_reg[0][3]
  -------------------------------------------------------------------
                         data arrival                           6.602    
                         clock arrival                         -1.659    
  -------------------------------------------------------------------
                         relative delay                         8.261    

Reference path:
    Location             Delay type                Incr(ns)  Path(ns)    Netlist Resource(s)
  -------------------------------------------------------------------    -------------------
                         (clock eth_mii_rx_clk rise edge)
                                                      0.000     0.000 r  
    F15                                               0.000     0.000 r  eth_mii_rx_clk (IN)
                         net (fo=0)                   0.000     0.000    mbv_system_i/mbv_axi_ethernetlite/U0/phy_rx_clk
    F15                  IBUF (Prop_ibuf_I_O)         1.412     1.412 r  mbv_system_i/mbv_axi_ethernetlite/U0/NO_LOOPBACK_GEN.INCLUDE_BUFG_GEN.RX_IBUF_INST/O
                         net (fo=1, routed)           1.868     3.280    mbv_system_i/mbv_axi_ethernetlite/U0/NO_LOOPBACK_GEN.INCLUDE_BUFG_GEN.RX_IBUF_INST_n_0
    BUFGCTRL_X0Y17       BUFG (Prop_bufg_I_O)         0.091     3.371 r  mbv_system_i/mbv_axi_ethernetlite/U0/NO_LOOPBACK_GEN.INCLUDE_BUFG_GEN.CLOCK_BUFG_RX/O
                         net (fo=98, routed)          1.457     4.828    mbv_system_i/mbv_axi_ethernetlite/U0/XEMAC_I/EMAC_I/RX/INST_RX_INTRFCE/I_RX_FIFO/gnuram_async_fifo.xpm_fifo_base_inst/gen_cdc_pntr.wr_pntr_cdc_dc_inst/src_clk
    SLICE_X57Y1          FDRE                                         r  mbv_system_i/mbv_axi_ethernetlite/U0/XEMAC_I/EMAC_I/RX/INST_RX_INTRFCE/I_RX_FIFO/gnuram_async_fifo.xpm_fifo_base_inst/gen_cdc_pntr.wr_pntr_cdc_dc_inst/src_gray_ff_reg[2]/C
  -------------------------------------------------------------------    -------------------
    SLICE_X57Y1          FDRE (Prop_fdre_C_Q)         0.367     5.195 r  mbv_system_i/mbv_axi_ethernetlite/U0/XEMAC_I/EMAC_I/RX/INST_RX_INTRFCE/I_RX_FIFO/gnuram_async_fifo.xpm_fifo_base_inst/gen_cdc_pntr.wr_pntr_cdc_dc_inst/src_gray_ff_reg[2]/Q
                         net (fo=1, routed)           0.456     5.650    mbv_system_i/mbv_axi_ethernetlite/U0/XEMAC_I/EMAC_I/RX/INST_RX_INTRFCE/I_RX_FIFO/gnuram_async_fifo.xpm_fifo_base_inst/gen_cdc_pntr.wr_pntr_cdc_dc_inst/async_path[2]
    SLICE_X58Y1          FDRE                                         r  mbv_system_i/mbv_axi_ethernetlite/U0/XEMAC_I/EMAC_I/RX/INST_RX_INTRFCE/I_RX_FIFO/gnuram_async_fifo.xpm_fifo_base_inst/gen_cdc_pntr.wr_pntr_cdc_dc_inst/dest_graysync_ff_reg[0][2]/D
  -------------------------------------------------------------------    -------------------

                         (clock clk_out1_mbv_system_clk_wiz_1_1 rise edge)
                                                      0.000     0.000 r  
    E3                                                0.000     0.000 r  sys_clock (IN)
                         net (fo=0)                   0.000     0.000    mbv_system_i/mbv_clocking_wizard/inst/clk_in1
    E3                   IBUF (Prop_ibuf_I_O)         1.489     1.489 r  mbv_system_i/mbv_clocking_wizard/inst/clkin1_ibufg/O
                         net (fo=1, routed)           1.233     2.722    mbv_system_i/mbv_clocking_wizard/inst/clk_in1_mbv_system_clk_wiz_1_1
    MMCME2_ADV_X1Y1      MMCME2_ADV (Prop_mmcme2_adv_CLKIN1_CLKOUT0)
                                                     -6.946    -4.224 r  mbv_system_i/mbv_clocking_wizard/inst/mmcm_adv_inst/CLKOUT0
                         net (fo=1, routed)           1.661    -2.563    mbv_system_i/mbv_clocking_wizard/inst/clk_out1_mbv_system_clk_wiz_1_1
    BUFGCTRL_X0Y16       BUFG (Prop_bufg_I_O)         0.096    -2.467 r  mbv_system_i/mbv_clocking_wizard/inst/clkout1_buf/O
                         net (fo=13804, routed)       1.640    -0.827    mbv_system_i/mbv_axi_ethernetlite/U0/XEMAC_I/EMAC_I/RX/INST_RX_INTRFCE/I_RX_FIFO/gnuram_async_fifo.xpm_fifo_base_inst/gen_cdc_pntr.wr_pntr_cdc_dc_inst/dest_clk
    SLICE_X58Y1          FDRE                                         r  mbv_system_i/mbv_axi_ethernetlite/U0/XEMAC_I/EMAC_I/RX/INST_RX_INTRFCE/I_RX_FIFO/gnuram_async_fifo.xpm_fifo_base_inst/gen_cdc_pntr.wr_pntr_cdc_dc_inst/dest_graysync_ff_reg[0][2]/C
                         clock pessimism              0.000    -0.827    
    SLICE_X58Y1          FDRE (Hold_fdre_C_D)         0.170    -0.657    mbv_system_i/mbv_axi_ethernetlite/U0/XEMAC_I/EMAC_I/RX/INST_RX_INTRFCE/I_RX_FIFO/gnuram_async_fifo.xpm_fifo_base_inst/gen_cdc_pntr.wr_pntr_cdc_dc_inst/dest_graysync_ff_reg[0][2]
  -------------------------------------------------------------------
                         data arrival                           5.650    
                         clock arrival                         -0.657    
  -------------------------------------------------------------------
                         relative delay                         6.307    



