INFO: [VRFC 10-2263] Analyzing Verilog file "X:/hw/rv32imafcb_zicsr_zifencei_zbc/rv32imafcb_zicsr_zifencei_zbc.sim/sim_1/synth/func/xsim/glbl.v" into library xil_defaultlib
INFO: [VRFC 10-311] analyzing module glbl
INFO: [VRFC 10-163] Analyzing VHDL file "X:/hw/rv32imafcb_zicsr_zifencei_zbc/rv32imafcb_zicsr_zifencei_zbc.sim/sim_1/synth/func/xsim/mbv_system_wrapper_func_synth.vhd" into library xil_defaultlib
INFO: [VRFC 10-3107] analyzing entity 'mbv_system_axi_ethernetlite_0_0_axi_interface'
INFO: [VRFC 10-3107] analyzing entity 'mbv_system_axi_ethernetlite_0_0_cntr5bit'
INFO: [VRFC 10-3107] analyzing entity 'mbv_system_axi_ethernetlite_0_0_cntr5bit_8'
INFO: [VRFC 10-3107] analyzing entity 'mbv_system_axi_ethernetlite_0_0_crcgenrx'
INFO: [VRFC 10-3107] analyzing entity 'mbv_system_axi_ethernetlite_0_0_crcnibshiftreg'
INFO: [VRFC 10-3107] analyzing entity 'mbv_system_axi_ethernetlite_0_0_defer_state'
INFO: [VRFC 10-3107] analyzing entity 'mbv_system_axi_ethernetlite_0_0_ld_arith_reg'
INFO: [VRFC 10-3107] analyzing entity '\mbv_system_axi_ethernetlite_0_0_ld_arith_reg__parameterized0\'
INFO: [VRFC 10-3107] analyzing entity '\mbv_system_axi_ethernetlite_0_0_ld_arith_reg__parameterized1\'
INFO: [VRFC 10-3107] analyzing entity 'mbv_system_axi_ethernetlite_0_0_mdio_if'
INFO: [VRFC 10-3107] analyzing entity 'mbv_system_axi_ethernetlite_0_0_mux_onehot_f'
INFO: [VRFC 10-3107] analyzing entity 'mbv_system_axi_ethernetlite_0_0_ram16x4'
INFO: [VRFC 10-3107] analyzing entity 'mbv_system_axi_ethernetlite_0_0_rx_statemachine'
INFO: [VRFC 10-3107] analyzing entity 'mbv_system_axi_ethernetlite_0_0_tx_statemachine'
INFO: [VRFC 10-3107] analyzing entity 'mbv_system_axi_ethernetlite_0_0_xpm_cdc_array_single'
INFO: [VRFC 10-3107] analyzing entity 'mbv_system_axi_ethernetlite_0_0_xpm_cdc_gray'
INFO: [VRFC 10-3107] analyzing entity '\mbv_system_axi_ethernetlite_0_0_xpm_cdc_gray__1\'
INFO: [VRFC 10-3107] analyzing entity '\mbv_system_axi_ethernetlite_0_0_xpm_cdc_gray__2\'
INFO: [VRFC 10-3107] analyzing entity '\mbv_system_axi_ethernetlite_0_0_xpm_cdc_gray__3\'
INFO: [VRFC 10-3107] analyzing entity '\mbv_system_axi_ethernetlite_0_0_xpm_cdc_gray__parameterized0\'
INFO: [VRFC 10-3107] analyzing entity '\mbv_system_axi_ethernetlite_0_0_xpm_cdc_gray__parameterized0__1\'
INFO: [VRFC 10-3107] analyzing entity '\mbv_system_axi_ethernetlite_0_0_xpm_cdc_gray__parameterized0__2\'
INFO: [VRFC 10-3107] analyzing entity '\mbv_system_axi_ethernetlite_0_0_xpm_cdc_gray__parameterized0__3\'
INFO: [VRFC 10-3107] analyzing entity 'mbv_system_axi_ethernetlite_0_0_xpm_cdc_single'
INFO: [VRFC 10-3107] analyzing entity '\mbv_system_axi_ethernetlite_0_0_xpm_cdc_single__1\'
INFO: [VRFC 10-3107] analyzing entity '\mbv_system_axi_ethernetlite_0_0_xpm_cdc_single__parameterized1\'
INFO: [VRFC 10-3107] analyzing entity '\mbv_system_axi_ethernetlite_0_0_xpm_cdc_single__parameterized4\'
INFO: [VRFC 10-3107] analyzing entity 'mbv_system_axi_ethernetlite_0_0_xpm_cdc_sync_rst'
INFO: [VRFC 10-3107] analyzing entity '\mbv_system_axi_ethernetlite_0_0_xpm_cdc_sync_rst__1\'
INFO: [VRFC 10-3107] analyzing entity '\mbv_system_axi_ethernetlite_0_0_xpm_cdc_sync_rst__2\'
INFO: [VRFC 10-3107] analyzing entity '\mbv_system_axi_ethernetlite_0_0_xpm_cdc_sync_rst__parameterized1\'
INFO: [VRFC 10-3107] analyzing entity '\mbv_system_axi_ethernetlite_0_0_xpm_cdc_sync_rst__parameterized1__1\'
INFO: [VRFC 10-3107] analyzing entity '\mbv_system_axi_ethernetlite_0_0_xpm_cdc_sync_rst__parameterized1__2\'
INFO: [VRFC 10-3107] analyzing entity '\mbv_system_axi_ethernetlite_0_0_xpm_cdc_sync_rst__parameterized1__3\'
INFO: [VRFC 10-3107] analyzing entity '\mbv_system_axi_ethernetlite_0_0_xpm_cdc_sync_rst__parameterized3\'
INFO: [VRFC 10-3107] analyzing entity 'mbv_system_axi_ethernetlite_0_0_xpm_counter_updn'
INFO: [VRFC 10-3107] analyzing entity 'mbv_system_axi_ethernetlite_0_0_xpm_counter_updn_10'
INFO: [VRFC 10-3107] analyzing entity '\mbv_system_axi_ethernetlite_0_0_xpm_counter_updn__parameterized0\'
INFO: [VRFC 10-3107] analyzing entity '\mbv_system_axi_ethernetlite_0_0_xpm_counter_updn__parameterized0_20\'
INFO: [VRFC 10-3107] analyzing entity '\mbv_system_axi_ethernetlite_0_0_xpm_counter_updn__parameterized0_7\'
INFO: [VRFC 10-3107] analyzing entity '\mbv_system_axi_ethernetlite_0_0_xpm_counter_updn__parameterized0_9\'
INFO: [VRFC 10-3107] analyzing entity '\mbv_system_axi_ethernetlite_0_0_xpm_counter_updn__parameterized1\'
INFO: [VRFC 10-3107] analyzing entity '\mbv_system_axi_ethernetlite_0_0_xpm_counter_updn__parameterized1_15\'
INFO: [VRFC 10-3107] analyzing entity '\mbv_system_axi_ethernetlite_0_0_xpm_counter_updn__parameterized1_18\'
INFO: [VRFC 10-3107] analyzing entity '\mbv_system_axi_ethernetlite_0_0_xpm_counter_updn__parameterized1_5\'
INFO: [VRFC 10-3107] analyzing entity '\mbv_system_axi_ethernetlite_0_0_xpm_counter_updn__parameterized2\'
INFO: [VRFC 10-3107] analyzing entity '\mbv_system_axi_ethernetlite_0_0_xpm_counter_updn__parameterized2_16\'
INFO: [VRFC 10-3107] analyzing entity '\mbv_system_axi_ethernetlite_0_0_xpm_counter_updn__parameterized2_19\'
INFO: [VRFC 10-3107] analyzing entity '\mbv_system_axi_ethernetlite_0_0_xpm_counter_updn__parameterized2_6\'
INFO: [VRFC 10-3107] analyzing entity 'mbv_system_axi_ethernetlite_0_0_xpm_fifo_reg_bit'
INFO: [VRFC 10-3107] analyzing entity 'mbv_system_axi_ethernetlite_0_0_xpm_fifo_reg_bit_17'
INFO: [VRFC 10-3107] analyzing entity 'mbv_system_axi_ethernetlite_0_0_xpm_fifo_reg_vec'
INFO: [VRFC 10-3107] analyzing entity 'mbv_system_axi_ethernetlite_0_0_xpm_fifo_reg_vec_11'
INFO: [VRFC 10-3107] analyzing entity 'mbv_system_axi_ethernetlite_0_0_xpm_fifo_reg_vec_13'
INFO: [VRFC 10-3107] analyzing entity 'mbv_system_axi_ethernetlite_0_0_xpm_fifo_reg_vec_3'
INFO: [VRFC 10-3107] analyzing entity '\mbv_system_axi_ethernetlite_0_0_xpm_fifo_reg_vec__parameterized0\'
INFO: [VRFC 10-3107] analyzing entity '\mbv_system_axi_ethernetlite_0_0_xpm_fifo_reg_vec__parameterized0_12\'
INFO: [VRFC 10-3107] analyzing entity '\mbv_system_axi_ethernetlite_0_0_xpm_fifo_reg_vec__parameterized0_14\'
INFO: [VRFC 10-3107] analyzing entity '\mbv_system_axi_ethernetlite_0_0_xpm_fifo_reg_vec__parameterized0_4\'
INFO: [VRFC 10-3107] analyzing entity 'mbv_system_axi_ethernetlite_0_0_xpm_memory_base'
INFO: [VRFC 10-3107] analyzing entity '\mbv_system_axi_ethernetlite_0_0_xpm_memory_base__1\'
INFO: [VRFC 10-3107] analyzing entity '\mbv_system_axi_ethernetlite_0_0_xpm_memory_base__parameterized0\'
INFO: [VRFC 10-3107] analyzing entity '\mbv_system_axi_ethernetlite_0_0_xpm_memory_base__parameterized0__1\'
INFO: [VRFC 10-3107] analyzing entity '\mbv_system_axi_ethernetlite_0_0_xpm_memory_base__parameterized0__2\'
INFO: [VRFC 10-3107] analyzing entity '\mbv_system_axi_ethernetlite_0_0_xpm_memory_base__parameterized0__3\'
INFO: [VRFC 10-3107] analyzing entity '\mbv_system_axi_ethernetlite_0_0_xpm_memory_base__parameterized0__4\'
INFO: [VRFC 10-3107] analyzing entity '\mbv_system_axi_ethernetlite_0_0_xpm_memory_base__parameterized0__5\'
INFO: [VRFC 10-3107] analyzing entity '\mbv_system_axi_ethernetlite_0_0_xpm_memory_base__parameterized0__6\'
INFO: [VRFC 10-3107] analyzing entity '\mbv_system_axi_ethernetlite_0_0_xpm_memory_base__parameterized0__7\'
INFO: [VRFC 10-3107] analyzing entity 'mbv_system_axi_gpio_0_0_address_decoder'
INFO: [VRFC 10-3107] analyzing entity 'mbv_system_axi_gpio_0_0_interrupt_control'
INFO: [VRFC 10-3107] analyzing entity 'mbv_system_axi_gpio_0_0_xpm_cdc_array_single'
INFO: [VRFC 10-3107] analyzing entity 'mbv_system_axi_gpio_0_1_address_decoder'
INFO: [VRFC 10-3107] analyzing entity 'mbv_system_axi_gpio_0_1_interrupt_control'
INFO: [VRFC 10-3107] analyzing entity 'mbv_system_axi_gpio_0_1_xpm_cdc_array_single'
INFO: [VRFC 10-3107] analyzing entity 'mbv_system_axi_gpio_0_2_address_decoder'
INFO: [VRFC 10-3107] analyzing entity 'mbv_system_axi_gpio_0_2_interrupt_control'
INFO: [VRFC 10-3107] analyzing entity 'mbv_system_axi_gpio_0_2_xpm_cdc_array_single'
INFO: [VRFC 10-3107] analyzing entity 'mbv_system_axi_gpio_0_3_address_decoder'
INFO: [VRFC 10-3107] analyzing entity 'mbv_system_axi_gpio_0_3_interrupt_control'
INFO: [VRFC 10-3107] analyzing entity 'mbv_system_axi_gpio_0_3_xpm_cdc_array_single'
INFO: [VRFC 10-3107] analyzing entity 'mbv_system_axi_gpio_0_4_pselect_f'
INFO: [VRFC 10-3107] analyzing entity '\mbv_system_axi_gpio_0_4_pselect_f__parameterized1\'
INFO: [VRFC 10-3107] analyzing entity 'mbv_system_axi_gpio_0_4_xpm_cdc_array_single'
INFO: [VRFC 10-3107] analyzing entity 'mbv_system_axi_gpio_0_5_pselect_f'
INFO: [VRFC 10-3107] analyzing entity '\mbv_system_axi_gpio_0_5_pselect_f__parameterized1\'
INFO: [VRFC 10-3107] analyzing entity 'mbv_system_axi_gpio_0_5_xpm_cdc_array_single'
INFO: [VRFC 10-3107] analyzing entity 'mbv_system_axi_gpio_0_6_pselect_f'
INFO: [VRFC 10-3107] analyzing entity '\mbv_system_axi_gpio_0_6_pselect_f__parameterized1\'
INFO: [VRFC 10-3107] analyzing entity 'mbv_system_axi_gpio_0_6_xpm_cdc_array_single'
INFO: [VRFC 10-3107] analyzing entity 'mbv_system_axi_iic_0_0_SRL_FIFO'
INFO: [VRFC 10-3107] analyzing entity 'mbv_system_axi_iic_0_0_SRL_FIFO_0'
INFO: [VRFC 10-3107] analyzing entity '\mbv_system_axi_iic_0_0_SRL_FIFO__parameterized0\'
INFO: [VRFC 10-3107] analyzing entity 'mbv_system_axi_iic_0_0_address_decoder'
INFO: [VRFC 10-3107] analyzing entity 'mbv_system_axi_iic_0_0_dynamic_master'
INFO: [VRFC 10-3107] analyzing entity 'mbv_system_axi_iic_0_0_interrupt_control'
INFO: [VRFC 10-3107] analyzing entity 'mbv_system_axi_iic_0_0_reg_interface'
INFO: [VRFC 10-3107] analyzing entity 'mbv_system_axi_iic_0_0_shift8'
INFO: [VRFC 10-3107] analyzing entity 'mbv_system_axi_iic_0_0_shift8_1'
INFO: [VRFC 10-3107] analyzing entity 'mbv_system_axi_iic_0_0_soft_reset'
INFO: [VRFC 10-3107] analyzing entity 'mbv_system_axi_iic_0_0_upcnt_n'
INFO: [VRFC 10-3107] analyzing entity 'mbv_system_axi_iic_0_0_upcnt_n_2'
INFO: [VRFC 10-3107] analyzing entity '\mbv_system_axi_iic_0_0_upcnt_n__parameterized0\'
INFO: [VRFC 10-3107] analyzing entity 'mbv_system_axi_iic_0_0_xpm_cdc_single'
INFO: [VRFC 10-3107] analyzing entity '\mbv_system_axi_iic_0_0_xpm_cdc_single__1\'
INFO: [VRFC 10-3107] analyzing entity 'mbv_system_axi_quad_spi_0_0_counter_f'
INFO: [VRFC 10-3107] analyzing entity 'mbv_system_axi_quad_spi_0_0_cross_clk_sync_fifo_1'
INFO: [VRFC 10-3107] analyzing entity 'mbv_system_axi_quad_spi_0_0_interrupt_control'
INFO: [VRFC 10-3107] analyzing entity 'mbv_system_axi_quad_spi_0_0_qspi_address_decoder'
INFO: [VRFC 10-3107] analyzing entity 'mbv_system_axi_quad_spi_0_0_qspi_cntrl_reg'
INFO: [VRFC 10-3107] analyzing entity 'mbv_system_axi_quad_spi_0_0_qspi_fifo_ifmodule'
INFO: [VRFC 10-3107] analyzing entity 'mbv_system_axi_quad_spi_0_0_qspi_mode_control_logic'
INFO: [VRFC 10-3107] analyzing entity 'mbv_system_axi_quad_spi_0_0_qspi_status_slave_sel_reg'
INFO: [VRFC 10-3107] analyzing entity 'mbv_system_axi_quad_spi_0_0_reset_sync_module'
INFO: [VRFC 10-3107] analyzing entity 'mbv_system_axi_quad_spi_0_0_soft_reset'
INFO: [VRFC 10-3107] analyzing entity 'mbv_system_axi_quad_spi_0_0_xpm_cdc_gray'
INFO: [VRFC 10-3107] analyzing entity '\mbv_system_axi_quad_spi_0_0_xpm_cdc_gray__1\'
INFO: [VRFC 10-3107] analyzing entity '\mbv_system_axi_quad_spi_0_0_xpm_cdc_gray__2\'
INFO: [VRFC 10-3107] analyzing entity '\mbv_system_axi_quad_spi_0_0_xpm_cdc_gray__3\'
INFO: [VRFC 10-3107] analyzing entity '\mbv_system_axi_quad_spi_0_0_xpm_cdc_gray__parameterized0\'
INFO: [VRFC 10-3107] analyzing entity '\mbv_system_axi_quad_spi_0_0_xpm_cdc_gray__parameterized0__1\'
INFO: [VRFC 10-3107] analyzing entity '\mbv_system_axi_quad_spi_0_0_xpm_cdc_gray__parameterized1\'
INFO: [VRFC 10-3107] analyzing entity '\mbv_system_axi_quad_spi_0_0_xpm_cdc_gray__parameterized1__1\'
INFO: [VRFC 10-3107] analyzing entity 'mbv_system_axi_quad_spi_0_0_xpm_cdc_single'
INFO: [VRFC 10-3107] analyzing entity '\mbv_system_axi_quad_spi_0_0_xpm_cdc_single__1\'
INFO: [VRFC 10-3107] analyzing entity 'mbv_system_axi_quad_spi_0_0_xpm_cdc_sync_rst'
INFO: [VRFC 10-3107] analyzing entity '\mbv_system_axi_quad_spi_0_0_xpm_cdc_sync_rst__1\'
INFO: [VRFC 10-3107] analyzing entity '\mbv_system_axi_quad_spi_0_0_xpm_cdc_sync_rst__2\'
INFO: [VRFC 10-3107] analyzing entity '\mbv_system_axi_quad_spi_0_0_xpm_cdc_sync_rst__3\'
INFO: [VRFC 10-3107] analyzing entity 'mbv_system_axi_quad_spi_0_0_xpm_counter_updn'
INFO: [VRFC 10-3107] analyzing entity 'mbv_system_axi_quad_spi_0_0_xpm_counter_updn_4'
INFO: [VRFC 10-3107] analyzing entity '\mbv_system_axi_quad_spi_0_0_xpm_counter_updn__parameterized0\'
INFO: [VRFC 10-3107] analyzing entity '\mbv_system_axi_quad_spi_0_0_xpm_counter_updn__parameterized0_15\'
INFO: [VRFC 10-3107] analyzing entity '\mbv_system_axi_quad_spi_0_0_xpm_counter_updn__parameterized1\'
INFO: [VRFC 10-3107] analyzing entity '\mbv_system_axi_quad_spi_0_0_xpm_counter_updn__parameterized1_9\'
INFO: [VRFC 10-3107] analyzing entity '\mbv_system_axi_quad_spi_0_0_xpm_counter_updn__parameterized2\'
INFO: [VRFC 10-3107] analyzing entity '\mbv_system_axi_quad_spi_0_0_xpm_counter_updn__parameterized2_10\'
INFO: [VRFC 10-3107] analyzing entity '\mbv_system_axi_quad_spi_0_0_xpm_counter_updn__parameterized2_13\'
INFO: [VRFC 10-3107] analyzing entity '\mbv_system_axi_quad_spi_0_0_xpm_counter_updn__parameterized2_2\'
INFO: [VRFC 10-3107] analyzing entity '\mbv_system_axi_quad_spi_0_0_xpm_counter_updn__parameterized3\'
INFO: [VRFC 10-3107] analyzing entity '\mbv_system_axi_quad_spi_0_0_xpm_counter_updn__parameterized3_11\'
INFO: [VRFC 10-3107] analyzing entity '\mbv_system_axi_quad_spi_0_0_xpm_counter_updn__parameterized3_14\'
INFO: [VRFC 10-3107] analyzing entity '\mbv_system_axi_quad_spi_0_0_xpm_counter_updn__parameterized3_3\'
INFO: [VRFC 10-3107] analyzing entity 'mbv_system_axi_quad_spi_0_0_xpm_fifo_reg_bit'
INFO: [VRFC 10-3107] analyzing entity 'mbv_system_axi_quad_spi_0_0_xpm_fifo_reg_bit_12'
INFO: [VRFC 10-3107] analyzing entity 'mbv_system_axi_quad_spi_0_0_xpm_fifo_reg_vec'
INFO: [VRFC 10-3107] analyzing entity 'mbv_system_axi_quad_spi_0_0_xpm_fifo_reg_vec_0'
INFO: [VRFC 10-3107] analyzing entity 'mbv_system_axi_quad_spi_0_0_xpm_fifo_reg_vec_5'
INFO: [VRFC 10-3107] analyzing entity 'mbv_system_axi_quad_spi_0_0_xpm_fifo_reg_vec_7'
INFO: [VRFC 10-3107] analyzing entity '\mbv_system_axi_quad_spi_0_0_xpm_fifo_reg_vec__parameterized0\'
INFO: [VRFC 10-3107] analyzing entity '\mbv_system_axi_quad_spi_0_0_xpm_fifo_reg_vec__parameterized0_1\'
INFO: [VRFC 10-3107] analyzing entity '\mbv_system_axi_quad_spi_0_0_xpm_fifo_reg_vec__parameterized0_6\'
INFO: [VRFC 10-3107] analyzing entity '\mbv_system_axi_quad_spi_0_0_xpm_fifo_reg_vec__parameterized0_8\'
INFO: [VRFC 10-3107] analyzing entity 'mbv_system_axi_quad_spi_0_0_xpm_memory_base'
INFO: [VRFC 10-3107] analyzing entity '\mbv_system_axi_quad_spi_0_0_xpm_memory_base__1\'
INFO: [VRFC 10-3107] analyzing entity 'mbv_system_axi_quad_spi_0_1_counter_f'
INFO: [VRFC 10-3107] analyzing entity 'mbv_system_axi_quad_spi_0_1_cross_clk_sync_fifo_1'
INFO: [VRFC 10-3107] analyzing entity 'mbv_system_axi_quad_spi_0_1_interrupt_control'
INFO: [VRFC 10-3107] analyzing entity 'mbv_system_axi_quad_spi_0_1_qspi_address_decoder'
INFO: [VRFC 10-3107] analyzing entity 'mbv_system_axi_quad_spi_0_1_qspi_cntrl_reg'
INFO: [VRFC 10-3107] analyzing entity 'mbv_system_axi_quad_spi_0_1_qspi_fifo_ifmodule'
INFO: [VRFC 10-3107] analyzing entity 'mbv_system_axi_quad_spi_0_1_qspi_mode_0_module'
INFO: [VRFC 10-3107] analyzing entity 'mbv_system_axi_quad_spi_0_1_qspi_status_slave_sel_reg'
INFO: [VRFC 10-3107] analyzing entity 'mbv_system_axi_quad_spi_0_1_reset_sync_module'
INFO: [VRFC 10-3107] analyzing entity 'mbv_system_axi_quad_spi_0_1_soft_reset'
INFO: [VRFC 10-3107] analyzing entity 'mbv_system_axi_quad_spi_0_1_xpm_cdc_gray'
INFO: [VRFC 10-3107] analyzing entity '\mbv_system_axi_quad_spi_0_1_xpm_cdc_gray__1\'
INFO: [VRFC 10-3107] analyzing entity '\mbv_system_axi_quad_spi_0_1_xpm_cdc_gray__2\'
INFO: [VRFC 10-3107] analyzing entity '\mbv_system_axi_quad_spi_0_1_xpm_cdc_gray__3\'
INFO: [VRFC 10-3107] analyzing entity '\mbv_system_axi_quad_spi_0_1_xpm_cdc_gray__parameterized0\'
INFO: [VRFC 10-3107] analyzing entity '\mbv_system_axi_quad_spi_0_1_xpm_cdc_gray__parameterized0__1\'
INFO: [VRFC 10-3107] analyzing entity '\mbv_system_axi_quad_spi_0_1_xpm_cdc_gray__parameterized1\'
INFO: [VRFC 10-3107] analyzing entity '\mbv_system_axi_quad_spi_0_1_xpm_cdc_gray__parameterized1__1\'
INFO: [VRFC 10-3107] analyzing entity 'mbv_system_axi_quad_spi_0_1_xpm_cdc_single'
INFO: [VRFC 10-3107] analyzing entity '\mbv_system_axi_quad_spi_0_1_xpm_cdc_single__1\'
INFO: [VRFC 10-3107] analyzing entity 'mbv_system_axi_quad_spi_0_1_xpm_cdc_sync_rst'
INFO: [VRFC 10-3107] analyzing entity '\mbv_system_axi_quad_spi_0_1_xpm_cdc_sync_rst__1\'
INFO: [VRFC 10-3107] analyzing entity '\mbv_system_axi_quad_spi_0_1_xpm_cdc_sync_rst__2\'
INFO: [VRFC 10-3107] analyzing entity '\mbv_system_axi_quad_spi_0_1_xpm_cdc_sync_rst__3\'
INFO: [VRFC 10-3107] analyzing entity 'mbv_system_axi_quad_spi_0_1_xpm_counter_updn'
INFO: [VRFC 10-3107] analyzing entity 'mbv_system_axi_quad_spi_0_1_xpm_counter_updn_4'
INFO: [VRFC 10-3107] analyzing entity '\mbv_system_axi_quad_spi_0_1_xpm_counter_updn__parameterized0\'
INFO: [VRFC 10-3107] analyzing entity '\mbv_system_axi_quad_spi_0_1_xpm_counter_updn__parameterized0_15\'
INFO: [VRFC 10-3107] analyzing entity '\mbv_system_axi_quad_spi_0_1_xpm_counter_updn__parameterized1\'
INFO: [VRFC 10-3107] analyzing entity '\mbv_system_axi_quad_spi_0_1_xpm_counter_updn__parameterized1_9\'
INFO: [VRFC 10-3107] analyzing entity '\mbv_system_axi_quad_spi_0_1_xpm_counter_updn__parameterized2\'
INFO: [VRFC 10-3107] analyzing entity '\mbv_system_axi_quad_spi_0_1_xpm_counter_updn__parameterized2_10\'
INFO: [VRFC 10-3107] analyzing entity '\mbv_system_axi_quad_spi_0_1_xpm_counter_updn__parameterized2_13\'
INFO: [VRFC 10-3107] analyzing entity '\mbv_system_axi_quad_spi_0_1_xpm_counter_updn__parameterized2_2\'
INFO: [VRFC 10-3107] analyzing entity '\mbv_system_axi_quad_spi_0_1_xpm_counter_updn__parameterized3\'
INFO: [VRFC 10-3107] analyzing entity '\mbv_system_axi_quad_spi_0_1_xpm_counter_updn__parameterized3_11\'
INFO: [VRFC 10-3107] analyzing entity '\mbv_system_axi_quad_spi_0_1_xpm_counter_updn__parameterized3_14\'
INFO: [VRFC 10-3107] analyzing entity '\mbv_system_axi_quad_spi_0_1_xpm_counter_updn__parameterized3_3\'
INFO: [VRFC 10-3107] analyzing entity 'mbv_system_axi_quad_spi_0_1_xpm_fifo_reg_bit'
INFO: [VRFC 10-3107] analyzing entity 'mbv_system_axi_quad_spi_0_1_xpm_fifo_reg_bit_12'
INFO: [VRFC 10-3107] analyzing entity 'mbv_system_axi_quad_spi_0_1_xpm_fifo_reg_vec'
INFO: [VRFC 10-3107] analyzing entity 'mbv_system_axi_quad_spi_0_1_xpm_fifo_reg_vec_0'
INFO: [VRFC 10-3107] analyzing entity 'mbv_system_axi_quad_spi_0_1_xpm_fifo_reg_vec_5'
INFO: [VRFC 10-3107] analyzing entity 'mbv_system_axi_quad_spi_0_1_xpm_fifo_reg_vec_7'
INFO: [VRFC 10-3107] analyzing entity '\mbv_system_axi_quad_spi_0_1_xpm_fifo_reg_vec__parameterized0\'
INFO: [VRFC 10-3107] analyzing entity '\mbv_system_axi_quad_spi_0_1_xpm_fifo_reg_vec__parameterized0_1\'
INFO: [VRFC 10-3107] analyzing entity '\mbv_system_axi_quad_spi_0_1_xpm_fifo_reg_vec__parameterized0_6\'
INFO: [VRFC 10-3107] analyzing entity '\mbv_system_axi_quad_spi_0_1_xpm_fifo_reg_vec__parameterized0_8\'
INFO: [VRFC 10-3107] analyzing entity 'mbv_system_axi_quad_spi_0_1_xpm_memory_base'
INFO: [VRFC 10-3107] analyzing entity '\mbv_system_axi_quad_spi_0_1_xpm_memory_base__1\'
INFO: [VRFC 10-3107] analyzing entity '\mbv_system_axi_timebase_wdt_0_0_pselect_f__parameterized1\'
INFO: [VRFC 10-3107] analyzing entity '\mbv_system_axi_timebase_wdt_0_0_pselect_f__parameterized10\'
INFO: [VRFC 10-3107] analyzing entity '\mbv_system_axi_timebase_wdt_0_0_pselect_f__parameterized11\'
INFO: [VRFC 10-3107] analyzing entity '\mbv_system_axi_timebase_wdt_0_0_pselect_f__parameterized3\'
INFO: [VRFC 10-3107] analyzing entity '\mbv_system_axi_timebase_wdt_0_0_pselect_f__parameterized4\'
INFO: [VRFC 10-3107] analyzing entity '\mbv_system_axi_timebase_wdt_0_0_pselect_f__parameterized5\'
INFO: [VRFC 10-3107] analyzing entity '\mbv_system_axi_timebase_wdt_0_0_pselect_f__parameterized6\'
INFO: [VRFC 10-3107] analyzing entity '\mbv_system_axi_timebase_wdt_0_0_pselect_f__parameterized7\'
INFO: [VRFC 10-3107] analyzing entity '\mbv_system_axi_timebase_wdt_0_0_pselect_f__parameterized8\'
INFO: [VRFC 10-3107] analyzing entity '\mbv_system_axi_timebase_wdt_0_0_pselect_f__parameterized9\'
INFO: [VRFC 10-3107] analyzing entity 'mbv_system_axi_timebase_wdt_0_0_window_wdt_counter'
INFO: [VRFC 10-3107] analyzing entity 'mbv_system_axi_timebase_wdt_0_0_window_wdt_fail_cnt'
INFO: [VRFC 10-3107] analyzing entity 'mbv_system_axi_uartlite_0_0_baudrate'
INFO: [VRFC 10-3107] analyzing entity 'mbv_system_axi_uartlite_0_0_pselect_f'
INFO: [VRFC 10-3107] analyzing entity '\mbv_system_axi_uartlite_0_0_pselect_f__parameterized1\'
INFO: [VRFC 10-3107] analyzing entity 'mbv_system_axi_uartlite_0_0_srl_fifo'
INFO: [VRFC 10-3107] analyzing entity 'mbv_system_axi_uartlite_0_0_srl_fifo_0'
INFO: [VRFC 10-3107] analyzing entity 'mbv_system_axi_uartlite_0_0_xpm_cdc_single'
INFO: [VRFC 10-3107] analyzing entity 'mbv_system_clk_wiz_1_1_clk_wiz'
INFO: [VRFC 10-3107] analyzing entity 'mbv_system_dlmb_bram_if_cntlr_1_lmb_bram_if_cntlr'
INFO: [VRFC 10-3107] analyzing entity 'mbv_system_dlmb_v10_1_lmb_v10'
INFO: [VRFC 10-3107] analyzing entity 'mbv_system_fit_timer_0_0_Divide_part'
INFO: [VRFC 10-3107] analyzing entity '\mbv_system_fit_timer_0_0_Divide_part__parameterized0\'
INFO: [VRFC 10-3107] analyzing entity '\mbv_system_fit_timer_0_0_Divide_part__parameterized0_0\'
INFO: [VRFC 10-3107] analyzing entity '\mbv_system_fit_timer_0_0_Divide_part__parameterized0_1\'
INFO: [VRFC 10-3107] analyzing entity '\mbv_system_fit_timer_0_0_Divide_part__parameterized1\'
INFO: [VRFC 10-3107] analyzing entity 'mbv_system_ilmb_bram_if_cntlr_1_lmb_bram_if_cntlr'
INFO: [VRFC 10-3107] analyzing entity 'mbv_system_ilmb_v10_1_lmb_v10'
INFO: [VRFC 10-3107] analyzing entity 'mbv_system_mbv_riscv_axi_intc_1_address_decoder'
INFO: [VRFC 10-3107] analyzing entity 'mbv_system_mbv_riscv_axi_intc_1_shared_ram_ivar'
INFO: [VRFC 10-3107] analyzing entity 'mbv_system_mbv_riscv_axi_periph_1_upcnt_n'
INFO: [VRFC 10-3107] analyzing entity 'mbv_system_mbv_riscv_axi_periph_1_xpm_cdc_single'
INFO: [VRFC 10-3107] analyzing entity '\mbv_system_mbv_riscv_axi_periph_1_xpm_cdc_single__1\'
INFO: [VRFC 10-3107] analyzing entity 'mbv_system_mdm_1_1_MB_BSCANE2'
INFO: [VRFC 10-3107] analyzing entity 'mbv_system_mdm_1_1_MB_BUFG'
INFO: [VRFC 10-3107] analyzing entity 'mbv_system_mdm_1_1_MB_BUFGCE_1'
INFO: [VRFC 10-3107] analyzing entity 'mbv_system_mdm_1_1_MB_BUFGCE_1_82'
INFO: [VRFC 10-3107] analyzing entity 'mbv_system_mdm_1_1_MB_BUFG_81'
INFO: [VRFC 10-3107] analyzing entity 'mbv_system_mdm_1_1_MB_BUFG_83'
INFO: [VRFC 10-3107] analyzing entity 'mbv_system_mdm_1_1_MB_FDRE'
INFO: [VRFC 10-3107] analyzing entity 'mbv_system_mdm_1_1_MB_FDRE_1'
INFO: [VRFC 10-3107] analyzing entity 'mbv_system_mdm_1_1_MB_FDRE_3'
INFO: [VRFC 10-3107] analyzing entity 'mbv_system_mdm_1_1_MB_FDRE_39'
INFO: [VRFC 10-3107] analyzing entity 'mbv_system_mdm_1_1_MB_FDRE_41'
INFO: [VRFC 10-3107] analyzing entity 'mbv_system_mdm_1_1_MB_FDRE_43'
INFO: [VRFC 10-3107] analyzing entity 'mbv_system_mdm_1_1_MB_FDRE_45'
INFO: [VRFC 10-3107] analyzing entity 'mbv_system_mdm_1_1_MB_FDRE_47'
INFO: [VRFC 10-3107] analyzing entity 'mbv_system_mdm_1_1_MB_FDRE_5'
INFO: [VRFC 10-3107] analyzing entity 'mbv_system_mdm_1_1_MB_FDRE_7'
INFO: [VRFC 10-3107] analyzing entity 'mbv_system_mdm_1_1_MB_LUT1'
INFO: [VRFC 10-3107] analyzing entity 'mbv_system_mdm_1_1_MB_MUXCY_XORCY'
INFO: [VRFC 10-3107] analyzing entity 'mbv_system_mdm_1_1_MB_MUXCY_XORCY_2'
INFO: [VRFC 10-3107] analyzing entity 'mbv_system_mdm_1_1_MB_MUXCY_XORCY_4'
INFO: [VRFC 10-3107] analyzing entity 'mbv_system_mdm_1_1_MB_MUXCY_XORCY_40'
INFO: [VRFC 10-3107] analyzing entity 'mbv_system_mdm_1_1_MB_MUXCY_XORCY_42'
INFO: [VRFC 10-3107] analyzing entity 'mbv_system_mdm_1_1_MB_MUXCY_XORCY_44'
INFO: [VRFC 10-3107] analyzing entity 'mbv_system_mdm_1_1_MB_MUXCY_XORCY_46'
INFO: [VRFC 10-3107] analyzing entity 'mbv_system_mdm_1_1_MB_MUXCY_XORCY_6'
INFO: [VRFC 10-3107] analyzing entity 'mbv_system_mdm_1_1_MB_PLLE2_BASE'
INFO: [VRFC 10-3107] analyzing entity 'mbv_system_mdm_1_1_MB_SRLC32E'
INFO: [VRFC 10-3107] analyzing entity 'mbv_system_mdm_1_1_MB_SRLC32E_10'
INFO: [VRFC 10-3107] analyzing entity 'mbv_system_mdm_1_1_MB_SRLC32E_11'
INFO: [VRFC 10-3107] analyzing entity 'mbv_system_mdm_1_1_MB_SRLC32E_12'
INFO: [VRFC 10-3107] analyzing entity 'mbv_system_mdm_1_1_MB_SRLC32E_13'
INFO: [VRFC 10-3107] analyzing entity 'mbv_system_mdm_1_1_MB_SRLC32E_14'
INFO: [VRFC 10-3107] analyzing entity 'mbv_system_mdm_1_1_MB_SRLC32E_15'
INFO: [VRFC 10-3107] analyzing entity 'mbv_system_mdm_1_1_MB_SRLC32E_16'
INFO: [VRFC 10-3107] analyzing entity 'mbv_system_mdm_1_1_MB_SRLC32E_17'
INFO: [VRFC 10-3107] analyzing entity 'mbv_system_mdm_1_1_MB_SRLC32E_18'
INFO: [VRFC 10-3107] analyzing entity 'mbv_system_mdm_1_1_MB_SRLC32E_19'
INFO: [VRFC 10-3107] analyzing entity 'mbv_system_mdm_1_1_MB_SRLC32E_20'
INFO: [VRFC 10-3107] analyzing entity 'mbv_system_mdm_1_1_MB_SRLC32E_21'
INFO: [VRFC 10-3107] analyzing entity 'mbv_system_mdm_1_1_MB_SRLC32E_22'
INFO: [VRFC 10-3107] analyzing entity 'mbv_system_mdm_1_1_MB_SRLC32E_23'
INFO: [VRFC 10-3107] analyzing entity 'mbv_system_mdm_1_1_MB_SRLC32E_24'
INFO: [VRFC 10-3107] analyzing entity 'mbv_system_mdm_1_1_MB_SRLC32E_25'
INFO: [VRFC 10-3107] analyzing entity 'mbv_system_mdm_1_1_MB_SRLC32E_26'
INFO: [VRFC 10-3107] analyzing entity 'mbv_system_mdm_1_1_MB_SRLC32E_27'
INFO: [VRFC 10-3107] analyzing entity 'mbv_system_mdm_1_1_MB_SRLC32E_28'
INFO: [VRFC 10-3107] analyzing entity 'mbv_system_mdm_1_1_MB_SRLC32E_29'
INFO: [VRFC 10-3107] analyzing entity 'mbv_system_mdm_1_1_MB_SRLC32E_30'
INFO: [VRFC 10-3107] analyzing entity 'mbv_system_mdm_1_1_MB_SRLC32E_31'
INFO: [VRFC 10-3107] analyzing entity 'mbv_system_mdm_1_1_MB_SRLC32E_32'
INFO: [VRFC 10-3107] analyzing entity 'mbv_system_mdm_1_1_MB_SRLC32E_33'
INFO: [VRFC 10-3107] analyzing entity 'mbv_system_mdm_1_1_MB_SRLC32E_34'
INFO: [VRFC 10-3107] analyzing entity 'mbv_system_mdm_1_1_MB_SRLC32E_35'
INFO: [VRFC 10-3107] analyzing entity 'mbv_system_mdm_1_1_MB_SRLC32E_36'
INFO: [VRFC 10-3107] analyzing entity 'mbv_system_mdm_1_1_MB_SRLC32E_37'
INFO: [VRFC 10-3107] analyzing entity 'mbv_system_mdm_1_1_MB_SRLC32E_38'
INFO: [VRFC 10-3107] analyzing entity 'mbv_system_mdm_1_1_MB_SRLC32E_49'
INFO: [VRFC 10-3107] analyzing entity 'mbv_system_mdm_1_1_MB_SRLC32E_50'
INFO: [VRFC 10-3107] analyzing entity 'mbv_system_mdm_1_1_MB_SRLC32E_51'
INFO: [VRFC 10-3107] analyzing entity 'mbv_system_mdm_1_1_MB_SRLC32E_52'
INFO: [VRFC 10-3107] analyzing entity 'mbv_system_mdm_1_1_MB_SRLC32E_53'
INFO: [VRFC 10-3107] analyzing entity 'mbv_system_mdm_1_1_MB_SRLC32E_54'
INFO: [VRFC 10-3107] analyzing entity 'mbv_system_mdm_1_1_MB_SRLC32E_55'
INFO: [VRFC 10-3107] analyzing entity 'mbv_system_mdm_1_1_MB_SRLC32E_56'
INFO: [VRFC 10-3107] analyzing entity 'mbv_system_mdm_1_1_MB_SRLC32E_57'
INFO: [VRFC 10-3107] analyzing entity 'mbv_system_mdm_1_1_MB_SRLC32E_58'
INFO: [VRFC 10-3107] analyzing entity 'mbv_system_mdm_1_1_MB_SRLC32E_59'
INFO: [VRFC 10-3107] analyzing entity 'mbv_system_mdm_1_1_MB_SRLC32E_60'
INFO: [VRFC 10-3107] analyzing entity 'mbv_system_mdm_1_1_MB_SRLC32E_61'
INFO: [VRFC 10-3107] analyzing entity 'mbv_system_mdm_1_1_MB_SRLC32E_62'
INFO: [VRFC 10-3107] analyzing entity 'mbv_system_mdm_1_1_MB_SRLC32E_63'
INFO: [VRFC 10-3107] analyzing entity 'mbv_system_mdm_1_1_MB_SRLC32E_64'
INFO: [VRFC 10-3107] analyzing entity 'mbv_system_mdm_1_1_MB_SRLC32E_65'
INFO: [VRFC 10-3107] analyzing entity 'mbv_system_mdm_1_1_MB_SRLC32E_66'
INFO: [VRFC 10-3107] analyzing entity 'mbv_system_mdm_1_1_MB_SRLC32E_67'
INFO: [VRFC 10-3107] analyzing entity 'mbv_system_mdm_1_1_MB_SRLC32E_68'
INFO: [VRFC 10-3107] analyzing entity 'mbv_system_mdm_1_1_MB_SRLC32E_69'
INFO: [VRFC 10-3107] analyzing entity 'mbv_system_mdm_1_1_MB_SRLC32E_70'
INFO: [VRFC 10-3107] analyzing entity 'mbv_system_mdm_1_1_MB_SRLC32E_71'
INFO: [VRFC 10-3107] analyzing entity 'mbv_system_mdm_1_1_MB_SRLC32E_72'
INFO: [VRFC 10-3107] analyzing entity 'mbv_system_mdm_1_1_MB_SRLC32E_73'
INFO: [VRFC 10-3107] analyzing entity 'mbv_system_mdm_1_1_MB_SRLC32E_74'
INFO: [VRFC 10-3107] analyzing entity 'mbv_system_mdm_1_1_MB_SRLC32E_75'
INFO: [VRFC 10-3107] analyzing entity 'mbv_system_mdm_1_1_MB_SRLC32E_76'
INFO: [VRFC 10-3107] analyzing entity 'mbv_system_mdm_1_1_MB_SRLC32E_77'
INFO: [VRFC 10-3107] analyzing entity 'mbv_system_mdm_1_1_MB_SRLC32E_78'
INFO: [VRFC 10-3107] analyzing entity 'mbv_system_mdm_1_1_MB_SRLC32E_79'
INFO: [VRFC 10-3107] analyzing entity 'mbv_system_mdm_1_1_MB_SRLC32E_8'
INFO: [VRFC 10-3107] analyzing entity 'mbv_system_mdm_1_1_MB_SRLC32E_80'
INFO: [VRFC 10-3107] analyzing entity 'mbv_system_mdm_1_1_MB_SRLC32E_9'
INFO: [VRFC 10-3107] analyzing entity 'mbv_system_mdm_1_1_MB_XORCY'
INFO: [VRFC 10-3107] analyzing entity 'mbv_system_mdm_1_1_MB_XORCY_48'
INFO: [VRFC 10-3107] analyzing entity 'mbv_system_rst_clk_wiz_1_100M_1_upcnt_n'
INFO: [VRFC 10-3107] analyzing entity 'mbv_system_rst_clk_wiz_1_100M_1_xpm_cdc_single'
INFO: [VRFC 10-3107] analyzing entity '\mbv_system_rst_clk_wiz_1_100M_1_xpm_cdc_single__1\'
INFO: [VRFC 10-3107] analyzing entity 'mbv_system_mbv_riscv_axi_periph_1_xpm_cdc_async_rst'
INFO: [VRFC 10-3107] analyzing entity '\mbv_system_mbv_riscv_axi_periph_1_xpm_cdc_async_rst__1\'
INFO: [VRFC 10-3107] analyzing entity '\mbv_system_mbv_riscv_axi_periph_1_xpm_cdc_async_rst__10\'
INFO: [VRFC 10-3107] analyzing entity '\mbv_system_mbv_riscv_axi_periph_1_xpm_cdc_async_rst__100\'
INFO: [VRFC 10-3107] analyzing entity '\mbv_system_mbv_riscv_axi_periph_1_xpm_cdc_async_rst__101\'
INFO: [VRFC 10-3107] analyzing entity '\mbv_system_mbv_riscv_axi_periph_1_xpm_cdc_async_rst__102\'
INFO: [VRFC 10-3107] analyzing entity '\mbv_system_mbv_riscv_axi_periph_1_xpm_cdc_async_rst__103\'
INFO: [VRFC 10-3107] analyzing entity '\mbv_system_mbv_riscv_axi_periph_1_xpm_cdc_async_rst__104\'
INFO: [VRFC 10-3107] analyzing entity '\mbv_system_mbv_riscv_axi_periph_1_xpm_cdc_async_rst__105\'
INFO: [VRFC 10-3107] analyzing entity '\mbv_system_mbv_riscv_axi_periph_1_xpm_cdc_async_rst__106\'
INFO: [VRFC 10-3107] analyzing entity '\mbv_system_mbv_riscv_axi_periph_1_xpm_cdc_async_rst__107\'
INFO: [VRFC 10-3107] analyzing entity '\mbv_system_mbv_riscv_axi_periph_1_xpm_cdc_async_rst__108\'
INFO: [VRFC 10-3107] analyzing entity '\mbv_system_mbv_riscv_axi_periph_1_xpm_cdc_async_rst__109\'
INFO: [VRFC 10-3107] analyzing entity '\mbv_system_mbv_riscv_axi_periph_1_xpm_cdc_async_rst__11\'
INFO: [VRFC 10-3107] analyzing entity '\mbv_system_mbv_riscv_axi_periph_1_xpm_cdc_async_rst__110\'
INFO: [VRFC 10-3107] analyzing entity '\mbv_system_mbv_riscv_axi_periph_1_xpm_cdc_async_rst__111\'
INFO: [VRFC 10-3107] analyzing entity '\mbv_system_mbv_riscv_axi_periph_1_xpm_cdc_async_rst__112\'
INFO: [VRFC 10-3107] analyzing entity '\mbv_system_mbv_riscv_axi_periph_1_xpm_cdc_async_rst__113\'
INFO: [VRFC 10-3107] analyzing entity '\mbv_system_mbv_riscv_axi_periph_1_xpm_cdc_async_rst__114\'
INFO: [VRFC 10-3107] analyzing entity '\mbv_system_mbv_riscv_axi_periph_1_xpm_cdc_async_rst__115\'
INFO: [VRFC 10-3107] analyzing entity '\mbv_system_mbv_riscv_axi_periph_1_xpm_cdc_async_rst__116\'
INFO: [VRFC 10-3107] analyzing entity '\mbv_system_mbv_riscv_axi_periph_1_xpm_cdc_async_rst__117\'
INFO: [VRFC 10-3107] analyzing entity '\mbv_system_mbv_riscv_axi_periph_1_xpm_cdc_async_rst__118\'
INFO: [VRFC 10-3107] analyzing entity '\mbv_system_mbv_riscv_axi_periph_1_xpm_cdc_async_rst__119\'
INFO: [VRFC 10-3107] analyzing entity '\mbv_system_mbv_riscv_axi_periph_1_xpm_cdc_async_rst__12\'
INFO: [VRFC 10-3107] analyzing entity '\mbv_system_mbv_riscv_axi_periph_1_xpm_cdc_async_rst__120\'
INFO: [VRFC 10-3107] analyzing entity '\mbv_system_mbv_riscv_axi_periph_1_xpm_cdc_async_rst__121\'
INFO: [VRFC 10-3107] analyzing entity '\mbv_system_mbv_riscv_axi_periph_1_xpm_cdc_async_rst__122\'
INFO: [VRFC 10-3107] analyzing entity '\mbv_system_mbv_riscv_axi_periph_1_xpm_cdc_async_rst__123\'
INFO: [VRFC 10-3107] analyzing entity '\mbv_system_mbv_riscv_axi_periph_1_xpm_cdc_async_rst__124\'
INFO: [VRFC 10-3107] analyzing entity '\mbv_system_mbv_riscv_axi_periph_1_xpm_cdc_async_rst__125\'
INFO: [VRFC 10-3107] analyzing entity '\mbv_system_mbv_riscv_axi_periph_1_xpm_cdc_async_rst__126\'
INFO: [VRFC 10-3107] analyzing entity '\mbv_system_mbv_riscv_axi_periph_1_xpm_cdc_async_rst__127\'
INFO: [VRFC 10-3107] analyzing entity '\mbv_system_mbv_riscv_axi_periph_1_xpm_cdc_async_rst__128\'
INFO: [VRFC 10-3107] analyzing entity '\mbv_system_mbv_riscv_axi_periph_1_xpm_cdc_async_rst__129\'
INFO: [VRFC 10-3107] analyzing entity '\mbv_system_mbv_riscv_axi_periph_1_xpm_cdc_async_rst__13\'
INFO: [VRFC 10-3107] analyzing entity '\mbv_system_mbv_riscv_axi_periph_1_xpm_cdc_async_rst__130\'
INFO: [VRFC 10-3107] analyzing entity '\mbv_system_mbv_riscv_axi_periph_1_xpm_cdc_async_rst__131\'
INFO: [VRFC 10-3107] analyzing entity '\mbv_system_mbv_riscv_axi_periph_1_xpm_cdc_async_rst__132\'
INFO: [VRFC 10-3107] analyzing entity '\mbv_system_mbv_riscv_axi_periph_1_xpm_cdc_async_rst__133\'
INFO: [VRFC 10-3107] analyzing entity '\mbv_system_mbv_riscv_axi_periph_1_xpm_cdc_async_rst__134\'
INFO: [VRFC 10-3107] analyzing entity '\mbv_system_mbv_riscv_axi_periph_1_xpm_cdc_async_rst__135\'
INFO: [VRFC 10-3107] analyzing entity '\mbv_system_mbv_riscv_axi_periph_1_xpm_cdc_async_rst__136\'
INFO: [VRFC 10-3107] analyzing entity '\mbv_system_mbv_riscv_axi_periph_1_xpm_cdc_async_rst__137\'
INFO: [VRFC 10-3107] analyzing entity '\mbv_system_mbv_riscv_axi_periph_1_xpm_cdc_async_rst__138\'
INFO: [VRFC 10-3107] analyzing entity '\mbv_system_mbv_riscv_axi_periph_1_xpm_cdc_async_rst__139\'
INFO: [VRFC 10-3107] analyzing entity '\mbv_system_mbv_riscv_axi_periph_1_xpm_cdc_async_rst__14\'
INFO: [VRFC 10-3107] analyzing entity '\mbv_system_mbv_riscv_axi_periph_1_xpm_cdc_async_rst__140\'
INFO: [VRFC 10-3107] analyzing entity '\mbv_system_mbv_riscv_axi_periph_1_xpm_cdc_async_rst__141\'
INFO: [VRFC 10-3107] analyzing entity '\mbv_system_mbv_riscv_axi_periph_1_xpm_cdc_async_rst__142\'
INFO: [VRFC 10-3107] analyzing entity '\mbv_system_mbv_riscv_axi_periph_1_xpm_cdc_async_rst__143\'
INFO: [VRFC 10-3107] analyzing entity '\mbv_system_mbv_riscv_axi_periph_1_xpm_cdc_async_rst__144\'
INFO: [VRFC 10-3107] analyzing entity '\mbv_system_mbv_riscv_axi_periph_1_xpm_cdc_async_rst__145\'
INFO: [VRFC 10-3107] analyzing entity '\mbv_system_mbv_riscv_axi_periph_1_xpm_cdc_async_rst__146\'
INFO: [VRFC 10-3107] analyzing entity '\mbv_system_mbv_riscv_axi_periph_1_xpm_cdc_async_rst__147\'
INFO: [VRFC 10-3107] analyzing entity '\mbv_system_mbv_riscv_axi_periph_1_xpm_cdc_async_rst__148\'
INFO: [VRFC 10-3107] analyzing entity '\mbv_system_mbv_riscv_axi_periph_1_xpm_cdc_async_rst__149\'
INFO: [VRFC 10-3107] analyzing entity '\mbv_system_mbv_riscv_axi_periph_1_xpm_cdc_async_rst__15\'
INFO: [VRFC 10-3107] analyzing entity '\mbv_system_mbv_riscv_axi_periph_1_xpm_cdc_async_rst__150\'
INFO: [VRFC 10-3107] analyzing entity '\mbv_system_mbv_riscv_axi_periph_1_xpm_cdc_async_rst__151\'
INFO: [VRFC 10-3107] analyzing entity '\mbv_system_mbv_riscv_axi_periph_1_xpm_cdc_async_rst__152\'
INFO: [VRFC 10-3107] analyzing entity '\mbv_system_mbv_riscv_axi_periph_1_xpm_cdc_async_rst__153\'
INFO: [VRFC 10-3107] analyzing entity '\mbv_system_mbv_riscv_axi_periph_1_xpm_cdc_async_rst__154\'
INFO: [VRFC 10-3107] analyzing entity '\mbv_system_mbv_riscv_axi_periph_1_xpm_cdc_async_rst__155\'
INFO: [VRFC 10-3107] analyzing entity '\mbv_system_mbv_riscv_axi_periph_1_xpm_cdc_async_rst__156\'
INFO: [VRFC 10-3107] analyzing entity '\mbv_system_mbv_riscv_axi_periph_1_xpm_cdc_async_rst__157\'
INFO: [VRFC 10-3107] analyzing entity '\mbv_system_mbv_riscv_axi_periph_1_xpm_cdc_async_rst__158\'
INFO: [VRFC 10-3107] analyzing entity '\mbv_system_mbv_riscv_axi_periph_1_xpm_cdc_async_rst__159\'
INFO: [VRFC 10-3107] analyzing entity '\mbv_system_mbv_riscv_axi_periph_1_xpm_cdc_async_rst__16\'
INFO: [VRFC 10-3107] analyzing entity '\mbv_system_mbv_riscv_axi_periph_1_xpm_cdc_async_rst__160\'
INFO: [VRFC 10-3107] analyzing entity '\mbv_system_mbv_riscv_axi_periph_1_xpm_cdc_async_rst__161\'
INFO: [VRFC 10-3107] analyzing entity '\mbv_system_mbv_riscv_axi_periph_1_xpm_cdc_async_rst__162\'
INFO: [VRFC 10-3107] analyzing entity '\mbv_system_mbv_riscv_axi_periph_1_xpm_cdc_async_rst__163\'
INFO: [VRFC 10-3107] analyzing entity '\mbv_system_mbv_riscv_axi_periph_1_xpm_cdc_async_rst__164\'
INFO: [VRFC 10-3107] analyzing entity '\mbv_system_mbv_riscv_axi_periph_1_xpm_cdc_async_rst__165\'
INFO: [VRFC 10-3107] analyzing entity '\mbv_system_mbv_riscv_axi_periph_1_xpm_cdc_async_rst__166\'
INFO: [VRFC 10-3107] analyzing entity '\mbv_system_mbv_riscv_axi_periph_1_xpm_cdc_async_rst__167\'
INFO: [VRFC 10-3107] analyzing entity '\mbv_system_mbv_riscv_axi_periph_1_xpm_cdc_async_rst__168\'
INFO: [VRFC 10-3107] analyzing entity '\mbv_system_mbv_riscv_axi_periph_1_xpm_cdc_async_rst__169\'
INFO: [VRFC 10-3107] analyzing entity '\mbv_system_mbv_riscv_axi_periph_1_xpm_cdc_async_rst__17\'
INFO: [VRFC 10-3107] analyzing entity '\mbv_system_mbv_riscv_axi_periph_1_xpm_cdc_async_rst__170\'
INFO: [VRFC 10-3107] analyzing entity '\mbv_system_mbv_riscv_axi_periph_1_xpm_cdc_async_rst__171\'
INFO: [VRFC 10-3107] analyzing entity '\mbv_system_mbv_riscv_axi_periph_1_xpm_cdc_async_rst__172\'
INFO: [VRFC 10-3107] analyzing entity '\mbv_system_mbv_riscv_axi_periph_1_xpm_cdc_async_rst__173\'
INFO: [VRFC 10-3107] analyzing entity '\mbv_system_mbv_riscv_axi_periph_1_xpm_cdc_async_rst__174\'
INFO: [VRFC 10-3107] analyzing entity '\mbv_system_mbv_riscv_axi_periph_1_xpm_cdc_async_rst__175\'
INFO: [VRFC 10-3107] analyzing entity '\mbv_system_mbv_riscv_axi_periph_1_xpm_cdc_async_rst__176\'
INFO: [VRFC 10-3107] analyzing entity '\mbv_system_mbv_riscv_axi_periph_1_xpm_cdc_async_rst__18\'
INFO: [VRFC 10-3107] analyzing entity '\mbv_system_mbv_riscv_axi_periph_1_xpm_cdc_async_rst__19\'
INFO: [VRFC 10-3107] analyzing entity '\mbv_system_mbv_riscv_axi_periph_1_xpm_cdc_async_rst__2\'
INFO: [VRFC 10-3107] analyzing entity '\mbv_system_mbv_riscv_axi_periph_1_xpm_cdc_async_rst__20\'
INFO: [VRFC 10-3107] analyzing entity '\mbv_system_mbv_riscv_axi_periph_1_xpm_cdc_async_rst__21\'
INFO: [VRFC 10-3107] analyzing entity '\mbv_system_mbv_riscv_axi_periph_1_xpm_cdc_async_rst__22\'
INFO: [VRFC 10-3107] analyzing entity '\mbv_system_mbv_riscv_axi_periph_1_xpm_cdc_async_rst__23\'
INFO: [VRFC 10-3107] analyzing entity '\mbv_system_mbv_riscv_axi_periph_1_xpm_cdc_async_rst__24\'
INFO: [VRFC 10-3107] analyzing entity '\mbv_system_mbv_riscv_axi_periph_1_xpm_cdc_async_rst__25\'
INFO: [VRFC 10-3107] analyzing entity '\mbv_system_mbv_riscv_axi_periph_1_xpm_cdc_async_rst__26\'
INFO: [VRFC 10-3107] analyzing entity '\mbv_system_mbv_riscv_axi_periph_1_xpm_cdc_async_rst__27\'
INFO: [VRFC 10-3107] analyzing entity '\mbv_system_mbv_riscv_axi_periph_1_xpm_cdc_async_rst__28\'
INFO: [VRFC 10-3107] analyzing entity '\mbv_system_mbv_riscv_axi_periph_1_xpm_cdc_async_rst__29\'
INFO: [VRFC 10-3107] analyzing entity '\mbv_system_mbv_riscv_axi_periph_1_xpm_cdc_async_rst__3\'
INFO: [VRFC 10-3107] analyzing entity '\mbv_system_mbv_riscv_axi_periph_1_xpm_cdc_async_rst__30\'
INFO: [VRFC 10-3107] analyzing entity '\mbv_system_mbv_riscv_axi_periph_1_xpm_cdc_async_rst__31\'
INFO: [VRFC 10-3107] analyzing entity '\mbv_system_mbv_riscv_axi_periph_1_xpm_cdc_async_rst__32\'
INFO: [VRFC 10-3107] analyzing entity '\mbv_system_mbv_riscv_axi_periph_1_xpm_cdc_async_rst__33\'
INFO: [VRFC 10-3107] analyzing entity '\mbv_system_mbv_riscv_axi_periph_1_xpm_cdc_async_rst__34\'
INFO: [VRFC 10-3107] analyzing entity '\mbv_system_mbv_riscv_axi_periph_1_xpm_cdc_async_rst__35\'
INFO: [VRFC 10-3107] analyzing entity '\mbv_system_mbv_riscv_axi_periph_1_xpm_cdc_async_rst__36\'
INFO: [VRFC 10-3107] analyzing entity '\mbv_system_mbv_riscv_axi_periph_1_xpm_cdc_async_rst__37\'
INFO: [VRFC 10-3107] analyzing entity '\mbv_system_mbv_riscv_axi_periph_1_xpm_cdc_async_rst__38\'
INFO: [VRFC 10-3107] analyzing entity '\mbv_system_mbv_riscv_axi_periph_1_xpm_cdc_async_rst__39\'
INFO: [VRFC 10-3107] analyzing entity '\mbv_system_mbv_riscv_axi_periph_1_xpm_cdc_async_rst__4\'
INFO: [VRFC 10-3107] analyzing entity '\mbv_system_mbv_riscv_axi_periph_1_xpm_cdc_async_rst__40\'
INFO: [VRFC 10-3107] analyzing entity '\mbv_system_mbv_riscv_axi_periph_1_xpm_cdc_async_rst__41\'
INFO: [VRFC 10-3107] analyzing entity '\mbv_system_mbv_riscv_axi_periph_1_xpm_cdc_async_rst__42\'
INFO: [VRFC 10-3107] analyzing entity '\mbv_system_mbv_riscv_axi_periph_1_xpm_cdc_async_rst__43\'
INFO: [VRFC 10-3107] analyzing entity '\mbv_system_mbv_riscv_axi_periph_1_xpm_cdc_async_rst__44\'
INFO: [VRFC 10-3107] analyzing entity '\mbv_system_mbv_riscv_axi_periph_1_xpm_cdc_async_rst__45\'
INFO: [VRFC 10-3107] analyzing entity '\mbv_system_mbv_riscv_axi_periph_1_xpm_cdc_async_rst__46\'
INFO: [VRFC 10-3107] analyzing entity '\mbv_system_mbv_riscv_axi_periph_1_xpm_cdc_async_rst__47\'
INFO: [VRFC 10-3107] analyzing entity '\mbv_system_mbv_riscv_axi_periph_1_xpm_cdc_async_rst__48\'
INFO: [VRFC 10-3107] analyzing entity '\mbv_system_mbv_riscv_axi_periph_1_xpm_cdc_async_rst__49\'
INFO: [VRFC 10-3107] analyzing entity '\mbv_system_mbv_riscv_axi_periph_1_xpm_cdc_async_rst__5\'
INFO: [VRFC 10-3107] analyzing entity '\mbv_system_mbv_riscv_axi_periph_1_xpm_cdc_async_rst__50\'
INFO: [VRFC 10-3107] analyzing entity '\mbv_system_mbv_riscv_axi_periph_1_xpm_cdc_async_rst__51\'
INFO: [VRFC 10-3107] analyzing entity '\mbv_system_mbv_riscv_axi_periph_1_xpm_cdc_async_rst__52\'
INFO: [VRFC 10-3107] analyzing entity '\mbv_system_mbv_riscv_axi_periph_1_xpm_cdc_async_rst__53\'
INFO: [VRFC 10-3107] analyzing entity '\mbv_system_mbv_riscv_axi_periph_1_xpm_cdc_async_rst__54\'
INFO: [VRFC 10-3107] analyzing entity '\mbv_system_mbv_riscv_axi_periph_1_xpm_cdc_async_rst__55\'
INFO: [VRFC 10-3107] analyzing entity '\mbv_system_mbv_riscv_axi_periph_1_xpm_cdc_async_rst__56\'
INFO: [VRFC 10-3107] analyzing entity '\mbv_system_mbv_riscv_axi_periph_1_xpm_cdc_async_rst__57\'
INFO: [VRFC 10-3107] analyzing entity '\mbv_system_mbv_riscv_axi_periph_1_xpm_cdc_async_rst__58\'
INFO: [VRFC 10-3107] analyzing entity '\mbv_system_mbv_riscv_axi_periph_1_xpm_cdc_async_rst__59\'
INFO: [VRFC 10-3107] analyzing entity '\mbv_system_mbv_riscv_axi_periph_1_xpm_cdc_async_rst__6\'
INFO: [VRFC 10-3107] analyzing entity '\mbv_system_mbv_riscv_axi_periph_1_xpm_cdc_async_rst__60\'
INFO: [VRFC 10-3107] analyzing entity '\mbv_system_mbv_riscv_axi_periph_1_xpm_cdc_async_rst__61\'
INFO: [VRFC 10-3107] analyzing entity '\mbv_system_mbv_riscv_axi_periph_1_xpm_cdc_async_rst__62\'
INFO: [VRFC 10-3107] analyzing entity '\mbv_system_mbv_riscv_axi_periph_1_xpm_cdc_async_rst__63\'
INFO: [VRFC 10-3107] analyzing entity '\mbv_system_mbv_riscv_axi_periph_1_xpm_cdc_async_rst__64\'
INFO: [VRFC 10-3107] analyzing entity '\mbv_system_mbv_riscv_axi_periph_1_xpm_cdc_async_rst__65\'
INFO: [VRFC 10-3107] analyzing entity '\mbv_system_mbv_riscv_axi_periph_1_xpm_cdc_async_rst__66\'
INFO: [VRFC 10-3107] analyzing entity '\mbv_system_mbv_riscv_axi_periph_1_xpm_cdc_async_rst__67\'
INFO: [VRFC 10-3107] analyzing entity '\mbv_system_mbv_riscv_axi_periph_1_xpm_cdc_async_rst__68\'
INFO: [VRFC 10-3107] analyzing entity '\mbv_system_mbv_riscv_axi_periph_1_xpm_cdc_async_rst__69\'
INFO: [VRFC 10-3107] analyzing entity '\mbv_system_mbv_riscv_axi_periph_1_xpm_cdc_async_rst__7\'
INFO: [VRFC 10-3107] analyzing entity '\mbv_system_mbv_riscv_axi_periph_1_xpm_cdc_async_rst__70\'
INFO: [VRFC 10-3107] analyzing entity '\mbv_system_mbv_riscv_axi_periph_1_xpm_cdc_async_rst__71\'
INFO: [VRFC 10-3107] analyzing entity '\mbv_system_mbv_riscv_axi_periph_1_xpm_cdc_async_rst__72\'
INFO: [VRFC 10-3107] analyzing entity '\mbv_system_mbv_riscv_axi_periph_1_xpm_cdc_async_rst__73\'
INFO: [VRFC 10-3107] analyzing entity '\mbv_system_mbv_riscv_axi_periph_1_xpm_cdc_async_rst__74\'
INFO: [VRFC 10-3107] analyzing entity '\mbv_system_mbv_riscv_axi_periph_1_xpm_cdc_async_rst__75\'
INFO: [VRFC 10-3107] analyzing entity '\mbv_system_mbv_riscv_axi_periph_1_xpm_cdc_async_rst__76\'
INFO: [VRFC 10-3107] analyzing entity '\mbv_system_mbv_riscv_axi_periph_1_xpm_cdc_async_rst__77\'
INFO: [VRFC 10-3107] analyzing entity '\mbv_system_mbv_riscv_axi_periph_1_xpm_cdc_async_rst__78\'
INFO: [VRFC 10-3107] analyzing entity '\mbv_system_mbv_riscv_axi_periph_1_xpm_cdc_async_rst__79\'
INFO: [VRFC 10-3107] analyzing entity '\mbv_system_mbv_riscv_axi_periph_1_xpm_cdc_async_rst__8\'
INFO: [VRFC 10-3107] analyzing entity '\mbv_system_mbv_riscv_axi_periph_1_xpm_cdc_async_rst__80\'
INFO: [VRFC 10-3107] analyzing entity '\mbv_system_mbv_riscv_axi_periph_1_xpm_cdc_async_rst__81\'
INFO: [VRFC 10-3107] analyzing entity '\mbv_system_mbv_riscv_axi_periph_1_xpm_cdc_async_rst__82\'
INFO: [VRFC 10-3107] analyzing entity '\mbv_system_mbv_riscv_axi_periph_1_xpm_cdc_async_rst__83\'
INFO: [VRFC 10-3107] analyzing entity '\mbv_system_mbv_riscv_axi_periph_1_xpm_cdc_async_rst__84\'
INFO: [VRFC 10-3107] analyzing entity '\mbv_system_mbv_riscv_axi_periph_1_xpm_cdc_async_rst__85\'
INFO: [VRFC 10-3107] analyzing entity '\mbv_system_mbv_riscv_axi_periph_1_xpm_cdc_async_rst__86\'
INFO: [VRFC 10-3107] analyzing entity '\mbv_system_mbv_riscv_axi_periph_1_xpm_cdc_async_rst__87\'
INFO: [VRFC 10-3107] analyzing entity '\mbv_system_mbv_riscv_axi_periph_1_xpm_cdc_async_rst__88\'
INFO: [VRFC 10-3107] analyzing entity '\mbv_system_mbv_riscv_axi_periph_1_xpm_cdc_async_rst__89\'
INFO: [VRFC 10-3107] analyzing entity '\mbv_system_mbv_riscv_axi_periph_1_xpm_cdc_async_rst__9\'
INFO: [VRFC 10-3107] analyzing entity '\mbv_system_mbv_riscv_axi_periph_1_xpm_cdc_async_rst__90\'
INFO: [VRFC 10-3107] analyzing entity '\mbv_system_mbv_riscv_axi_periph_1_xpm_cdc_async_rst__91\'
INFO: [VRFC 10-3107] analyzing entity '\mbv_system_mbv_riscv_axi_periph_1_xpm_cdc_async_rst__92\'
INFO: [VRFC 10-3107] analyzing entity '\mbv_system_mbv_riscv_axi_periph_1_xpm_cdc_async_rst__93\'
INFO: [VRFC 10-3107] analyzing entity '\mbv_system_mbv_riscv_axi_periph_1_xpm_cdc_async_rst__94\'
INFO: [VRFC 10-3107] analyzing entity '\mbv_system_mbv_riscv_axi_periph_1_xpm_cdc_async_rst__95\'
INFO: [VRFC 10-3107] analyzing entity '\mbv_system_mbv_riscv_axi_periph_1_xpm_cdc_async_rst__96\'
INFO: [VRFC 10-3107] analyzing entity '\mbv_system_mbv_riscv_axi_periph_1_xpm_cdc_async_rst__97\'
INFO: [VRFC 10-3107] analyzing entity '\mbv_system_mbv_riscv_axi_periph_1_xpm_cdc_async_rst__98\'
INFO: [VRFC 10-3107] analyzing entity '\mbv_system_mbv_riscv_axi_periph_1_xpm_cdc_async_rst__99\'
INFO: [VRFC 10-3107] analyzing entity 'mbv_system_mbv_riscv_axi_periph_1_sc_axi2sc_v1_0_11_top'
INFO: [VRFC 10-3107] analyzing entity 'mbv_system_mbv_riscv_axi_periph_1_sc_exit_v1_0_18_exit'
INFO: [VRFC 10-3107] analyzing entity 'mbv_system_mbv_riscv_axi_periph_1_sc_exit_v1_0_18_exit_110'
INFO: [VRFC 10-3107] analyzing entity 'mbv_system_mbv_riscv_axi_periph_1_sc_exit_v1_0_18_exit_42'
INFO: [VRFC 10-3107] analyzing entity 'mbv_system_mbv_riscv_axi_periph_1_sc_exit_v1_0_18_exit_58'
INFO: [VRFC 10-3107] analyzing entity 'mbv_system_mbv_riscv_axi_periph_1_sc_exit_v1_0_18_exit_64'
INFO: [VRFC 10-3107] analyzing entity 'mbv_system_mbv_riscv_axi_periph_1_sc_exit_v1_0_18_exit_70'
INFO: [VRFC 10-3107] analyzing entity 'mbv_system_mbv_riscv_axi_periph_1_sc_exit_v1_0_18_exit_76'
INFO: [VRFC 10-3107] analyzing entity 'mbv_system_mbv_riscv_axi_periph_1_sc_exit_v1_0_18_exit_82'
INFO: [VRFC 10-3107] analyzing entity 'mbv_system_mbv_riscv_axi_periph_1_sc_exit_v1_0_18_exit_88'
INFO: [VRFC 10-3107] analyzing entity '\mbv_system_mbv_riscv_axi_periph_1_sc_exit_v1_0_18_exit__parameterized0\'
INFO: [VRFC 10-3107] analyzing entity '\mbv_system_mbv_riscv_axi_periph_1_sc_exit_v1_0_18_exit__parameterized1\'
INFO: [VRFC 10-3107] analyzing entity '\mbv_system_mbv_riscv_axi_periph_1_sc_exit_v1_0_18_exit__parameterized2\'
INFO: [VRFC 10-3107] analyzing entity '\mbv_system_mbv_riscv_axi_periph_1_sc_exit_v1_0_18_exit__parameterized2_94\'
INFO: [VRFC 10-3107] analyzing entity '\mbv_system_mbv_riscv_axi_periph_1_sc_exit_v1_0_18_exit__parameterized3\'
INFO: [VRFC 10-3107] analyzing entity 'mbv_system_mbv_riscv_axi_periph_1_sc_mmu_v1_0_16_decerr_slave'
INFO: [VRFC 10-3107] analyzing entity 'mbv_system_mbv_riscv_axi_periph_1_sc_node_v1_0_19_arb_alg_rr'
INFO: [VRFC 10-3107] analyzing entity 'mbv_system_mbv_riscv_axi_periph_1_sc_node_v1_0_19_arb_alg_rr_14'
INFO: [VRFC 10-3107] analyzing entity 'mbv_system_mbv_riscv_axi_periph_1_sc_node_v1_0_19_fi_regulator'
INFO: [VRFC 10-3107] analyzing entity 'mbv_system_mbv_riscv_axi_periph_1_sc_node_v1_0_19_fi_regulator_29'
INFO: [VRFC 10-3107] analyzing entity 'mbv_system_mbv_riscv_axi_periph_1_sc_node_v1_0_19_mi_handler'
INFO: [VRFC 10-3107] analyzing entity 'mbv_system_mbv_riscv_axi_periph_1_sc_node_v1_0_19_mi_handler_104'
INFO: [VRFC 10-3107] analyzing entity 'mbv_system_mbv_riscv_axi_periph_1_sc_node_v1_0_19_mi_handler_109'
INFO: [VRFC 10-3107] analyzing entity 'mbv_system_mbv_riscv_axi_periph_1_sc_node_v1_0_19_mi_handler_41'
INFO: [VRFC 10-3107] analyzing entity 'mbv_system_mbv_riscv_axi_periph_1_sc_node_v1_0_19_mi_handler_47'
INFO: [VRFC 10-3107] analyzing entity 'mbv_system_mbv_riscv_axi_periph_1_sc_node_v1_0_19_mi_handler_52'
INFO: [VRFC 10-3107] analyzing entity 'mbv_system_mbv_riscv_axi_periph_1_sc_node_v1_0_19_mi_handler_57'
INFO: [VRFC 10-3107] analyzing entity 'mbv_system_mbv_riscv_axi_periph_1_sc_node_v1_0_19_mi_handler_63'
INFO: [VRFC 10-3107] analyzing entity 'mbv_system_mbv_riscv_axi_periph_1_sc_node_v1_0_19_mi_handler_69'
INFO: [VRFC 10-3107] analyzing entity 'mbv_system_mbv_riscv_axi_periph_1_sc_node_v1_0_19_mi_handler_75'
INFO: [VRFC 10-3107] analyzing entity 'mbv_system_mbv_riscv_axi_periph_1_sc_node_v1_0_19_mi_handler_81'
INFO: [VRFC 10-3107] analyzing entity 'mbv_system_mbv_riscv_axi_periph_1_sc_node_v1_0_19_mi_handler_87'
INFO: [VRFC 10-3107] analyzing entity 'mbv_system_mbv_riscv_axi_periph_1_sc_node_v1_0_19_mi_handler_93'
INFO: [VRFC 10-3107] analyzing entity 'mbv_system_mbv_riscv_axi_periph_1_sc_node_v1_0_19_mi_handler_99'
INFO: [VRFC 10-3107] analyzing entity '\mbv_system_mbv_riscv_axi_periph_1_sc_node_v1_0_19_mi_handler__parameterized0\'
INFO: [VRFC 10-3107] analyzing entity '\mbv_system_mbv_riscv_axi_periph_1_sc_node_v1_0_19_mi_handler__parameterized0_103\'
INFO: [VRFC 10-3107] analyzing entity '\mbv_system_mbv_riscv_axi_periph_1_sc_node_v1_0_19_mi_handler__parameterized0_108\'
INFO: [VRFC 10-3107] analyzing entity '\mbv_system_mbv_riscv_axi_periph_1_sc_node_v1_0_19_mi_handler__parameterized0_40\'
INFO: [VRFC 10-3107] analyzing entity '\mbv_system_mbv_riscv_axi_periph_1_sc_node_v1_0_19_mi_handler__parameterized0_46\'
INFO: [VRFC 10-3107] analyzing entity '\mbv_system_mbv_riscv_axi_periph_1_sc_node_v1_0_19_mi_handler__parameterized0_51\'
INFO: [VRFC 10-3107] analyzing entity '\mbv_system_mbv_riscv_axi_periph_1_sc_node_v1_0_19_mi_handler__parameterized0_56\'
INFO: [VRFC 10-3107] analyzing entity '\mbv_system_mbv_riscv_axi_periph_1_sc_node_v1_0_19_mi_handler__parameterized0_62\'
INFO: [VRFC 10-3107] analyzing entity '\mbv_system_mbv_riscv_axi_periph_1_sc_node_v1_0_19_mi_handler__parameterized0_68\'
INFO: [VRFC 10-3107] analyzing entity '\mbv_system_mbv_riscv_axi_periph_1_sc_node_v1_0_19_mi_handler__parameterized0_74\'
INFO: [VRFC 10-3107] analyzing entity '\mbv_system_mbv_riscv_axi_periph_1_sc_node_v1_0_19_mi_handler__parameterized0_80\'
INFO: [VRFC 10-3107] analyzing entity '\mbv_system_mbv_riscv_axi_periph_1_sc_node_v1_0_19_mi_handler__parameterized0_86\'
INFO: [VRFC 10-3107] analyzing entity '\mbv_system_mbv_riscv_axi_periph_1_sc_node_v1_0_19_mi_handler__parameterized0_92\'
INFO: [VRFC 10-3107] analyzing entity '\mbv_system_mbv_riscv_axi_periph_1_sc_node_v1_0_19_mi_handler__parameterized0_98\'
INFO: [VRFC 10-3107] analyzing entity '\mbv_system_mbv_riscv_axi_periph_1_sc_node_v1_0_19_mi_handler__parameterized1\'
INFO: [VRFC 10-3107] analyzing entity '\mbv_system_mbv_riscv_axi_periph_1_sc_node_v1_0_19_mi_handler__parameterized1_102\'
INFO: [VRFC 10-3107] analyzing entity '\mbv_system_mbv_riscv_axi_periph_1_sc_node_v1_0_19_mi_handler__parameterized1_107\'
INFO: [VRFC 10-3107] analyzing entity '\mbv_system_mbv_riscv_axi_periph_1_sc_node_v1_0_19_mi_handler__parameterized1_39\'
INFO: [VRFC 10-3107] analyzing entity '\mbv_system_mbv_riscv_axi_periph_1_sc_node_v1_0_19_mi_handler__parameterized1_45\'
INFO: [VRFC 10-3107] analyzing entity '\mbv_system_mbv_riscv_axi_periph_1_sc_node_v1_0_19_mi_handler__parameterized1_50\'
INFO: [VRFC 10-3107] analyzing entity '\mbv_system_mbv_riscv_axi_periph_1_sc_node_v1_0_19_mi_handler__parameterized1_55\'
INFO: [VRFC 10-3107] analyzing entity '\mbv_system_mbv_riscv_axi_periph_1_sc_node_v1_0_19_mi_handler__parameterized1_61\'
INFO: [VRFC 10-3107] analyzing entity '\mbv_system_mbv_riscv_axi_periph_1_sc_node_v1_0_19_mi_handler__parameterized1_67\'
INFO: [VRFC 10-3107] analyzing entity '\mbv_system_mbv_riscv_axi_periph_1_sc_node_v1_0_19_mi_handler__parameterized1_73\'
INFO: [VRFC 10-3107] analyzing entity '\mbv_system_mbv_riscv_axi_periph_1_sc_node_v1_0_19_mi_handler__parameterized1_79\'
INFO: [VRFC 10-3107] analyzing entity '\mbv_system_mbv_riscv_axi_periph_1_sc_node_v1_0_19_mi_handler__parameterized1_85\'
INFO: [VRFC 10-3107] analyzing entity '\mbv_system_mbv_riscv_axi_periph_1_sc_node_v1_0_19_mi_handler__parameterized1_91\'
INFO: [VRFC 10-3107] analyzing entity '\mbv_system_mbv_riscv_axi_periph_1_sc_node_v1_0_19_mi_handler__parameterized1_97\'
INFO: [VRFC 10-3107] analyzing entity '\mbv_system_mbv_riscv_axi_periph_1_sc_node_v1_0_19_mi_handler__parameterized2\'
INFO: [VRFC 10-3107] analyzing entity '\mbv_system_mbv_riscv_axi_periph_1_sc_node_v1_0_19_mi_handler__parameterized2_101\'
INFO: [VRFC 10-3107] analyzing entity '\mbv_system_mbv_riscv_axi_periph_1_sc_node_v1_0_19_mi_handler__parameterized2_106\'
INFO: [VRFC 10-3107] analyzing entity '\mbv_system_mbv_riscv_axi_periph_1_sc_node_v1_0_19_mi_handler__parameterized2_38\'
INFO: [VRFC 10-3107] analyzing entity '\mbv_system_mbv_riscv_axi_periph_1_sc_node_v1_0_19_mi_handler__parameterized2_44\'
INFO: [VRFC 10-3107] analyzing entity '\mbv_system_mbv_riscv_axi_periph_1_sc_node_v1_0_19_mi_handler__parameterized2_49\'
INFO: [VRFC 10-3107] analyzing entity '\mbv_system_mbv_riscv_axi_periph_1_sc_node_v1_0_19_mi_handler__parameterized2_54\'
INFO: [VRFC 10-3107] analyzing entity '\mbv_system_mbv_riscv_axi_periph_1_sc_node_v1_0_19_mi_handler__parameterized2_60\'
INFO: [VRFC 10-3107] analyzing entity '\mbv_system_mbv_riscv_axi_periph_1_sc_node_v1_0_19_mi_handler__parameterized2_66\'
INFO: [VRFC 10-3107] analyzing entity '\mbv_system_mbv_riscv_axi_periph_1_sc_node_v1_0_19_mi_handler__parameterized2_72\'
INFO: [VRFC 10-3107] analyzing entity '\mbv_system_mbv_riscv_axi_periph_1_sc_node_v1_0_19_mi_handler__parameterized2_78\'
INFO: [VRFC 10-3107] analyzing entity '\mbv_system_mbv_riscv_axi_periph_1_sc_node_v1_0_19_mi_handler__parameterized2_84\'
INFO: [VRFC 10-3107] analyzing entity '\mbv_system_mbv_riscv_axi_periph_1_sc_node_v1_0_19_mi_handler__parameterized2_90\'
INFO: [VRFC 10-3107] analyzing entity '\mbv_system_mbv_riscv_axi_periph_1_sc_node_v1_0_19_mi_handler__parameterized2_96\'
INFO: [VRFC 10-3107] analyzing entity '\mbv_system_mbv_riscv_axi_periph_1_sc_node_v1_0_19_mi_handler__parameterized3\'
INFO: [VRFC 10-3107] analyzing entity '\mbv_system_mbv_riscv_axi_periph_1_sc_node_v1_0_19_mi_handler__parameterized3_100\'
INFO: [VRFC 10-3107] analyzing entity '\mbv_system_mbv_riscv_axi_periph_1_sc_node_v1_0_19_mi_handler__parameterized3_105\'
INFO: [VRFC 10-3107] analyzing entity '\mbv_system_mbv_riscv_axi_periph_1_sc_node_v1_0_19_mi_handler__parameterized3_37\'
INFO: [VRFC 10-3107] analyzing entity '\mbv_system_mbv_riscv_axi_periph_1_sc_node_v1_0_19_mi_handler__parameterized3_43\'
INFO: [VRFC 10-3107] analyzing entity '\mbv_system_mbv_riscv_axi_periph_1_sc_node_v1_0_19_mi_handler__parameterized3_48\'
INFO: [VRFC 10-3107] analyzing entity '\mbv_system_mbv_riscv_axi_periph_1_sc_node_v1_0_19_mi_handler__parameterized3_53\'
INFO: [VRFC 10-3107] analyzing entity '\mbv_system_mbv_riscv_axi_periph_1_sc_node_v1_0_19_mi_handler__parameterized3_59\'
INFO: [VRFC 10-3107] analyzing entity '\mbv_system_mbv_riscv_axi_periph_1_sc_node_v1_0_19_mi_handler__parameterized3_65\'
INFO: [VRFC 10-3107] analyzing entity '\mbv_system_mbv_riscv_axi_periph_1_sc_node_v1_0_19_mi_handler__parameterized3_71\'
INFO: [VRFC 10-3107] analyzing entity '\mbv_system_mbv_riscv_axi_periph_1_sc_node_v1_0_19_mi_handler__parameterized3_77\'
INFO: [VRFC 10-3107] analyzing entity '\mbv_system_mbv_riscv_axi_periph_1_sc_node_v1_0_19_mi_handler__parameterized3_83\'
INFO: [VRFC 10-3107] analyzing entity '\mbv_system_mbv_riscv_axi_periph_1_sc_node_v1_0_19_mi_handler__parameterized3_89\'
INFO: [VRFC 10-3107] analyzing entity '\mbv_system_mbv_riscv_axi_periph_1_sc_node_v1_0_19_mi_handler__parameterized3_95\'
INFO: [VRFC 10-3107] analyzing entity '\mbv_system_mbv_riscv_axi_periph_1_sc_node_v1_0_19_mi_handler__parameterized4\'
INFO: [VRFC 10-3107] analyzing entity '\mbv_system_mbv_riscv_axi_periph_1_sc_node_v1_0_19_mi_handler__parameterized5\'
INFO: [VRFC 10-3107] analyzing entity '\mbv_system_mbv_riscv_axi_periph_1_sc_node_v1_0_19_mi_handler__parameterized6\'
INFO: [VRFC 10-3107] analyzing entity '\mbv_system_mbv_riscv_axi_periph_1_sc_node_v1_0_19_mi_handler__parameterized7\'
INFO: [VRFC 10-3107] analyzing entity '\mbv_system_mbv_riscv_axi_periph_1_sc_node_v1_0_19_mi_handler__parameterized8\'
INFO: [VRFC 10-3107] analyzing entity 'mbv_system_mbv_riscv_axi_periph_1_sc_sc2axi_v1_0_11_top'
INFO: [VRFC 10-3107] analyzing entity '\mbv_system_mbv_riscv_axi_periph_1_sc_sc2axi_v1_0_11_top__1\'
INFO: [VRFC 10-3107] analyzing entity '\mbv_system_mbv_riscv_axi_periph_1_sc_sc2axi_v1_0_11_top__2\'
INFO: [VRFC 10-3107] analyzing entity '\mbv_system_mbv_riscv_axi_periph_1_sc_sc2axi_v1_0_11_top__3\'
INFO: [VRFC 10-3107] analyzing entity '\mbv_system_mbv_riscv_axi_periph_1_sc_sc2axi_v1_0_11_top__4\'
INFO: [VRFC 10-3107] analyzing entity '\mbv_system_mbv_riscv_axi_periph_1_sc_sc2axi_v1_0_11_top__5\'
INFO: [VRFC 10-3107] analyzing entity '\mbv_system_mbv_riscv_axi_periph_1_sc_sc2axi_v1_0_11_top__6\'
INFO: [VRFC 10-3107] analyzing entity '\mbv_system_mbv_riscv_axi_periph_1_sc_sc2axi_v1_0_11_top__7\'
INFO: [VRFC 10-3107] analyzing entity '\mbv_system_mbv_riscv_axi_periph_1_sc_sc2axi_v1_0_11_top__8\'
INFO: [VRFC 10-3107] analyzing entity '\mbv_system_mbv_riscv_axi_periph_1_sc_sc2axi_v1_0_11_top__parameterized0\'
INFO: [VRFC 10-3107] analyzing entity '\mbv_system_mbv_riscv_axi_periph_1_sc_sc2axi_v1_0_11_top__parameterized1\'
INFO: [VRFC 10-3107] analyzing entity '\mbv_system_mbv_riscv_axi_periph_1_sc_sc2axi_v1_0_11_top__parameterized2\'
INFO: [VRFC 10-3107] analyzing entity '\mbv_system_mbv_riscv_axi_periph_1_sc_sc2axi_v1_0_11_top__parameterized2__1\'
INFO: [VRFC 10-3107] analyzing entity '\mbv_system_mbv_riscv_axi_periph_1_sc_sc2axi_v1_0_11_top__parameterized3\'
INFO: [VRFC 10-3107] analyzing entity 'mbv_system_mbv_riscv_axi_periph_1_sc_si_converter_v1_0_16_splitter'
INFO: [VRFC 10-3107] analyzing entity 'mbv_system_mbv_riscv_axi_periph_1_sc_switchboard_v1_0_9_top'
INFO: [VRFC 10-3107] analyzing entity '\mbv_system_mbv_riscv_axi_periph_1_sc_switchboard_v1_0_9_top__1\'
INFO: [VRFC 10-3107] analyzing entity '\mbv_system_mbv_riscv_axi_periph_1_sc_switchboard_v1_0_9_top__parameterized0\'
INFO: [VRFC 10-3107] analyzing entity '\mbv_system_mbv_riscv_axi_periph_1_sc_switchboard_v1_0_9_top__parameterized0__1\'
INFO: [VRFC 10-3107] analyzing entity '\mbv_system_mbv_riscv_axi_periph_1_sc_switchboard_v1_0_9_top__parameterized1\'
INFO: [VRFC 10-3107] analyzing entity '\mbv_system_mbv_riscv_axi_periph_1_sc_switchboard_v1_0_9_top__parameterized2\'
INFO: [VRFC 10-3107] analyzing entity '\mbv_system_mbv_riscv_axi_periph_1_sc_switchboard_v1_0_9_top__parameterized3\'
INFO: [VRFC 10-3107] analyzing entity '\mbv_system_mbv_riscv_axi_periph_1_sc_switchboard_v1_0_9_top__parameterized4\'
INFO: [VRFC 10-3107] analyzing entity '\mbv_system_mbv_riscv_axi_periph_1_sc_switchboard_v1_0_9_top__parameterized5\'
INFO: [VRFC 10-3107] analyzing entity '\mbv_system_mbv_riscv_axi_periph_1_sc_switchboard_v1_0_9_top__parameterized6\'
INFO: [VRFC 10-3107] analyzing entity 'mbv_system_mbv_riscv_axi_periph_1_sc_transaction_regulator_v1_0_12_singleorder'
INFO: [VRFC 10-3107] analyzing entity 'mbv_system_mbv_riscv_axi_periph_1_sc_transaction_regulator_v1_0_12_singleorder_35'
INFO: [VRFC 10-3107] analyzing entity '\mbv_system_mbv_riscv_axi_periph_1_sc_util_v1_0_4_axi_reg_stall__parameterized0\'
INFO: [VRFC 10-3107] analyzing entity '\mbv_system_mbv_riscv_axi_periph_1_sc_util_v1_0_4_axi_reg_stall__parameterized0_36\'
INFO: [VRFC 10-3107] analyzing entity 'mbv_system_mbv_riscv_axi_periph_1_sc_util_v1_0_4_axi_splitter'
INFO: [VRFC 10-3107] analyzing entity '\mbv_system_mbv_riscv_axi_periph_1_sc_util_v1_0_4_counter__parameterized0\'
INFO: [VRFC 10-3107] analyzing entity '\mbv_system_mbv_riscv_axi_periph_1_sc_util_v1_0_4_counter__parameterized0_13\'
INFO: [VRFC 10-3107] analyzing entity '\mbv_system_mbv_riscv_axi_periph_1_sc_util_v1_0_4_counter__parameterized0_30\'
INFO: [VRFC 10-3107] analyzing entity '\mbv_system_mbv_riscv_axi_periph_1_sc_util_v1_0_4_counter__parameterized0_31\'
INFO: [VRFC 10-3107] analyzing entity '\mbv_system_mbv_riscv_axi_periph_1_sc_util_v1_0_4_counter__parameterized0_34\'
INFO: [VRFC 10-3107] analyzing entity '\mbv_system_mbv_riscv_axi_periph_1_sc_util_v1_0_4_counter__parameterized1\'
INFO: [VRFC 10-3107] analyzing entity '\mbv_system_mbv_riscv_axi_periph_1_sc_util_v1_0_4_counter__parameterized1_0\'
INFO: [VRFC 10-3107] analyzing entity '\mbv_system_mbv_riscv_axi_periph_1_sc_util_v1_0_4_counter__parameterized1_1\'
INFO: [VRFC 10-3107] analyzing entity '\mbv_system_mbv_riscv_axi_periph_1_sc_util_v1_0_4_counter__parameterized1_10\'
INFO: [VRFC 10-3107] analyzing entity '\mbv_system_mbv_riscv_axi_periph_1_sc_util_v1_0_4_counter__parameterized1_11\'
INFO: [VRFC 10-3107] analyzing entity '\mbv_system_mbv_riscv_axi_periph_1_sc_util_v1_0_4_counter__parameterized1_12\'
INFO: [VRFC 10-3107] analyzing entity '\mbv_system_mbv_riscv_axi_periph_1_sc_util_v1_0_4_counter__parameterized1_15\'
INFO: [VRFC 10-3107] analyzing entity '\mbv_system_mbv_riscv_axi_periph_1_sc_util_v1_0_4_counter__parameterized1_16\'
INFO: [VRFC 10-3107] analyzing entity '\mbv_system_mbv_riscv_axi_periph_1_sc_util_v1_0_4_counter__parameterized1_17\'
INFO: [VRFC 10-3107] analyzing entity '\mbv_system_mbv_riscv_axi_periph_1_sc_util_v1_0_4_counter__parameterized1_18\'
INFO: [VRFC 10-3107] analyzing entity '\mbv_system_mbv_riscv_axi_periph_1_sc_util_v1_0_4_counter__parameterized1_19\'
INFO: [VRFC 10-3107] analyzing entity '\mbv_system_mbv_riscv_axi_periph_1_sc_util_v1_0_4_counter__parameterized1_2\'
INFO: [VRFC 10-3107] analyzing entity '\mbv_system_mbv_riscv_axi_periph_1_sc_util_v1_0_4_counter__parameterized1_20\'
INFO: [VRFC 10-3107] analyzing entity '\mbv_system_mbv_riscv_axi_periph_1_sc_util_v1_0_4_counter__parameterized1_21\'
INFO: [VRFC 10-3107] analyzing entity '\mbv_system_mbv_riscv_axi_periph_1_sc_util_v1_0_4_counter__parameterized1_22\'
INFO: [VRFC 10-3107] analyzing entity '\mbv_system_mbv_riscv_axi_periph_1_sc_util_v1_0_4_counter__parameterized1_23\'
INFO: [VRFC 10-3107] analyzing entity '\mbv_system_mbv_riscv_axi_periph_1_sc_util_v1_0_4_counter__parameterized1_24\'
INFO: [VRFC 10-3107] analyzing entity '\mbv_system_mbv_riscv_axi_periph_1_sc_util_v1_0_4_counter__parameterized1_25\'
INFO: [VRFC 10-3107] analyzing entity '\mbv_system_mbv_riscv_axi_periph_1_sc_util_v1_0_4_counter__parameterized1_26\'
INFO: [VRFC 10-3107] analyzing entity '\mbv_system_mbv_riscv_axi_periph_1_sc_util_v1_0_4_counter__parameterized1_27\'
INFO: [VRFC 10-3107] analyzing entity '\mbv_system_mbv_riscv_axi_periph_1_sc_util_v1_0_4_counter__parameterized1_28\'
INFO: [VRFC 10-3107] analyzing entity '\mbv_system_mbv_riscv_axi_periph_1_sc_util_v1_0_4_counter__parameterized1_3\'
INFO: [VRFC 10-3107] analyzing entity '\mbv_system_mbv_riscv_axi_periph_1_sc_util_v1_0_4_counter__parameterized1_4\'
INFO: [VRFC 10-3107] analyzing entity '\mbv_system_mbv_riscv_axi_periph_1_sc_util_v1_0_4_counter__parameterized1_5\'
INFO: [VRFC 10-3107] analyzing entity '\mbv_system_mbv_riscv_axi_periph_1_sc_util_v1_0_4_counter__parameterized1_6\'
INFO: [VRFC 10-3107] analyzing entity '\mbv_system_mbv_riscv_axi_periph_1_sc_util_v1_0_4_counter__parameterized1_7\'
INFO: [VRFC 10-3107] analyzing entity '\mbv_system_mbv_riscv_axi_periph_1_sc_util_v1_0_4_counter__parameterized1_8\'
INFO: [VRFC 10-3107] analyzing entity '\mbv_system_mbv_riscv_axi_periph_1_sc_util_v1_0_4_counter__parameterized1_9\'
INFO: [VRFC 10-3107] analyzing entity 'mbv_system_axi_quad_spi_0_0_rom'
INFO: [VRFC 10-3107] analyzing entity 'mbv_system_microblaze_riscv_0_0_Compression'
INFO: [VRFC 10-3107] analyzing entity 'mbv_system_microblaze_riscv_0_0_MB_DSP48E1'
INFO: [VRFC 10-3107] analyzing entity '\mbv_system_microblaze_riscv_0_0_MB_DSP48E1__parameterized1\'
INFO: [VRFC 10-3107] analyzing entity '\mbv_system_microblaze_riscv_0_0_MB_DSP48E1__parameterized1_2103\'
INFO: [VRFC 10-3107] analyzing entity '\mbv_system_microblaze_riscv_0_0_MB_DSP48E1__parameterized3\'
INFO: [VRFC 10-3107] analyzing entity '\mbv_system_microblaze_riscv_0_0_MB_DSP48E1__parameterized5\'
INFO: [VRFC 10-3107] analyzing entity '\mbv_system_microblaze_riscv_0_0_MB_DSP48E1__parameterized7\'
INFO: [VRFC 10-3107] analyzing entity 'mbv_system_microblaze_riscv_0_0_MB_FDR'
INFO: [VRFC 10-3107] analyzing entity 'mbv_system_microblaze_riscv_0_0_MB_FDRE'
INFO: [VRFC 10-3107] analyzing entity 'mbv_system_microblaze_riscv_0_0_MB_FDRE_1168'
INFO: [VRFC 10-3107] analyzing entity 'mbv_system_microblaze_riscv_0_0_MB_FDRE_1169'
INFO: [VRFC 10-3107] analyzing entity 'mbv_system_microblaze_riscv_0_0_MB_FDRE_1170'
INFO: [VRFC 10-3107] analyzing entity 'mbv_system_microblaze_riscv_0_0_MB_FDRE_1171'
INFO: [VRFC 10-3107] analyzing entity 'mbv_system_microblaze_riscv_0_0_MB_FDRE_1172'
INFO: [VRFC 10-3107] analyzing entity 'mbv_system_microblaze_riscv_0_0_MB_FDRE_1173'
INFO: [VRFC 10-3107] analyzing entity 'mbv_system_microblaze_riscv_0_0_MB_FDRE_1174'
INFO: [VRFC 10-3107] analyzing entity 'mbv_system_microblaze_riscv_0_0_MB_FDRE_1175'
INFO: [VRFC 10-3107] analyzing entity 'mbv_system_microblaze_riscv_0_0_MB_FDRE_1176'
INFO: [VRFC 10-3107] analyzing entity 'mbv_system_microblaze_riscv_0_0_MB_FDRE_1177'
INFO: [VRFC 10-3107] analyzing entity 'mbv_system_microblaze_riscv_0_0_MB_FDRE_1178'
INFO: [VRFC 10-3107] analyzing entity 'mbv_system_microblaze_riscv_0_0_MB_FDRE_1179'
INFO: [VRFC 10-3107] analyzing entity 'mbv_system_microblaze_riscv_0_0_MB_FDRE_1180'
INFO: [VRFC 10-3107] analyzing entity 'mbv_system_microblaze_riscv_0_0_MB_FDRE_1181'
INFO: [VRFC 10-3107] analyzing entity 'mbv_system_microblaze_riscv_0_0_MB_FDRE_1182'
INFO: [VRFC 10-3107] analyzing entity 'mbv_system_microblaze_riscv_0_0_MB_FDRE_1183'
INFO: [VRFC 10-3107] analyzing entity 'mbv_system_microblaze_riscv_0_0_MB_FDRE_1184'
INFO: [VRFC 10-3107] analyzing entity 'mbv_system_microblaze_riscv_0_0_MB_FDRE_1185'
INFO: [VRFC 10-3107] analyzing entity 'mbv_system_microblaze_riscv_0_0_MB_FDRE_1186'
INFO: [VRFC 10-3107] analyzing entity 'mbv_system_microblaze_riscv_0_0_MB_FDRE_1187'
INFO: [VRFC 10-3107] analyzing entity 'mbv_system_microblaze_riscv_0_0_MB_FDRE_1188'
INFO: [VRFC 10-3107] analyzing entity 'mbv_system_microblaze_riscv_0_0_MB_FDRE_1189'
INFO: [VRFC 10-3107] analyzing entity 'mbv_system_microblaze_riscv_0_0_MB_FDRE_1190'
INFO: [VRFC 10-3107] analyzing entity 'mbv_system_microblaze_riscv_0_0_MB_FDRE_1191'
INFO: [VRFC 10-3107] analyzing entity 'mbv_system_microblaze_riscv_0_0_MB_FDRE_1192'
INFO: [VRFC 10-3107] analyzing entity 'mbv_system_microblaze_riscv_0_0_MB_FDRE_1193'
INFO: [VRFC 10-3107] analyzing entity 'mbv_system_microblaze_riscv_0_0_MB_FDRE_1194'
INFO: [VRFC 10-3107] analyzing entity 'mbv_system_microblaze_riscv_0_0_MB_FDRE_1195'
INFO: [VRFC 10-3107] analyzing entity 'mbv_system_microblaze_riscv_0_0_MB_FDRE_1196'
INFO: [VRFC 10-3107] analyzing entity 'mbv_system_microblaze_riscv_0_0_MB_FDRE_1197'
INFO: [VRFC 10-3107] analyzing entity 'mbv_system_microblaze_riscv_0_0_MB_FDRE_1198'
INFO: [VRFC 10-3107] analyzing entity 'mbv_system_microblaze_riscv_0_0_MB_FDRE_1199'
INFO: [VRFC 10-3107] analyzing entity 'mbv_system_microblaze_riscv_0_0_MB_FDRE_1200'
INFO: [VRFC 10-3107] analyzing entity 'mbv_system_microblaze_riscv_0_0_MB_FDRE_1201'
INFO: [VRFC 10-3107] analyzing entity 'mbv_system_microblaze_riscv_0_0_MB_FDRE_1202'
INFO: [VRFC 10-3107] analyzing entity 'mbv_system_microblaze_riscv_0_0_MB_FDRE_1203'
INFO: [VRFC 10-3107] analyzing entity 'mbv_system_microblaze_riscv_0_0_MB_FDRE_1204'
INFO: [VRFC 10-3107] analyzing entity 'mbv_system_microblaze_riscv_0_0_MB_FDRE_1219'
INFO: [VRFC 10-3107] analyzing entity 'mbv_system_microblaze_riscv_0_0_MB_FDRE_1220'
INFO: [VRFC 10-3107] analyzing entity 'mbv_system_microblaze_riscv_0_0_MB_FDRE_1221'
INFO: [VRFC 10-3107] analyzing entity 'mbv_system_microblaze_riscv_0_0_MB_FDRE_1222'
INFO: [VRFC 10-3107] analyzing entity 'mbv_system_microblaze_riscv_0_0_MB_FDRE_1223'
INFO: [VRFC 10-3107] analyzing entity 'mbv_system_microblaze_riscv_0_0_MB_FDRE_1224'
INFO: [VRFC 10-3107] analyzing entity 'mbv_system_microblaze_riscv_0_0_MB_FDRE_1225'
INFO: [VRFC 10-3107] analyzing entity 'mbv_system_microblaze_riscv_0_0_MB_FDRE_1226'
INFO: [VRFC 10-3107] analyzing entity 'mbv_system_microblaze_riscv_0_0_MB_FDRE_16'
INFO: [VRFC 10-3107] analyzing entity 'mbv_system_microblaze_riscv_0_0_MB_FDRE_18'
INFO: [VRFC 10-3107] analyzing entity 'mbv_system_microblaze_riscv_0_0_MB_FDRE_20'
INFO: [VRFC 10-3107] analyzing entity 'mbv_system_microblaze_riscv_0_0_MB_FDRE_2104'
INFO: [VRFC 10-3107] analyzing entity 'mbv_system_microblaze_riscv_0_0_MB_FDRE_2105'
INFO: [VRFC 10-3107] analyzing entity 'mbv_system_microblaze_riscv_0_0_MB_FDRE_2106'
INFO: [VRFC 10-3107] analyzing entity 'mbv_system_microblaze_riscv_0_0_MB_FDRE_2107'
INFO: [VRFC 10-3107] analyzing entity 'mbv_system_microblaze_riscv_0_0_MB_FDRE_2108'
INFO: [VRFC 10-3107] analyzing entity 'mbv_system_microblaze_riscv_0_0_MB_FDRE_2109'
INFO: [VRFC 10-3107] analyzing entity 'mbv_system_microblaze_riscv_0_0_MB_FDRE_2110'
INFO: [VRFC 10-3107] analyzing entity 'mbv_system_microblaze_riscv_0_0_MB_FDRE_2111'
INFO: [VRFC 10-3107] analyzing entity 'mbv_system_microblaze_riscv_0_0_MB_FDRE_2112'
INFO: [VRFC 10-3107] analyzing entity 'mbv_system_microblaze_riscv_0_0_MB_FDRE_2113'
INFO: [VRFC 10-3107] analyzing entity 'mbv_system_microblaze_riscv_0_0_MB_FDRE_2114'
INFO: [VRFC 10-3107] analyzing entity 'mbv_system_microblaze_riscv_0_0_MB_FDRE_2115'
INFO: [VRFC 10-3107] analyzing entity 'mbv_system_microblaze_riscv_0_0_MB_FDRE_2116'
INFO: [VRFC 10-3107] analyzing entity 'mbv_system_microblaze_riscv_0_0_MB_FDRE_2117'
INFO: [VRFC 10-3107] analyzing entity 'mbv_system_microblaze_riscv_0_0_MB_FDRE_2118'
INFO: [VRFC 10-3107] analyzing entity 'mbv_system_microblaze_riscv_0_0_MB_FDRE_2119'
INFO: [VRFC 10-3107] analyzing entity 'mbv_system_microblaze_riscv_0_0_MB_FDRE_2120'
INFO: [VRFC 10-3107] analyzing entity 'mbv_system_microblaze_riscv_0_0_MB_FDRE_2121'
INFO: [VRFC 10-3107] analyzing entity 'mbv_system_microblaze_riscv_0_0_MB_FDRE_2122'
INFO: [VRFC 10-3107] analyzing entity 'mbv_system_microblaze_riscv_0_0_MB_FDRE_2123'
INFO: [VRFC 10-3107] analyzing entity 'mbv_system_microblaze_riscv_0_0_MB_FDRE_2124'
INFO: [VRFC 10-3107] analyzing entity 'mbv_system_microblaze_riscv_0_0_MB_FDRE_2125'
INFO: [VRFC 10-3107] analyzing entity 'mbv_system_microblaze_riscv_0_0_MB_FDRE_2126'
INFO: [VRFC 10-3107] analyzing entity 'mbv_system_microblaze_riscv_0_0_MB_FDRE_2127'
INFO: [VRFC 10-3107] analyzing entity 'mbv_system_microblaze_riscv_0_0_MB_FDRE_2128'
INFO: [VRFC 10-3107] analyzing entity 'mbv_system_microblaze_riscv_0_0_MB_FDRE_2129'
INFO: [VRFC 10-3107] analyzing entity 'mbv_system_microblaze_riscv_0_0_MB_FDRE_2130'
INFO: [VRFC 10-3107] analyzing entity 'mbv_system_microblaze_riscv_0_0_MB_FDRE_2131'
INFO: [VRFC 10-3107] analyzing entity 'mbv_system_microblaze_riscv_0_0_MB_FDRE_2132'
INFO: [VRFC 10-3107] analyzing entity 'mbv_system_microblaze_riscv_0_0_MB_FDRE_2133'
INFO: [VRFC 10-3107] analyzing entity 'mbv_system_microblaze_riscv_0_0_MB_FDRE_2134'
INFO: [VRFC 10-3107] analyzing entity 'mbv_system_microblaze_riscv_0_0_MB_FDRE_2135'
INFO: [VRFC 10-3107] analyzing entity 'mbv_system_microblaze_riscv_0_0_MB_FDRE_22'
INFO: [VRFC 10-3107] analyzing entity 'mbv_system_microblaze_riscv_0_0_MB_FDR_1265'
INFO: [VRFC 10-3107] analyzing entity 'mbv_system_microblaze_riscv_0_0_MB_FDR_1267'
INFO: [VRFC 10-3107] analyzing entity 'mbv_system_microblaze_riscv_0_0_MB_FDR_1269'
INFO: [VRFC 10-3107] analyzing entity 'mbv_system_microblaze_riscv_0_0_MB_FDR_1271'
INFO: [VRFC 10-3107] analyzing entity 'mbv_system_microblaze_riscv_0_0_MB_FDR_1272'
INFO: [VRFC 10-3107] analyzing entity 'mbv_system_microblaze_riscv_0_0_MB_FDR_1274'
INFO: [VRFC 10-3107] analyzing entity 'mbv_system_microblaze_riscv_0_0_MB_FDR_1276'
INFO: [VRFC 10-3107] analyzing entity 'mbv_system_microblaze_riscv_0_0_MB_FDR_1278'
INFO: [VRFC 10-3107] analyzing entity 'mbv_system_microblaze_riscv_0_0_MB_FDR_1280'
INFO: [VRFC 10-3107] analyzing entity 'mbv_system_microblaze_riscv_0_0_MB_FDR_1282'
INFO: [VRFC 10-3107] analyzing entity 'mbv_system_microblaze_riscv_0_0_MB_FDR_1284'
INFO: [VRFC 10-3107] analyzing entity 'mbv_system_microblaze_riscv_0_0_MB_FDR_1286'
INFO: [VRFC 10-3107] analyzing entity 'mbv_system_microblaze_riscv_0_0_MB_FDR_1288'
INFO: [VRFC 10-3107] analyzing entity 'mbv_system_microblaze_riscv_0_0_MB_FDR_1290'
INFO: [VRFC 10-3107] analyzing entity 'mbv_system_microblaze_riscv_0_0_MB_FDR_1292'
INFO: [VRFC 10-3107] analyzing entity 'mbv_system_microblaze_riscv_0_0_MB_FDR_1294'
INFO: [VRFC 10-3107] analyzing entity 'mbv_system_microblaze_riscv_0_0_MB_FDR_1296'
INFO: [VRFC 10-3107] analyzing entity 'mbv_system_microblaze_riscv_0_0_MB_FDR_1298'
INFO: [VRFC 10-3107] analyzing entity 'mbv_system_microblaze_riscv_0_0_MB_FDR_1300'
INFO: [VRFC 10-3107] analyzing entity 'mbv_system_microblaze_riscv_0_0_MB_FDR_1302'
INFO: [VRFC 10-3107] analyzing entity 'mbv_system_microblaze_riscv_0_0_MB_FDR_1304'
INFO: [VRFC 10-3107] analyzing entity 'mbv_system_microblaze_riscv_0_0_MB_FDR_1428'
INFO: [VRFC 10-3107] analyzing entity 'mbv_system_microblaze_riscv_0_0_MB_FDR_1429'
INFO: [VRFC 10-3107] analyzing entity 'mbv_system_microblaze_riscv_0_0_MB_FDR_1430'
INFO: [VRFC 10-3107] analyzing entity 'mbv_system_microblaze_riscv_0_0_MB_FDR_1431'
INFO: [VRFC 10-3107] analyzing entity 'mbv_system_microblaze_riscv_0_0_MB_FDR_1432'
INFO: [VRFC 10-3107] analyzing entity 'mbv_system_microblaze_riscv_0_0_MB_FDS'
INFO: [VRFC 10-3107] analyzing entity 'mbv_system_microblaze_riscv_0_0_MB_LUT2'
INFO: [VRFC 10-3107] analyzing entity 'mbv_system_microblaze_riscv_0_0_MB_LUT2_1838'
INFO: [VRFC 10-3107] analyzing entity 'mbv_system_microblaze_riscv_0_0_MB_LUT2_1842'
INFO: [VRFC 10-3107] analyzing entity 'mbv_system_microblaze_riscv_0_0_MB_LUT2_1846'
INFO: [VRFC 10-3107] analyzing entity 'mbv_system_microblaze_riscv_0_0_MB_LUT2_1850'
INFO: [VRFC 10-3107] analyzing entity 'mbv_system_microblaze_riscv_0_0_MB_LUT2_1854'
INFO: [VRFC 10-3107] analyzing entity 'mbv_system_microblaze_riscv_0_0_MB_LUT2_1858'
INFO: [VRFC 10-3107] analyzing entity 'mbv_system_microblaze_riscv_0_0_MB_LUT2_1862'
INFO: [VRFC 10-3107] analyzing entity 'mbv_system_microblaze_riscv_0_0_MB_LUT2_1866'
INFO: [VRFC 10-3107] analyzing entity 'mbv_system_microblaze_riscv_0_0_MB_LUT2_1870'
INFO: [VRFC 10-3107] analyzing entity 'mbv_system_microblaze_riscv_0_0_MB_LUT2_1874'
INFO: [VRFC 10-3107] analyzing entity 'mbv_system_microblaze_riscv_0_0_MB_LUT2_1878'
INFO: [VRFC 10-3107] analyzing entity 'mbv_system_microblaze_riscv_0_0_MB_LUT2_1882'
INFO: [VRFC 10-3107] analyzing entity 'mbv_system_microblaze_riscv_0_0_MB_LUT2_1886'
INFO: [VRFC 10-3107] analyzing entity 'mbv_system_microblaze_riscv_0_0_MB_LUT2_1890'
INFO: [VRFC 10-3107] analyzing entity 'mbv_system_microblaze_riscv_0_0_MB_LUT2_1894'
INFO: [VRFC 10-3107] analyzing entity 'mbv_system_microblaze_riscv_0_0_MB_LUT2_1898'
INFO: [VRFC 10-3107] analyzing entity 'mbv_system_microblaze_riscv_0_0_MB_LUT2_1902'
INFO: [VRFC 10-3107] analyzing entity 'mbv_system_microblaze_riscv_0_0_MB_LUT2_1906'
INFO: [VRFC 10-3107] analyzing entity 'mbv_system_microblaze_riscv_0_0_MB_LUT2_1910'
INFO: [VRFC 10-3107] analyzing entity 'mbv_system_microblaze_riscv_0_0_MB_LUT2_1914'
INFO: [VRFC 10-3107] analyzing entity 'mbv_system_microblaze_riscv_0_0_MB_LUT2_1918'
INFO: [VRFC 10-3107] analyzing entity 'mbv_system_microblaze_riscv_0_0_MB_LUT2_1922'
INFO: [VRFC 10-3107] analyzing entity 'mbv_system_microblaze_riscv_0_0_MB_LUT2_1926'
INFO: [VRFC 10-3107] analyzing entity 'mbv_system_microblaze_riscv_0_0_MB_LUT2_1930'
INFO: [VRFC 10-3107] analyzing entity 'mbv_system_microblaze_riscv_0_0_MB_LUT2_1934'
INFO: [VRFC 10-3107] analyzing entity 'mbv_system_microblaze_riscv_0_0_MB_LUT2_1938'
INFO: [VRFC 10-3107] analyzing entity 'mbv_system_microblaze_riscv_0_0_MB_LUT2_1942'
INFO: [VRFC 10-3107] analyzing entity 'mbv_system_microblaze_riscv_0_0_MB_LUT2_1946'
INFO: [VRFC 10-3107] analyzing entity 'mbv_system_microblaze_riscv_0_0_MB_LUT2_1950'
INFO: [VRFC 10-3107] analyzing entity 'mbv_system_microblaze_riscv_0_0_MB_LUT2_1954'
INFO: [VRFC 10-3107] analyzing entity 'mbv_system_microblaze_riscv_0_0_MB_LUT2_1958'
INFO: [VRFC 10-3107] analyzing entity 'mbv_system_microblaze_riscv_0_0_MB_LUT4'
INFO: [VRFC 10-3107] analyzing entity 'mbv_system_microblaze_riscv_0_0_MB_LUT4_1774'
INFO: [VRFC 10-3107] analyzing entity 'mbv_system_microblaze_riscv_0_0_MB_LUT4_1776'
INFO: [VRFC 10-3107] analyzing entity 'mbv_system_microblaze_riscv_0_0_MB_LUT4_1778'
INFO: [VRFC 10-3107] analyzing entity 'mbv_system_microblaze_riscv_0_0_MB_LUT4_1780'
INFO: [VRFC 10-3107] analyzing entity 'mbv_system_microblaze_riscv_0_0_MB_LUT4_1782'
INFO: [VRFC 10-3107] analyzing entity 'mbv_system_microblaze_riscv_0_0_MB_LUT4_1784'
INFO: [VRFC 10-3107] analyzing entity 'mbv_system_microblaze_riscv_0_0_MB_LUT4_1786'
INFO: [VRFC 10-3107] analyzing entity 'mbv_system_microblaze_riscv_0_0_MB_LUT4_1788'
INFO: [VRFC 10-3107] analyzing entity 'mbv_system_microblaze_riscv_0_0_MB_LUT4_1790'
INFO: [VRFC 10-3107] analyzing entity 'mbv_system_microblaze_riscv_0_0_MB_LUT4_1792'
INFO: [VRFC 10-3107] analyzing entity 'mbv_system_microblaze_riscv_0_0_MB_LUT4_1794'
INFO: [VRFC 10-3107] analyzing entity 'mbv_system_microblaze_riscv_0_0_MB_LUT4_1796'
INFO: [VRFC 10-3107] analyzing entity 'mbv_system_microblaze_riscv_0_0_MB_LUT4_1798'
INFO: [VRFC 10-3107] analyzing entity 'mbv_system_microblaze_riscv_0_0_MB_LUT4_1800'
INFO: [VRFC 10-3107] analyzing entity 'mbv_system_microblaze_riscv_0_0_MB_LUT4_1802'
INFO: [VRFC 10-3107] analyzing entity 'mbv_system_microblaze_riscv_0_0_MB_LUT4_1804'
INFO: [VRFC 10-3107] analyzing entity 'mbv_system_microblaze_riscv_0_0_MB_LUT4_1806'
INFO: [VRFC 10-3107] analyzing entity 'mbv_system_microblaze_riscv_0_0_MB_LUT4_1808'
INFO: [VRFC 10-3107] analyzing entity 'mbv_system_microblaze_riscv_0_0_MB_LUT4_1810'
INFO: [VRFC 10-3107] analyzing entity 'mbv_system_microblaze_riscv_0_0_MB_LUT4_1812'
INFO: [VRFC 10-3107] analyzing entity 'mbv_system_microblaze_riscv_0_0_MB_LUT4_1814'
INFO: [VRFC 10-3107] analyzing entity 'mbv_system_microblaze_riscv_0_0_MB_LUT4_1816'
INFO: [VRFC 10-3107] analyzing entity 'mbv_system_microblaze_riscv_0_0_MB_LUT4_1818'
INFO: [VRFC 10-3107] analyzing entity 'mbv_system_microblaze_riscv_0_0_MB_LUT4_1820'
INFO: [VRFC 10-3107] analyzing entity 'mbv_system_microblaze_riscv_0_0_MB_LUT4_1822'
INFO: [VRFC 10-3107] analyzing entity 'mbv_system_microblaze_riscv_0_0_MB_LUT4_1824'
INFO: [VRFC 10-3107] analyzing entity 'mbv_system_microblaze_riscv_0_0_MB_LUT4_1826'
INFO: [VRFC 10-3107] analyzing entity 'mbv_system_microblaze_riscv_0_0_MB_LUT4_1828'
INFO: [VRFC 10-3107] analyzing entity 'mbv_system_microblaze_riscv_0_0_MB_LUT4_1830'
INFO: [VRFC 10-3107] analyzing entity 'mbv_system_microblaze_riscv_0_0_MB_LUT4_1832'
INFO: [VRFC 10-3107] analyzing entity 'mbv_system_microblaze_riscv_0_0_MB_LUT4_1834'
INFO: [VRFC 10-3107] analyzing entity '\mbv_system_microblaze_riscv_0_0_MB_LUT4__parameterized2\'
INFO: [VRFC 10-3107] analyzing entity '\mbv_system_microblaze_riscv_0_0_MB_LUT4__parameterized2_1398\'
INFO: [VRFC 10-3107] analyzing entity '\mbv_system_microblaze_riscv_0_0_MB_LUT4__parameterized2_1401\'
INFO: [VRFC 10-3107] analyzing entity '\mbv_system_microblaze_riscv_0_0_MB_LUT4__parameterized2_1404\'
INFO: [VRFC 10-3107] analyzing entity '\mbv_system_microblaze_riscv_0_0_MB_LUT4__parameterized2_1407\'
INFO: [VRFC 10-3107] analyzing entity '\mbv_system_microblaze_riscv_0_0_MB_LUT4__parameterized2_1410\'
INFO: [VRFC 10-3107] analyzing entity '\mbv_system_microblaze_riscv_0_0_MB_LUT4__parameterized2_1413\'
INFO: [VRFC 10-3107] analyzing entity '\mbv_system_microblaze_riscv_0_0_MB_LUT4__parameterized2_1416\'
INFO: [VRFC 10-3107] analyzing entity '\mbv_system_microblaze_riscv_0_0_MB_LUT4__parameterized2_1419\'
INFO: [VRFC 10-3107] analyzing entity '\mbv_system_microblaze_riscv_0_0_MB_LUT4__parameterized2_1422\'
INFO: [VRFC 10-3107] analyzing entity 'mbv_system_microblaze_riscv_0_0_MB_LUT6'
INFO: [VRFC 10-3107] analyzing entity 'mbv_system_microblaze_riscv_0_0_MB_LUT6_1266'
INFO: [VRFC 10-3107] analyzing entity 'mbv_system_microblaze_riscv_0_0_MB_LUT6_1268'
INFO: [VRFC 10-3107] analyzing entity 'mbv_system_microblaze_riscv_0_0_MB_LUT6_1270'
INFO: [VRFC 10-3107] analyzing entity 'mbv_system_microblaze_riscv_0_0_MB_LUT6_2'
INFO: [VRFC 10-3107] analyzing entity 'mbv_system_microblaze_riscv_0_0_MB_LUT6_2_2214'
INFO: [VRFC 10-3107] analyzing entity 'mbv_system_microblaze_riscv_0_0_MB_LUT6_2_2216'
INFO: [VRFC 10-3107] analyzing entity 'mbv_system_microblaze_riscv_0_0_MB_LUT6_2_2218'
INFO: [VRFC 10-3107] analyzing entity 'mbv_system_microblaze_riscv_0_0_MB_LUT6_2_2220'
INFO: [VRFC 10-3107] analyzing entity 'mbv_system_microblaze_riscv_0_0_MB_LUT6_2_2222'
INFO: [VRFC 10-3107] analyzing entity 'mbv_system_microblaze_riscv_0_0_MB_LUT6_2_2224'
INFO: [VRFC 10-3107] analyzing entity 'mbv_system_microblaze_riscv_0_0_MB_LUT6_2_2226'
INFO: [VRFC 10-3107] analyzing entity 'mbv_system_microblaze_riscv_0_0_MB_LUT6_2_2228'
INFO: [VRFC 10-3107] analyzing entity 'mbv_system_microblaze_riscv_0_0_MB_LUT6_2_2230'
INFO: [VRFC 10-3107] analyzing entity 'mbv_system_microblaze_riscv_0_0_MB_LUT6_2_2232'
INFO: [VRFC 10-3107] analyzing entity 'mbv_system_microblaze_riscv_0_0_MB_LUT6_2_2234'
INFO: [VRFC 10-3107] analyzing entity 'mbv_system_microblaze_riscv_0_0_MB_LUT6_2_2236'
INFO: [VRFC 10-3107] analyzing entity 'mbv_system_microblaze_riscv_0_0_MB_LUT6_2_2238'
INFO: [VRFC 10-3107] analyzing entity 'mbv_system_microblaze_riscv_0_0_MB_LUT6_2_2240'
INFO: [VRFC 10-3107] analyzing entity 'mbv_system_microblaze_riscv_0_0_MB_LUT6_2_2242'
INFO: [VRFC 10-3107] analyzing entity 'mbv_system_microblaze_riscv_0_0_MB_LUT6_2_2244'
INFO: [VRFC 10-3107] analyzing entity 'mbv_system_microblaze_riscv_0_0_MB_LUT6_2_2246'
INFO: [VRFC 10-3107] analyzing entity 'mbv_system_microblaze_riscv_0_0_MB_LUT6_2_2248'
INFO: [VRFC 10-3107] analyzing entity 'mbv_system_microblaze_riscv_0_0_MB_LUT6_2_2250'
INFO: [VRFC 10-3107] analyzing entity 'mbv_system_microblaze_riscv_0_0_MB_LUT6_2_2252'
INFO: [VRFC 10-3107] analyzing entity 'mbv_system_microblaze_riscv_0_0_MB_LUT6_2_2254'
INFO: [VRFC 10-3107] analyzing entity 'mbv_system_microblaze_riscv_0_0_MB_LUT6_2_2256'
INFO: [VRFC 10-3107] analyzing entity 'mbv_system_microblaze_riscv_0_0_MB_LUT6_2_2258'
INFO: [VRFC 10-3107] analyzing entity 'mbv_system_microblaze_riscv_0_0_MB_LUT6_2_2260'
INFO: [VRFC 10-3107] analyzing entity 'mbv_system_microblaze_riscv_0_0_MB_LUT6_2_2262'
INFO: [VRFC 10-3107] analyzing entity 'mbv_system_microblaze_riscv_0_0_MB_LUT6_2_2264'
INFO: [VRFC 10-3107] analyzing entity 'mbv_system_microblaze_riscv_0_0_MB_LUT6_2_2266'
INFO: [VRFC 10-3107] analyzing entity 'mbv_system_microblaze_riscv_0_0_MB_LUT6_2_2268'
INFO: [VRFC 10-3107] analyzing entity 'mbv_system_microblaze_riscv_0_0_MB_LUT6_2_2270'
INFO: [VRFC 10-3107] analyzing entity 'mbv_system_microblaze_riscv_0_0_MB_LUT6_2_2272'
INFO: [VRFC 10-3107] analyzing entity 'mbv_system_microblaze_riscv_0_0_MB_LUT6_2_2274'
INFO: [VRFC 10-3107] analyzing entity '\mbv_system_microblaze_riscv_0_0_MB_LUT6_2__parameterized1\'
INFO: [VRFC 10-3107] analyzing entity '\mbv_system_microblaze_riscv_0_0_MB_LUT6_2__parameterized11\'
INFO: [VRFC 10-3107] analyzing entity '\mbv_system_microblaze_riscv_0_0_MB_LUT6_2__parameterized11_1\'
INFO: [VRFC 10-3107] analyzing entity '\mbv_system_microblaze_riscv_0_0_MB_LUT6_2__parameterized11_10\'
INFO: [VRFC 10-3107] analyzing entity '\mbv_system_microblaze_riscv_0_0_MB_LUT6_2__parameterized11_11\'
INFO: [VRFC 10-3107] analyzing entity '\mbv_system_microblaze_riscv_0_0_MB_LUT6_2__parameterized11_12\'
INFO: [VRFC 10-3107] analyzing entity '\mbv_system_microblaze_riscv_0_0_MB_LUT6_2__parameterized11_13\'
INFO: [VRFC 10-3107] analyzing entity '\mbv_system_microblaze_riscv_0_0_MB_LUT6_2__parameterized11_14\'
INFO: [VRFC 10-3107] analyzing entity '\mbv_system_microblaze_riscv_0_0_MB_LUT6_2__parameterized11_15\'
INFO: [VRFC 10-3107] analyzing entity '\mbv_system_microblaze_riscv_0_0_MB_LUT6_2__parameterized11_2\'
INFO: [VRFC 10-3107] analyzing entity '\mbv_system_microblaze_riscv_0_0_MB_LUT6_2__parameterized11_3\'
INFO: [VRFC 10-3107] analyzing entity '\mbv_system_microblaze_riscv_0_0_MB_LUT6_2__parameterized11_4\'
INFO: [VRFC 10-3107] analyzing entity '\mbv_system_microblaze_riscv_0_0_MB_LUT6_2__parameterized11_5\'
INFO: [VRFC 10-3107] analyzing entity '\mbv_system_microblaze_riscv_0_0_MB_LUT6_2__parameterized11_6\'
INFO: [VRFC 10-3107] analyzing entity '\mbv_system_microblaze_riscv_0_0_MB_LUT6_2__parameterized11_7\'
INFO: [VRFC 10-3107] analyzing entity '\mbv_system_microblaze_riscv_0_0_MB_LUT6_2__parameterized11_8\'
INFO: [VRFC 10-3107] analyzing entity '\mbv_system_microblaze_riscv_0_0_MB_LUT6_2__parameterized11_9\'
INFO: [VRFC 10-3107] analyzing entity '\mbv_system_microblaze_riscv_0_0_MB_LUT6_2__parameterized3\'
INFO: [VRFC 10-3107] analyzing entity '\mbv_system_microblaze_riscv_0_0_MB_LUT6_2__parameterized5\'
INFO: [VRFC 10-3107] analyzing entity '\mbv_system_microblaze_riscv_0_0_MB_LUT6_2__parameterized7\'
INFO: [VRFC 10-3107] analyzing entity '\mbv_system_microblaze_riscv_0_0_MB_LUT6_2__parameterized9\'
INFO: [VRFC 10-3107] analyzing entity '\mbv_system_microblaze_riscv_0_0_MB_LUT6_2__parameterized9_1839\'
INFO: [VRFC 10-3107] analyzing entity '\mbv_system_microblaze_riscv_0_0_MB_LUT6_2__parameterized9_1843\'
INFO: [VRFC 10-3107] analyzing entity '\mbv_system_microblaze_riscv_0_0_MB_LUT6_2__parameterized9_1847\'
INFO: [VRFC 10-3107] analyzing entity '\mbv_system_microblaze_riscv_0_0_MB_LUT6_2__parameterized9_1851\'
INFO: [VRFC 10-3107] analyzing entity '\mbv_system_microblaze_riscv_0_0_MB_LUT6_2__parameterized9_1855\'
INFO: [VRFC 10-3107] analyzing entity '\mbv_system_microblaze_riscv_0_0_MB_LUT6_2__parameterized9_1859\'
INFO: [VRFC 10-3107] analyzing entity '\mbv_system_microblaze_riscv_0_0_MB_LUT6_2__parameterized9_1863\'
INFO: [VRFC 10-3107] analyzing entity '\mbv_system_microblaze_riscv_0_0_MB_LUT6_2__parameterized9_1867\'
INFO: [VRFC 10-3107] analyzing entity '\mbv_system_microblaze_riscv_0_0_MB_LUT6_2__parameterized9_1871\'
INFO: [VRFC 10-3107] analyzing entity '\mbv_system_microblaze_riscv_0_0_MB_LUT6_2__parameterized9_1875\'
INFO: [VRFC 10-3107] analyzing entity '\mbv_system_microblaze_riscv_0_0_MB_LUT6_2__parameterized9_1879\'
INFO: [VRFC 10-3107] analyzing entity '\mbv_system_microblaze_riscv_0_0_MB_LUT6_2__parameterized9_1883\'
INFO: [VRFC 10-3107] analyzing entity '\mbv_system_microblaze_riscv_0_0_MB_LUT6_2__parameterized9_1887\'
INFO: [VRFC 10-3107] analyzing entity '\mbv_system_microblaze_riscv_0_0_MB_LUT6_2__parameterized9_1891\'
INFO: [VRFC 10-3107] analyzing entity '\mbv_system_microblaze_riscv_0_0_MB_LUT6_2__parameterized9_1895\'
INFO: [VRFC 10-3107] analyzing entity '\mbv_system_microblaze_riscv_0_0_MB_LUT6_2__parameterized9_1899\'
INFO: [VRFC 10-3107] analyzing entity '\mbv_system_microblaze_riscv_0_0_MB_LUT6_2__parameterized9_1903\'
INFO: [VRFC 10-3107] analyzing entity '\mbv_system_microblaze_riscv_0_0_MB_LUT6_2__parameterized9_1907\'
INFO: [VRFC 10-3107] analyzing entity '\mbv_system_microblaze_riscv_0_0_MB_LUT6_2__parameterized9_1911\'
INFO: [VRFC 10-3107] analyzing entity '\mbv_system_microblaze_riscv_0_0_MB_LUT6_2__parameterized9_1915\'
INFO: [VRFC 10-3107] analyzing entity '\mbv_system_microblaze_riscv_0_0_MB_LUT6_2__parameterized9_1919\'
INFO: [VRFC 10-3107] analyzing entity '\mbv_system_microblaze_riscv_0_0_MB_LUT6_2__parameterized9_1923\'
INFO: [VRFC 10-3107] analyzing entity '\mbv_system_microblaze_riscv_0_0_MB_LUT6_2__parameterized9_1927\'
INFO: [VRFC 10-3107] analyzing entity '\mbv_system_microblaze_riscv_0_0_MB_LUT6_2__parameterized9_1931\'
INFO: [VRFC 10-3107] analyzing entity '\mbv_system_microblaze_riscv_0_0_MB_LUT6_2__parameterized9_1935\'
INFO: [VRFC 10-3107] analyzing entity '\mbv_system_microblaze_riscv_0_0_MB_LUT6_2__parameterized9_1939\'
INFO: [VRFC 10-3107] analyzing entity '\mbv_system_microblaze_riscv_0_0_MB_LUT6_2__parameterized9_1943\'
INFO: [VRFC 10-3107] analyzing entity '\mbv_system_microblaze_riscv_0_0_MB_LUT6_2__parameterized9_1947\'
INFO: [VRFC 10-3107] analyzing entity '\mbv_system_microblaze_riscv_0_0_MB_LUT6_2__parameterized9_1951\'
INFO: [VRFC 10-3107] analyzing entity '\mbv_system_microblaze_riscv_0_0_MB_LUT6_2__parameterized9_1955\'
INFO: [VRFC 10-3107] analyzing entity '\mbv_system_microblaze_riscv_0_0_MB_LUT6_2__parameterized9_1959\'
INFO: [VRFC 10-3107] analyzing entity '\mbv_system_microblaze_riscv_0_0_MB_LUT6__parameterized10\'
INFO: [VRFC 10-3107] analyzing entity '\mbv_system_microblaze_riscv_0_0_MB_LUT6__parameterized10_2040\'
INFO: [VRFC 10-3107] analyzing entity '\mbv_system_microblaze_riscv_0_0_MB_LUT6__parameterized10_2041\'
INFO: [VRFC 10-3107] analyzing entity '\mbv_system_microblaze_riscv_0_0_MB_LUT6__parameterized10_2042\'
INFO: [VRFC 10-3107] analyzing entity '\mbv_system_microblaze_riscv_0_0_MB_LUT6__parameterized10_2043\'
INFO: [VRFC 10-3107] analyzing entity '\mbv_system_microblaze_riscv_0_0_MB_LUT6__parameterized10_2044\'
INFO: [VRFC 10-3107] analyzing entity '\mbv_system_microblaze_riscv_0_0_MB_LUT6__parameterized10_2045\'
INFO: [VRFC 10-3107] analyzing entity '\mbv_system_microblaze_riscv_0_0_MB_LUT6__parameterized10_2046\'
INFO: [VRFC 10-3107] analyzing entity '\mbv_system_microblaze_riscv_0_0_MB_LUT6__parameterized10_2047\'
INFO: [VRFC 10-3107] analyzing entity '\mbv_system_microblaze_riscv_0_0_MB_LUT6__parameterized10_2048\'
INFO: [VRFC 10-3107] analyzing entity '\mbv_system_microblaze_riscv_0_0_MB_LUT6__parameterized10_2049\'
INFO: [VRFC 10-3107] analyzing entity '\mbv_system_microblaze_riscv_0_0_MB_LUT6__parameterized10_2050\'
INFO: [VRFC 10-3107] analyzing entity '\mbv_system_microblaze_riscv_0_0_MB_LUT6__parameterized10_2051\'
INFO: [VRFC 10-3107] analyzing entity '\mbv_system_microblaze_riscv_0_0_MB_LUT6__parameterized10_2052\'
INFO: [VRFC 10-3107] analyzing entity '\mbv_system_microblaze_riscv_0_0_MB_LUT6__parameterized10_2053\'
INFO: [VRFC 10-3107] analyzing entity '\mbv_system_microblaze_riscv_0_0_MB_LUT6__parameterized10_2054\'
INFO: [VRFC 10-3107] analyzing entity '\mbv_system_microblaze_riscv_0_0_MB_LUT6__parameterized10_2055\'
INFO: [VRFC 10-3107] analyzing entity '\mbv_system_microblaze_riscv_0_0_MB_LUT6__parameterized10_2056\'
INFO: [VRFC 10-3107] analyzing entity '\mbv_system_microblaze_riscv_0_0_MB_LUT6__parameterized10_2057\'
INFO: [VRFC 10-3107] analyzing entity '\mbv_system_microblaze_riscv_0_0_MB_LUT6__parameterized10_2058\'
INFO: [VRFC 10-3107] analyzing entity '\mbv_system_microblaze_riscv_0_0_MB_LUT6__parameterized10_2059\'
INFO: [VRFC 10-3107] analyzing entity '\mbv_system_microblaze_riscv_0_0_MB_LUT6__parameterized10_2060\'
INFO: [VRFC 10-3107] analyzing entity '\mbv_system_microblaze_riscv_0_0_MB_LUT6__parameterized10_2061\'
INFO: [VRFC 10-3107] analyzing entity '\mbv_system_microblaze_riscv_0_0_MB_LUT6__parameterized10_2062\'
INFO: [VRFC 10-3107] analyzing entity '\mbv_system_microblaze_riscv_0_0_MB_LUT6__parameterized10_2063\'
INFO: [VRFC 10-3107] analyzing entity '\mbv_system_microblaze_riscv_0_0_MB_LUT6__parameterized10_2064\'
INFO: [VRFC 10-3107] analyzing entity '\mbv_system_microblaze_riscv_0_0_MB_LUT6__parameterized10_2065\'
INFO: [VRFC 10-3107] analyzing entity '\mbv_system_microblaze_riscv_0_0_MB_LUT6__parameterized10_2066\'
INFO: [VRFC 10-3107] analyzing entity '\mbv_system_microblaze_riscv_0_0_MB_LUT6__parameterized10_2067\'
INFO: [VRFC 10-3107] analyzing entity '\mbv_system_microblaze_riscv_0_0_MB_LUT6__parameterized10_2068\'
INFO: [VRFC 10-3107] analyzing entity '\mbv_system_microblaze_riscv_0_0_MB_LUT6__parameterized10_2069\'
INFO: [VRFC 10-3107] analyzing entity '\mbv_system_microblaze_riscv_0_0_MB_LUT6__parameterized10_2070\'
INFO: [VRFC 10-3107] analyzing entity '\mbv_system_microblaze_riscv_0_0_MB_LUT6__parameterized10_2071\'
INFO: [VRFC 10-3107] analyzing entity '\mbv_system_microblaze_riscv_0_0_MB_LUT6__parameterized10_2072\'
INFO: [VRFC 10-3107] analyzing entity '\mbv_system_microblaze_riscv_0_0_MB_LUT6__parameterized10_2073\'
INFO: [VRFC 10-3107] analyzing entity '\mbv_system_microblaze_riscv_0_0_MB_LUT6__parameterized10_2074\'
INFO: [VRFC 10-3107] analyzing entity '\mbv_system_microblaze_riscv_0_0_MB_LUT6__parameterized10_2075\'
INFO: [VRFC 10-3107] analyzing entity '\mbv_system_microblaze_riscv_0_0_MB_LUT6__parameterized10_2076\'
INFO: [VRFC 10-3107] analyzing entity '\mbv_system_microblaze_riscv_0_0_MB_LUT6__parameterized10_2077\'
INFO: [VRFC 10-3107] analyzing entity '\mbv_system_microblaze_riscv_0_0_MB_LUT6__parameterized10_2078\'
INFO: [VRFC 10-3107] analyzing entity '\mbv_system_microblaze_riscv_0_0_MB_LUT6__parameterized10_2079\'
INFO: [VRFC 10-3107] analyzing entity '\mbv_system_microblaze_riscv_0_0_MB_LUT6__parameterized10_2080\'
INFO: [VRFC 10-3107] analyzing entity '\mbv_system_microblaze_riscv_0_0_MB_LUT6__parameterized10_2081\'
INFO: [VRFC 10-3107] analyzing entity '\mbv_system_microblaze_riscv_0_0_MB_LUT6__parameterized10_2082\'
INFO: [VRFC 10-3107] analyzing entity '\mbv_system_microblaze_riscv_0_0_MB_LUT6__parameterized10_2083\'
INFO: [VRFC 10-3107] analyzing entity '\mbv_system_microblaze_riscv_0_0_MB_LUT6__parameterized10_2084\'
INFO: [VRFC 10-3107] analyzing entity '\mbv_system_microblaze_riscv_0_0_MB_LUT6__parameterized10_2085\'
INFO: [VRFC 10-3107] analyzing entity '\mbv_system_microblaze_riscv_0_0_MB_LUT6__parameterized10_2086\'
INFO: [VRFC 10-3107] analyzing entity '\mbv_system_microblaze_riscv_0_0_MB_LUT6__parameterized10_2087\'
INFO: [VRFC 10-3107] analyzing entity '\mbv_system_microblaze_riscv_0_0_MB_LUT6__parameterized10_2088\'
INFO: [VRFC 10-3107] analyzing entity '\mbv_system_microblaze_riscv_0_0_MB_LUT6__parameterized10_2089\'
INFO: [VRFC 10-3107] analyzing entity '\mbv_system_microblaze_riscv_0_0_MB_LUT6__parameterized10_2090\'
INFO: [VRFC 10-3107] analyzing entity '\mbv_system_microblaze_riscv_0_0_MB_LUT6__parameterized10_2091\'
INFO: [VRFC 10-3107] analyzing entity '\mbv_system_microblaze_riscv_0_0_MB_LUT6__parameterized10_2092\'
INFO: [VRFC 10-3107] analyzing entity '\mbv_system_microblaze_riscv_0_0_MB_LUT6__parameterized10_2093\'
INFO: [VRFC 10-3107] analyzing entity '\mbv_system_microblaze_riscv_0_0_MB_LUT6__parameterized10_2094\'
INFO: [VRFC 10-3107] analyzing entity '\mbv_system_microblaze_riscv_0_0_MB_LUT6__parameterized10_2095\'
INFO: [VRFC 10-3107] analyzing entity '\mbv_system_microblaze_riscv_0_0_MB_LUT6__parameterized10_2096\'
INFO: [VRFC 10-3107] analyzing entity '\mbv_system_microblaze_riscv_0_0_MB_LUT6__parameterized10_2097\'
INFO: [VRFC 10-3107] analyzing entity '\mbv_system_microblaze_riscv_0_0_MB_LUT6__parameterized10_2098\'
INFO: [VRFC 10-3107] analyzing entity '\mbv_system_microblaze_riscv_0_0_MB_LUT6__parameterized10_2099\'
INFO: [VRFC 10-3107] analyzing entity '\mbv_system_microblaze_riscv_0_0_MB_LUT6__parameterized10_2100\'
INFO: [VRFC 10-3107] analyzing entity '\mbv_system_microblaze_riscv_0_0_MB_LUT6__parameterized10_2101\'
INFO: [VRFC 10-3107] analyzing entity '\mbv_system_microblaze_riscv_0_0_MB_LUT6__parameterized10_2102\'
INFO: [VRFC 10-3107] analyzing entity '\mbv_system_microblaze_riscv_0_0_MB_LUT6__parameterized12\'
INFO: [VRFC 10-3107] analyzing entity '\mbv_system_microblaze_riscv_0_0_MB_LUT6__parameterized12_2154\'
INFO: [VRFC 10-3107] analyzing entity '\mbv_system_microblaze_riscv_0_0_MB_LUT6__parameterized12_2158\'
INFO: [VRFC 10-3107] analyzing entity '\mbv_system_microblaze_riscv_0_0_MB_LUT6__parameterized12_2162\'
INFO: [VRFC 10-3107] analyzing entity '\mbv_system_microblaze_riscv_0_0_MB_LUT6__parameterized12_2166\'
INFO: [VRFC 10-3107] analyzing entity '\mbv_system_microblaze_riscv_0_0_MB_LUT6__parameterized12_2170\'
INFO: [VRFC 10-3107] analyzing entity '\mbv_system_microblaze_riscv_0_0_MB_LUT6__parameterized12_2174\'
INFO: [VRFC 10-3107] analyzing entity '\mbv_system_microblaze_riscv_0_0_MB_LUT6__parameterized12_2178\'
INFO: [VRFC 10-3107] analyzing entity '\mbv_system_microblaze_riscv_0_0_MB_LUT6__parameterized14\'
INFO: [VRFC 10-3107] analyzing entity '\mbv_system_microblaze_riscv_0_0_MB_LUT6__parameterized14_2155\'
INFO: [VRFC 10-3107] analyzing entity '\mbv_system_microblaze_riscv_0_0_MB_LUT6__parameterized14_2159\'
INFO: [VRFC 10-3107] analyzing entity '\mbv_system_microblaze_riscv_0_0_MB_LUT6__parameterized14_2163\'
INFO: [VRFC 10-3107] analyzing entity '\mbv_system_microblaze_riscv_0_0_MB_LUT6__parameterized14_2167\'
INFO: [VRFC 10-3107] analyzing entity '\mbv_system_microblaze_riscv_0_0_MB_LUT6__parameterized14_2171\'
INFO: [VRFC 10-3107] analyzing entity '\mbv_system_microblaze_riscv_0_0_MB_LUT6__parameterized14_2175\'
INFO: [VRFC 10-3107] analyzing entity '\mbv_system_microblaze_riscv_0_0_MB_LUT6__parameterized14_2179\'
INFO: [VRFC 10-3107] analyzing entity '\mbv_system_microblaze_riscv_0_0_MB_LUT6__parameterized16\'
INFO: [VRFC 10-3107] analyzing entity '\mbv_system_microblaze_riscv_0_0_MB_LUT6__parameterized16_2156\'
INFO: [VRFC 10-3107] analyzing entity '\mbv_system_microblaze_riscv_0_0_MB_LUT6__parameterized16_2160\'
INFO: [VRFC 10-3107] analyzing entity '\mbv_system_microblaze_riscv_0_0_MB_LUT6__parameterized16_2164\'
INFO: [VRFC 10-3107] analyzing entity '\mbv_system_microblaze_riscv_0_0_MB_LUT6__parameterized16_2168\'
INFO: [VRFC 10-3107] analyzing entity '\mbv_system_microblaze_riscv_0_0_MB_LUT6__parameterized16_2172\'
INFO: [VRFC 10-3107] analyzing entity '\mbv_system_microblaze_riscv_0_0_MB_LUT6__parameterized16_2176\'
INFO: [VRFC 10-3107] analyzing entity '\mbv_system_microblaze_riscv_0_0_MB_LUT6__parameterized16_2180\'
INFO: [VRFC 10-3107] analyzing entity '\mbv_system_microblaze_riscv_0_0_MB_LUT6__parameterized18\'
INFO: [VRFC 10-3107] analyzing entity '\mbv_system_microblaze_riscv_0_0_MB_LUT6__parameterized18_2157\'
INFO: [VRFC 10-3107] analyzing entity '\mbv_system_microblaze_riscv_0_0_MB_LUT6__parameterized18_2161\'
INFO: [VRFC 10-3107] analyzing entity '\mbv_system_microblaze_riscv_0_0_MB_LUT6__parameterized18_2165\'
INFO: [VRFC 10-3107] analyzing entity '\mbv_system_microblaze_riscv_0_0_MB_LUT6__parameterized18_2169\'
INFO: [VRFC 10-3107] analyzing entity '\mbv_system_microblaze_riscv_0_0_MB_LUT6__parameterized18_2173\'
INFO: [VRFC 10-3107] analyzing entity '\mbv_system_microblaze_riscv_0_0_MB_LUT6__parameterized18_2177\'
INFO: [VRFC 10-3107] analyzing entity '\mbv_system_microblaze_riscv_0_0_MB_LUT6__parameterized18_2181\'
INFO: [VRFC 10-3107] analyzing entity '\mbv_system_microblaze_riscv_0_0_MB_LUT6__parameterized2\'
INFO: [VRFC 10-3107] analyzing entity '\mbv_system_microblaze_riscv_0_0_MB_LUT6__parameterized20\'
INFO: [VRFC 10-3107] analyzing entity '\mbv_system_microblaze_riscv_0_0_MB_LUT6__parameterized20_1546\'
INFO: [VRFC 10-3107] analyzing entity '\mbv_system_microblaze_riscv_0_0_MB_LUT6__parameterized20_1548\'
INFO: [VRFC 10-3107] analyzing entity '\mbv_system_microblaze_riscv_0_0_MB_LUT6__parameterized20_1550\'
INFO: [VRFC 10-3107] analyzing entity '\mbv_system_microblaze_riscv_0_0_MB_LUT6__parameterized20_1552\'
INFO: [VRFC 10-3107] analyzing entity '\mbv_system_microblaze_riscv_0_0_MB_LUT6__parameterized20_1554\'
INFO: [VRFC 10-3107] analyzing entity '\mbv_system_microblaze_riscv_0_0_MB_LUT6__parameterized20_1556\'
INFO: [VRFC 10-3107] analyzing entity '\mbv_system_microblaze_riscv_0_0_MB_LUT6__parameterized20_1558\'
INFO: [VRFC 10-3107] analyzing entity '\mbv_system_microblaze_riscv_0_0_MB_LUT6__parameterized20_1560\'
INFO: [VRFC 10-3107] analyzing entity '\mbv_system_microblaze_riscv_0_0_MB_LUT6__parameterized20_1562\'
INFO: [VRFC 10-3107] analyzing entity '\mbv_system_microblaze_riscv_0_0_MB_LUT6__parameterized20_1564\'
INFO: [VRFC 10-3107] analyzing entity '\mbv_system_microblaze_riscv_0_0_MB_LUT6__parameterized22\'
INFO: [VRFC 10-3107] analyzing entity '\mbv_system_microblaze_riscv_0_0_MB_LUT6__parameterized22_1620\'
INFO: [VRFC 10-3107] analyzing entity '\mbv_system_microblaze_riscv_0_0_MB_LUT6__parameterized24\'
INFO: [VRFC 10-3107] analyzing entity '\mbv_system_microblaze_riscv_0_0_MB_LUT6__parameterized24_1619\'
INFO: [VRFC 10-3107] analyzing entity '\mbv_system_microblaze_riscv_0_0_MB_LUT6__parameterized26\'
INFO: [VRFC 10-3107] analyzing entity '\mbv_system_microblaze_riscv_0_0_MB_LUT6__parameterized26_1621\'
INFO: [VRFC 10-3107] analyzing entity '\mbv_system_microblaze_riscv_0_0_MB_LUT6__parameterized26_1623\'
INFO: [VRFC 10-3107] analyzing entity '\mbv_system_microblaze_riscv_0_0_MB_LUT6__parameterized28\'
INFO: [VRFC 10-3107] analyzing entity '\mbv_system_microblaze_riscv_0_0_MB_LUT6__parameterized28_1622\'
INFO: [VRFC 10-3107] analyzing entity '\mbv_system_microblaze_riscv_0_0_MB_LUT6__parameterized28_1624\'
INFO: [VRFC 10-3107] analyzing entity '\mbv_system_microblaze_riscv_0_0_MB_LUT6__parameterized4\'
INFO: [VRFC 10-3107] analyzing entity '\mbv_system_microblaze_riscv_0_0_MB_LUT6__parameterized6\'
INFO: [VRFC 10-3107] analyzing entity '\mbv_system_microblaze_riscv_0_0_MB_LUT6__parameterized6_1227\'
INFO: [VRFC 10-3107] analyzing entity '\mbv_system_microblaze_riscv_0_0_MB_LUT6__parameterized6_1229\'
INFO: [VRFC 10-3107] analyzing entity '\mbv_system_microblaze_riscv_0_0_MB_LUT6__parameterized6_1231\'
INFO: [VRFC 10-3107] analyzing entity '\mbv_system_microblaze_riscv_0_0_MB_LUT6__parameterized8\'
INFO: [VRFC 10-3107] analyzing entity '\mbv_system_microblaze_riscv_0_0_MB_LUT6__parameterized8_1228\'
INFO: [VRFC 10-3107] analyzing entity '\mbv_system_microblaze_riscv_0_0_MB_LUT6__parameterized8_1230\'
INFO: [VRFC 10-3107] analyzing entity '\mbv_system_microblaze_riscv_0_0_MB_LUT6__parameterized8_1232\'
INFO: [VRFC 10-3107] analyzing entity 'mbv_system_microblaze_riscv_0_0_MB_MULT_AND'
INFO: [VRFC 10-3107] analyzing entity 'mbv_system_microblaze_riscv_0_0_MB_MULT_AND_1400'
INFO: [VRFC 10-3107] analyzing entity 'mbv_system_microblaze_riscv_0_0_MB_MULT_AND_1403'
INFO: [VRFC 10-3107] analyzing entity 'mbv_system_microblaze_riscv_0_0_MB_MULT_AND_1406'
INFO: [VRFC 10-3107] analyzing entity 'mbv_system_microblaze_riscv_0_0_MB_MULT_AND_1409'
INFO: [VRFC 10-3107] analyzing entity 'mbv_system_microblaze_riscv_0_0_MB_MULT_AND_1412'
INFO: [VRFC 10-3107] analyzing entity 'mbv_system_microblaze_riscv_0_0_MB_MULT_AND_1415'
INFO: [VRFC 10-3107] analyzing entity 'mbv_system_microblaze_riscv_0_0_MB_MULT_AND_1418'
INFO: [VRFC 10-3107] analyzing entity 'mbv_system_microblaze_riscv_0_0_MB_MULT_AND_1421'
INFO: [VRFC 10-3107] analyzing entity 'mbv_system_microblaze_riscv_0_0_MB_MUXCY'
INFO: [VRFC 10-3107] analyzing entity 'mbv_system_microblaze_riscv_0_0_MB_MUXCY_1002'
INFO: [VRFC 10-3107] analyzing entity 'mbv_system_microblaze_riscv_0_0_MB_MUXCY_1028'
INFO: [VRFC 10-3107] analyzing entity 'mbv_system_microblaze_riscv_0_0_MB_MUXCY_1032'
INFO: [VRFC 10-3107] analyzing entity 'mbv_system_microblaze_riscv_0_0_MB_MUXCY_1033'
INFO: [VRFC 10-3107] analyzing entity 'mbv_system_microblaze_riscv_0_0_MB_MUXCY_1034'
INFO: [VRFC 10-3107] analyzing entity 'mbv_system_microblaze_riscv_0_0_MB_MUXCY_1049'
INFO: [VRFC 10-3107] analyzing entity 'mbv_system_microblaze_riscv_0_0_MB_MUXCY_1050'
INFO: [VRFC 10-3107] analyzing entity 'mbv_system_microblaze_riscv_0_0_MB_MUXCY_1051'
INFO: [VRFC 10-3107] analyzing entity 'mbv_system_microblaze_riscv_0_0_MB_MUXCY_1052'
INFO: [VRFC 10-3107] analyzing entity 'mbv_system_microblaze_riscv_0_0_MB_MUXCY_1053'
INFO: [VRFC 10-3107] analyzing entity 'mbv_system_microblaze_riscv_0_0_MB_MUXCY_1054'
INFO: [VRFC 10-3107] analyzing entity 'mbv_system_microblaze_riscv_0_0_MB_MUXCY_1055'
INFO: [VRFC 10-3107] analyzing entity 'mbv_system_microblaze_riscv_0_0_MB_MUXCY_1056'
INFO: [VRFC 10-3107] analyzing entity 'mbv_system_microblaze_riscv_0_0_MB_MUXCY_1057'
INFO: [VRFC 10-3107] analyzing entity 'mbv_system_microblaze_riscv_0_0_MB_MUXCY_1058'
INFO: [VRFC 10-3107] analyzing entity 'mbv_system_microblaze_riscv_0_0_MB_MUXCY_1059'
INFO: [VRFC 10-3107] analyzing entity 'mbv_system_microblaze_riscv_0_0_MB_MUXCY_1060'
INFO: [VRFC 10-3107] analyzing entity 'mbv_system_microblaze_riscv_0_0_MB_MUXCY_1061'
INFO: [VRFC 10-3107] analyzing entity 'mbv_system_microblaze_riscv_0_0_MB_MUXCY_1062'
INFO: [VRFC 10-3107] analyzing entity 'mbv_system_microblaze_riscv_0_0_MB_MUXCY_1063'
INFO: [VRFC 10-3107] analyzing entity 'mbv_system_microblaze_riscv_0_0_MB_MUXCY_1067'
INFO: [VRFC 10-3107] analyzing entity 'mbv_system_microblaze_riscv_0_0_MB_MUXCY_1068'
INFO: [VRFC 10-3107] analyzing entity 'mbv_system_microblaze_riscv_0_0_MB_MUXCY_1069'
INFO: [VRFC 10-3107] analyzing entity 'mbv_system_microblaze_riscv_0_0_MB_MUXCY_1084'
INFO: [VRFC 10-3107] analyzing entity 'mbv_system_microblaze_riscv_0_0_MB_MUXCY_1085'
INFO: [VRFC 10-3107] analyzing entity 'mbv_system_microblaze_riscv_0_0_MB_MUXCY_1086'
INFO: [VRFC 10-3107] analyzing entity 'mbv_system_microblaze_riscv_0_0_MB_MUXCY_1087'
INFO: [VRFC 10-3107] analyzing entity 'mbv_system_microblaze_riscv_0_0_MB_MUXCY_1088'
INFO: [VRFC 10-3107] analyzing entity 'mbv_system_microblaze_riscv_0_0_MB_MUXCY_1089'
INFO: [VRFC 10-3107] analyzing entity 'mbv_system_microblaze_riscv_0_0_MB_MUXCY_1090'
INFO: [VRFC 10-3107] analyzing entity 'mbv_system_microblaze_riscv_0_0_MB_MUXCY_1091'
INFO: [VRFC 10-3107] analyzing entity 'mbv_system_microblaze_riscv_0_0_MB_MUXCY_1092'
INFO: [VRFC 10-3107] analyzing entity 'mbv_system_microblaze_riscv_0_0_MB_MUXCY_1093'
INFO: [VRFC 10-3107] analyzing entity 'mbv_system_microblaze_riscv_0_0_MB_MUXCY_1094'
INFO: [VRFC 10-3107] analyzing entity 'mbv_system_microblaze_riscv_0_0_MB_MUXCY_1095'
INFO: [VRFC 10-3107] analyzing entity 'mbv_system_microblaze_riscv_0_0_MB_MUXCY_1096'
INFO: [VRFC 10-3107] analyzing entity 'mbv_system_microblaze_riscv_0_0_MB_MUXCY_1097'
INFO: [VRFC 10-3107] analyzing entity 'mbv_system_microblaze_riscv_0_0_MB_MUXCY_1098'
INFO: [VRFC 10-3107] analyzing entity 'mbv_system_microblaze_riscv_0_0_MB_MUXCY_1102'
INFO: [VRFC 10-3107] analyzing entity 'mbv_system_microblaze_riscv_0_0_MB_MUXCY_1103'
INFO: [VRFC 10-3107] analyzing entity 'mbv_system_microblaze_riscv_0_0_MB_MUXCY_1104'
INFO: [VRFC 10-3107] analyzing entity 'mbv_system_microblaze_riscv_0_0_MB_MUXCY_1119'
INFO: [VRFC 10-3107] analyzing entity 'mbv_system_microblaze_riscv_0_0_MB_MUXCY_1120'
INFO: [VRFC 10-3107] analyzing entity 'mbv_system_microblaze_riscv_0_0_MB_MUXCY_1121'
INFO: [VRFC 10-3107] analyzing entity 'mbv_system_microblaze_riscv_0_0_MB_MUXCY_1122'
INFO: [VRFC 10-3107] analyzing entity 'mbv_system_microblaze_riscv_0_0_MB_MUXCY_1123'
INFO: [VRFC 10-3107] analyzing entity 'mbv_system_microblaze_riscv_0_0_MB_MUXCY_1124'
INFO: [VRFC 10-3107] analyzing entity 'mbv_system_microblaze_riscv_0_0_MB_MUXCY_1125'
INFO: [VRFC 10-3107] analyzing entity 'mbv_system_microblaze_riscv_0_0_MB_MUXCY_1126'
INFO: [VRFC 10-3107] analyzing entity 'mbv_system_microblaze_riscv_0_0_MB_MUXCY_1127'
INFO: [VRFC 10-3107] analyzing entity 'mbv_system_microblaze_riscv_0_0_MB_MUXCY_1128'
INFO: [VRFC 10-3107] analyzing entity 'mbv_system_microblaze_riscv_0_0_MB_MUXCY_1129'
INFO: [VRFC 10-3107] analyzing entity 'mbv_system_microblaze_riscv_0_0_MB_MUXCY_1130'
INFO: [VRFC 10-3107] analyzing entity 'mbv_system_microblaze_riscv_0_0_MB_MUXCY_1131'
INFO: [VRFC 10-3107] analyzing entity 'mbv_system_microblaze_riscv_0_0_MB_MUXCY_1132'
INFO: [VRFC 10-3107] analyzing entity 'mbv_system_microblaze_riscv_0_0_MB_MUXCY_1133'
INFO: [VRFC 10-3107] analyzing entity 'mbv_system_microblaze_riscv_0_0_MB_MUXCY_1137'
INFO: [VRFC 10-3107] analyzing entity 'mbv_system_microblaze_riscv_0_0_MB_MUXCY_1138'
INFO: [VRFC 10-3107] analyzing entity 'mbv_system_microblaze_riscv_0_0_MB_MUXCY_1139'
INFO: [VRFC 10-3107] analyzing entity 'mbv_system_microblaze_riscv_0_0_MB_MUXCY_1154'
INFO: [VRFC 10-3107] analyzing entity 'mbv_system_microblaze_riscv_0_0_MB_MUXCY_1155'
INFO: [VRFC 10-3107] analyzing entity 'mbv_system_microblaze_riscv_0_0_MB_MUXCY_1156'
INFO: [VRFC 10-3107] analyzing entity 'mbv_system_microblaze_riscv_0_0_MB_MUXCY_1157'
INFO: [VRFC 10-3107] analyzing entity 'mbv_system_microblaze_riscv_0_0_MB_MUXCY_1158'
INFO: [VRFC 10-3107] analyzing entity 'mbv_system_microblaze_riscv_0_0_MB_MUXCY_1159'
INFO: [VRFC 10-3107] analyzing entity 'mbv_system_microblaze_riscv_0_0_MB_MUXCY_1160'
INFO: [VRFC 10-3107] analyzing entity 'mbv_system_microblaze_riscv_0_0_MB_MUXCY_1161'
INFO: [VRFC 10-3107] analyzing entity 'mbv_system_microblaze_riscv_0_0_MB_MUXCY_1162'
INFO: [VRFC 10-3107] analyzing entity 'mbv_system_microblaze_riscv_0_0_MB_MUXCY_1163'
INFO: [VRFC 10-3107] analyzing entity 'mbv_system_microblaze_riscv_0_0_MB_MUXCY_1164'
INFO: [VRFC 10-3107] analyzing entity 'mbv_system_microblaze_riscv_0_0_MB_MUXCY_1165'
INFO: [VRFC 10-3107] analyzing entity 'mbv_system_microblaze_riscv_0_0_MB_MUXCY_1166'
INFO: [VRFC 10-3107] analyzing entity 'mbv_system_microblaze_riscv_0_0_MB_MUXCY_1167'
INFO: [VRFC 10-3107] analyzing entity 'mbv_system_microblaze_riscv_0_0_MB_MUXCY_1239'
INFO: [VRFC 10-3107] analyzing entity 'mbv_system_microblaze_riscv_0_0_MB_MUXCY_1240'
INFO: [VRFC 10-3107] analyzing entity 'mbv_system_microblaze_riscv_0_0_MB_MUXCY_1241'
INFO: [VRFC 10-3107] analyzing entity 'mbv_system_microblaze_riscv_0_0_MB_MUXCY_1242'
INFO: [VRFC 10-3107] analyzing entity 'mbv_system_microblaze_riscv_0_0_MB_MUXCY_1244'
INFO: [VRFC 10-3107] analyzing entity 'mbv_system_microblaze_riscv_0_0_MB_MUXCY_1245'
INFO: [VRFC 10-3107] analyzing entity 'mbv_system_microblaze_riscv_0_0_MB_MUXCY_1246'
INFO: [VRFC 10-3107] analyzing entity 'mbv_system_microblaze_riscv_0_0_MB_MUXCY_1247'
INFO: [VRFC 10-3107] analyzing entity 'mbv_system_microblaze_riscv_0_0_MB_MUXCY_1248'
INFO: [VRFC 10-3107] analyzing entity 'mbv_system_microblaze_riscv_0_0_MB_MUXCY_1249'
INFO: [VRFC 10-3107] analyzing entity 'mbv_system_microblaze_riscv_0_0_MB_MUXCY_1250'
INFO: [VRFC 10-3107] analyzing entity 'mbv_system_microblaze_riscv_0_0_MB_MUXCY_1251'
INFO: [VRFC 10-3107] analyzing entity 'mbv_system_microblaze_riscv_0_0_MB_MUXCY_1252'
INFO: [VRFC 10-3107] analyzing entity 'mbv_system_microblaze_riscv_0_0_MB_MUXCY_1253'
INFO: [VRFC 10-3107] analyzing entity 'mbv_system_microblaze_riscv_0_0_MB_MUXCY_1254'
INFO: [VRFC 10-3107] analyzing entity 'mbv_system_microblaze_riscv_0_0_MB_MUXCY_1255'
INFO: [VRFC 10-3107] analyzing entity 'mbv_system_microblaze_riscv_0_0_MB_MUXCY_1256'
INFO: [VRFC 10-3107] analyzing entity 'mbv_system_microblaze_riscv_0_0_MB_MUXCY_1257'
INFO: [VRFC 10-3107] analyzing entity 'mbv_system_microblaze_riscv_0_0_MB_MUXCY_1258'
INFO: [VRFC 10-3107] analyzing entity 'mbv_system_microblaze_riscv_0_0_MB_MUXCY_1259'
INFO: [VRFC 10-3107] analyzing entity 'mbv_system_microblaze_riscv_0_0_MB_MUXCY_1260'
INFO: [VRFC 10-3107] analyzing entity 'mbv_system_microblaze_riscv_0_0_MB_MUXCY_1261'
INFO: [VRFC 10-3107] analyzing entity 'mbv_system_microblaze_riscv_0_0_MB_MUXCY_1262'
INFO: [VRFC 10-3107] analyzing entity 'mbv_system_microblaze_riscv_0_0_MB_MUXCY_1263'
INFO: [VRFC 10-3107] analyzing entity 'mbv_system_microblaze_riscv_0_0_MB_MUXCY_1264'
INFO: [VRFC 10-3107] analyzing entity 'mbv_system_microblaze_riscv_0_0_MB_MUXCY_1424'
INFO: [VRFC 10-3107] analyzing entity 'mbv_system_microblaze_riscv_0_0_MB_MUXCY_1425'
INFO: [VRFC 10-3107] analyzing entity 'mbv_system_microblaze_riscv_0_0_MB_MUXCY_1426'
INFO: [VRFC 10-3107] analyzing entity 'mbv_system_microblaze_riscv_0_0_MB_MUXCY_1427'
INFO: [VRFC 10-3107] analyzing entity 'mbv_system_microblaze_riscv_0_0_MB_MUXCY_1505'
INFO: [VRFC 10-3107] analyzing entity 'mbv_system_microblaze_riscv_0_0_MB_MUXCY_1506'
INFO: [VRFC 10-3107] analyzing entity 'mbv_system_microblaze_riscv_0_0_MB_MUXCY_1507'
INFO: [VRFC 10-3107] analyzing entity 'mbv_system_microblaze_riscv_0_0_MB_MUXCY_1508'
INFO: [VRFC 10-3107] analyzing entity 'mbv_system_microblaze_riscv_0_0_MB_MUXCY_1509'
INFO: [VRFC 10-3107] analyzing entity 'mbv_system_microblaze_riscv_0_0_MB_MUXCY_1510'
INFO: [VRFC 10-3107] analyzing entity 'mbv_system_microblaze_riscv_0_0_MB_MUXCY_1517'
INFO: [VRFC 10-3107] analyzing entity 'mbv_system_microblaze_riscv_0_0_MB_MUXCY_1518'
INFO: [VRFC 10-3107] analyzing entity 'mbv_system_microblaze_riscv_0_0_MB_MUXCY_1519'
INFO: [VRFC 10-3107] analyzing entity 'mbv_system_microblaze_riscv_0_0_MB_MUXCY_1520'
INFO: [VRFC 10-3107] analyzing entity 'mbv_system_microblaze_riscv_0_0_MB_MUXCY_1521'
INFO: [VRFC 10-3107] analyzing entity 'mbv_system_microblaze_riscv_0_0_MB_MUXCY_1522'
INFO: [VRFC 10-3107] analyzing entity 'mbv_system_microblaze_riscv_0_0_MB_MUXCY_1526'
INFO: [VRFC 10-3107] analyzing entity 'mbv_system_microblaze_riscv_0_0_MB_MUXCY_1527'
INFO: [VRFC 10-3107] analyzing entity 'mbv_system_microblaze_riscv_0_0_MB_MUXCY_1528'
INFO: [VRFC 10-3107] analyzing entity 'mbv_system_microblaze_riscv_0_0_MB_MUXCY_1537'
INFO: [VRFC 10-3107] analyzing entity 'mbv_system_microblaze_riscv_0_0_MB_MUXCY_1538'
INFO: [VRFC 10-3107] analyzing entity 'mbv_system_microblaze_riscv_0_0_MB_MUXCY_1539'
INFO: [VRFC 10-3107] analyzing entity 'mbv_system_microblaze_riscv_0_0_MB_MUXCY_1540'
INFO: [VRFC 10-3107] analyzing entity 'mbv_system_microblaze_riscv_0_0_MB_MUXCY_1541'
INFO: [VRFC 10-3107] analyzing entity 'mbv_system_microblaze_riscv_0_0_MB_MUXCY_1542'
INFO: [VRFC 10-3107] analyzing entity 'mbv_system_microblaze_riscv_0_0_MB_MUXCY_1543'
INFO: [VRFC 10-3107] analyzing entity 'mbv_system_microblaze_riscv_0_0_MB_MUXCY_1544'
INFO: [VRFC 10-3107] analyzing entity 'mbv_system_microblaze_riscv_0_0_MB_MUXCY_1545'
INFO: [VRFC 10-3107] analyzing entity 'mbv_system_microblaze_riscv_0_0_MB_MUXCY_1547'
INFO: [VRFC 10-3107] analyzing entity 'mbv_system_microblaze_riscv_0_0_MB_MUXCY_1549'
INFO: [VRFC 10-3107] analyzing entity 'mbv_system_microblaze_riscv_0_0_MB_MUXCY_1551'
INFO: [VRFC 10-3107] analyzing entity 'mbv_system_microblaze_riscv_0_0_MB_MUXCY_1553'
INFO: [VRFC 10-3107] analyzing entity 'mbv_system_microblaze_riscv_0_0_MB_MUXCY_1555'
INFO: [VRFC 10-3107] analyzing entity 'mbv_system_microblaze_riscv_0_0_MB_MUXCY_1557'
INFO: [VRFC 10-3107] analyzing entity 'mbv_system_microblaze_riscv_0_0_MB_MUXCY_1559'
INFO: [VRFC 10-3107] analyzing entity 'mbv_system_microblaze_riscv_0_0_MB_MUXCY_1561'
INFO: [VRFC 10-3107] analyzing entity 'mbv_system_microblaze_riscv_0_0_MB_MUXCY_1563'
INFO: [VRFC 10-3107] analyzing entity 'mbv_system_microblaze_riscv_0_0_MB_MUXCY_1565'
INFO: [VRFC 10-3107] analyzing entity 'mbv_system_microblaze_riscv_0_0_MB_MUXCY_1618'
INFO: [VRFC 10-3107] analyzing entity 'mbv_system_microblaze_riscv_0_0_MB_MUXCY_1632'
INFO: [VRFC 10-3107] analyzing entity 'mbv_system_microblaze_riscv_0_0_MB_MUXCY_1638'
INFO: [VRFC 10-3107] analyzing entity 'mbv_system_microblaze_riscv_0_0_MB_MUXCY_1639'
INFO: [VRFC 10-3107] analyzing entity 'mbv_system_microblaze_riscv_0_0_MB_MUXCY_1645'
INFO: [VRFC 10-3107] analyzing entity 'mbv_system_microblaze_riscv_0_0_MB_MUXCY_1654'
INFO: [VRFC 10-3107] analyzing entity 'mbv_system_microblaze_riscv_0_0_MB_MUXCY_1661'
INFO: [VRFC 10-3107] analyzing entity 'mbv_system_microblaze_riscv_0_0_MB_MUXCY_1662'
INFO: [VRFC 10-3107] analyzing entity 'mbv_system_microblaze_riscv_0_0_MB_MUXCY_1663'
INFO: [VRFC 10-3107] analyzing entity 'mbv_system_microblaze_riscv_0_0_MB_MUXCY_1664'
INFO: [VRFC 10-3107] analyzing entity 'mbv_system_microblaze_riscv_0_0_MB_MUXCY_1665'
INFO: [VRFC 10-3107] analyzing entity 'mbv_system_microblaze_riscv_0_0_MB_MUXCY_1666'
INFO: [VRFC 10-3107] analyzing entity 'mbv_system_microblaze_riscv_0_0_MB_MUXCY_1667'
INFO: [VRFC 10-3107] analyzing entity 'mbv_system_microblaze_riscv_0_0_MB_MUXCY_1668'
INFO: [VRFC 10-3107] analyzing entity 'mbv_system_microblaze_riscv_0_0_MB_MUXCY_1669'
INFO: [VRFC 10-3107] analyzing entity 'mbv_system_microblaze_riscv_0_0_MB_MUXCY_1670'
INFO: [VRFC 10-3107] analyzing entity 'mbv_system_microblaze_riscv_0_0_MB_MUXCY_1671'
INFO: [VRFC 10-3107] analyzing entity 'mbv_system_microblaze_riscv_0_0_MB_MUXCY_1672'
INFO: [VRFC 10-3107] analyzing entity 'mbv_system_microblaze_riscv_0_0_MB_MUXCY_1673'
INFO: [VRFC 10-3107] analyzing entity 'mbv_system_microblaze_riscv_0_0_MB_MUXCY_1674'
INFO: [VRFC 10-3107] analyzing entity 'mbv_system_microblaze_riscv_0_0_MB_MUXCY_1675'
INFO: [VRFC 10-3107] analyzing entity 'mbv_system_microblaze_riscv_0_0_MB_MUXCY_1676'
INFO: [VRFC 10-3107] analyzing entity 'mbv_system_microblaze_riscv_0_0_MB_MUXCY_1677'
INFO: [VRFC 10-3107] analyzing entity 'mbv_system_microblaze_riscv_0_0_MB_MUXCY_1678'
INFO: [VRFC 10-3107] analyzing entity 'mbv_system_microblaze_riscv_0_0_MB_MUXCY_1679'
INFO: [VRFC 10-3107] analyzing entity 'mbv_system_microblaze_riscv_0_0_MB_MUXCY_1680'
INFO: [VRFC 10-3107] analyzing entity 'mbv_system_microblaze_riscv_0_0_MB_MUXCY_1681'
INFO: [VRFC 10-3107] analyzing entity 'mbv_system_microblaze_riscv_0_0_MB_MUXCY_1682'
INFO: [VRFC 10-3107] analyzing entity 'mbv_system_microblaze_riscv_0_0_MB_MUXCY_1683'
INFO: [VRFC 10-3107] analyzing entity 'mbv_system_microblaze_riscv_0_0_MB_MUXCY_1684'
INFO: [VRFC 10-3107] analyzing entity 'mbv_system_microblaze_riscv_0_0_MB_MUXCY_1685'
INFO: [VRFC 10-3107] analyzing entity 'mbv_system_microblaze_riscv_0_0_MB_MUXCY_1686'
INFO: [VRFC 10-3107] analyzing entity 'mbv_system_microblaze_riscv_0_0_MB_MUXCY_1687'
INFO: [VRFC 10-3107] analyzing entity 'mbv_system_microblaze_riscv_0_0_MB_MUXCY_1688'
INFO: [VRFC 10-3107] analyzing entity 'mbv_system_microblaze_riscv_0_0_MB_MUXCY_1689'
INFO: [VRFC 10-3107] analyzing entity 'mbv_system_microblaze_riscv_0_0_MB_MUXCY_1690'
INFO: [VRFC 10-3107] analyzing entity 'mbv_system_microblaze_riscv_0_0_MB_MUXCY_1691'
INFO: [VRFC 10-3107] analyzing entity 'mbv_system_microblaze_riscv_0_0_MB_MUXCY_1692'
INFO: [VRFC 10-3107] analyzing entity 'mbv_system_microblaze_riscv_0_0_MB_MUXCY_1693'
INFO: [VRFC 10-3107] analyzing entity 'mbv_system_microblaze_riscv_0_0_MB_MUXCY_1694'
INFO: [VRFC 10-3107] analyzing entity 'mbv_system_microblaze_riscv_0_0_MB_MUXCY_1695'
INFO: [VRFC 10-3107] analyzing entity 'mbv_system_microblaze_riscv_0_0_MB_MUXCY_1696'
INFO: [VRFC 10-3107] analyzing entity 'mbv_system_microblaze_riscv_0_0_MB_MUXCY_1697'
INFO: [VRFC 10-3107] analyzing entity 'mbv_system_microblaze_riscv_0_0_MB_MUXCY_1698'
INFO: [VRFC 10-3107] analyzing entity 'mbv_system_microblaze_riscv_0_0_MB_MUXCY_1699'
INFO: [VRFC 10-3107] analyzing entity 'mbv_system_microblaze_riscv_0_0_MB_MUXCY_1700'
INFO: [VRFC 10-3107] analyzing entity 'mbv_system_microblaze_riscv_0_0_MB_MUXCY_1701'
INFO: [VRFC 10-3107] analyzing entity 'mbv_system_microblaze_riscv_0_0_MB_MUXCY_1702'
INFO: [VRFC 10-3107] analyzing entity 'mbv_system_microblaze_riscv_0_0_MB_MUXCY_1703'
INFO: [VRFC 10-3107] analyzing entity 'mbv_system_microblaze_riscv_0_0_MB_MUXCY_1704'
INFO: [VRFC 10-3107] analyzing entity 'mbv_system_microblaze_riscv_0_0_MB_MUXCY_1705'
INFO: [VRFC 10-3107] analyzing entity 'mbv_system_microblaze_riscv_0_0_MB_MUXCY_1706'
INFO: [VRFC 10-3107] analyzing entity 'mbv_system_microblaze_riscv_0_0_MB_MUXCY_1707'
INFO: [VRFC 10-3107] analyzing entity 'mbv_system_microblaze_riscv_0_0_MB_MUXCY_1708'
INFO: [VRFC 10-3107] analyzing entity 'mbv_system_microblaze_riscv_0_0_MB_MUXCY_1709'
INFO: [VRFC 10-3107] analyzing entity 'mbv_system_microblaze_riscv_0_0_MB_MUXCY_1710'
INFO: [VRFC 10-3107] analyzing entity 'mbv_system_microblaze_riscv_0_0_MB_MUXCY_1711'
INFO: [VRFC 10-3107] analyzing entity 'mbv_system_microblaze_riscv_0_0_MB_MUXCY_1712'
INFO: [VRFC 10-3107] analyzing entity 'mbv_system_microblaze_riscv_0_0_MB_MUXCY_1713'
INFO: [VRFC 10-3107] analyzing entity 'mbv_system_microblaze_riscv_0_0_MB_MUXCY_211'
INFO: [VRFC 10-3107] analyzing entity 'mbv_system_microblaze_riscv_0_0_MB_MUXCY_212'
INFO: [VRFC 10-3107] analyzing entity 'mbv_system_microblaze_riscv_0_0_MB_MUXCY_213'
INFO: [VRFC 10-3107] analyzing entity 'mbv_system_microblaze_riscv_0_0_MB_MUXCY_2136'
INFO: [VRFC 10-3107] analyzing entity 'mbv_system_microblaze_riscv_0_0_MB_MUXCY_2137'
INFO: [VRFC 10-3107] analyzing entity 'mbv_system_microblaze_riscv_0_0_MB_MUXCY_2138'
INFO: [VRFC 10-3107] analyzing entity 'mbv_system_microblaze_riscv_0_0_MB_MUXCY_2139'
INFO: [VRFC 10-3107] analyzing entity 'mbv_system_microblaze_riscv_0_0_MB_MUXCY_214'
INFO: [VRFC 10-3107] analyzing entity 'mbv_system_microblaze_riscv_0_0_MB_MUXCY_2140'
INFO: [VRFC 10-3107] analyzing entity 'mbv_system_microblaze_riscv_0_0_MB_MUXCY_2141'
INFO: [VRFC 10-3107] analyzing entity 'mbv_system_microblaze_riscv_0_0_MB_MUXCY_2142'
INFO: [VRFC 10-3107] analyzing entity 'mbv_system_microblaze_riscv_0_0_MB_MUXCY_2143'
INFO: [VRFC 10-3107] analyzing entity 'mbv_system_microblaze_riscv_0_0_MB_MUXCY_2144'
INFO: [VRFC 10-3107] analyzing entity 'mbv_system_microblaze_riscv_0_0_MB_MUXCY_2145'
INFO: [VRFC 10-3107] analyzing entity 'mbv_system_microblaze_riscv_0_0_MB_MUXCY_2146'
INFO: [VRFC 10-3107] analyzing entity 'mbv_system_microblaze_riscv_0_0_MB_MUXCY_2147'
INFO: [VRFC 10-3107] analyzing entity 'mbv_system_microblaze_riscv_0_0_MB_MUXCY_2148'
INFO: [VRFC 10-3107] analyzing entity 'mbv_system_microblaze_riscv_0_0_MB_MUXCY_2149'
INFO: [VRFC 10-3107] analyzing entity 'mbv_system_microblaze_riscv_0_0_MB_MUXCY_215'
INFO: [VRFC 10-3107] analyzing entity 'mbv_system_microblaze_riscv_0_0_MB_MUXCY_2150'
INFO: [VRFC 10-3107] analyzing entity 'mbv_system_microblaze_riscv_0_0_MB_MUXCY_2151'
INFO: [VRFC 10-3107] analyzing entity 'mbv_system_microblaze_riscv_0_0_MB_MUXCY_2152'
INFO: [VRFC 10-3107] analyzing entity 'mbv_system_microblaze_riscv_0_0_MB_MUXCY_2153'
INFO: [VRFC 10-3107] analyzing entity 'mbv_system_microblaze_riscv_0_0_MB_MUXCY_216'
INFO: [VRFC 10-3107] analyzing entity 'mbv_system_microblaze_riscv_0_0_MB_MUXCY_217'
INFO: [VRFC 10-3107] analyzing entity 'mbv_system_microblaze_riscv_0_0_MB_MUXCY_270'
INFO: [VRFC 10-3107] analyzing entity 'mbv_system_microblaze_riscv_0_0_MB_MUXCY_271'
INFO: [VRFC 10-3107] analyzing entity 'mbv_system_microblaze_riscv_0_0_MB_MUXCY_272'
INFO: [VRFC 10-3107] analyzing entity 'mbv_system_microblaze_riscv_0_0_MB_MUXCY_273'
INFO: [VRFC 10-3107] analyzing entity 'mbv_system_microblaze_riscv_0_0_MB_MUXCY_274'
INFO: [VRFC 10-3107] analyzing entity 'mbv_system_microblaze_riscv_0_0_MB_MUXCY_275'
INFO: [VRFC 10-3107] analyzing entity 'mbv_system_microblaze_riscv_0_0_MB_MUXCY_276'
INFO: [VRFC 10-3107] analyzing entity 'mbv_system_microblaze_riscv_0_0_MB_MUXCY_277'
INFO: [VRFC 10-3107] analyzing entity 'mbv_system_microblaze_riscv_0_0_MB_MUXCY_278'
INFO: [VRFC 10-3107] analyzing entity 'mbv_system_microblaze_riscv_0_0_MB_MUXCY_279'
INFO: [VRFC 10-3107] analyzing entity 'mbv_system_microblaze_riscv_0_0_MB_MUXCY_280'
INFO: [VRFC 10-3107] analyzing entity 'mbv_system_microblaze_riscv_0_0_MB_MUXCY_292'
INFO: [VRFC 10-3107] analyzing entity 'mbv_system_microblaze_riscv_0_0_MB_MUXCY_293'
INFO: [VRFC 10-3107] analyzing entity 'mbv_system_microblaze_riscv_0_0_MB_MUXCY_294'
INFO: [VRFC 10-3107] analyzing entity 'mbv_system_microblaze_riscv_0_0_MB_MUXCY_295'
INFO: [VRFC 10-3107] analyzing entity 'mbv_system_microblaze_riscv_0_0_MB_MUXCY_296'
INFO: [VRFC 10-3107] analyzing entity 'mbv_system_microblaze_riscv_0_0_MB_MUXCY_297'
INFO: [VRFC 10-3107] analyzing entity 'mbv_system_microblaze_riscv_0_0_MB_MUXCY_298'
INFO: [VRFC 10-3107] analyzing entity 'mbv_system_microblaze_riscv_0_0_MB_MUXCY_299'
INFO: [VRFC 10-3107] analyzing entity 'mbv_system_microblaze_riscv_0_0_MB_MUXCY_300'
INFO: [VRFC 10-3107] analyzing entity 'mbv_system_microblaze_riscv_0_0_MB_MUXCY_301'
INFO: [VRFC 10-3107] analyzing entity 'mbv_system_microblaze_riscv_0_0_MB_MUXCY_302'
INFO: [VRFC 10-3107] analyzing entity 'mbv_system_microblaze_riscv_0_0_MB_MUXCY_314'
INFO: [VRFC 10-3107] analyzing entity 'mbv_system_microblaze_riscv_0_0_MB_MUXCY_315'
INFO: [VRFC 10-3107] analyzing entity 'mbv_system_microblaze_riscv_0_0_MB_MUXCY_316'
INFO: [VRFC 10-3107] analyzing entity 'mbv_system_microblaze_riscv_0_0_MB_MUXCY_317'
INFO: [VRFC 10-3107] analyzing entity 'mbv_system_microblaze_riscv_0_0_MB_MUXCY_318'
INFO: [VRFC 10-3107] analyzing entity 'mbv_system_microblaze_riscv_0_0_MB_MUXCY_319'
INFO: [VRFC 10-3107] analyzing entity 'mbv_system_microblaze_riscv_0_0_MB_MUXCY_320'
INFO: [VRFC 10-3107] analyzing entity 'mbv_system_microblaze_riscv_0_0_MB_MUXCY_321'
INFO: [VRFC 10-3107] analyzing entity 'mbv_system_microblaze_riscv_0_0_MB_MUXCY_322'
INFO: [VRFC 10-3107] analyzing entity 'mbv_system_microblaze_riscv_0_0_MB_MUXCY_323'
INFO: [VRFC 10-3107] analyzing entity 'mbv_system_microblaze_riscv_0_0_MB_MUXCY_324'
INFO: [VRFC 10-3107] analyzing entity 'mbv_system_microblaze_riscv_0_0_MB_MUXCY_336'
INFO: [VRFC 10-3107] analyzing entity 'mbv_system_microblaze_riscv_0_0_MB_MUXCY_337'
INFO: [VRFC 10-3107] analyzing entity 'mbv_system_microblaze_riscv_0_0_MB_MUXCY_338'
INFO: [VRFC 10-3107] analyzing entity 'mbv_system_microblaze_riscv_0_0_MB_MUXCY_339'
INFO: [VRFC 10-3107] analyzing entity 'mbv_system_microblaze_riscv_0_0_MB_MUXCY_340'
INFO: [VRFC 10-3107] analyzing entity 'mbv_system_microblaze_riscv_0_0_MB_MUXCY_341'
INFO: [VRFC 10-3107] analyzing entity 'mbv_system_microblaze_riscv_0_0_MB_MUXCY_342'
INFO: [VRFC 10-3107] analyzing entity 'mbv_system_microblaze_riscv_0_0_MB_MUXCY_343'
INFO: [VRFC 10-3107] analyzing entity 'mbv_system_microblaze_riscv_0_0_MB_MUXCY_344'
INFO: [VRFC 10-3107] analyzing entity 'mbv_system_microblaze_riscv_0_0_MB_MUXCY_345'
INFO: [VRFC 10-3107] analyzing entity 'mbv_system_microblaze_riscv_0_0_MB_MUXCY_346'
INFO: [VRFC 10-3107] analyzing entity 'mbv_system_microblaze_riscv_0_0_MB_MUXCY_358'
INFO: [VRFC 10-3107] analyzing entity 'mbv_system_microblaze_riscv_0_0_MB_MUXCY_359'
INFO: [VRFC 10-3107] analyzing entity 'mbv_system_microblaze_riscv_0_0_MB_MUXCY_360'
INFO: [VRFC 10-3107] analyzing entity 'mbv_system_microblaze_riscv_0_0_MB_MUXCY_361'
INFO: [VRFC 10-3107] analyzing entity 'mbv_system_microblaze_riscv_0_0_MB_MUXCY_362'
INFO: [VRFC 10-3107] analyzing entity 'mbv_system_microblaze_riscv_0_0_MB_MUXCY_363'
INFO: [VRFC 10-3107] analyzing entity 'mbv_system_microblaze_riscv_0_0_MB_MUXCY_364'
INFO: [VRFC 10-3107] analyzing entity 'mbv_system_microblaze_riscv_0_0_MB_MUXCY_365'
INFO: [VRFC 10-3107] analyzing entity 'mbv_system_microblaze_riscv_0_0_MB_MUXCY_366'
INFO: [VRFC 10-3107] analyzing entity 'mbv_system_microblaze_riscv_0_0_MB_MUXCY_367'
INFO: [VRFC 10-3107] analyzing entity 'mbv_system_microblaze_riscv_0_0_MB_MUXCY_368'
INFO: [VRFC 10-3107] analyzing entity 'mbv_system_microblaze_riscv_0_0_MB_MUXCY_380'
INFO: [VRFC 10-3107] analyzing entity 'mbv_system_microblaze_riscv_0_0_MB_MUXCY_381'
INFO: [VRFC 10-3107] analyzing entity 'mbv_system_microblaze_riscv_0_0_MB_MUXCY_382'
INFO: [VRFC 10-3107] analyzing entity 'mbv_system_microblaze_riscv_0_0_MB_MUXCY_383'
INFO: [VRFC 10-3107] analyzing entity 'mbv_system_microblaze_riscv_0_0_MB_MUXCY_384'
INFO: [VRFC 10-3107] analyzing entity 'mbv_system_microblaze_riscv_0_0_MB_MUXCY_385'
INFO: [VRFC 10-3107] analyzing entity 'mbv_system_microblaze_riscv_0_0_MB_MUXCY_386'
INFO: [VRFC 10-3107] analyzing entity 'mbv_system_microblaze_riscv_0_0_MB_MUXCY_387'
INFO: [VRFC 10-3107] analyzing entity 'mbv_system_microblaze_riscv_0_0_MB_MUXCY_388'
INFO: [VRFC 10-3107] analyzing entity 'mbv_system_microblaze_riscv_0_0_MB_MUXCY_389'
INFO: [VRFC 10-3107] analyzing entity 'mbv_system_microblaze_riscv_0_0_MB_MUXCY_390'
INFO: [VRFC 10-3107] analyzing entity 'mbv_system_microblaze_riscv_0_0_MB_MUXCY_402'
INFO: [VRFC 10-3107] analyzing entity 'mbv_system_microblaze_riscv_0_0_MB_MUXCY_403'
INFO: [VRFC 10-3107] analyzing entity 'mbv_system_microblaze_riscv_0_0_MB_MUXCY_404'
INFO: [VRFC 10-3107] analyzing entity 'mbv_system_microblaze_riscv_0_0_MB_MUXCY_405'
INFO: [VRFC 10-3107] analyzing entity 'mbv_system_microblaze_riscv_0_0_MB_MUXCY_406'
INFO: [VRFC 10-3107] analyzing entity 'mbv_system_microblaze_riscv_0_0_MB_MUXCY_407'
INFO: [VRFC 10-3107] analyzing entity 'mbv_system_microblaze_riscv_0_0_MB_MUXCY_408'
INFO: [VRFC 10-3107] analyzing entity 'mbv_system_microblaze_riscv_0_0_MB_MUXCY_409'
INFO: [VRFC 10-3107] analyzing entity 'mbv_system_microblaze_riscv_0_0_MB_MUXCY_410'
INFO: [VRFC 10-3107] analyzing entity 'mbv_system_microblaze_riscv_0_0_MB_MUXCY_411'
INFO: [VRFC 10-3107] analyzing entity 'mbv_system_microblaze_riscv_0_0_MB_MUXCY_412'
INFO: [VRFC 10-3107] analyzing entity 'mbv_system_microblaze_riscv_0_0_MB_MUXCY_424'
INFO: [VRFC 10-3107] analyzing entity 'mbv_system_microblaze_riscv_0_0_MB_MUXCY_425'
INFO: [VRFC 10-3107] analyzing entity 'mbv_system_microblaze_riscv_0_0_MB_MUXCY_426'
INFO: [VRFC 10-3107] analyzing entity 'mbv_system_microblaze_riscv_0_0_MB_MUXCY_427'
INFO: [VRFC 10-3107] analyzing entity 'mbv_system_microblaze_riscv_0_0_MB_MUXCY_428'
INFO: [VRFC 10-3107] analyzing entity 'mbv_system_microblaze_riscv_0_0_MB_MUXCY_429'
INFO: [VRFC 10-3107] analyzing entity 'mbv_system_microblaze_riscv_0_0_MB_MUXCY_430'
INFO: [VRFC 10-3107] analyzing entity 'mbv_system_microblaze_riscv_0_0_MB_MUXCY_431'
INFO: [VRFC 10-3107] analyzing entity 'mbv_system_microblaze_riscv_0_0_MB_MUXCY_432'
INFO: [VRFC 10-3107] analyzing entity 'mbv_system_microblaze_riscv_0_0_MB_MUXCY_433'
INFO: [VRFC 10-3107] analyzing entity 'mbv_system_microblaze_riscv_0_0_MB_MUXCY_434'
INFO: [VRFC 10-3107] analyzing entity 'mbv_system_microblaze_riscv_0_0_MB_MUXCY_446'
INFO: [VRFC 10-3107] analyzing entity 'mbv_system_microblaze_riscv_0_0_MB_MUXCY_447'
INFO: [VRFC 10-3107] analyzing entity 'mbv_system_microblaze_riscv_0_0_MB_MUXCY_448'
INFO: [VRFC 10-3107] analyzing entity 'mbv_system_microblaze_riscv_0_0_MB_MUXCY_449'
INFO: [VRFC 10-3107] analyzing entity 'mbv_system_microblaze_riscv_0_0_MB_MUXCY_450'
INFO: [VRFC 10-3107] analyzing entity 'mbv_system_microblaze_riscv_0_0_MB_MUXCY_451'
INFO: [VRFC 10-3107] analyzing entity 'mbv_system_microblaze_riscv_0_0_MB_MUXCY_452'
INFO: [VRFC 10-3107] analyzing entity 'mbv_system_microblaze_riscv_0_0_MB_MUXCY_453'
INFO: [VRFC 10-3107] analyzing entity 'mbv_system_microblaze_riscv_0_0_MB_MUXCY_454'
INFO: [VRFC 10-3107] analyzing entity 'mbv_system_microblaze_riscv_0_0_MB_MUXCY_455'
INFO: [VRFC 10-3107] analyzing entity 'mbv_system_microblaze_riscv_0_0_MB_MUXCY_456'
INFO: [VRFC 10-3107] analyzing entity 'mbv_system_microblaze_riscv_0_0_MB_MUXCY_468'
INFO: [VRFC 10-3107] analyzing entity 'mbv_system_microblaze_riscv_0_0_MB_MUXCY_469'
INFO: [VRFC 10-3107] analyzing entity 'mbv_system_microblaze_riscv_0_0_MB_MUXCY_470'
INFO: [VRFC 10-3107] analyzing entity 'mbv_system_microblaze_riscv_0_0_MB_MUXCY_471'
INFO: [VRFC 10-3107] analyzing entity 'mbv_system_microblaze_riscv_0_0_MB_MUXCY_472'
INFO: [VRFC 10-3107] analyzing entity 'mbv_system_microblaze_riscv_0_0_MB_MUXCY_473'
INFO: [VRFC 10-3107] analyzing entity 'mbv_system_microblaze_riscv_0_0_MB_MUXCY_474'
INFO: [VRFC 10-3107] analyzing entity 'mbv_system_microblaze_riscv_0_0_MB_MUXCY_475'
INFO: [VRFC 10-3107] analyzing entity 'mbv_system_microblaze_riscv_0_0_MB_MUXCY_476'
INFO: [VRFC 10-3107] analyzing entity 'mbv_system_microblaze_riscv_0_0_MB_MUXCY_477'
INFO: [VRFC 10-3107] analyzing entity 'mbv_system_microblaze_riscv_0_0_MB_MUXCY_478'
INFO: [VRFC 10-3107] analyzing entity 'mbv_system_microblaze_riscv_0_0_MB_MUXCY_490'
INFO: [VRFC 10-3107] analyzing entity 'mbv_system_microblaze_riscv_0_0_MB_MUXCY_491'
INFO: [VRFC 10-3107] analyzing entity 'mbv_system_microblaze_riscv_0_0_MB_MUXCY_492'
INFO: [VRFC 10-3107] analyzing entity 'mbv_system_microblaze_riscv_0_0_MB_MUXCY_493'
INFO: [VRFC 10-3107] analyzing entity 'mbv_system_microblaze_riscv_0_0_MB_MUXCY_494'
INFO: [VRFC 10-3107] analyzing entity 'mbv_system_microblaze_riscv_0_0_MB_MUXCY_495'
INFO: [VRFC 10-3107] analyzing entity 'mbv_system_microblaze_riscv_0_0_MB_MUXCY_496'
INFO: [VRFC 10-3107] analyzing entity 'mbv_system_microblaze_riscv_0_0_MB_MUXCY_497'
INFO: [VRFC 10-3107] analyzing entity 'mbv_system_microblaze_riscv_0_0_MB_MUXCY_498'
INFO: [VRFC 10-3107] analyzing entity 'mbv_system_microblaze_riscv_0_0_MB_MUXCY_499'
INFO: [VRFC 10-3107] analyzing entity 'mbv_system_microblaze_riscv_0_0_MB_MUXCY_500'
INFO: [VRFC 10-3107] analyzing entity 'mbv_system_microblaze_riscv_0_0_MB_MUXCY_512'
INFO: [VRFC 10-3107] analyzing entity 'mbv_system_microblaze_riscv_0_0_MB_MUXCY_513'
INFO: [VRFC 10-3107] analyzing entity 'mbv_system_microblaze_riscv_0_0_MB_MUXCY_514'
INFO: [VRFC 10-3107] analyzing entity 'mbv_system_microblaze_riscv_0_0_MB_MUXCY_515'
INFO: [VRFC 10-3107] analyzing entity 'mbv_system_microblaze_riscv_0_0_MB_MUXCY_516'
INFO: [VRFC 10-3107] analyzing entity 'mbv_system_microblaze_riscv_0_0_MB_MUXCY_517'
INFO: [VRFC 10-3107] analyzing entity 'mbv_system_microblaze_riscv_0_0_MB_MUXCY_518'
INFO: [VRFC 10-3107] analyzing entity 'mbv_system_microblaze_riscv_0_0_MB_MUXCY_519'
INFO: [VRFC 10-3107] analyzing entity 'mbv_system_microblaze_riscv_0_0_MB_MUXCY_520'
INFO: [VRFC 10-3107] analyzing entity 'mbv_system_microblaze_riscv_0_0_MB_MUXCY_521'
INFO: [VRFC 10-3107] analyzing entity 'mbv_system_microblaze_riscv_0_0_MB_MUXCY_522'
INFO: [VRFC 10-3107] analyzing entity 'mbv_system_microblaze_riscv_0_0_MB_MUXCY_534'
INFO: [VRFC 10-3107] analyzing entity 'mbv_system_microblaze_riscv_0_0_MB_MUXCY_535'
INFO: [VRFC 10-3107] analyzing entity 'mbv_system_microblaze_riscv_0_0_MB_MUXCY_536'
INFO: [VRFC 10-3107] analyzing entity 'mbv_system_microblaze_riscv_0_0_MB_MUXCY_537'
INFO: [VRFC 10-3107] analyzing entity 'mbv_system_microblaze_riscv_0_0_MB_MUXCY_538'
INFO: [VRFC 10-3107] analyzing entity 'mbv_system_microblaze_riscv_0_0_MB_MUXCY_539'
INFO: [VRFC 10-3107] analyzing entity 'mbv_system_microblaze_riscv_0_0_MB_MUXCY_540'
INFO: [VRFC 10-3107] analyzing entity 'mbv_system_microblaze_riscv_0_0_MB_MUXCY_541'
INFO: [VRFC 10-3107] analyzing entity 'mbv_system_microblaze_riscv_0_0_MB_MUXCY_542'
INFO: [VRFC 10-3107] analyzing entity 'mbv_system_microblaze_riscv_0_0_MB_MUXCY_543'
INFO: [VRFC 10-3107] analyzing entity 'mbv_system_microblaze_riscv_0_0_MB_MUXCY_544'
INFO: [VRFC 10-3107] analyzing entity 'mbv_system_microblaze_riscv_0_0_MB_MUXCY_556'
INFO: [VRFC 10-3107] analyzing entity 'mbv_system_microblaze_riscv_0_0_MB_MUXCY_557'
INFO: [VRFC 10-3107] analyzing entity 'mbv_system_microblaze_riscv_0_0_MB_MUXCY_558'
INFO: [VRFC 10-3107] analyzing entity 'mbv_system_microblaze_riscv_0_0_MB_MUXCY_559'
INFO: [VRFC 10-3107] analyzing entity 'mbv_system_microblaze_riscv_0_0_MB_MUXCY_560'
INFO: [VRFC 10-3107] analyzing entity 'mbv_system_microblaze_riscv_0_0_MB_MUXCY_561'
INFO: [VRFC 10-3107] analyzing entity 'mbv_system_microblaze_riscv_0_0_MB_MUXCY_562'
INFO: [VRFC 10-3107] analyzing entity 'mbv_system_microblaze_riscv_0_0_MB_MUXCY_563'
INFO: [VRFC 10-3107] analyzing entity 'mbv_system_microblaze_riscv_0_0_MB_MUXCY_564'
INFO: [VRFC 10-3107] analyzing entity 'mbv_system_microblaze_riscv_0_0_MB_MUXCY_565'
INFO: [VRFC 10-3107] analyzing entity 'mbv_system_microblaze_riscv_0_0_MB_MUXCY_566'
INFO: [VRFC 10-3107] analyzing entity 'mbv_system_microblaze_riscv_0_0_MB_MUXCY_578'
INFO: [VRFC 10-3107] analyzing entity 'mbv_system_microblaze_riscv_0_0_MB_MUXCY_579'
INFO: [VRFC 10-3107] analyzing entity 'mbv_system_microblaze_riscv_0_0_MB_MUXCY_580'
INFO: [VRFC 10-3107] analyzing entity 'mbv_system_microblaze_riscv_0_0_MB_MUXCY_581'
INFO: [VRFC 10-3107] analyzing entity 'mbv_system_microblaze_riscv_0_0_MB_MUXCY_582'
INFO: [VRFC 10-3107] analyzing entity 'mbv_system_microblaze_riscv_0_0_MB_MUXCY_583'
INFO: [VRFC 10-3107] analyzing entity 'mbv_system_microblaze_riscv_0_0_MB_MUXCY_584'
INFO: [VRFC 10-3107] analyzing entity 'mbv_system_microblaze_riscv_0_0_MB_MUXCY_585'
INFO: [VRFC 10-3107] analyzing entity 'mbv_system_microblaze_riscv_0_0_MB_MUXCY_586'
INFO: [VRFC 10-3107] analyzing entity 'mbv_system_microblaze_riscv_0_0_MB_MUXCY_587'
INFO: [VRFC 10-3107] analyzing entity 'mbv_system_microblaze_riscv_0_0_MB_MUXCY_588'
INFO: [VRFC 10-3107] analyzing entity 'mbv_system_microblaze_riscv_0_0_MB_MUXCY_600'
INFO: [VRFC 10-3107] analyzing entity 'mbv_system_microblaze_riscv_0_0_MB_MUXCY_601'
INFO: [VRFC 10-3107] analyzing entity 'mbv_system_microblaze_riscv_0_0_MB_MUXCY_602'
INFO: [VRFC 10-3107] analyzing entity 'mbv_system_microblaze_riscv_0_0_MB_MUXCY_603'
INFO: [VRFC 10-3107] analyzing entity 'mbv_system_microblaze_riscv_0_0_MB_MUXCY_604'
INFO: [VRFC 10-3107] analyzing entity 'mbv_system_microblaze_riscv_0_0_MB_MUXCY_605'
INFO: [VRFC 10-3107] analyzing entity 'mbv_system_microblaze_riscv_0_0_MB_MUXCY_606'
INFO: [VRFC 10-3107] analyzing entity 'mbv_system_microblaze_riscv_0_0_MB_MUXCY_607'
INFO: [VRFC 10-3107] analyzing entity 'mbv_system_microblaze_riscv_0_0_MB_MUXCY_608'
INFO: [VRFC 10-3107] analyzing entity 'mbv_system_microblaze_riscv_0_0_MB_MUXCY_609'
INFO: [VRFC 10-3107] analyzing entity 'mbv_system_microblaze_riscv_0_0_MB_MUXCY_610'
INFO: [VRFC 10-3107] analyzing entity 'mbv_system_microblaze_riscv_0_0_MB_MUXCY_622'
INFO: [VRFC 10-3107] analyzing entity 'mbv_system_microblaze_riscv_0_0_MB_MUXCY_623'
INFO: [VRFC 10-3107] analyzing entity 'mbv_system_microblaze_riscv_0_0_MB_MUXCY_624'
INFO: [VRFC 10-3107] analyzing entity 'mbv_system_microblaze_riscv_0_0_MB_MUXCY_625'
INFO: [VRFC 10-3107] analyzing entity 'mbv_system_microblaze_riscv_0_0_MB_MUXCY_626'
INFO: [VRFC 10-3107] analyzing entity 'mbv_system_microblaze_riscv_0_0_MB_MUXCY_627'
INFO: [VRFC 10-3107] analyzing entity 'mbv_system_microblaze_riscv_0_0_MB_MUXCY_628'
INFO: [VRFC 10-3107] analyzing entity 'mbv_system_microblaze_riscv_0_0_MB_MUXCY_629'
INFO: [VRFC 10-3107] analyzing entity 'mbv_system_microblaze_riscv_0_0_MB_MUXCY_630'
INFO: [VRFC 10-3107] analyzing entity 'mbv_system_microblaze_riscv_0_0_MB_MUXCY_631'
INFO: [VRFC 10-3107] analyzing entity 'mbv_system_microblaze_riscv_0_0_MB_MUXCY_632'
INFO: [VRFC 10-3107] analyzing entity 'mbv_system_microblaze_riscv_0_0_MB_MUXCY_644'
INFO: [VRFC 10-3107] analyzing entity 'mbv_system_microblaze_riscv_0_0_MB_MUXCY_645'
INFO: [VRFC 10-3107] analyzing entity 'mbv_system_microblaze_riscv_0_0_MB_MUXCY_646'
INFO: [VRFC 10-3107] analyzing entity 'mbv_system_microblaze_riscv_0_0_MB_MUXCY_647'
INFO: [VRFC 10-3107] analyzing entity 'mbv_system_microblaze_riscv_0_0_MB_MUXCY_648'
INFO: [VRFC 10-3107] analyzing entity 'mbv_system_microblaze_riscv_0_0_MB_MUXCY_649'
INFO: [VRFC 10-3107] analyzing entity 'mbv_system_microblaze_riscv_0_0_MB_MUXCY_650'
INFO: [VRFC 10-3107] analyzing entity 'mbv_system_microblaze_riscv_0_0_MB_MUXCY_651'
INFO: [VRFC 10-3107] analyzing entity 'mbv_system_microblaze_riscv_0_0_MB_MUXCY_652'
INFO: [VRFC 10-3107] analyzing entity 'mbv_system_microblaze_riscv_0_0_MB_MUXCY_653'
INFO: [VRFC 10-3107] analyzing entity 'mbv_system_microblaze_riscv_0_0_MB_MUXCY_654'
INFO: [VRFC 10-3107] analyzing entity 'mbv_system_microblaze_riscv_0_0_MB_MUXCY_666'
INFO: [VRFC 10-3107] analyzing entity 'mbv_system_microblaze_riscv_0_0_MB_MUXCY_667'
INFO: [VRFC 10-3107] analyzing entity 'mbv_system_microblaze_riscv_0_0_MB_MUXCY_668'
INFO: [VRFC 10-3107] analyzing entity 'mbv_system_microblaze_riscv_0_0_MB_MUXCY_669'
INFO: [VRFC 10-3107] analyzing entity 'mbv_system_microblaze_riscv_0_0_MB_MUXCY_670'
INFO: [VRFC 10-3107] analyzing entity 'mbv_system_microblaze_riscv_0_0_MB_MUXCY_671'
INFO: [VRFC 10-3107] analyzing entity 'mbv_system_microblaze_riscv_0_0_MB_MUXCY_672'
INFO: [VRFC 10-3107] analyzing entity 'mbv_system_microblaze_riscv_0_0_MB_MUXCY_673'
INFO: [VRFC 10-3107] analyzing entity 'mbv_system_microblaze_riscv_0_0_MB_MUXCY_674'
INFO: [VRFC 10-3107] analyzing entity 'mbv_system_microblaze_riscv_0_0_MB_MUXCY_675'
INFO: [VRFC 10-3107] analyzing entity 'mbv_system_microblaze_riscv_0_0_MB_MUXCY_676'
INFO: [VRFC 10-3107] analyzing entity 'mbv_system_microblaze_riscv_0_0_MB_MUXCY_688'
INFO: [VRFC 10-3107] analyzing entity 'mbv_system_microblaze_riscv_0_0_MB_MUXCY_689'
INFO: [VRFC 10-3107] analyzing entity 'mbv_system_microblaze_riscv_0_0_MB_MUXCY_690'
INFO: [VRFC 10-3107] analyzing entity 'mbv_system_microblaze_riscv_0_0_MB_MUXCY_691'
INFO: [VRFC 10-3107] analyzing entity 'mbv_system_microblaze_riscv_0_0_MB_MUXCY_692'
INFO: [VRFC 10-3107] analyzing entity 'mbv_system_microblaze_riscv_0_0_MB_MUXCY_693'
INFO: [VRFC 10-3107] analyzing entity 'mbv_system_microblaze_riscv_0_0_MB_MUXCY_694'
INFO: [VRFC 10-3107] analyzing entity 'mbv_system_microblaze_riscv_0_0_MB_MUXCY_695'
INFO: [VRFC 10-3107] analyzing entity 'mbv_system_microblaze_riscv_0_0_MB_MUXCY_696'
INFO: [VRFC 10-3107] analyzing entity 'mbv_system_microblaze_riscv_0_0_MB_MUXCY_697'
INFO: [VRFC 10-3107] analyzing entity 'mbv_system_microblaze_riscv_0_0_MB_MUXCY_698'
INFO: [VRFC 10-3107] analyzing entity 'mbv_system_microblaze_riscv_0_0_MB_MUXCY_710'
INFO: [VRFC 10-3107] analyzing entity 'mbv_system_microblaze_riscv_0_0_MB_MUXCY_711'
INFO: [VRFC 10-3107] analyzing entity 'mbv_system_microblaze_riscv_0_0_MB_MUXCY_712'
INFO: [VRFC 10-3107] analyzing entity 'mbv_system_microblaze_riscv_0_0_MB_MUXCY_713'
INFO: [VRFC 10-3107] analyzing entity 'mbv_system_microblaze_riscv_0_0_MB_MUXCY_714'
INFO: [VRFC 10-3107] analyzing entity 'mbv_system_microblaze_riscv_0_0_MB_MUXCY_715'
INFO: [VRFC 10-3107] analyzing entity 'mbv_system_microblaze_riscv_0_0_MB_MUXCY_716'
INFO: [VRFC 10-3107] analyzing entity 'mbv_system_microblaze_riscv_0_0_MB_MUXCY_717'
INFO: [VRFC 10-3107] analyzing entity 'mbv_system_microblaze_riscv_0_0_MB_MUXCY_718'
INFO: [VRFC 10-3107] analyzing entity 'mbv_system_microblaze_riscv_0_0_MB_MUXCY_719'
INFO: [VRFC 10-3107] analyzing entity 'mbv_system_microblaze_riscv_0_0_MB_MUXCY_720'
INFO: [VRFC 10-3107] analyzing entity 'mbv_system_microblaze_riscv_0_0_MB_MUXCY_732'
INFO: [VRFC 10-3107] analyzing entity 'mbv_system_microblaze_riscv_0_0_MB_MUXCY_733'
INFO: [VRFC 10-3107] analyzing entity 'mbv_system_microblaze_riscv_0_0_MB_MUXCY_734'
INFO: [VRFC 10-3107] analyzing entity 'mbv_system_microblaze_riscv_0_0_MB_MUXCY_735'
INFO: [VRFC 10-3107] analyzing entity 'mbv_system_microblaze_riscv_0_0_MB_MUXCY_736'
INFO: [VRFC 10-3107] analyzing entity 'mbv_system_microblaze_riscv_0_0_MB_MUXCY_737'
INFO: [VRFC 10-3107] analyzing entity 'mbv_system_microblaze_riscv_0_0_MB_MUXCY_738'
INFO: [VRFC 10-3107] analyzing entity 'mbv_system_microblaze_riscv_0_0_MB_MUXCY_739'
INFO: [VRFC 10-3107] analyzing entity 'mbv_system_microblaze_riscv_0_0_MB_MUXCY_740'
INFO: [VRFC 10-3107] analyzing entity 'mbv_system_microblaze_riscv_0_0_MB_MUXCY_741'
INFO: [VRFC 10-3107] analyzing entity 'mbv_system_microblaze_riscv_0_0_MB_MUXCY_742'
INFO: [VRFC 10-3107] analyzing entity 'mbv_system_microblaze_riscv_0_0_MB_MUXCY_754'
INFO: [VRFC 10-3107] analyzing entity 'mbv_system_microblaze_riscv_0_0_MB_MUXCY_755'
INFO: [VRFC 10-3107] analyzing entity 'mbv_system_microblaze_riscv_0_0_MB_MUXCY_756'
INFO: [VRFC 10-3107] analyzing entity 'mbv_system_microblaze_riscv_0_0_MB_MUXCY_757'
INFO: [VRFC 10-3107] analyzing entity 'mbv_system_microblaze_riscv_0_0_MB_MUXCY_758'
INFO: [VRFC 10-3107] analyzing entity 'mbv_system_microblaze_riscv_0_0_MB_MUXCY_759'
INFO: [VRFC 10-3107] analyzing entity 'mbv_system_microblaze_riscv_0_0_MB_MUXCY_760'
INFO: [VRFC 10-3107] analyzing entity 'mbv_system_microblaze_riscv_0_0_MB_MUXCY_761'
INFO: [VRFC 10-3107] analyzing entity 'mbv_system_microblaze_riscv_0_0_MB_MUXCY_762'
INFO: [VRFC 10-3107] analyzing entity 'mbv_system_microblaze_riscv_0_0_MB_MUXCY_763'
INFO: [VRFC 10-3107] analyzing entity 'mbv_system_microblaze_riscv_0_0_MB_MUXCY_764'
INFO: [VRFC 10-3107] analyzing entity 'mbv_system_microblaze_riscv_0_0_MB_MUXCY_776'
INFO: [VRFC 10-3107] analyzing entity 'mbv_system_microblaze_riscv_0_0_MB_MUXCY_777'
INFO: [VRFC 10-3107] analyzing entity 'mbv_system_microblaze_riscv_0_0_MB_MUXCY_778'
INFO: [VRFC 10-3107] analyzing entity 'mbv_system_microblaze_riscv_0_0_MB_MUXCY_779'
INFO: [VRFC 10-3107] analyzing entity 'mbv_system_microblaze_riscv_0_0_MB_MUXCY_780'
INFO: [VRFC 10-3107] analyzing entity 'mbv_system_microblaze_riscv_0_0_MB_MUXCY_781'
INFO: [VRFC 10-3107] analyzing entity 'mbv_system_microblaze_riscv_0_0_MB_MUXCY_782'
INFO: [VRFC 10-3107] analyzing entity 'mbv_system_microblaze_riscv_0_0_MB_MUXCY_783'
INFO: [VRFC 10-3107] analyzing entity 'mbv_system_microblaze_riscv_0_0_MB_MUXCY_784'
INFO: [VRFC 10-3107] analyzing entity 'mbv_system_microblaze_riscv_0_0_MB_MUXCY_785'
INFO: [VRFC 10-3107] analyzing entity 'mbv_system_microblaze_riscv_0_0_MB_MUXCY_786'
INFO: [VRFC 10-3107] analyzing entity 'mbv_system_microblaze_riscv_0_0_MB_MUXCY_816'
INFO: [VRFC 10-3107] analyzing entity 'mbv_system_microblaze_riscv_0_0_MB_MUXCY_817'
INFO: [VRFC 10-3107] analyzing entity 'mbv_system_microblaze_riscv_0_0_MB_MUXCY_818'
INFO: [VRFC 10-3107] analyzing entity 'mbv_system_microblaze_riscv_0_0_MB_MUXCY_819'
INFO: [VRFC 10-3107] analyzing entity 'mbv_system_microblaze_riscv_0_0_MB_MUXCY_820'
INFO: [VRFC 10-3107] analyzing entity 'mbv_system_microblaze_riscv_0_0_MB_MUXCY_821'
INFO: [VRFC 10-3107] analyzing entity 'mbv_system_microblaze_riscv_0_0_MB_MUXCY_822'
INFO: [VRFC 10-3107] analyzing entity 'mbv_system_microblaze_riscv_0_0_MB_MUXCY_823'
INFO: [VRFC 10-3107] analyzing entity 'mbv_system_microblaze_riscv_0_0_MB_MUXCY_834'
INFO: [VRFC 10-3107] analyzing entity 'mbv_system_microblaze_riscv_0_0_MB_MUXCY_835'
INFO: [VRFC 10-3107] analyzing entity 'mbv_system_microblaze_riscv_0_0_MB_MUXCY_836'
INFO: [VRFC 10-3107] analyzing entity 'mbv_system_microblaze_riscv_0_0_MB_MUXCY_837'
INFO: [VRFC 10-3107] analyzing entity 'mbv_system_microblaze_riscv_0_0_MB_MUXCY_838'
INFO: [VRFC 10-3107] analyzing entity 'mbv_system_microblaze_riscv_0_0_MB_MUXCY_839'
INFO: [VRFC 10-3107] analyzing entity 'mbv_system_microblaze_riscv_0_0_MB_MUXCY_840'
INFO: [VRFC 10-3107] analyzing entity 'mbv_system_microblaze_riscv_0_0_MB_MUXCY_841'
INFO: [VRFC 10-3107] analyzing entity 'mbv_system_microblaze_riscv_0_0_MB_MUXCY_842'
INFO: [VRFC 10-3107] analyzing entity 'mbv_system_microblaze_riscv_0_0_MB_MUXCY_843'
INFO: [VRFC 10-3107] analyzing entity 'mbv_system_microblaze_riscv_0_0_MB_MUXCY_848'
INFO: [VRFC 10-3107] analyzing entity 'mbv_system_microblaze_riscv_0_0_MB_MUXCY_849'
INFO: [VRFC 10-3107] analyzing entity 'mbv_system_microblaze_riscv_0_0_MB_MUXCY_850'
INFO: [VRFC 10-3107] analyzing entity 'mbv_system_microblaze_riscv_0_0_MB_MUXCY_851'
INFO: [VRFC 10-3107] analyzing entity 'mbv_system_microblaze_riscv_0_0_MB_MUXCY_854'
INFO: [VRFC 10-3107] analyzing entity 'mbv_system_microblaze_riscv_0_0_MB_MUXCY_855'
INFO: [VRFC 10-3107] analyzing entity 'mbv_system_microblaze_riscv_0_0_MB_MUXCY_864'
INFO: [VRFC 10-3107] analyzing entity 'mbv_system_microblaze_riscv_0_0_MB_MUXCY_865'
INFO: [VRFC 10-3107] analyzing entity 'mbv_system_microblaze_riscv_0_0_MB_MUXCY_866'
INFO: [VRFC 10-3107] analyzing entity 'mbv_system_microblaze_riscv_0_0_MB_MUXCY_867'
INFO: [VRFC 10-3107] analyzing entity 'mbv_system_microblaze_riscv_0_0_MB_MUXCY_868'
INFO: [VRFC 10-3107] analyzing entity 'mbv_system_microblaze_riscv_0_0_MB_MUXCY_869'
INFO: [VRFC 10-3107] analyzing entity 'mbv_system_microblaze_riscv_0_0_MB_MUXCY_870'
INFO: [VRFC 10-3107] analyzing entity 'mbv_system_microblaze_riscv_0_0_MB_MUXCY_871'
INFO: [VRFC 10-3107] analyzing entity 'mbv_system_microblaze_riscv_0_0_MB_MUXCY_874'
INFO: [VRFC 10-3107] analyzing entity 'mbv_system_microblaze_riscv_0_0_MB_MUXCY_875'
INFO: [VRFC 10-3107] analyzing entity 'mbv_system_microblaze_riscv_0_0_MB_MUXCY_884'
INFO: [VRFC 10-3107] analyzing entity 'mbv_system_microblaze_riscv_0_0_MB_MUXCY_885'
INFO: [VRFC 10-3107] analyzing entity 'mbv_system_microblaze_riscv_0_0_MB_MUXCY_886'
INFO: [VRFC 10-3107] analyzing entity 'mbv_system_microblaze_riscv_0_0_MB_MUXCY_887'
INFO: [VRFC 10-3107] analyzing entity 'mbv_system_microblaze_riscv_0_0_MB_MUXCY_888'
INFO: [VRFC 10-3107] analyzing entity 'mbv_system_microblaze_riscv_0_0_MB_MUXCY_889'
INFO: [VRFC 10-3107] analyzing entity 'mbv_system_microblaze_riscv_0_0_MB_MUXCY_890'
INFO: [VRFC 10-3107] analyzing entity 'mbv_system_microblaze_riscv_0_0_MB_MUXCY_891'
INFO: [VRFC 10-3107] analyzing entity 'mbv_system_microblaze_riscv_0_0_MB_MUXCY_896'
INFO: [VRFC 10-3107] analyzing entity 'mbv_system_microblaze_riscv_0_0_MB_MUXCY_897'
INFO: [VRFC 10-3107] analyzing entity 'mbv_system_microblaze_riscv_0_0_MB_MUXCY_898'
INFO: [VRFC 10-3107] analyzing entity 'mbv_system_microblaze_riscv_0_0_MB_MUXCY_899'
INFO: [VRFC 10-3107] analyzing entity 'mbv_system_microblaze_riscv_0_0_MB_MUXCY_903'
INFO: [VRFC 10-3107] analyzing entity 'mbv_system_microblaze_riscv_0_0_MB_MUXCY_904'
INFO: [VRFC 10-3107] analyzing entity 'mbv_system_microblaze_riscv_0_0_MB_MUXCY_905'
INFO: [VRFC 10-3107] analyzing entity 'mbv_system_microblaze_riscv_0_0_MB_MUXCY_906'
INFO: [VRFC 10-3107] analyzing entity 'mbv_system_microblaze_riscv_0_0_MB_MUXCY_907'
INFO: [VRFC 10-3107] analyzing entity 'mbv_system_microblaze_riscv_0_0_MB_MUXCY_909'
INFO: [VRFC 10-3107] analyzing entity 'mbv_system_microblaze_riscv_0_0_MB_MUXCY_912'
INFO: [VRFC 10-3107] analyzing entity 'mbv_system_microblaze_riscv_0_0_MB_MUXCY_916'
INFO: [VRFC 10-3107] analyzing entity 'mbv_system_microblaze_riscv_0_0_MB_MUXCY_917'
INFO: [VRFC 10-3107] analyzing entity 'mbv_system_microblaze_riscv_0_0_MB_MUXCY_921'
INFO: [VRFC 10-3107] analyzing entity 'mbv_system_microblaze_riscv_0_0_MB_MUXCY_922'
INFO: [VRFC 10-3107] analyzing entity 'mbv_system_microblaze_riscv_0_0_MB_MUXCY_923'
INFO: [VRFC 10-3107] analyzing entity 'mbv_system_microblaze_riscv_0_0_MB_MUXCY_938'
INFO: [VRFC 10-3107] analyzing entity 'mbv_system_microblaze_riscv_0_0_MB_MUXCY_939'
INFO: [VRFC 10-3107] analyzing entity 'mbv_system_microblaze_riscv_0_0_MB_MUXCY_940'
INFO: [VRFC 10-3107] analyzing entity 'mbv_system_microblaze_riscv_0_0_MB_MUXCY_941'
INFO: [VRFC 10-3107] analyzing entity 'mbv_system_microblaze_riscv_0_0_MB_MUXCY_942'
INFO: [VRFC 10-3107] analyzing entity 'mbv_system_microblaze_riscv_0_0_MB_MUXCY_943'
INFO: [VRFC 10-3107] analyzing entity 'mbv_system_microblaze_riscv_0_0_MB_MUXCY_944'
INFO: [VRFC 10-3107] analyzing entity 'mbv_system_microblaze_riscv_0_0_MB_MUXCY_945'
INFO: [VRFC 10-3107] analyzing entity 'mbv_system_microblaze_riscv_0_0_MB_MUXCY_946'
INFO: [VRFC 10-3107] analyzing entity 'mbv_system_microblaze_riscv_0_0_MB_MUXCY_947'
INFO: [VRFC 10-3107] analyzing entity 'mbv_system_microblaze_riscv_0_0_MB_MUXCY_948'
INFO: [VRFC 10-3107] analyzing entity 'mbv_system_microblaze_riscv_0_0_MB_MUXCY_949'
INFO: [VRFC 10-3107] analyzing entity 'mbv_system_microblaze_riscv_0_0_MB_MUXCY_950'
INFO: [VRFC 10-3107] analyzing entity 'mbv_system_microblaze_riscv_0_0_MB_MUXCY_951'
INFO: [VRFC 10-3107] analyzing entity 'mbv_system_microblaze_riscv_0_0_MB_MUXCY_952'
INFO: [VRFC 10-3107] analyzing entity 'mbv_system_microblaze_riscv_0_0_MB_MUXCY_956'
INFO: [VRFC 10-3107] analyzing entity 'mbv_system_microblaze_riscv_0_0_MB_MUXCY_957'
INFO: [VRFC 10-3107] analyzing entity 'mbv_system_microblaze_riscv_0_0_MB_MUXCY_958'
INFO: [VRFC 10-3107] analyzing entity 'mbv_system_microblaze_riscv_0_0_MB_MUXCY_973'
INFO: [VRFC 10-3107] analyzing entity 'mbv_system_microblaze_riscv_0_0_MB_MUXCY_974'
INFO: [VRFC 10-3107] analyzing entity 'mbv_system_microblaze_riscv_0_0_MB_MUXCY_975'
INFO: [VRFC 10-3107] analyzing entity 'mbv_system_microblaze_riscv_0_0_MB_MUXCY_976'
INFO: [VRFC 10-3107] analyzing entity 'mbv_system_microblaze_riscv_0_0_MB_MUXCY_977'
INFO: [VRFC 10-3107] analyzing entity 'mbv_system_microblaze_riscv_0_0_MB_MUXCY_978'
INFO: [VRFC 10-3107] analyzing entity 'mbv_system_microblaze_riscv_0_0_MB_MUXCY_979'
INFO: [VRFC 10-3107] analyzing entity 'mbv_system_microblaze_riscv_0_0_MB_MUXCY_980'
INFO: [VRFC 10-3107] analyzing entity 'mbv_system_microblaze_riscv_0_0_MB_MUXCY_981'
INFO: [VRFC 10-3107] analyzing entity 'mbv_system_microblaze_riscv_0_0_MB_MUXCY_982'
INFO: [VRFC 10-3107] analyzing entity 'mbv_system_microblaze_riscv_0_0_MB_MUXCY_983'
INFO: [VRFC 10-3107] analyzing entity 'mbv_system_microblaze_riscv_0_0_MB_MUXCY_984'
INFO: [VRFC 10-3107] analyzing entity 'mbv_system_microblaze_riscv_0_0_MB_MUXCY_985'
INFO: [VRFC 10-3107] analyzing entity 'mbv_system_microblaze_riscv_0_0_MB_MUXCY_986'
INFO: [VRFC 10-3107] analyzing entity 'mbv_system_microblaze_riscv_0_0_MB_MUXCY_990'
INFO: [VRFC 10-3107] analyzing entity 'mbv_system_microblaze_riscv_0_0_MB_MUXCY_994'
INFO: [VRFC 10-3107] analyzing entity 'mbv_system_microblaze_riscv_0_0_MB_MUXCY_998'
INFO: [VRFC 10-3107] analyzing entity 'mbv_system_microblaze_riscv_0_0_MB_MUXCY_XORCY'
INFO: [VRFC 10-3107] analyzing entity 'mbv_system_microblaze_riscv_0_0_MB_MUXCY_XORCY_1243'
INFO: [VRFC 10-3107] analyzing entity 'mbv_system_microblaze_riscv_0_0_MB_MUXCY_XORCY_1306'
INFO: [VRFC 10-3107] analyzing entity 'mbv_system_microblaze_riscv_0_0_MB_MUXCY_XORCY_1307'
INFO: [VRFC 10-3107] analyzing entity 'mbv_system_microblaze_riscv_0_0_MB_MUXCY_XORCY_1308'
INFO: [VRFC 10-3107] analyzing entity 'mbv_system_microblaze_riscv_0_0_MB_MUXCY_XORCY_1309'
INFO: [VRFC 10-3107] analyzing entity 'mbv_system_microblaze_riscv_0_0_MB_MUXCY_XORCY_1310'
INFO: [VRFC 10-3107] analyzing entity 'mbv_system_microblaze_riscv_0_0_MB_MUXCY_XORCY_1311'
INFO: [VRFC 10-3107] analyzing entity 'mbv_system_microblaze_riscv_0_0_MB_MUXCY_XORCY_1312'
INFO: [VRFC 10-3107] analyzing entity 'mbv_system_microblaze_riscv_0_0_MB_MUXCY_XORCY_1313'
INFO: [VRFC 10-3107] analyzing entity 'mbv_system_microblaze_riscv_0_0_MB_MUXCY_XORCY_1314'
INFO: [VRFC 10-3107] analyzing entity 'mbv_system_microblaze_riscv_0_0_MB_MUXCY_XORCY_1315'
INFO: [VRFC 10-3107] analyzing entity 'mbv_system_microblaze_riscv_0_0_MB_MUXCY_XORCY_1316'
INFO: [VRFC 10-3107] analyzing entity 'mbv_system_microblaze_riscv_0_0_MB_MUXCY_XORCY_1317'
INFO: [VRFC 10-3107] analyzing entity 'mbv_system_microblaze_riscv_0_0_MB_MUXCY_XORCY_1318'
INFO: [VRFC 10-3107] analyzing entity 'mbv_system_microblaze_riscv_0_0_MB_MUXCY_XORCY_1319'
INFO: [VRFC 10-3107] analyzing entity 'mbv_system_microblaze_riscv_0_0_MB_MUXCY_XORCY_1320'
INFO: [VRFC 10-3107] analyzing entity 'mbv_system_microblaze_riscv_0_0_MB_MUXCY_XORCY_1321'
INFO: [VRFC 10-3107] analyzing entity 'mbv_system_microblaze_riscv_0_0_MB_MUXCY_XORCY_1322'
INFO: [VRFC 10-3107] analyzing entity 'mbv_system_microblaze_riscv_0_0_MB_MUXCY_XORCY_1323'
INFO: [VRFC 10-3107] analyzing entity 'mbv_system_microblaze_riscv_0_0_MB_MUXCY_XORCY_1324'
INFO: [VRFC 10-3107] analyzing entity 'mbv_system_microblaze_riscv_0_0_MB_MUXCY_XORCY_1325'
INFO: [VRFC 10-3107] analyzing entity 'mbv_system_microblaze_riscv_0_0_MB_MUXCY_XORCY_1326'
INFO: [VRFC 10-3107] analyzing entity 'mbv_system_microblaze_riscv_0_0_MB_MUXCY_XORCY_1327'
INFO: [VRFC 10-3107] analyzing entity 'mbv_system_microblaze_riscv_0_0_MB_MUXCY_XORCY_1328'
INFO: [VRFC 10-3107] analyzing entity 'mbv_system_microblaze_riscv_0_0_MB_MUXCY_XORCY_1329'
INFO: [VRFC 10-3107] analyzing entity 'mbv_system_microblaze_riscv_0_0_MB_MUXCY_XORCY_1330'
INFO: [VRFC 10-3107] analyzing entity 'mbv_system_microblaze_riscv_0_0_MB_MUXCY_XORCY_1331'
INFO: [VRFC 10-3107] analyzing entity 'mbv_system_microblaze_riscv_0_0_MB_MUXCY_XORCY_1332'
INFO: [VRFC 10-3107] analyzing entity 'mbv_system_microblaze_riscv_0_0_MB_MUXCY_XORCY_1333'
INFO: [VRFC 10-3107] analyzing entity 'mbv_system_microblaze_riscv_0_0_MB_MUXCY_XORCY_1334'
INFO: [VRFC 10-3107] analyzing entity 'mbv_system_microblaze_riscv_0_0_MB_MUXCY_XORCY_1335'
INFO: [VRFC 10-3107] analyzing entity 'mbv_system_microblaze_riscv_0_0_MB_MUXCY_XORCY_1336'
INFO: [VRFC 10-3107] analyzing entity 'mbv_system_microblaze_riscv_0_0_MB_MUXCY_XORCY_1337'
INFO: [VRFC 10-3107] analyzing entity 'mbv_system_microblaze_riscv_0_0_MB_MUXCY_XORCY_1338'
INFO: [VRFC 10-3107] analyzing entity 'mbv_system_microblaze_riscv_0_0_MB_MUXCY_XORCY_1339'
INFO: [VRFC 10-3107] analyzing entity 'mbv_system_microblaze_riscv_0_0_MB_MUXCY_XORCY_1340'
INFO: [VRFC 10-3107] analyzing entity 'mbv_system_microblaze_riscv_0_0_MB_MUXCY_XORCY_1341'
INFO: [VRFC 10-3107] analyzing entity 'mbv_system_microblaze_riscv_0_0_MB_MUXCY_XORCY_1342'
INFO: [VRFC 10-3107] analyzing entity 'mbv_system_microblaze_riscv_0_0_MB_MUXCY_XORCY_1343'
INFO: [VRFC 10-3107] analyzing entity 'mbv_system_microblaze_riscv_0_0_MB_MUXCY_XORCY_1344'
INFO: [VRFC 10-3107] analyzing entity 'mbv_system_microblaze_riscv_0_0_MB_MUXCY_XORCY_1345'
INFO: [VRFC 10-3107] analyzing entity 'mbv_system_microblaze_riscv_0_0_MB_MUXCY_XORCY_1346'
INFO: [VRFC 10-3107] analyzing entity 'mbv_system_microblaze_riscv_0_0_MB_MUXCY_XORCY_1347'
INFO: [VRFC 10-3107] analyzing entity 'mbv_system_microblaze_riscv_0_0_MB_MUXCY_XORCY_1348'
INFO: [VRFC 10-3107] analyzing entity 'mbv_system_microblaze_riscv_0_0_MB_MUXCY_XORCY_1349'
INFO: [VRFC 10-3107] analyzing entity 'mbv_system_microblaze_riscv_0_0_MB_MUXCY_XORCY_1350'
INFO: [VRFC 10-3107] analyzing entity 'mbv_system_microblaze_riscv_0_0_MB_MUXCY_XORCY_1351'
INFO: [VRFC 10-3107] analyzing entity 'mbv_system_microblaze_riscv_0_0_MB_MUXCY_XORCY_1352'
INFO: [VRFC 10-3107] analyzing entity 'mbv_system_microblaze_riscv_0_0_MB_MUXCY_XORCY_1397'
INFO: [VRFC 10-3107] analyzing entity 'mbv_system_microblaze_riscv_0_0_MB_MUXCY_XORCY_1399'
INFO: [VRFC 10-3107] analyzing entity 'mbv_system_microblaze_riscv_0_0_MB_MUXCY_XORCY_1402'
INFO: [VRFC 10-3107] analyzing entity 'mbv_system_microblaze_riscv_0_0_MB_MUXCY_XORCY_1405'
INFO: [VRFC 10-3107] analyzing entity 'mbv_system_microblaze_riscv_0_0_MB_MUXCY_XORCY_1408'
INFO: [VRFC 10-3107] analyzing entity 'mbv_system_microblaze_riscv_0_0_MB_MUXCY_XORCY_1411'
INFO: [VRFC 10-3107] analyzing entity 'mbv_system_microblaze_riscv_0_0_MB_MUXCY_XORCY_1414'
INFO: [VRFC 10-3107] analyzing entity 'mbv_system_microblaze_riscv_0_0_MB_MUXCY_XORCY_1417'
INFO: [VRFC 10-3107] analyzing entity 'mbv_system_microblaze_riscv_0_0_MB_MUXCY_XORCY_1420'
INFO: [VRFC 10-3107] analyzing entity 'mbv_system_microblaze_riscv_0_0_MB_MUXCY_XORCY_1423'
INFO: [VRFC 10-3107] analyzing entity 'mbv_system_microblaze_riscv_0_0_MB_MUXCY_XORCY_1435'
INFO: [VRFC 10-3107] analyzing entity 'mbv_system_microblaze_riscv_0_0_MB_MUXCY_XORCY_1436'
INFO: [VRFC 10-3107] analyzing entity 'mbv_system_microblaze_riscv_0_0_MB_MUXCY_XORCY_1437'
INFO: [VRFC 10-3107] analyzing entity 'mbv_system_microblaze_riscv_0_0_MB_MUXCY_XORCY_1438'
INFO: [VRFC 10-3107] analyzing entity 'mbv_system_microblaze_riscv_0_0_MB_MUXCY_XORCY_1439'
INFO: [VRFC 10-3107] analyzing entity 'mbv_system_microblaze_riscv_0_0_MB_MUXCY_XORCY_1440'
INFO: [VRFC 10-3107] analyzing entity 'mbv_system_microblaze_riscv_0_0_MB_MUXCY_XORCY_1441'
INFO: [VRFC 10-3107] analyzing entity 'mbv_system_microblaze_riscv_0_0_MB_MUXCY_XORCY_1442'
INFO: [VRFC 10-3107] analyzing entity 'mbv_system_microblaze_riscv_0_0_MB_MUXCY_XORCY_1443'
INFO: [VRFC 10-3107] analyzing entity 'mbv_system_microblaze_riscv_0_0_MB_MUXCY_XORCY_1444'
INFO: [VRFC 10-3107] analyzing entity 'mbv_system_microblaze_riscv_0_0_MB_MUXCY_XORCY_1445'
INFO: [VRFC 10-3107] analyzing entity 'mbv_system_microblaze_riscv_0_0_MB_MUXCY_XORCY_1446'
INFO: [VRFC 10-3107] analyzing entity 'mbv_system_microblaze_riscv_0_0_MB_MUXCY_XORCY_1447'
INFO: [VRFC 10-3107] analyzing entity 'mbv_system_microblaze_riscv_0_0_MB_MUXCY_XORCY_1448'
INFO: [VRFC 10-3107] analyzing entity 'mbv_system_microblaze_riscv_0_0_MB_MUXCY_XORCY_1449'
INFO: [VRFC 10-3107] analyzing entity 'mbv_system_microblaze_riscv_0_0_MB_MUXCY_XORCY_1450'
INFO: [VRFC 10-3107] analyzing entity 'mbv_system_microblaze_riscv_0_0_MB_MUXCY_XORCY_1451'
INFO: [VRFC 10-3107] analyzing entity 'mbv_system_microblaze_riscv_0_0_MB_MUXCY_XORCY_1452'
INFO: [VRFC 10-3107] analyzing entity 'mbv_system_microblaze_riscv_0_0_MB_MUXCY_XORCY_1453'
INFO: [VRFC 10-3107] analyzing entity 'mbv_system_microblaze_riscv_0_0_MB_MUXCY_XORCY_1454'
INFO: [VRFC 10-3107] analyzing entity 'mbv_system_microblaze_riscv_0_0_MB_MUXCY_XORCY_1455'
INFO: [VRFC 10-3107] analyzing entity 'mbv_system_microblaze_riscv_0_0_MB_MUXCY_XORCY_1456'
INFO: [VRFC 10-3107] analyzing entity 'mbv_system_microblaze_riscv_0_0_MB_MUXCY_XORCY_1457'
INFO: [VRFC 10-3107] analyzing entity 'mbv_system_microblaze_riscv_0_0_MB_MUXCY_XORCY_1458'
INFO: [VRFC 10-3107] analyzing entity 'mbv_system_microblaze_riscv_0_0_MB_MUXCY_XORCY_1459'
INFO: [VRFC 10-3107] analyzing entity 'mbv_system_microblaze_riscv_0_0_MB_MUXCY_XORCY_1460'
INFO: [VRFC 10-3107] analyzing entity 'mbv_system_microblaze_riscv_0_0_MB_MUXCY_XORCY_1461'
INFO: [VRFC 10-3107] analyzing entity 'mbv_system_microblaze_riscv_0_0_MB_MUXCY_XORCY_1462'
INFO: [VRFC 10-3107] analyzing entity 'mbv_system_microblaze_riscv_0_0_MB_MUXCY_XORCY_1463'
INFO: [VRFC 10-3107] analyzing entity 'mbv_system_microblaze_riscv_0_0_MB_MUXCY_XORCY_1464'
INFO: [VRFC 10-3107] analyzing entity 'mbv_system_microblaze_riscv_0_0_MB_MUXCY_XORCY_1465'
INFO: [VRFC 10-3107] analyzing entity 'mbv_system_microblaze_riscv_0_0_MB_MUXCY_XORCY_1466'
INFO: [VRFC 10-3107] analyzing entity 'mbv_system_microblaze_riscv_0_0_MB_MUXCY_XORCY_1467'
INFO: [VRFC 10-3107] analyzing entity 'mbv_system_microblaze_riscv_0_0_MB_MUXCY_XORCY_1468'
INFO: [VRFC 10-3107] analyzing entity 'mbv_system_microblaze_riscv_0_0_MB_MUXCY_XORCY_1469'
INFO: [VRFC 10-3107] analyzing entity 'mbv_system_microblaze_riscv_0_0_MB_MUXCY_XORCY_1470'
INFO: [VRFC 10-3107] analyzing entity 'mbv_system_microblaze_riscv_0_0_MB_MUXCY_XORCY_1471'
INFO: [VRFC 10-3107] analyzing entity 'mbv_system_microblaze_riscv_0_0_MB_MUXCY_XORCY_1472'
INFO: [VRFC 10-3107] analyzing entity 'mbv_system_microblaze_riscv_0_0_MB_MUXCY_XORCY_1473'
INFO: [VRFC 10-3107] analyzing entity 'mbv_system_microblaze_riscv_0_0_MB_MUXCY_XORCY_1474'
INFO: [VRFC 10-3107] analyzing entity 'mbv_system_microblaze_riscv_0_0_MB_MUXCY_XORCY_1475'
INFO: [VRFC 10-3107] analyzing entity 'mbv_system_microblaze_riscv_0_0_MB_MUXCY_XORCY_1476'
INFO: [VRFC 10-3107] analyzing entity 'mbv_system_microblaze_riscv_0_0_MB_MUXCY_XORCY_1477'
INFO: [VRFC 10-3107] analyzing entity 'mbv_system_microblaze_riscv_0_0_MB_MUXCY_XORCY_1478'
INFO: [VRFC 10-3107] analyzing entity 'mbv_system_microblaze_riscv_0_0_MB_MUXCY_XORCY_1479'
INFO: [VRFC 10-3107] analyzing entity 'mbv_system_microblaze_riscv_0_0_MB_MUXCY_XORCY_1480'
INFO: [VRFC 10-3107] analyzing entity 'mbv_system_microblaze_riscv_0_0_MB_MUXCY_XORCY_1481'
INFO: [VRFC 10-3107] analyzing entity 'mbv_system_microblaze_riscv_0_0_MB_MUXCY_XORCY_1482'
INFO: [VRFC 10-3107] analyzing entity 'mbv_system_microblaze_riscv_0_0_MB_MUXCY_XORCY_1483'
INFO: [VRFC 10-3107] analyzing entity 'mbv_system_microblaze_riscv_0_0_MB_MUXCY_XORCY_1484'
INFO: [VRFC 10-3107] analyzing entity 'mbv_system_microblaze_riscv_0_0_MB_MUXCY_XORCY_1485'
INFO: [VRFC 10-3107] analyzing entity 'mbv_system_microblaze_riscv_0_0_MB_MUXCY_XORCY_1486'
INFO: [VRFC 10-3107] analyzing entity 'mbv_system_microblaze_riscv_0_0_MB_MUXCY_XORCY_1487'
INFO: [VRFC 10-3107] analyzing entity 'mbv_system_microblaze_riscv_0_0_MB_MUXCY_XORCY_1488'
INFO: [VRFC 10-3107] analyzing entity 'mbv_system_microblaze_riscv_0_0_MB_MUXCY_XORCY_1489'
INFO: [VRFC 10-3107] analyzing entity 'mbv_system_microblaze_riscv_0_0_MB_MUXCY_XORCY_1490'
INFO: [VRFC 10-3107] analyzing entity 'mbv_system_microblaze_riscv_0_0_MB_MUXCY_XORCY_1491'
INFO: [VRFC 10-3107] analyzing entity 'mbv_system_microblaze_riscv_0_0_MB_MUXCY_XORCY_1492'
INFO: [VRFC 10-3107] analyzing entity 'mbv_system_microblaze_riscv_0_0_MB_MUXCY_XORCY_1493'
INFO: [VRFC 10-3107] analyzing entity 'mbv_system_microblaze_riscv_0_0_MB_MUXCY_XORCY_1494'
INFO: [VRFC 10-3107] analyzing entity 'mbv_system_microblaze_riscv_0_0_MB_MUXCY_XORCY_1495'
INFO: [VRFC 10-3107] analyzing entity 'mbv_system_microblaze_riscv_0_0_MB_MUXCY_XORCY_1496'
INFO: [VRFC 10-3107] analyzing entity 'mbv_system_microblaze_riscv_0_0_MB_MUXCY_XORCY_1497'
INFO: [VRFC 10-3107] analyzing entity 'mbv_system_microblaze_riscv_0_0_MB_MUXCY_XORCY_1498'
INFO: [VRFC 10-3107] analyzing entity 'mbv_system_microblaze_riscv_0_0_MB_MUXCY_XORCY_1566'
INFO: [VRFC 10-3107] analyzing entity 'mbv_system_microblaze_riscv_0_0_MB_MUXCY_XORCY_1567'
INFO: [VRFC 10-3107] analyzing entity 'mbv_system_microblaze_riscv_0_0_MB_MUXCY_XORCY_1568'
INFO: [VRFC 10-3107] analyzing entity 'mbv_system_microblaze_riscv_0_0_MB_MUXCY_XORCY_1569'
INFO: [VRFC 10-3107] analyzing entity 'mbv_system_microblaze_riscv_0_0_MB_MUXCY_XORCY_1570'
INFO: [VRFC 10-3107] analyzing entity 'mbv_system_microblaze_riscv_0_0_MB_MUXCY_XORCY_1571'
INFO: [VRFC 10-3107] analyzing entity 'mbv_system_microblaze_riscv_0_0_MB_MUXCY_XORCY_1572'
INFO: [VRFC 10-3107] analyzing entity 'mbv_system_microblaze_riscv_0_0_MB_MUXCY_XORCY_1573'
INFO: [VRFC 10-3107] analyzing entity 'mbv_system_microblaze_riscv_0_0_MB_MUXCY_XORCY_1574'
INFO: [VRFC 10-3107] analyzing entity 'mbv_system_microblaze_riscv_0_0_MB_MUXCY_XORCY_1575'
INFO: [VRFC 10-3107] analyzing entity 'mbv_system_microblaze_riscv_0_0_MB_MUXCY_XORCY_1576'
INFO: [VRFC 10-3107] analyzing entity 'mbv_system_microblaze_riscv_0_0_MB_MUXCY_XORCY_1577'
INFO: [VRFC 10-3107] analyzing entity 'mbv_system_microblaze_riscv_0_0_MB_MUXCY_XORCY_1578'
INFO: [VRFC 10-3107] analyzing entity 'mbv_system_microblaze_riscv_0_0_MB_MUXCY_XORCY_1579'
INFO: [VRFC 10-3107] analyzing entity 'mbv_system_microblaze_riscv_0_0_MB_MUXCY_XORCY_1580'
INFO: [VRFC 10-3107] analyzing entity 'mbv_system_microblaze_riscv_0_0_MB_MUXCY_XORCY_1581'
INFO: [VRFC 10-3107] analyzing entity 'mbv_system_microblaze_riscv_0_0_MB_MUXCY_XORCY_1582'
INFO: [VRFC 10-3107] analyzing entity 'mbv_system_microblaze_riscv_0_0_MB_MUXCY_XORCY_1583'
INFO: [VRFC 10-3107] analyzing entity 'mbv_system_microblaze_riscv_0_0_MB_MUXCY_XORCY_1584'
INFO: [VRFC 10-3107] analyzing entity 'mbv_system_microblaze_riscv_0_0_MB_MUXCY_XORCY_1585'
INFO: [VRFC 10-3107] analyzing entity 'mbv_system_microblaze_riscv_0_0_MB_MUXCY_XORCY_1586'
INFO: [VRFC 10-3107] analyzing entity 'mbv_system_microblaze_riscv_0_0_MB_MUXCY_XORCY_1587'
INFO: [VRFC 10-3107] analyzing entity 'mbv_system_microblaze_riscv_0_0_MB_MUXCY_XORCY_1588'
INFO: [VRFC 10-3107] analyzing entity 'mbv_system_microblaze_riscv_0_0_MB_MUXCY_XORCY_1589'
INFO: [VRFC 10-3107] analyzing entity 'mbv_system_microblaze_riscv_0_0_MB_MUXCY_XORCY_1590'
INFO: [VRFC 10-3107] analyzing entity 'mbv_system_microblaze_riscv_0_0_MB_MUXCY_XORCY_1591'
INFO: [VRFC 10-3107] analyzing entity 'mbv_system_microblaze_riscv_0_0_MB_MUXCY_XORCY_1592'
INFO: [VRFC 10-3107] analyzing entity 'mbv_system_microblaze_riscv_0_0_MB_MUXCY_XORCY_1593'
INFO: [VRFC 10-3107] analyzing entity 'mbv_system_microblaze_riscv_0_0_MB_MUXCY_XORCY_1594'
INFO: [VRFC 10-3107] analyzing entity 'mbv_system_microblaze_riscv_0_0_MB_MUXCY_XORCY_1595'
INFO: [VRFC 10-3107] analyzing entity 'mbv_system_microblaze_riscv_0_0_MB_MUXCY_XORCY_1596'
INFO: [VRFC 10-3107] analyzing entity 'mbv_system_microblaze_riscv_0_0_MB_MUXCY_XORCY_1597'
INFO: [VRFC 10-3107] analyzing entity 'mbv_system_microblaze_riscv_0_0_MB_MUXCY_XORCY_1598'
INFO: [VRFC 10-3107] analyzing entity 'mbv_system_microblaze_riscv_0_0_MB_MUXCY_XORCY_1599'
INFO: [VRFC 10-3107] analyzing entity 'mbv_system_microblaze_riscv_0_0_MB_MUXCY_XORCY_1600'
INFO: [VRFC 10-3107] analyzing entity 'mbv_system_microblaze_riscv_0_0_MB_MUXCY_XORCY_1601'
INFO: [VRFC 10-3107] analyzing entity 'mbv_system_microblaze_riscv_0_0_MB_MUXCY_XORCY_1602'
INFO: [VRFC 10-3107] analyzing entity 'mbv_system_microblaze_riscv_0_0_MB_MUXCY_XORCY_1603'
INFO: [VRFC 10-3107] analyzing entity 'mbv_system_microblaze_riscv_0_0_MB_MUXCY_XORCY_1604'
INFO: [VRFC 10-3107] analyzing entity 'mbv_system_microblaze_riscv_0_0_MB_MUXCY_XORCY_1605'
INFO: [VRFC 10-3107] analyzing entity 'mbv_system_microblaze_riscv_0_0_MB_MUXCY_XORCY_1606'
INFO: [VRFC 10-3107] analyzing entity 'mbv_system_microblaze_riscv_0_0_MB_MUXCY_XORCY_1607'
INFO: [VRFC 10-3107] analyzing entity 'mbv_system_microblaze_riscv_0_0_MB_MUXCY_XORCY_1608'
INFO: [VRFC 10-3107] analyzing entity 'mbv_system_microblaze_riscv_0_0_MB_MUXCY_XORCY_1609'
INFO: [VRFC 10-3107] analyzing entity 'mbv_system_microblaze_riscv_0_0_MB_MUXCY_XORCY_1610'
INFO: [VRFC 10-3107] analyzing entity 'mbv_system_microblaze_riscv_0_0_MB_MUXCY_XORCY_1611'
INFO: [VRFC 10-3107] analyzing entity 'mbv_system_microblaze_riscv_0_0_MB_MUXCY_XORCY_1612'
INFO: [VRFC 10-3107] analyzing entity 'mbv_system_microblaze_riscv_0_0_MB_MUXCY_XORCY_1613'
INFO: [VRFC 10-3107] analyzing entity 'mbv_system_microblaze_riscv_0_0_MB_MUXCY_XORCY_1614'
INFO: [VRFC 10-3107] analyzing entity 'mbv_system_microblaze_riscv_0_0_MB_MUXCY_XORCY_1615'
INFO: [VRFC 10-3107] analyzing entity 'mbv_system_microblaze_riscv_0_0_MB_MUXCY_XORCY_1616'
INFO: [VRFC 10-3107] analyzing entity 'mbv_system_microblaze_riscv_0_0_MB_MUXCY_XORCY_1617'
INFO: [VRFC 10-3107] analyzing entity 'mbv_system_microblaze_riscv_0_0_MB_MUXCY_XORCY_17'
INFO: [VRFC 10-3107] analyzing entity 'mbv_system_microblaze_riscv_0_0_MB_MUXCY_XORCY_1714'
INFO: [VRFC 10-3107] analyzing entity 'mbv_system_microblaze_riscv_0_0_MB_MUXCY_XORCY_1715'
INFO: [VRFC 10-3107] analyzing entity 'mbv_system_microblaze_riscv_0_0_MB_MUXCY_XORCY_1716'
INFO: [VRFC 10-3107] analyzing entity 'mbv_system_microblaze_riscv_0_0_MB_MUXCY_XORCY_1717'
INFO: [VRFC 10-3107] analyzing entity 'mbv_system_microblaze_riscv_0_0_MB_MUXCY_XORCY_1718'
INFO: [VRFC 10-3107] analyzing entity 'mbv_system_microblaze_riscv_0_0_MB_MUXCY_XORCY_1719'
INFO: [VRFC 10-3107] analyzing entity 'mbv_system_microblaze_riscv_0_0_MB_MUXCY_XORCY_1720'
INFO: [VRFC 10-3107] analyzing entity 'mbv_system_microblaze_riscv_0_0_MB_MUXCY_XORCY_1721'
INFO: [VRFC 10-3107] analyzing entity 'mbv_system_microblaze_riscv_0_0_MB_MUXCY_XORCY_1722'
INFO: [VRFC 10-3107] analyzing entity 'mbv_system_microblaze_riscv_0_0_MB_MUXCY_XORCY_1723'
INFO: [VRFC 10-3107] analyzing entity 'mbv_system_microblaze_riscv_0_0_MB_MUXCY_XORCY_1724'
INFO: [VRFC 10-3107] analyzing entity 'mbv_system_microblaze_riscv_0_0_MB_MUXCY_XORCY_1725'
INFO: [VRFC 10-3107] analyzing entity 'mbv_system_microblaze_riscv_0_0_MB_MUXCY_XORCY_1726'
INFO: [VRFC 10-3107] analyzing entity 'mbv_system_microblaze_riscv_0_0_MB_MUXCY_XORCY_1727'
INFO: [VRFC 10-3107] analyzing entity 'mbv_system_microblaze_riscv_0_0_MB_MUXCY_XORCY_1728'
INFO: [VRFC 10-3107] analyzing entity 'mbv_system_microblaze_riscv_0_0_MB_MUXCY_XORCY_1729'
INFO: [VRFC 10-3107] analyzing entity 'mbv_system_microblaze_riscv_0_0_MB_MUXCY_XORCY_1730'
INFO: [VRFC 10-3107] analyzing entity 'mbv_system_microblaze_riscv_0_0_MB_MUXCY_XORCY_1731'
INFO: [VRFC 10-3107] analyzing entity 'mbv_system_microblaze_riscv_0_0_MB_MUXCY_XORCY_1732'
INFO: [VRFC 10-3107] analyzing entity 'mbv_system_microblaze_riscv_0_0_MB_MUXCY_XORCY_1733'
INFO: [VRFC 10-3107] analyzing entity 'mbv_system_microblaze_riscv_0_0_MB_MUXCY_XORCY_1734'
INFO: [VRFC 10-3107] analyzing entity 'mbv_system_microblaze_riscv_0_0_MB_MUXCY_XORCY_1735'
INFO: [VRFC 10-3107] analyzing entity 'mbv_system_microblaze_riscv_0_0_MB_MUXCY_XORCY_1736'
INFO: [VRFC 10-3107] analyzing entity 'mbv_system_microblaze_riscv_0_0_MB_MUXCY_XORCY_1737'
INFO: [VRFC 10-3107] analyzing entity 'mbv_system_microblaze_riscv_0_0_MB_MUXCY_XORCY_1738'
INFO: [VRFC 10-3107] analyzing entity 'mbv_system_microblaze_riscv_0_0_MB_MUXCY_XORCY_1739'
INFO: [VRFC 10-3107] analyzing entity 'mbv_system_microblaze_riscv_0_0_MB_MUXCY_XORCY_1740'
INFO: [VRFC 10-3107] analyzing entity 'mbv_system_microblaze_riscv_0_0_MB_MUXCY_XORCY_1741'
INFO: [VRFC 10-3107] analyzing entity 'mbv_system_microblaze_riscv_0_0_MB_MUXCY_XORCY_1742'
INFO: [VRFC 10-3107] analyzing entity 'mbv_system_microblaze_riscv_0_0_MB_MUXCY_XORCY_1743'
INFO: [VRFC 10-3107] analyzing entity 'mbv_system_microblaze_riscv_0_0_MB_MUXCY_XORCY_1744'
INFO: [VRFC 10-3107] analyzing entity 'mbv_system_microblaze_riscv_0_0_MB_MUXCY_XORCY_1745'
INFO: [VRFC 10-3107] analyzing entity 'mbv_system_microblaze_riscv_0_0_MB_MUXCY_XORCY_1746'
INFO: [VRFC 10-3107] analyzing entity 'mbv_system_microblaze_riscv_0_0_MB_MUXCY_XORCY_1747'
INFO: [VRFC 10-3107] analyzing entity 'mbv_system_microblaze_riscv_0_0_MB_MUXCY_XORCY_1748'
INFO: [VRFC 10-3107] analyzing entity 'mbv_system_microblaze_riscv_0_0_MB_MUXCY_XORCY_1749'
INFO: [VRFC 10-3107] analyzing entity 'mbv_system_microblaze_riscv_0_0_MB_MUXCY_XORCY_1750'
INFO: [VRFC 10-3107] analyzing entity 'mbv_system_microblaze_riscv_0_0_MB_MUXCY_XORCY_1751'
INFO: [VRFC 10-3107] analyzing entity 'mbv_system_microblaze_riscv_0_0_MB_MUXCY_XORCY_1752'
INFO: [VRFC 10-3107] analyzing entity 'mbv_system_microblaze_riscv_0_0_MB_MUXCY_XORCY_1753'
INFO: [VRFC 10-3107] analyzing entity 'mbv_system_microblaze_riscv_0_0_MB_MUXCY_XORCY_1754'
INFO: [VRFC 10-3107] analyzing entity 'mbv_system_microblaze_riscv_0_0_MB_MUXCY_XORCY_1755'
INFO: [VRFC 10-3107] analyzing entity 'mbv_system_microblaze_riscv_0_0_MB_MUXCY_XORCY_1756'
INFO: [VRFC 10-3107] analyzing entity 'mbv_system_microblaze_riscv_0_0_MB_MUXCY_XORCY_1757'
INFO: [VRFC 10-3107] analyzing entity 'mbv_system_microblaze_riscv_0_0_MB_MUXCY_XORCY_1758'
INFO: [VRFC 10-3107] analyzing entity 'mbv_system_microblaze_riscv_0_0_MB_MUXCY_XORCY_1759'
INFO: [VRFC 10-3107] analyzing entity 'mbv_system_microblaze_riscv_0_0_MB_MUXCY_XORCY_1760'
INFO: [VRFC 10-3107] analyzing entity 'mbv_system_microblaze_riscv_0_0_MB_MUXCY_XORCY_1761'
INFO: [VRFC 10-3107] analyzing entity 'mbv_system_microblaze_riscv_0_0_MB_MUXCY_XORCY_1762'
INFO: [VRFC 10-3107] analyzing entity 'mbv_system_microblaze_riscv_0_0_MB_MUXCY_XORCY_1763'
INFO: [VRFC 10-3107] analyzing entity 'mbv_system_microblaze_riscv_0_0_MB_MUXCY_XORCY_1764'
INFO: [VRFC 10-3107] analyzing entity 'mbv_system_microblaze_riscv_0_0_MB_MUXCY_XORCY_1765'
INFO: [VRFC 10-3107] analyzing entity 'mbv_system_microblaze_riscv_0_0_MB_MUXCY_XORCY_1766'
INFO: [VRFC 10-3107] analyzing entity 'mbv_system_microblaze_riscv_0_0_MB_MUXCY_XORCY_1767'
INFO: [VRFC 10-3107] analyzing entity 'mbv_system_microblaze_riscv_0_0_MB_MUXCY_XORCY_1768'
INFO: [VRFC 10-3107] analyzing entity 'mbv_system_microblaze_riscv_0_0_MB_MUXCY_XORCY_1769'
INFO: [VRFC 10-3107] analyzing entity 'mbv_system_microblaze_riscv_0_0_MB_MUXCY_XORCY_1770'
INFO: [VRFC 10-3107] analyzing entity 'mbv_system_microblaze_riscv_0_0_MB_MUXCY_XORCY_1771'
INFO: [VRFC 10-3107] analyzing entity 'mbv_system_microblaze_riscv_0_0_MB_MUXCY_XORCY_1772'
INFO: [VRFC 10-3107] analyzing entity 'mbv_system_microblaze_riscv_0_0_MB_MUXCY_XORCY_1773'
INFO: [VRFC 10-3107] analyzing entity 'mbv_system_microblaze_riscv_0_0_MB_MUXCY_XORCY_1775'
INFO: [VRFC 10-3107] analyzing entity 'mbv_system_microblaze_riscv_0_0_MB_MUXCY_XORCY_1777'
INFO: [VRFC 10-3107] analyzing entity 'mbv_system_microblaze_riscv_0_0_MB_MUXCY_XORCY_1779'
INFO: [VRFC 10-3107] analyzing entity 'mbv_system_microblaze_riscv_0_0_MB_MUXCY_XORCY_1781'
INFO: [VRFC 10-3107] analyzing entity 'mbv_system_microblaze_riscv_0_0_MB_MUXCY_XORCY_1783'
INFO: [VRFC 10-3107] analyzing entity 'mbv_system_microblaze_riscv_0_0_MB_MUXCY_XORCY_1785'
INFO: [VRFC 10-3107] analyzing entity 'mbv_system_microblaze_riscv_0_0_MB_MUXCY_XORCY_1787'
INFO: [VRFC 10-3107] analyzing entity 'mbv_system_microblaze_riscv_0_0_MB_MUXCY_XORCY_1789'
INFO: [VRFC 10-3107] analyzing entity 'mbv_system_microblaze_riscv_0_0_MB_MUXCY_XORCY_1791'
INFO: [VRFC 10-3107] analyzing entity 'mbv_system_microblaze_riscv_0_0_MB_MUXCY_XORCY_1793'
INFO: [VRFC 10-3107] analyzing entity 'mbv_system_microblaze_riscv_0_0_MB_MUXCY_XORCY_1795'
INFO: [VRFC 10-3107] analyzing entity 'mbv_system_microblaze_riscv_0_0_MB_MUXCY_XORCY_1797'
INFO: [VRFC 10-3107] analyzing entity 'mbv_system_microblaze_riscv_0_0_MB_MUXCY_XORCY_1799'
INFO: [VRFC 10-3107] analyzing entity 'mbv_system_microblaze_riscv_0_0_MB_MUXCY_XORCY_1801'
INFO: [VRFC 10-3107] analyzing entity 'mbv_system_microblaze_riscv_0_0_MB_MUXCY_XORCY_1803'
INFO: [VRFC 10-3107] analyzing entity 'mbv_system_microblaze_riscv_0_0_MB_MUXCY_XORCY_1805'
INFO: [VRFC 10-3107] analyzing entity 'mbv_system_microblaze_riscv_0_0_MB_MUXCY_XORCY_1807'
INFO: [VRFC 10-3107] analyzing entity 'mbv_system_microblaze_riscv_0_0_MB_MUXCY_XORCY_1809'
INFO: [VRFC 10-3107] analyzing entity 'mbv_system_microblaze_riscv_0_0_MB_MUXCY_XORCY_1811'
INFO: [VRFC 10-3107] analyzing entity 'mbv_system_microblaze_riscv_0_0_MB_MUXCY_XORCY_1813'
INFO: [VRFC 10-3107] analyzing entity 'mbv_system_microblaze_riscv_0_0_MB_MUXCY_XORCY_1815'
INFO: [VRFC 10-3107] analyzing entity 'mbv_system_microblaze_riscv_0_0_MB_MUXCY_XORCY_1817'
INFO: [VRFC 10-3107] analyzing entity 'mbv_system_microblaze_riscv_0_0_MB_MUXCY_XORCY_1819'
INFO: [VRFC 10-3107] analyzing entity 'mbv_system_microblaze_riscv_0_0_MB_MUXCY_XORCY_1821'
INFO: [VRFC 10-3107] analyzing entity 'mbv_system_microblaze_riscv_0_0_MB_MUXCY_XORCY_1823'
INFO: [VRFC 10-3107] analyzing entity 'mbv_system_microblaze_riscv_0_0_MB_MUXCY_XORCY_1825'
INFO: [VRFC 10-3107] analyzing entity 'mbv_system_microblaze_riscv_0_0_MB_MUXCY_XORCY_1827'
INFO: [VRFC 10-3107] analyzing entity 'mbv_system_microblaze_riscv_0_0_MB_MUXCY_XORCY_1829'
INFO: [VRFC 10-3107] analyzing entity 'mbv_system_microblaze_riscv_0_0_MB_MUXCY_XORCY_1831'
INFO: [VRFC 10-3107] analyzing entity 'mbv_system_microblaze_riscv_0_0_MB_MUXCY_XORCY_1833'
INFO: [VRFC 10-3107] analyzing entity 'mbv_system_microblaze_riscv_0_0_MB_MUXCY_XORCY_1835'
INFO: [VRFC 10-3107] analyzing entity 'mbv_system_microblaze_riscv_0_0_MB_MUXCY_XORCY_1836'
INFO: [VRFC 10-3107] analyzing entity 'mbv_system_microblaze_riscv_0_0_MB_MUXCY_XORCY_1837'
INFO: [VRFC 10-3107] analyzing entity 'mbv_system_microblaze_riscv_0_0_MB_MUXCY_XORCY_1840'
INFO: [VRFC 10-3107] analyzing entity 'mbv_system_microblaze_riscv_0_0_MB_MUXCY_XORCY_1841'
INFO: [VRFC 10-3107] analyzing entity 'mbv_system_microblaze_riscv_0_0_MB_MUXCY_XORCY_1844'
INFO: [VRFC 10-3107] analyzing entity 'mbv_system_microblaze_riscv_0_0_MB_MUXCY_XORCY_1845'
INFO: [VRFC 10-3107] analyzing entity 'mbv_system_microblaze_riscv_0_0_MB_MUXCY_XORCY_1848'
INFO: [VRFC 10-3107] analyzing entity 'mbv_system_microblaze_riscv_0_0_MB_MUXCY_XORCY_1849'
INFO: [VRFC 10-3107] analyzing entity 'mbv_system_microblaze_riscv_0_0_MB_MUXCY_XORCY_1852'
INFO: [VRFC 10-3107] analyzing entity 'mbv_system_microblaze_riscv_0_0_MB_MUXCY_XORCY_1853'
INFO: [VRFC 10-3107] analyzing entity 'mbv_system_microblaze_riscv_0_0_MB_MUXCY_XORCY_1856'
INFO: [VRFC 10-3107] analyzing entity 'mbv_system_microblaze_riscv_0_0_MB_MUXCY_XORCY_1857'
INFO: [VRFC 10-3107] analyzing entity 'mbv_system_microblaze_riscv_0_0_MB_MUXCY_XORCY_1860'
INFO: [VRFC 10-3107] analyzing entity 'mbv_system_microblaze_riscv_0_0_MB_MUXCY_XORCY_1861'
INFO: [VRFC 10-3107] analyzing entity 'mbv_system_microblaze_riscv_0_0_MB_MUXCY_XORCY_1864'
INFO: [VRFC 10-3107] analyzing entity 'mbv_system_microblaze_riscv_0_0_MB_MUXCY_XORCY_1865'
INFO: [VRFC 10-3107] analyzing entity 'mbv_system_microblaze_riscv_0_0_MB_MUXCY_XORCY_1868'
INFO: [VRFC 10-3107] analyzing entity 'mbv_system_microblaze_riscv_0_0_MB_MUXCY_XORCY_1869'
INFO: [VRFC 10-3107] analyzing entity 'mbv_system_microblaze_riscv_0_0_MB_MUXCY_XORCY_1872'
INFO: [VRFC 10-3107] analyzing entity 'mbv_system_microblaze_riscv_0_0_MB_MUXCY_XORCY_1873'
INFO: [VRFC 10-3107] analyzing entity 'mbv_system_microblaze_riscv_0_0_MB_MUXCY_XORCY_1876'
INFO: [VRFC 10-3107] analyzing entity 'mbv_system_microblaze_riscv_0_0_MB_MUXCY_XORCY_1877'
INFO: [VRFC 10-3107] analyzing entity 'mbv_system_microblaze_riscv_0_0_MB_MUXCY_XORCY_1880'
INFO: [VRFC 10-3107] analyzing entity 'mbv_system_microblaze_riscv_0_0_MB_MUXCY_XORCY_1881'
INFO: [VRFC 10-3107] analyzing entity 'mbv_system_microblaze_riscv_0_0_MB_MUXCY_XORCY_1884'
INFO: [VRFC 10-3107] analyzing entity 'mbv_system_microblaze_riscv_0_0_MB_MUXCY_XORCY_1885'
INFO: [VRFC 10-3107] analyzing entity 'mbv_system_microblaze_riscv_0_0_MB_MUXCY_XORCY_1888'
INFO: [VRFC 10-3107] analyzing entity 'mbv_system_microblaze_riscv_0_0_MB_MUXCY_XORCY_1889'
INFO: [VRFC 10-3107] analyzing entity 'mbv_system_microblaze_riscv_0_0_MB_MUXCY_XORCY_1892'
INFO: [VRFC 10-3107] analyzing entity 'mbv_system_microblaze_riscv_0_0_MB_MUXCY_XORCY_1893'
INFO: [VRFC 10-3107] analyzing entity 'mbv_system_microblaze_riscv_0_0_MB_MUXCY_XORCY_1896'
INFO: [VRFC 10-3107] analyzing entity 'mbv_system_microblaze_riscv_0_0_MB_MUXCY_XORCY_1897'
INFO: [VRFC 10-3107] analyzing entity 'mbv_system_microblaze_riscv_0_0_MB_MUXCY_XORCY_19'
INFO: [VRFC 10-3107] analyzing entity 'mbv_system_microblaze_riscv_0_0_MB_MUXCY_XORCY_1900'
INFO: [VRFC 10-3107] analyzing entity 'mbv_system_microblaze_riscv_0_0_MB_MUXCY_XORCY_1901'
INFO: [VRFC 10-3107] analyzing entity 'mbv_system_microblaze_riscv_0_0_MB_MUXCY_XORCY_1904'
INFO: [VRFC 10-3107] analyzing entity 'mbv_system_microblaze_riscv_0_0_MB_MUXCY_XORCY_1905'
INFO: [VRFC 10-3107] analyzing entity 'mbv_system_microblaze_riscv_0_0_MB_MUXCY_XORCY_1908'
INFO: [VRFC 10-3107] analyzing entity 'mbv_system_microblaze_riscv_0_0_MB_MUXCY_XORCY_1909'
INFO: [VRFC 10-3107] analyzing entity 'mbv_system_microblaze_riscv_0_0_MB_MUXCY_XORCY_1912'
INFO: [VRFC 10-3107] analyzing entity 'mbv_system_microblaze_riscv_0_0_MB_MUXCY_XORCY_1913'
INFO: [VRFC 10-3107] analyzing entity 'mbv_system_microblaze_riscv_0_0_MB_MUXCY_XORCY_1916'
INFO: [VRFC 10-3107] analyzing entity 'mbv_system_microblaze_riscv_0_0_MB_MUXCY_XORCY_1917'
INFO: [VRFC 10-3107] analyzing entity 'mbv_system_microblaze_riscv_0_0_MB_MUXCY_XORCY_1920'
INFO: [VRFC 10-3107] analyzing entity 'mbv_system_microblaze_riscv_0_0_MB_MUXCY_XORCY_1921'
INFO: [VRFC 10-3107] analyzing entity 'mbv_system_microblaze_riscv_0_0_MB_MUXCY_XORCY_1924'
INFO: [VRFC 10-3107] analyzing entity 'mbv_system_microblaze_riscv_0_0_MB_MUXCY_XORCY_1925'
INFO: [VRFC 10-3107] analyzing entity 'mbv_system_microblaze_riscv_0_0_MB_MUXCY_XORCY_1928'
INFO: [VRFC 10-3107] analyzing entity 'mbv_system_microblaze_riscv_0_0_MB_MUXCY_XORCY_1929'
INFO: [VRFC 10-3107] analyzing entity 'mbv_system_microblaze_riscv_0_0_MB_MUXCY_XORCY_1932'
INFO: [VRFC 10-3107] analyzing entity 'mbv_system_microblaze_riscv_0_0_MB_MUXCY_XORCY_1933'
INFO: [VRFC 10-3107] analyzing entity 'mbv_system_microblaze_riscv_0_0_MB_MUXCY_XORCY_1936'
INFO: [VRFC 10-3107] analyzing entity 'mbv_system_microblaze_riscv_0_0_MB_MUXCY_XORCY_1937'
INFO: [VRFC 10-3107] analyzing entity 'mbv_system_microblaze_riscv_0_0_MB_MUXCY_XORCY_1940'
INFO: [VRFC 10-3107] analyzing entity 'mbv_system_microblaze_riscv_0_0_MB_MUXCY_XORCY_1941'
INFO: [VRFC 10-3107] analyzing entity 'mbv_system_microblaze_riscv_0_0_MB_MUXCY_XORCY_1944'
INFO: [VRFC 10-3107] analyzing entity 'mbv_system_microblaze_riscv_0_0_MB_MUXCY_XORCY_1945'
INFO: [VRFC 10-3107] analyzing entity 'mbv_system_microblaze_riscv_0_0_MB_MUXCY_XORCY_1948'
INFO: [VRFC 10-3107] analyzing entity 'mbv_system_microblaze_riscv_0_0_MB_MUXCY_XORCY_1949'
INFO: [VRFC 10-3107] analyzing entity 'mbv_system_microblaze_riscv_0_0_MB_MUXCY_XORCY_1952'
INFO: [VRFC 10-3107] analyzing entity 'mbv_system_microblaze_riscv_0_0_MB_MUXCY_XORCY_1953'
INFO: [VRFC 10-3107] analyzing entity 'mbv_system_microblaze_riscv_0_0_MB_MUXCY_XORCY_1956'
INFO: [VRFC 10-3107] analyzing entity 'mbv_system_microblaze_riscv_0_0_MB_MUXCY_XORCY_1957'
INFO: [VRFC 10-3107] analyzing entity 'mbv_system_microblaze_riscv_0_0_MB_MUXCY_XORCY_1960'
INFO: [VRFC 10-3107] analyzing entity 'mbv_system_microblaze_riscv_0_0_MB_MUXCY_XORCY_21'
INFO: [VRFC 10-3107] analyzing entity 'mbv_system_microblaze_riscv_0_0_MB_MUXCY_XORCY_2213'
INFO: [VRFC 10-3107] analyzing entity 'mbv_system_microblaze_riscv_0_0_MB_MUXCY_XORCY_2215'
INFO: [VRFC 10-3107] analyzing entity 'mbv_system_microblaze_riscv_0_0_MB_MUXCY_XORCY_2217'
INFO: [VRFC 10-3107] analyzing entity 'mbv_system_microblaze_riscv_0_0_MB_MUXCY_XORCY_2219'
INFO: [VRFC 10-3107] analyzing entity 'mbv_system_microblaze_riscv_0_0_MB_MUXCY_XORCY_2221'
INFO: [VRFC 10-3107] analyzing entity 'mbv_system_microblaze_riscv_0_0_MB_MUXCY_XORCY_2223'
INFO: [VRFC 10-3107] analyzing entity 'mbv_system_microblaze_riscv_0_0_MB_MUXCY_XORCY_2225'
INFO: [VRFC 10-3107] analyzing entity 'mbv_system_microblaze_riscv_0_0_MB_MUXCY_XORCY_2227'
INFO: [VRFC 10-3107] analyzing entity 'mbv_system_microblaze_riscv_0_0_MB_MUXCY_XORCY_2229'
INFO: [VRFC 10-3107] analyzing entity 'mbv_system_microblaze_riscv_0_0_MB_MUXCY_XORCY_2231'
INFO: [VRFC 10-3107] analyzing entity 'mbv_system_microblaze_riscv_0_0_MB_MUXCY_XORCY_2233'
INFO: [VRFC 10-3107] analyzing entity 'mbv_system_microblaze_riscv_0_0_MB_MUXCY_XORCY_2235'
INFO: [VRFC 10-3107] analyzing entity 'mbv_system_microblaze_riscv_0_0_MB_MUXCY_XORCY_2237'
INFO: [VRFC 10-3107] analyzing entity 'mbv_system_microblaze_riscv_0_0_MB_MUXCY_XORCY_2239'
INFO: [VRFC 10-3107] analyzing entity 'mbv_system_microblaze_riscv_0_0_MB_MUXCY_XORCY_2241'
INFO: [VRFC 10-3107] analyzing entity 'mbv_system_microblaze_riscv_0_0_MB_MUXCY_XORCY_2243'
INFO: [VRFC 10-3107] analyzing entity 'mbv_system_microblaze_riscv_0_0_MB_MUXCY_XORCY_2245'
INFO: [VRFC 10-3107] analyzing entity 'mbv_system_microblaze_riscv_0_0_MB_MUXCY_XORCY_2247'
INFO: [VRFC 10-3107] analyzing entity 'mbv_system_microblaze_riscv_0_0_MB_MUXCY_XORCY_2249'
INFO: [VRFC 10-3107] analyzing entity 'mbv_system_microblaze_riscv_0_0_MB_MUXCY_XORCY_2251'
INFO: [VRFC 10-3107] analyzing entity 'mbv_system_microblaze_riscv_0_0_MB_MUXCY_XORCY_2253'
INFO: [VRFC 10-3107] analyzing entity 'mbv_system_microblaze_riscv_0_0_MB_MUXCY_XORCY_2255'
INFO: [VRFC 10-3107] analyzing entity 'mbv_system_microblaze_riscv_0_0_MB_MUXCY_XORCY_2257'
INFO: [VRFC 10-3107] analyzing entity 'mbv_system_microblaze_riscv_0_0_MB_MUXCY_XORCY_2259'
INFO: [VRFC 10-3107] analyzing entity 'mbv_system_microblaze_riscv_0_0_MB_MUXCY_XORCY_2261'
INFO: [VRFC 10-3107] analyzing entity 'mbv_system_microblaze_riscv_0_0_MB_MUXCY_XORCY_2263'
INFO: [VRFC 10-3107] analyzing entity 'mbv_system_microblaze_riscv_0_0_MB_MUXCY_XORCY_2265'
INFO: [VRFC 10-3107] analyzing entity 'mbv_system_microblaze_riscv_0_0_MB_MUXCY_XORCY_2267'
INFO: [VRFC 10-3107] analyzing entity 'mbv_system_microblaze_riscv_0_0_MB_MUXCY_XORCY_2269'
INFO: [VRFC 10-3107] analyzing entity 'mbv_system_microblaze_riscv_0_0_MB_MUXCY_XORCY_2271'
INFO: [VRFC 10-3107] analyzing entity 'mbv_system_microblaze_riscv_0_0_MB_MUXCY_XORCY_2273'
INFO: [VRFC 10-3107] analyzing entity 'mbv_system_microblaze_riscv_0_0_MB_MUXCY_XORCY_2275'
INFO: [VRFC 10-3107] analyzing entity 'mbv_system_microblaze_riscv_0_0_MB_MUXF7'
INFO: [VRFC 10-3107] analyzing entity 'mbv_system_microblaze_riscv_0_0_MB_MUXF7_1003'
INFO: [VRFC 10-3107] analyzing entity 'mbv_system_microblaze_riscv_0_0_MB_MUXF7_1004'
INFO: [VRFC 10-3107] analyzing entity 'mbv_system_microblaze_riscv_0_0_MB_MUXF7_1005'
INFO: [VRFC 10-3107] analyzing entity 'mbv_system_microblaze_riscv_0_0_MB_MUXF7_1006'
INFO: [VRFC 10-3107] analyzing entity 'mbv_system_microblaze_riscv_0_0_MB_MUXF7_1007'
INFO: [VRFC 10-3107] analyzing entity 'mbv_system_microblaze_riscv_0_0_MB_MUXF7_1008'
INFO: [VRFC 10-3107] analyzing entity 'mbv_system_microblaze_riscv_0_0_MB_MUXF7_1009'
INFO: [VRFC 10-3107] analyzing entity 'mbv_system_microblaze_riscv_0_0_MB_MUXF7_1010'
INFO: [VRFC 10-3107] analyzing entity 'mbv_system_microblaze_riscv_0_0_MB_MUXF7_1011'
INFO: [VRFC 10-3107] analyzing entity 'mbv_system_microblaze_riscv_0_0_MB_MUXF7_1012'
INFO: [VRFC 10-3107] analyzing entity 'mbv_system_microblaze_riscv_0_0_MB_MUXF7_1013'
INFO: [VRFC 10-3107] analyzing entity 'mbv_system_microblaze_riscv_0_0_MB_MUXF7_1014'
INFO: [VRFC 10-3107] analyzing entity 'mbv_system_microblaze_riscv_0_0_MB_MUXF7_1015'
INFO: [VRFC 10-3107] analyzing entity 'mbv_system_microblaze_riscv_0_0_MB_MUXF7_1016'
INFO: [VRFC 10-3107] analyzing entity 'mbv_system_microblaze_riscv_0_0_MB_MUXF7_1017'
INFO: [VRFC 10-3107] analyzing entity 'mbv_system_microblaze_riscv_0_0_MB_MUXF7_1018'
INFO: [VRFC 10-3107] analyzing entity 'mbv_system_microblaze_riscv_0_0_MB_MUXF7_1019'
INFO: [VRFC 10-3107] analyzing entity 'mbv_system_microblaze_riscv_0_0_MB_MUXF7_1020'
INFO: [VRFC 10-3107] analyzing entity 'mbv_system_microblaze_riscv_0_0_MB_MUXF7_1021'
INFO: [VRFC 10-3107] analyzing entity 'mbv_system_microblaze_riscv_0_0_MB_MUXF7_1022'
INFO: [VRFC 10-3107] analyzing entity 'mbv_system_microblaze_riscv_0_0_MB_MUXF7_1023'
INFO: [VRFC 10-3107] analyzing entity 'mbv_system_microblaze_riscv_0_0_MB_MUXF7_1024'
INFO: [VRFC 10-3107] analyzing entity 'mbv_system_microblaze_riscv_0_0_MB_MUXF7_1025'
INFO: [VRFC 10-3107] analyzing entity 'mbv_system_microblaze_riscv_0_0_MB_MUXF7_1026'
INFO: [VRFC 10-3107] analyzing entity 'mbv_system_microblaze_riscv_0_0_MB_MUXF7_1027'
INFO: [VRFC 10-3107] analyzing entity 'mbv_system_microblaze_riscv_0_0_MB_MUXF7_1273'
INFO: [VRFC 10-3107] analyzing entity 'mbv_system_microblaze_riscv_0_0_MB_MUXF7_1275'
INFO: [VRFC 10-3107] analyzing entity 'mbv_system_microblaze_riscv_0_0_MB_MUXF7_1277'
INFO: [VRFC 10-3107] analyzing entity 'mbv_system_microblaze_riscv_0_0_MB_MUXF7_1279'
INFO: [VRFC 10-3107] analyzing entity 'mbv_system_microblaze_riscv_0_0_MB_MUXF7_1281'
INFO: [VRFC 10-3107] analyzing entity 'mbv_system_microblaze_riscv_0_0_MB_MUXF7_1283'
INFO: [VRFC 10-3107] analyzing entity 'mbv_system_microblaze_riscv_0_0_MB_MUXF7_1285'
INFO: [VRFC 10-3107] analyzing entity 'mbv_system_microblaze_riscv_0_0_MB_MUXF7_1287'
INFO: [VRFC 10-3107] analyzing entity 'mbv_system_microblaze_riscv_0_0_MB_MUXF7_1289'
INFO: [VRFC 10-3107] analyzing entity 'mbv_system_microblaze_riscv_0_0_MB_MUXF7_1291'
INFO: [VRFC 10-3107] analyzing entity 'mbv_system_microblaze_riscv_0_0_MB_MUXF7_1293'
INFO: [VRFC 10-3107] analyzing entity 'mbv_system_microblaze_riscv_0_0_MB_MUXF7_1295'
INFO: [VRFC 10-3107] analyzing entity 'mbv_system_microblaze_riscv_0_0_MB_MUXF7_1297'
INFO: [VRFC 10-3107] analyzing entity 'mbv_system_microblaze_riscv_0_0_MB_MUXF7_1299'
INFO: [VRFC 10-3107] analyzing entity 'mbv_system_microblaze_riscv_0_0_MB_MUXF7_1301'
INFO: [VRFC 10-3107] analyzing entity 'mbv_system_microblaze_riscv_0_0_MB_MUXF7_1303'
INFO: [VRFC 10-3107] analyzing entity 'mbv_system_microblaze_riscv_0_0_MB_MUXF7_1305'
INFO: [VRFC 10-3107] analyzing entity 'mbv_system_microblaze_riscv_0_0_MB_RAM32M'
INFO: [VRFC 10-3107] analyzing entity 'mbv_system_microblaze_riscv_0_0_MB_RAM32M_1382'
INFO: [VRFC 10-3107] analyzing entity 'mbv_system_microblaze_riscv_0_0_MB_RAM32M_1383'
INFO: [VRFC 10-3107] analyzing entity 'mbv_system_microblaze_riscv_0_0_MB_RAM32M_1384'
INFO: [VRFC 10-3107] analyzing entity 'mbv_system_microblaze_riscv_0_0_MB_RAM32M_1385'
INFO: [VRFC 10-3107] analyzing entity 'mbv_system_microblaze_riscv_0_0_MB_RAM32M_1386'
INFO: [VRFC 10-3107] analyzing entity 'mbv_system_microblaze_riscv_0_0_MB_RAM32M_1387'
INFO: [VRFC 10-3107] analyzing entity 'mbv_system_microblaze_riscv_0_0_MB_RAM32M_1388'
INFO: [VRFC 10-3107] analyzing entity 'mbv_system_microblaze_riscv_0_0_MB_RAM32M_1389'
INFO: [VRFC 10-3107] analyzing entity 'mbv_system_microblaze_riscv_0_0_MB_RAM32M_1390'
INFO: [VRFC 10-3107] analyzing entity 'mbv_system_microblaze_riscv_0_0_MB_RAM32M_1391'
INFO: [VRFC 10-3107] analyzing entity 'mbv_system_microblaze_riscv_0_0_MB_RAM32M_1392'
INFO: [VRFC 10-3107] analyzing entity 'mbv_system_microblaze_riscv_0_0_MB_RAM32M_1393'
INFO: [VRFC 10-3107] analyzing entity 'mbv_system_microblaze_riscv_0_0_MB_RAM32M_1394'
INFO: [VRFC 10-3107] analyzing entity 'mbv_system_microblaze_riscv_0_0_MB_RAM32M_1395'
INFO: [VRFC 10-3107] analyzing entity 'mbv_system_microblaze_riscv_0_0_MB_RAM32M_1396'
INFO: [VRFC 10-3107] analyzing entity 'mbv_system_microblaze_riscv_0_0_MB_RAM32M_1961'
INFO: [VRFC 10-3107] analyzing entity 'mbv_system_microblaze_riscv_0_0_MB_RAM32M_1962'
INFO: [VRFC 10-3107] analyzing entity 'mbv_system_microblaze_riscv_0_0_MB_RAM32M_1963'
INFO: [VRFC 10-3107] analyzing entity 'mbv_system_microblaze_riscv_0_0_MB_RAM32M_1964'
INFO: [VRFC 10-3107] analyzing entity 'mbv_system_microblaze_riscv_0_0_MB_RAM32M_1965'
INFO: [VRFC 10-3107] analyzing entity 'mbv_system_microblaze_riscv_0_0_MB_RAM32M_1966'
INFO: [VRFC 10-3107] analyzing entity 'mbv_system_microblaze_riscv_0_0_MB_RAM32M_1967'
INFO: [VRFC 10-3107] analyzing entity 'mbv_system_microblaze_riscv_0_0_MB_RAM32M_1968'
INFO: [VRFC 10-3107] analyzing entity 'mbv_system_microblaze_riscv_0_0_MB_RAM32M_1969'
INFO: [VRFC 10-3107] analyzing entity 'mbv_system_microblaze_riscv_0_0_MB_RAM32M_1970'
INFO: [VRFC 10-3107] analyzing entity 'mbv_system_microblaze_riscv_0_0_MB_RAM32M_1971'
INFO: [VRFC 10-3107] analyzing entity 'mbv_system_microblaze_riscv_0_0_MB_RAM32M_1972'
INFO: [VRFC 10-3107] analyzing entity 'mbv_system_microblaze_riscv_0_0_MB_RAM32M_1973'
INFO: [VRFC 10-3107] analyzing entity 'mbv_system_microblaze_riscv_0_0_MB_RAM32M_1974'
INFO: [VRFC 10-3107] analyzing entity 'mbv_system_microblaze_riscv_0_0_MB_RAM32M_1975'
INFO: [VRFC 10-3107] analyzing entity 'mbv_system_microblaze_riscv_0_0_MB_RAM32M_1976'
INFO: [VRFC 10-3107] analyzing entity 'mbv_system_microblaze_riscv_0_0_MB_SRL16E'
INFO: [VRFC 10-3107] analyzing entity 'mbv_system_microblaze_riscv_0_0_MB_SRL16E_100'
INFO: [VRFC 10-3107] analyzing entity 'mbv_system_microblaze_riscv_0_0_MB_SRL16E_101'
INFO: [VRFC 10-3107] analyzing entity 'mbv_system_microblaze_riscv_0_0_MB_SRL16E_102'
INFO: [VRFC 10-3107] analyzing entity 'mbv_system_microblaze_riscv_0_0_MB_SRL16E_103'
INFO: [VRFC 10-3107] analyzing entity 'mbv_system_microblaze_riscv_0_0_MB_SRL16E_104'
INFO: [VRFC 10-3107] analyzing entity 'mbv_system_microblaze_riscv_0_0_MB_SRL16E_105'
INFO: [VRFC 10-3107] analyzing entity 'mbv_system_microblaze_riscv_0_0_MB_SRL16E_106'
INFO: [VRFC 10-3107] analyzing entity 'mbv_system_microblaze_riscv_0_0_MB_SRL16E_107'
INFO: [VRFC 10-3107] analyzing entity 'mbv_system_microblaze_riscv_0_0_MB_SRL16E_108'
INFO: [VRFC 10-3107] analyzing entity 'mbv_system_microblaze_riscv_0_0_MB_SRL16E_109'
INFO: [VRFC 10-3107] analyzing entity 'mbv_system_microblaze_riscv_0_0_MB_SRL16E_110'
INFO: [VRFC 10-3107] analyzing entity 'mbv_system_microblaze_riscv_0_0_MB_SRL16E_111'
INFO: [VRFC 10-3107] analyzing entity 'mbv_system_microblaze_riscv_0_0_MB_SRL16E_112'
INFO: [VRFC 10-3107] analyzing entity 'mbv_system_microblaze_riscv_0_0_MB_SRL16E_113'
INFO: [VRFC 10-3107] analyzing entity 'mbv_system_microblaze_riscv_0_0_MB_SRL16E_114'
INFO: [VRFC 10-3107] analyzing entity 'mbv_system_microblaze_riscv_0_0_MB_SRL16E_115'
INFO: [VRFC 10-3107] analyzing entity 'mbv_system_microblaze_riscv_0_0_MB_SRL16E_116'
INFO: [VRFC 10-3107] analyzing entity 'mbv_system_microblaze_riscv_0_0_MB_SRL16E_117'
INFO: [VRFC 10-3107] analyzing entity 'mbv_system_microblaze_riscv_0_0_MB_SRL16E_118'
INFO: [VRFC 10-3107] analyzing entity 'mbv_system_microblaze_riscv_0_0_MB_SRL16E_119'
INFO: [VRFC 10-3107] analyzing entity 'mbv_system_microblaze_riscv_0_0_MB_SRL16E_120'
INFO: [VRFC 10-3107] analyzing entity 'mbv_system_microblaze_riscv_0_0_MB_SRL16E_121'
INFO: [VRFC 10-3107] analyzing entity 'mbv_system_microblaze_riscv_0_0_MB_SRL16E_122'
INFO: [VRFC 10-3107] analyzing entity 'mbv_system_microblaze_riscv_0_0_MB_SRL16E_123'
INFO: [VRFC 10-3107] analyzing entity 'mbv_system_microblaze_riscv_0_0_MB_SRL16E_124'
INFO: [VRFC 10-3107] analyzing entity 'mbv_system_microblaze_riscv_0_0_MB_SRL16E_125'
INFO: [VRFC 10-3107] analyzing entity 'mbv_system_microblaze_riscv_0_0_MB_SRL16E_126'
INFO: [VRFC 10-3107] analyzing entity 'mbv_system_microblaze_riscv_0_0_MB_SRL16E_127'
INFO: [VRFC 10-3107] analyzing entity 'mbv_system_microblaze_riscv_0_0_MB_SRL16E_128'
INFO: [VRFC 10-3107] analyzing entity 'mbv_system_microblaze_riscv_0_0_MB_SRL16E_129'
INFO: [VRFC 10-3107] analyzing entity 'mbv_system_microblaze_riscv_0_0_MB_SRL16E_130'
INFO: [VRFC 10-3107] analyzing entity 'mbv_system_microblaze_riscv_0_0_MB_SRL16E_131'
INFO: [VRFC 10-3107] analyzing entity 'mbv_system_microblaze_riscv_0_0_MB_SRL16E_132'
INFO: [VRFC 10-3107] analyzing entity 'mbv_system_microblaze_riscv_0_0_MB_SRL16E_133'
INFO: [VRFC 10-3107] analyzing entity 'mbv_system_microblaze_riscv_0_0_MB_SRL16E_134'
INFO: [VRFC 10-3107] analyzing entity 'mbv_system_microblaze_riscv_0_0_MB_SRL16E_135'
INFO: [VRFC 10-3107] analyzing entity 'mbv_system_microblaze_riscv_0_0_MB_SRL16E_136'
INFO: [VRFC 10-3107] analyzing entity 'mbv_system_microblaze_riscv_0_0_MB_SRL16E_137'
INFO: [VRFC 10-3107] analyzing entity 'mbv_system_microblaze_riscv_0_0_MB_SRL16E_138'
INFO: [VRFC 10-3107] analyzing entity 'mbv_system_microblaze_riscv_0_0_MB_SRL16E_139'
INFO: [VRFC 10-3107] analyzing entity 'mbv_system_microblaze_riscv_0_0_MB_SRL16E_140'
INFO: [VRFC 10-3107] analyzing entity 'mbv_system_microblaze_riscv_0_0_MB_SRL16E_141'
INFO: [VRFC 10-3107] analyzing entity 'mbv_system_microblaze_riscv_0_0_MB_SRL16E_142'
INFO: [VRFC 10-3107] analyzing entity 'mbv_system_microblaze_riscv_0_0_MB_SRL16E_143'
INFO: [VRFC 10-3107] analyzing entity 'mbv_system_microblaze_riscv_0_0_MB_SRL16E_144'
INFO: [VRFC 10-3107] analyzing entity 'mbv_system_microblaze_riscv_0_0_MB_SRL16E_145'
INFO: [VRFC 10-3107] analyzing entity 'mbv_system_microblaze_riscv_0_0_MB_SRL16E_146'
INFO: [VRFC 10-3107] analyzing entity 'mbv_system_microblaze_riscv_0_0_MB_SRL16E_147'
INFO: [VRFC 10-3107] analyzing entity 'mbv_system_microblaze_riscv_0_0_MB_SRL16E_148'
INFO: [VRFC 10-3107] analyzing entity 'mbv_system_microblaze_riscv_0_0_MB_SRL16E_149'
INFO: [VRFC 10-3107] analyzing entity 'mbv_system_microblaze_riscv_0_0_MB_SRL16E_150'
INFO: [VRFC 10-3107] analyzing entity 'mbv_system_microblaze_riscv_0_0_MB_SRL16E_151'
INFO: [VRFC 10-3107] analyzing entity 'mbv_system_microblaze_riscv_0_0_MB_SRL16E_152'
INFO: [VRFC 10-3107] analyzing entity 'mbv_system_microblaze_riscv_0_0_MB_SRL16E_153'
INFO: [VRFC 10-3107] analyzing entity 'mbv_system_microblaze_riscv_0_0_MB_SRL16E_154'
INFO: [VRFC 10-3107] analyzing entity 'mbv_system_microblaze_riscv_0_0_MB_SRL16E_155'
INFO: [VRFC 10-3107] analyzing entity 'mbv_system_microblaze_riscv_0_0_MB_SRL16E_156'
INFO: [VRFC 10-3107] analyzing entity 'mbv_system_microblaze_riscv_0_0_MB_SRL16E_157'
INFO: [VRFC 10-3107] analyzing entity 'mbv_system_microblaze_riscv_0_0_MB_SRL16E_158'
INFO: [VRFC 10-3107] analyzing entity 'mbv_system_microblaze_riscv_0_0_MB_SRL16E_159'
INFO: [VRFC 10-3107] analyzing entity 'mbv_system_microblaze_riscv_0_0_MB_SRL16E_160'
INFO: [VRFC 10-3107] analyzing entity 'mbv_system_microblaze_riscv_0_0_MB_SRL16E_161'
INFO: [VRFC 10-3107] analyzing entity 'mbv_system_microblaze_riscv_0_0_MB_SRL16E_162'
INFO: [VRFC 10-3107] analyzing entity 'mbv_system_microblaze_riscv_0_0_MB_SRL16E_163'
INFO: [VRFC 10-3107] analyzing entity 'mbv_system_microblaze_riscv_0_0_MB_SRL16E_164'
INFO: [VRFC 10-3107] analyzing entity 'mbv_system_microblaze_riscv_0_0_MB_SRL16E_165'
INFO: [VRFC 10-3107] analyzing entity 'mbv_system_microblaze_riscv_0_0_MB_SRL16E_166'
INFO: [VRFC 10-3107] analyzing entity 'mbv_system_microblaze_riscv_0_0_MB_SRL16E_167'
INFO: [VRFC 10-3107] analyzing entity 'mbv_system_microblaze_riscv_0_0_MB_SRL16E_168'
INFO: [VRFC 10-3107] analyzing entity 'mbv_system_microblaze_riscv_0_0_MB_SRL16E_169'
INFO: [VRFC 10-3107] analyzing entity 'mbv_system_microblaze_riscv_0_0_MB_SRL16E_170'
INFO: [VRFC 10-3107] analyzing entity 'mbv_system_microblaze_riscv_0_0_MB_SRL16E_171'
INFO: [VRFC 10-3107] analyzing entity 'mbv_system_microblaze_riscv_0_0_MB_SRL16E_172'
INFO: [VRFC 10-3107] analyzing entity 'mbv_system_microblaze_riscv_0_0_MB_SRL16E_173'
INFO: [VRFC 10-3107] analyzing entity 'mbv_system_microblaze_riscv_0_0_MB_SRL16E_174'
INFO: [VRFC 10-3107] analyzing entity 'mbv_system_microblaze_riscv_0_0_MB_SRL16E_175'
INFO: [VRFC 10-3107] analyzing entity 'mbv_system_microblaze_riscv_0_0_MB_SRL16E_176'
INFO: [VRFC 10-3107] analyzing entity 'mbv_system_microblaze_riscv_0_0_MB_SRL16E_177'
INFO: [VRFC 10-3107] analyzing entity 'mbv_system_microblaze_riscv_0_0_MB_SRL16E_178'
INFO: [VRFC 10-3107] analyzing entity 'mbv_system_microblaze_riscv_0_0_MB_SRL16E_179'
INFO: [VRFC 10-3107] analyzing entity 'mbv_system_microblaze_riscv_0_0_MB_SRL16E_180'
INFO: [VRFC 10-3107] analyzing entity 'mbv_system_microblaze_riscv_0_0_MB_SRL16E_181'
INFO: [VRFC 10-3107] analyzing entity 'mbv_system_microblaze_riscv_0_0_MB_SRL16E_182'
INFO: [VRFC 10-3107] analyzing entity 'mbv_system_microblaze_riscv_0_0_MB_SRL16E_183'
INFO: [VRFC 10-3107] analyzing entity 'mbv_system_microblaze_riscv_0_0_MB_SRL16E_184'
INFO: [VRFC 10-3107] analyzing entity 'mbv_system_microblaze_riscv_0_0_MB_SRL16E_185'
INFO: [VRFC 10-3107] analyzing entity 'mbv_system_microblaze_riscv_0_0_MB_SRL16E_186'
INFO: [VRFC 10-3107] analyzing entity 'mbv_system_microblaze_riscv_0_0_MB_SRL16E_187'
INFO: [VRFC 10-3107] analyzing entity 'mbv_system_microblaze_riscv_0_0_MB_SRL16E_188'
INFO: [VRFC 10-3107] analyzing entity 'mbv_system_microblaze_riscv_0_0_MB_SRL16E_189'
INFO: [VRFC 10-3107] analyzing entity 'mbv_system_microblaze_riscv_0_0_MB_SRL16E_190'
INFO: [VRFC 10-3107] analyzing entity 'mbv_system_microblaze_riscv_0_0_MB_SRL16E_191'
INFO: [VRFC 10-3107] analyzing entity 'mbv_system_microblaze_riscv_0_0_MB_SRL16E_192'
INFO: [VRFC 10-3107] analyzing entity 'mbv_system_microblaze_riscv_0_0_MB_SRL16E_193'
INFO: [VRFC 10-3107] analyzing entity 'mbv_system_microblaze_riscv_0_0_MB_SRL16E_194'
INFO: [VRFC 10-3107] analyzing entity 'mbv_system_microblaze_riscv_0_0_MB_SRL16E_195'
INFO: [VRFC 10-3107] analyzing entity 'mbv_system_microblaze_riscv_0_0_MB_SRL16E_196'
INFO: [VRFC 10-3107] analyzing entity 'mbv_system_microblaze_riscv_0_0_MB_SRL16E_197'
INFO: [VRFC 10-3107] analyzing entity 'mbv_system_microblaze_riscv_0_0_MB_SRL16E_198'
INFO: [VRFC 10-3107] analyzing entity 'mbv_system_microblaze_riscv_0_0_MB_SRL16E_199'
INFO: [VRFC 10-3107] analyzing entity 'mbv_system_microblaze_riscv_0_0_MB_SRL16E_200'
INFO: [VRFC 10-3107] analyzing entity 'mbv_system_microblaze_riscv_0_0_MB_SRL16E_201'
INFO: [VRFC 10-3107] analyzing entity 'mbv_system_microblaze_riscv_0_0_MB_SRL16E_202'
INFO: [VRFC 10-3107] analyzing entity 'mbv_system_microblaze_riscv_0_0_MB_SRL16E_203'
INFO: [VRFC 10-3107] analyzing entity 'mbv_system_microblaze_riscv_0_0_MB_SRL16E_204'
INFO: [VRFC 10-3107] analyzing entity 'mbv_system_microblaze_riscv_0_0_MB_SRL16E_205'
INFO: [VRFC 10-3107] analyzing entity 'mbv_system_microblaze_riscv_0_0_MB_SRL16E_206'
INFO: [VRFC 10-3107] analyzing entity 'mbv_system_microblaze_riscv_0_0_MB_SRL16E_207'
INFO: [VRFC 10-3107] analyzing entity 'mbv_system_microblaze_riscv_0_0_MB_SRL16E_208'
INFO: [VRFC 10-3107] analyzing entity 'mbv_system_microblaze_riscv_0_0_MB_SRL16E_209'
INFO: [VRFC 10-3107] analyzing entity 'mbv_system_microblaze_riscv_0_0_MB_SRL16E_210'
INFO: [VRFC 10-3107] analyzing entity 'mbv_system_microblaze_riscv_0_0_MB_SRL16E_23'
INFO: [VRFC 10-3107] analyzing entity 'mbv_system_microblaze_riscv_0_0_MB_SRL16E_24'
INFO: [VRFC 10-3107] analyzing entity 'mbv_system_microblaze_riscv_0_0_MB_SRL16E_25'
INFO: [VRFC 10-3107] analyzing entity 'mbv_system_microblaze_riscv_0_0_MB_SRL16E_26'
INFO: [VRFC 10-3107] analyzing entity 'mbv_system_microblaze_riscv_0_0_MB_SRL16E_27'
INFO: [VRFC 10-3107] analyzing entity 'mbv_system_microblaze_riscv_0_0_MB_SRL16E_28'
INFO: [VRFC 10-3107] analyzing entity 'mbv_system_microblaze_riscv_0_0_MB_SRL16E_29'
INFO: [VRFC 10-3107] analyzing entity 'mbv_system_microblaze_riscv_0_0_MB_SRL16E_30'
INFO: [VRFC 10-3107] analyzing entity 'mbv_system_microblaze_riscv_0_0_MB_SRL16E_31'
INFO: [VRFC 10-3107] analyzing entity 'mbv_system_microblaze_riscv_0_0_MB_SRL16E_32'
INFO: [VRFC 10-3107] analyzing entity 'mbv_system_microblaze_riscv_0_0_MB_SRL16E_33'
INFO: [VRFC 10-3107] analyzing entity 'mbv_system_microblaze_riscv_0_0_MB_SRL16E_34'
INFO: [VRFC 10-3107] analyzing entity 'mbv_system_microblaze_riscv_0_0_MB_SRL16E_35'
INFO: [VRFC 10-3107] analyzing entity 'mbv_system_microblaze_riscv_0_0_MB_SRL16E_36'
INFO: [VRFC 10-3107] analyzing entity 'mbv_system_microblaze_riscv_0_0_MB_SRL16E_37'
INFO: [VRFC 10-3107] analyzing entity 'mbv_system_microblaze_riscv_0_0_MB_SRL16E_38'
INFO: [VRFC 10-3107] analyzing entity 'mbv_system_microblaze_riscv_0_0_MB_SRL16E_39'
INFO: [VRFC 10-3107] analyzing entity 'mbv_system_microblaze_riscv_0_0_MB_SRL16E_40'
INFO: [VRFC 10-3107] analyzing entity 'mbv_system_microblaze_riscv_0_0_MB_SRL16E_41'
INFO: [VRFC 10-3107] analyzing entity 'mbv_system_microblaze_riscv_0_0_MB_SRL16E_42'
INFO: [VRFC 10-3107] analyzing entity 'mbv_system_microblaze_riscv_0_0_MB_SRL16E_43'
INFO: [VRFC 10-3107] analyzing entity 'mbv_system_microblaze_riscv_0_0_MB_SRL16E_44'
INFO: [VRFC 10-3107] analyzing entity 'mbv_system_microblaze_riscv_0_0_MB_SRL16E_45'
INFO: [VRFC 10-3107] analyzing entity 'mbv_system_microblaze_riscv_0_0_MB_SRL16E_46'
INFO: [VRFC 10-3107] analyzing entity 'mbv_system_microblaze_riscv_0_0_MB_SRL16E_47'
INFO: [VRFC 10-3107] analyzing entity 'mbv_system_microblaze_riscv_0_0_MB_SRL16E_48'
INFO: [VRFC 10-3107] analyzing entity 'mbv_system_microblaze_riscv_0_0_MB_SRL16E_49'
INFO: [VRFC 10-3107] analyzing entity 'mbv_system_microblaze_riscv_0_0_MB_SRL16E_50'
INFO: [VRFC 10-3107] analyzing entity 'mbv_system_microblaze_riscv_0_0_MB_SRL16E_51'
INFO: [VRFC 10-3107] analyzing entity 'mbv_system_microblaze_riscv_0_0_MB_SRL16E_52'
INFO: [VRFC 10-3107] analyzing entity 'mbv_system_microblaze_riscv_0_0_MB_SRL16E_53'
INFO: [VRFC 10-3107] analyzing entity 'mbv_system_microblaze_riscv_0_0_MB_SRL16E_54'
INFO: [VRFC 10-3107] analyzing entity 'mbv_system_microblaze_riscv_0_0_MB_SRL16E_55'
INFO: [VRFC 10-3107] analyzing entity 'mbv_system_microblaze_riscv_0_0_MB_SRL16E_56'
INFO: [VRFC 10-3107] analyzing entity 'mbv_system_microblaze_riscv_0_0_MB_SRL16E_57'
INFO: [VRFC 10-3107] analyzing entity 'mbv_system_microblaze_riscv_0_0_MB_SRL16E_58'
INFO: [VRFC 10-3107] analyzing entity 'mbv_system_microblaze_riscv_0_0_MB_SRL16E_59'
INFO: [VRFC 10-3107] analyzing entity 'mbv_system_microblaze_riscv_0_0_MB_SRL16E_60'
INFO: [VRFC 10-3107] analyzing entity 'mbv_system_microblaze_riscv_0_0_MB_SRL16E_61'
INFO: [VRFC 10-3107] analyzing entity 'mbv_system_microblaze_riscv_0_0_MB_SRL16E_62'
INFO: [VRFC 10-3107] analyzing entity 'mbv_system_microblaze_riscv_0_0_MB_SRL16E_63'
INFO: [VRFC 10-3107] analyzing entity 'mbv_system_microblaze_riscv_0_0_MB_SRL16E_64'
INFO: [VRFC 10-3107] analyzing entity 'mbv_system_microblaze_riscv_0_0_MB_SRL16E_65'
INFO: [VRFC 10-3107] analyzing entity 'mbv_system_microblaze_riscv_0_0_MB_SRL16E_66'
INFO: [VRFC 10-3107] analyzing entity 'mbv_system_microblaze_riscv_0_0_MB_SRL16E_67'
INFO: [VRFC 10-3107] analyzing entity 'mbv_system_microblaze_riscv_0_0_MB_SRL16E_68'
INFO: [VRFC 10-3107] analyzing entity 'mbv_system_microblaze_riscv_0_0_MB_SRL16E_69'
INFO: [VRFC 10-3107] analyzing entity 'mbv_system_microblaze_riscv_0_0_MB_SRL16E_70'
INFO: [VRFC 10-3107] analyzing entity 'mbv_system_microblaze_riscv_0_0_MB_SRL16E_71'
INFO: [VRFC 10-3107] analyzing entity 'mbv_system_microblaze_riscv_0_0_MB_SRL16E_72'
INFO: [VRFC 10-3107] analyzing entity 'mbv_system_microblaze_riscv_0_0_MB_SRL16E_73'
INFO: [VRFC 10-3107] analyzing entity 'mbv_system_microblaze_riscv_0_0_MB_SRL16E_74'
INFO: [VRFC 10-3107] analyzing entity 'mbv_system_microblaze_riscv_0_0_MB_SRL16E_75'
INFO: [VRFC 10-3107] analyzing entity 'mbv_system_microblaze_riscv_0_0_MB_SRL16E_76'
INFO: [VRFC 10-3107] analyzing entity 'mbv_system_microblaze_riscv_0_0_MB_SRL16E_77'
INFO: [VRFC 10-3107] analyzing entity 'mbv_system_microblaze_riscv_0_0_MB_SRL16E_78'
INFO: [VRFC 10-3107] analyzing entity 'mbv_system_microblaze_riscv_0_0_MB_SRL16E_79'
INFO: [VRFC 10-3107] analyzing entity 'mbv_system_microblaze_riscv_0_0_MB_SRL16E_80'
INFO: [VRFC 10-3107] analyzing entity 'mbv_system_microblaze_riscv_0_0_MB_SRL16E_81'
INFO: [VRFC 10-3107] analyzing entity 'mbv_system_microblaze_riscv_0_0_MB_SRL16E_82'
INFO: [VRFC 10-3107] analyzing entity 'mbv_system_microblaze_riscv_0_0_MB_SRL16E_83'
INFO: [VRFC 10-3107] analyzing entity 'mbv_system_microblaze_riscv_0_0_MB_SRL16E_84'
INFO: [VRFC 10-3107] analyzing entity 'mbv_system_microblaze_riscv_0_0_MB_SRL16E_85'
INFO: [VRFC 10-3107] analyzing entity 'mbv_system_microblaze_riscv_0_0_MB_SRL16E_86'
INFO: [VRFC 10-3107] analyzing entity 'mbv_system_microblaze_riscv_0_0_MB_SRL16E_87'
INFO: [VRFC 10-3107] analyzing entity 'mbv_system_microblaze_riscv_0_0_MB_SRL16E_88'
INFO: [VRFC 10-3107] analyzing entity 'mbv_system_microblaze_riscv_0_0_MB_SRL16E_89'
INFO: [VRFC 10-3107] analyzing entity 'mbv_system_microblaze_riscv_0_0_MB_SRL16E_90'
INFO: [VRFC 10-3107] analyzing entity 'mbv_system_microblaze_riscv_0_0_MB_SRL16E_91'
INFO: [VRFC 10-3107] analyzing entity 'mbv_system_microblaze_riscv_0_0_MB_SRL16E_92'
INFO: [VRFC 10-3107] analyzing entity 'mbv_system_microblaze_riscv_0_0_MB_SRL16E_93'
INFO: [VRFC 10-3107] analyzing entity 'mbv_system_microblaze_riscv_0_0_MB_SRL16E_94'
INFO: [VRFC 10-3107] analyzing entity 'mbv_system_microblaze_riscv_0_0_MB_SRL16E_95'
INFO: [VRFC 10-3107] analyzing entity 'mbv_system_microblaze_riscv_0_0_MB_SRL16E_96'
INFO: [VRFC 10-3107] analyzing entity 'mbv_system_microblaze_riscv_0_0_MB_SRL16E_97'
INFO: [VRFC 10-3107] analyzing entity 'mbv_system_microblaze_riscv_0_0_MB_SRL16E_98'
INFO: [VRFC 10-3107] analyzing entity 'mbv_system_microblaze_riscv_0_0_MB_SRL16E_99'
INFO: [VRFC 10-3107] analyzing entity 'mbv_system_microblaze_riscv_0_0_MMU_UTLB_RAM'
INFO: [VRFC 10-3107] analyzing entity '\mbv_system_microblaze_riscv_0_0_OneHot_Buffer_FF__parameterized1\'
INFO: [VRFC 10-3107] analyzing entity 'mbv_system_microblaze_riscv_0_0_WB_Mux_Bit'
INFO: [VRFC 10-3107] analyzing entity 'mbv_system_microblaze_riscv_0_0_WB_Mux_Bit_1370'
INFO: [VRFC 10-3107] analyzing entity 'mbv_system_microblaze_riscv_0_0_WB_Mux_Bit_1371'
INFO: [VRFC 10-3107] analyzing entity 'mbv_system_microblaze_riscv_0_0_WB_Mux_Bit_1373'
INFO: [VRFC 10-3107] analyzing entity 'mbv_system_microblaze_riscv_0_0_WB_Mux_Bit_1374'
INFO: [VRFC 10-3107] analyzing entity '\mbv_system_microblaze_riscv_0_0_WB_Mux_Bit__parameterized2\'
INFO: [VRFC 10-3107] analyzing entity '\mbv_system_microblaze_riscv_0_0_WB_Mux_Bit__parameterized2_1361\'
INFO: [VRFC 10-3107] analyzing entity '\mbv_system_microblaze_riscv_0_0_WB_Mux_Bit__parameterized2_1363\'
INFO: [VRFC 10-3107] analyzing entity '\mbv_system_microblaze_riscv_0_0_WB_Mux_Bit__parameterized2_1364\'
INFO: [VRFC 10-3107] analyzing entity '\mbv_system_microblaze_riscv_0_0_WB_Mux_Bit__parameterized2_1365\'
INFO: [VRFC 10-3107] analyzing entity '\mbv_system_microblaze_riscv_0_0_WB_Mux_Bit__parameterized2_1366\'
INFO: [VRFC 10-3107] analyzing entity '\mbv_system_microblaze_riscv_0_0_WB_Mux_Bit__parameterized2_1367\'
INFO: [VRFC 10-3107] analyzing entity '\mbv_system_microblaze_riscv_0_0_WB_Mux_Bit__parameterized2_1368\'
INFO: [VRFC 10-3107] analyzing entity '\mbv_system_microblaze_riscv_0_0_WB_Mux_Bit__parameterized2_1369\'
INFO: [VRFC 10-3107] analyzing entity '\mbv_system_microblaze_riscv_0_0_WB_Mux_Bit__parameterized4\'
INFO: [VRFC 10-3107] analyzing entity '\mbv_system_microblaze_riscv_0_0_WB_Mux_Bit__parameterized4_1353\'
INFO: [VRFC 10-3107] analyzing entity '\mbv_system_microblaze_riscv_0_0_WB_Mux_Bit__parameterized4_1354\'
INFO: [VRFC 10-3107] analyzing entity '\mbv_system_microblaze_riscv_0_0_WB_Mux_Bit__parameterized4_1355\'
INFO: [VRFC 10-3107] analyzing entity '\mbv_system_microblaze_riscv_0_0_WB_Mux_Bit__parameterized4_1356\'
INFO: [VRFC 10-3107] analyzing entity '\mbv_system_microblaze_riscv_0_0_WB_Mux_Bit__parameterized4_1357\'
INFO: [VRFC 10-3107] analyzing entity '\mbv_system_microblaze_riscv_0_0_WB_Mux_Bit__parameterized4_1358\'
INFO: [VRFC 10-3107] analyzing entity '\mbv_system_microblaze_riscv_0_0_WB_Mux_Bit__parameterized4_1359\'
INFO: [VRFC 10-3107] analyzing entity '\mbv_system_microblaze_riscv_0_0_WB_Mux_Bit__parameterized4_1360\'
INFO: [VRFC 10-3107] analyzing entity '\mbv_system_microblaze_riscv_0_0_WB_Mux_Bit__parameterized4_1362\'
INFO: [VRFC 10-3107] analyzing entity '\mbv_system_microblaze_riscv_0_0_WB_Mux_Bit__parameterized4_1372\'
INFO: [VRFC 10-3107] analyzing entity '\mbv_system_microblaze_riscv_0_0_WB_Mux_Bit__parameterized4_1375\'
INFO: [VRFC 10-3107] analyzing entity '\mbv_system_microblaze_riscv_0_0_WB_Mux_Bit__parameterized4_1376\'
INFO: [VRFC 10-3107] analyzing entity '\mbv_system_microblaze_riscv_0_0_WB_Mux_Bit__parameterized4_1377\'
INFO: [VRFC 10-3107] analyzing entity '\mbv_system_microblaze_riscv_0_0_WB_Mux_Bit__parameterized4_1378\'
INFO: [VRFC 10-3107] analyzing entity '\mbv_system_microblaze_riscv_0_0_WB_Mux_Bit__parameterized4_1379\'
INFO: [VRFC 10-3107] analyzing entity '\mbv_system_microblaze_riscv_0_0_WB_Mux_Bit__parameterized4_1380\'
INFO: [VRFC 10-3107] analyzing entity '\mbv_system_microblaze_riscv_0_0_WB_Mux_Bit__parameterized4_1381\'
INFO: [VRFC 10-3107] analyzing entity 'mbv_system_microblaze_riscv_0_0_csr'
INFO: [VRFC 10-3107] analyzing entity 'mbv_system_microblaze_riscv_0_0_debug_stat_counter'
INFO: [VRFC 10-3107] analyzing entity 'mbv_system_microblaze_riscv_0_0_debug_stat_counter_218'
INFO: [VRFC 10-3107] analyzing entity 'mbv_system_microblaze_riscv_0_0_debug_stat_counter_219'
INFO: [VRFC 10-3107] analyzing entity 'mbv_system_microblaze_riscv_0_0_debug_stat_counter_220'
INFO: [VRFC 10-3107] analyzing entity 'mbv_system_microblaze_riscv_0_0_debug_stat_counter_221'
INFO: [VRFC 10-3107] analyzing entity 'mbv_system_microblaze_riscv_0_0_debug_stat_counter_222'
INFO: [VRFC 10-3107] analyzing entity 'mbv_system_microblaze_riscv_0_0_debug_stat_counter_230'
INFO: [VRFC 10-3107] analyzing entity 'mbv_system_microblaze_riscv_0_0_debug_stat_counter_231'
INFO: [VRFC 10-3107] analyzing entity 'mbv_system_microblaze_riscv_0_0_debug_stat_counter_232'
INFO: [VRFC 10-3107] analyzing entity 'mbv_system_microblaze_riscv_0_0_debug_stat_counter_233'
INFO: [VRFC 10-3107] analyzing entity 'mbv_system_microblaze_riscv_0_0_debug_stat_counter_234'
INFO: [VRFC 10-3107] analyzing entity 'mbv_system_microblaze_riscv_0_0_debug_stat_counter_235'
INFO: [VRFC 10-3107] analyzing entity 'mbv_system_microblaze_riscv_0_0_debug_stat_counter_236'
INFO: [VRFC 10-3107] analyzing entity '\mbv_system_microblaze_riscv_0_0_debug_stat_counter__parameterized2\'
INFO: [VRFC 10-3107] analyzing entity '\mbv_system_microblaze_riscv_0_0_debug_stat_counter__parameterized2_223\'
INFO: [VRFC 10-3107] analyzing entity '\mbv_system_microblaze_riscv_0_0_debug_stat_counter__parameterized2_224\'
INFO: [VRFC 10-3107] analyzing entity '\mbv_system_microblaze_riscv_0_0_debug_stat_counter__parameterized2_225\'
INFO: [VRFC 10-3107] analyzing entity '\mbv_system_microblaze_riscv_0_0_debug_stat_counter__parameterized2_226\'
INFO: [VRFC 10-3107] analyzing entity '\mbv_system_microblaze_riscv_0_0_debug_stat_counter__parameterized2_227\'
INFO: [VRFC 10-3107] analyzing entity '\mbv_system_microblaze_riscv_0_0_debug_stat_counter__parameterized2_228\'
INFO: [VRFC 10-3107] analyzing entity '\mbv_system_microblaze_riscv_0_0_debug_stat_counter__parameterized2_229\'
INFO: [VRFC 10-3107] analyzing entity 'mbv_system_microblaze_riscv_0_0_mb_sync_bit'
INFO: [VRFC 10-3107] analyzing entity '\mbv_system_microblaze_riscv_0_0_mb_sync_bit__parameterized1\'
INFO: [VRFC 10-3107] analyzing entity '\mbv_system_microblaze_riscv_0_0_mb_sync_bit__parameterized1_0\'
INFO: [VRFC 10-3107] analyzing entity '\mbv_system_microblaze_riscv_0_0_mb_sync_bit__parameterized1_787\'
INFO: [VRFC 10-3107] analyzing entity '\mbv_system_microblaze_riscv_0_0_mb_sync_bit__parameterized1_791\'
INFO: [VRFC 10-3107] analyzing entity '\mbv_system_microblaze_riscv_0_0_mb_sync_bit__parameterized1_792\'
INFO: [VRFC 10-3107] analyzing entity '\mbv_system_microblaze_riscv_0_0_mb_sync_bit__parameterized1_793\'
INFO: [VRFC 10-3107] analyzing entity '\mbv_system_microblaze_riscv_0_0_mb_sync_bit__parameterized1_794\'
INFO: [VRFC 10-3107] analyzing entity '\mbv_system_microblaze_riscv_0_0_mb_sync_bit__parameterized1_795\'
INFO: [VRFC 10-3107] analyzing entity '\mbv_system_microblaze_riscv_0_0_mb_sync_bit__parameterized1_796\'
INFO: [VRFC 10-3107] analyzing entity '\mbv_system_microblaze_riscv_0_0_mb_sync_bit__parameterized1_797\'
INFO: [VRFC 10-3107] analyzing entity '\mbv_system_microblaze_riscv_0_0_mb_sync_bit__parameterized1_798\'
INFO: [VRFC 10-3107] analyzing entity '\mbv_system_microblaze_riscv_0_0_mb_sync_bit__parameterized1_799\'
INFO: [VRFC 10-3107] analyzing entity '\mbv_system_microblaze_riscv_0_0_mb_sync_bit__parameterized1_800\'
INFO: [VRFC 10-3107] analyzing entity '\mbv_system_microblaze_riscv_0_0_mb_sync_bit__parameterized1_801\'
INFO: [VRFC 10-3107] analyzing entity '\mbv_system_microblaze_riscv_0_0_mb_sync_bit__parameterized1_802\'
INFO: [VRFC 10-3107] analyzing entity '\mbv_system_microblaze_riscv_0_0_mb_sync_bit__parameterized3\'
INFO: [VRFC 10-3107] analyzing entity '\mbv_system_microblaze_riscv_0_0_mb_sync_bit__parameterized3_790\'
INFO: [VRFC 10-3107] analyzing entity '\mbv_system_microblaze_riscv_0_0_mb_sync_bit__parameterized5\'
INFO: [VRFC 10-3107] analyzing entity '\mbv_system_microblaze_riscv_0_0_mb_sync_bit__parameterized5_788\'
INFO: [VRFC 10-3107] analyzing entity '\mbv_system_microblaze_riscv_0_0_mb_sync_bit__parameterized5_789\'
INFO: [VRFC 10-3107] analyzing entity 'mbv_system_microblaze_riscv_0_0_microblaze_riscv_v1_0_7_Byte_Doublet_Handle_gti'
INFO: [VRFC 10-3107] analyzing entity 'mbv_system_microblaze_riscv_0_0_microblaze_riscv_v1_0_7_DAXI_interface'
INFO: [VRFC 10-3107] analyzing entity 'mbv_system_microblaze_riscv_0_0_microblaze_riscv_v1_0_7_FPU_ADDSUB'
INFO: [VRFC 10-3107] analyzing entity 'mbv_system_microblaze_riscv_0_0_read_data_mux'
INFO: [VRFC 10-3107] analyzing entity 'mbv_system_microblaze_riscv_0_0_saxi_interface'
INFO: [VRFC 10-3107] analyzing entity 'mbv_system_microblaze_riscv_0_0_xil_scan_reset_control'
INFO: [VRFC 10-3107] analyzing entity '\mbv_system_microblaze_riscv_0_0_xil_scan_reset_control__10\'
INFO: [VRFC 10-3107] analyzing entity '\mbv_system_microblaze_riscv_0_0_xil_scan_reset_control__3\'
INFO: [VRFC 10-3107] analyzing entity '\mbv_system_microblaze_riscv_0_0_xil_scan_reset_control__4\'
INFO: [VRFC 10-3107] analyzing entity '\mbv_system_microblaze_riscv_0_0_xil_scan_reset_control__5\'
INFO: [VRFC 10-3107] analyzing entity '\mbv_system_microblaze_riscv_0_0_xil_scan_reset_control__6\'
INFO: [VRFC 10-3107] analyzing entity '\mbv_system_microblaze_riscv_0_0_xil_scan_reset_control__7\'
INFO: [VRFC 10-3107] analyzing entity '\mbv_system_microblaze_riscv_0_0_xil_scan_reset_control__8\'
INFO: [VRFC 10-3107] analyzing entity '\mbv_system_microblaze_riscv_0_0_xil_scan_reset_control__9\'
INFO: [VRFC 10-3107] analyzing entity 'mbv_system_lmb_bram_1_blk_mem_gen_prim_wrapper'
INFO: [VRFC 10-3107] analyzing entity '\mbv_system_lmb_bram_1_blk_mem_gen_prim_wrapper__parameterized0\'
INFO: [VRFC 10-3107] analyzing entity '\mbv_system_lmb_bram_1_blk_mem_gen_prim_wrapper__parameterized1\'
INFO: [VRFC 10-3107] analyzing entity '\mbv_system_lmb_bram_1_blk_mem_gen_prim_wrapper__parameterized10\'
INFO: [VRFC 10-3107] analyzing entity '\mbv_system_lmb_bram_1_blk_mem_gen_prim_wrapper__parameterized11\'
INFO: [VRFC 10-3107] analyzing entity '\mbv_system_lmb_bram_1_blk_mem_gen_prim_wrapper__parameterized12\'
INFO: [VRFC 10-3107] analyzing entity '\mbv_system_lmb_bram_1_blk_mem_gen_prim_wrapper__parameterized13\'
INFO: [VRFC 10-3107] analyzing entity '\mbv_system_lmb_bram_1_blk_mem_gen_prim_wrapper__parameterized14\'
INFO: [VRFC 10-3107] analyzing entity '\mbv_system_lmb_bram_1_blk_mem_gen_prim_wrapper__parameterized15\'
INFO: [VRFC 10-3107] analyzing entity '\mbv_system_lmb_bram_1_blk_mem_gen_prim_wrapper__parameterized16\'
INFO: [VRFC 10-3107] analyzing entity '\mbv_system_lmb_bram_1_blk_mem_gen_prim_wrapper__parameterized17\'
INFO: [VRFC 10-3107] analyzing entity '\mbv_system_lmb_bram_1_blk_mem_gen_prim_wrapper__parameterized18\'
INFO: [VRFC 10-3107] analyzing entity '\mbv_system_lmb_bram_1_blk_mem_gen_prim_wrapper__parameterized19\'
INFO: [VRFC 10-3107] analyzing entity '\mbv_system_lmb_bram_1_blk_mem_gen_prim_wrapper__parameterized2\'
INFO: [VRFC 10-3107] analyzing entity '\mbv_system_lmb_bram_1_blk_mem_gen_prim_wrapper__parameterized20\'
INFO: [VRFC 10-3107] analyzing entity '\mbv_system_lmb_bram_1_blk_mem_gen_prim_wrapper__parameterized21\'
INFO: [VRFC 10-3107] analyzing entity '\mbv_system_lmb_bram_1_blk_mem_gen_prim_wrapper__parameterized22\'
INFO: [VRFC 10-3107] analyzing entity '\mbv_system_lmb_bram_1_blk_mem_gen_prim_wrapper__parameterized23\'
INFO: [VRFC 10-3107] analyzing entity '\mbv_system_lmb_bram_1_blk_mem_gen_prim_wrapper__parameterized24\'
INFO: [VRFC 10-3107] analyzing entity '\mbv_system_lmb_bram_1_blk_mem_gen_prim_wrapper__parameterized25\'
INFO: [VRFC 10-3107] analyzing entity '\mbv_system_lmb_bram_1_blk_mem_gen_prim_wrapper__parameterized26\'
INFO: [VRFC 10-3107] analyzing entity '\mbv_system_lmb_bram_1_blk_mem_gen_prim_wrapper__parameterized27\'
INFO: [VRFC 10-3107] analyzing entity '\mbv_system_lmb_bram_1_blk_mem_gen_prim_wrapper__parameterized28\'
INFO: [VRFC 10-3107] analyzing entity '\mbv_system_lmb_bram_1_blk_mem_gen_prim_wrapper__parameterized29\'
INFO: [VRFC 10-3107] analyzing entity '\mbv_system_lmb_bram_1_blk_mem_gen_prim_wrapper__parameterized3\'
INFO: [VRFC 10-3107] analyzing entity '\mbv_system_lmb_bram_1_blk_mem_gen_prim_wrapper__parameterized30\'
INFO: [VRFC 10-3107] analyzing entity '\mbv_system_lmb_bram_1_blk_mem_gen_prim_wrapper__parameterized4\'
INFO: [VRFC 10-3107] analyzing entity '\mbv_system_lmb_bram_1_blk_mem_gen_prim_wrapper__parameterized5\'
INFO: [VRFC 10-3107] analyzing entity '\mbv_system_lmb_bram_1_blk_mem_gen_prim_wrapper__parameterized6\'
INFO: [VRFC 10-3107] analyzing entity '\mbv_system_lmb_bram_1_blk_mem_gen_prim_wrapper__parameterized7\'
INFO: [VRFC 10-3107] analyzing entity '\mbv_system_lmb_bram_1_blk_mem_gen_prim_wrapper__parameterized8\'
INFO: [VRFC 10-3107] analyzing entity '\mbv_system_lmb_bram_1_blk_mem_gen_prim_wrapper__parameterized9\'
INFO: [VRFC 10-3107] analyzing entity 'mbv_system_axi_ethernetlite_0_0_MacAddrRAM'
INFO: [VRFC 10-3107] analyzing entity 'mbv_system_axi_ethernetlite_0_0_crcgentx'
INFO: [VRFC 10-3107] analyzing entity 'mbv_system_axi_ethernetlite_0_0_deferral'
INFO: [VRFC 10-3107] analyzing entity 'mbv_system_axi_ethernetlite_0_0_xpm_fifo_rst'
INFO: [VRFC 10-3107] analyzing entity 'mbv_system_axi_ethernetlite_0_0_xpm_fifo_rst_21'
INFO: [VRFC 10-3107] analyzing entity 'mbv_system_axi_ethernetlite_0_0_xpm_memory_tdpram'
INFO: [VRFC 10-3107] analyzing entity '\mbv_system_axi_ethernetlite_0_0_xpm_memory_tdpram__1\'
INFO: [VRFC 10-3107] analyzing entity '\mbv_system_axi_ethernetlite_0_0_xpm_memory_tdpram__2\'
INFO: [VRFC 10-3107] analyzing entity '\mbv_system_axi_ethernetlite_0_0_xpm_memory_tdpram__3\'
INFO: [VRFC 10-3107] analyzing entity '\mbv_system_axi_ethernetlite_0_0_xpm_memory_tdpram__4\'
INFO: [VRFC 10-3107] analyzing entity '\mbv_system_axi_ethernetlite_0_0_xpm_memory_tdpram__5\'
INFO: [VRFC 10-3107] analyzing entity '\mbv_system_axi_ethernetlite_0_0_xpm_memory_tdpram__6\'
INFO: [VRFC 10-3107] analyzing entity '\mbv_system_axi_ethernetlite_0_0_xpm_memory_tdpram__7\'
INFO: [VRFC 10-3107] analyzing entity 'mbv_system_axi_gpio_0_0_GPIO_Core'
INFO: [VRFC 10-3107] analyzing entity 'mbv_system_axi_gpio_0_0_slave_attachment'
INFO: [VRFC 10-3107] analyzing entity 'mbv_system_axi_gpio_0_1_GPIO_Core'
INFO: [VRFC 10-3107] analyzing entity 'mbv_system_axi_gpio_0_1_slave_attachment'
INFO: [VRFC 10-3107] analyzing entity 'mbv_system_axi_gpio_0_2_GPIO_Core'
INFO: [VRFC 10-3107] analyzing entity 'mbv_system_axi_gpio_0_2_slave_attachment'
INFO: [VRFC 10-3107] analyzing entity 'mbv_system_axi_gpio_0_3_GPIO_Core'
INFO: [VRFC 10-3107] analyzing entity 'mbv_system_axi_gpio_0_3_slave_attachment'
INFO: [VRFC 10-3107] analyzing entity 'mbv_system_axi_gpio_0_4_GPIO_Core'
INFO: [VRFC 10-3107] analyzing entity 'mbv_system_axi_gpio_0_4_address_decoder'
INFO: [VRFC 10-3107] analyzing entity 'mbv_system_axi_gpio_0_5_GPIO_Core'
INFO: [VRFC 10-3107] analyzing entity 'mbv_system_axi_gpio_0_5_address_decoder'
INFO: [VRFC 10-3107] analyzing entity 'mbv_system_axi_gpio_0_6_GPIO_Core'
INFO: [VRFC 10-3107] analyzing entity 'mbv_system_axi_gpio_0_6_address_decoder'
INFO: [VRFC 10-3107] analyzing entity 'mbv_system_axi_iic_0_0_debounce'
INFO: [VRFC 10-3107] analyzing entity 'mbv_system_axi_iic_0_0_debounce_3'
INFO: [VRFC 10-3107] analyzing entity 'mbv_system_axi_iic_0_0_iic_control'
INFO: [VRFC 10-3107] analyzing entity 'mbv_system_axi_iic_0_0_slave_attachment'
INFO: [VRFC 10-3107] analyzing entity 'mbv_system_axi_quad_spi_0_0_axi_qspi_enhanced_mode'
INFO: [VRFC 10-3107] analyzing entity 'mbv_system_axi_quad_spi_0_0_xpm_fifo_rst'
INFO: [VRFC 10-3107] analyzing entity 'mbv_system_axi_quad_spi_0_0_xpm_fifo_rst_16'
INFO: [VRFC 10-3107] analyzing entity 'mbv_system_axi_quad_spi_0_1_axi_qspi_enhanced_mode'
INFO: [VRFC 10-3107] analyzing entity 'mbv_system_axi_quad_spi_0_1_xpm_fifo_rst'
INFO: [VRFC 10-3107] analyzing entity 'mbv_system_axi_quad_spi_0_1_xpm_fifo_rst_16'
INFO: [VRFC 10-3107] analyzing entity 'mbv_system_axi_timebase_wdt_0_0_address_decoder'
INFO: [VRFC 10-3107] analyzing entity 'mbv_system_axi_uartlite_0_0_address_decoder'
INFO: [VRFC 10-3107] analyzing entity 'mbv_system_axi_uartlite_0_0_uartlite_rx'
INFO: [VRFC 10-3107] analyzing entity 'mbv_system_axi_uartlite_0_0_uartlite_tx'
INFO: [VRFC 10-3107] analyzing entity 'mbv_system_clk_wiz_1_1'
INFO: [VRFC 10-3107] analyzing entity 'mbv_system_dlmb_bram_if_cntlr_1'
INFO: [VRFC 10-3107] analyzing entity 'mbv_system_dlmb_v10_1'
INFO: [VRFC 10-3107] analyzing entity 'mbv_system_fit_timer_0_0_FIT_timer'
INFO: [VRFC 10-3107] analyzing entity 'mbv_system_ilmb_bram_if_cntlr_1'
INFO: [VRFC 10-3107] analyzing entity 'mbv_system_ilmb_v10_1'
INFO: [VRFC 10-3107] analyzing entity 'mbv_system_mbv_riscv_axi_intc_1_intc_core'
INFO: [VRFC 10-3107] analyzing entity 'mbv_system_mbv_riscv_axi_intc_1_slave_attachment'
INFO: [VRFC 10-3107] analyzing entity 'mbv_system_mbv_riscv_axi_periph_1_bd_e941_arinsw_0'
INFO: [VRFC 10-3107] analyzing entity 'mbv_system_mbv_riscv_axi_periph_1_bd_e941_aroutsw_0'
INFO: [VRFC 10-3107] analyzing entity 'mbv_system_mbv_riscv_axi_periph_1_bd_e941_awinsw_0'
INFO: [VRFC 10-3107] analyzing entity 'mbv_system_mbv_riscv_axi_periph_1_bd_e941_awoutsw_0'
INFO: [VRFC 10-3107] analyzing entity 'mbv_system_mbv_riscv_axi_periph_1_bd_e941_binsw_0'
INFO: [VRFC 10-3107] analyzing entity 'mbv_system_mbv_riscv_axi_periph_1_bd_e941_boutsw_0'
INFO: [VRFC 10-3107] analyzing entity 'mbv_system_mbv_riscv_axi_periph_1_bd_e941_m00s2a_0'
INFO: [VRFC 10-3107] analyzing entity 'mbv_system_mbv_riscv_axi_periph_1_bd_e941_m01s2a_0'
INFO: [VRFC 10-3107] analyzing entity 'mbv_system_mbv_riscv_axi_periph_1_bd_e941_m02s2a_0'
INFO: [VRFC 10-3107] analyzing entity 'mbv_system_mbv_riscv_axi_periph_1_bd_e941_m03s2a_0'
INFO: [VRFC 10-3107] analyzing entity 'mbv_system_mbv_riscv_axi_periph_1_bd_e941_m04s2a_0'
INFO: [VRFC 10-3107] analyzing entity 'mbv_system_mbv_riscv_axi_periph_1_bd_e941_m05s2a_0'
INFO: [VRFC 10-3107] analyzing entity 'mbv_system_mbv_riscv_axi_periph_1_bd_e941_m06s2a_0'
INFO: [VRFC 10-3107] analyzing entity 'mbv_system_mbv_riscv_axi_periph_1_bd_e941_m07s2a_0'
INFO: [VRFC 10-3107] analyzing entity 'mbv_system_mbv_riscv_axi_periph_1_bd_e941_m08s2a_0'
INFO: [VRFC 10-3107] analyzing entity 'mbv_system_mbv_riscv_axi_periph_1_bd_e941_m09s2a_0'
INFO: [VRFC 10-3107] analyzing entity 'mbv_system_mbv_riscv_axi_periph_1_bd_e941_m10s2a_0'
INFO: [VRFC 10-3107] analyzing entity 'mbv_system_mbv_riscv_axi_periph_1_bd_e941_m11s2a_0'
INFO: [VRFC 10-3107] analyzing entity 'mbv_system_mbv_riscv_axi_periph_1_bd_e941_m12s2a_0'
INFO: [VRFC 10-3107] analyzing entity 'mbv_system_mbv_riscv_axi_periph_1_bd_e941_m13s2a_0'
INFO: [VRFC 10-3107] analyzing entity 'mbv_system_mbv_riscv_axi_periph_1_bd_e941_rinsw_0'
INFO: [VRFC 10-3107] analyzing entity 'mbv_system_mbv_riscv_axi_periph_1_bd_e941_routsw_0'
INFO: [VRFC 10-3107] analyzing entity 'mbv_system_mbv_riscv_axi_periph_1_bd_e941_s00a2s_0'
INFO: [VRFC 10-3107] analyzing entity 'mbv_system_mbv_riscv_axi_periph_1_bd_e941_winsw_0'
INFO: [VRFC 10-3107] analyzing entity 'mbv_system_mbv_riscv_axi_periph_1_bd_e941_woutsw_0'
INFO: [VRFC 10-3107] analyzing entity 'mbv_system_mbv_riscv_axi_periph_1_lpf'
INFO: [VRFC 10-3107] analyzing entity 'mbv_system_mbv_riscv_axi_periph_1_sequence_psr'
INFO: [VRFC 10-3107] analyzing entity 'mbv_system_mdm_1_1_JTAG_CONTROL'
INFO: [VRFC 10-3107] analyzing entity 'mbv_system_mdm_1_1_SRL_FIFO'
INFO: [VRFC 10-3107] analyzing entity 'mbv_system_mdm_1_1_SRL_FIFO_0'
INFO: [VRFC 10-3107] analyzing entity 'mbv_system_rst_clk_wiz_1_100M_1_lpf'
INFO: [VRFC 10-3107] analyzing entity 'mbv_system_rst_clk_wiz_1_100M_1_sequence_psr'
INFO: [VRFC 10-3107] analyzing entity 'mbv_system_mbv_riscv_axi_periph_1_sc_exit_v1_0_18_top'
INFO: [VRFC 10-3107] analyzing entity '\mbv_system_mbv_riscv_axi_periph_1_sc_exit_v1_0_18_top__1\'
INFO: [VRFC 10-3107] analyzing entity '\mbv_system_mbv_riscv_axi_periph_1_sc_exit_v1_0_18_top__2\'
INFO: [VRFC 10-3107] analyzing entity '\mbv_system_mbv_riscv_axi_periph_1_sc_exit_v1_0_18_top__3\'
INFO: [VRFC 10-3107] analyzing entity '\mbv_system_mbv_riscv_axi_periph_1_sc_exit_v1_0_18_top__4\'
INFO: [VRFC 10-3107] analyzing entity '\mbv_system_mbv_riscv_axi_periph_1_sc_exit_v1_0_18_top__5\'
INFO: [VRFC 10-3107] analyzing entity '\mbv_system_mbv_riscv_axi_periph_1_sc_exit_v1_0_18_top__6\'
INFO: [VRFC 10-3107] analyzing entity '\mbv_system_mbv_riscv_axi_periph_1_sc_exit_v1_0_18_top__7\'
INFO: [VRFC 10-3107] analyzing entity '\mbv_system_mbv_riscv_axi_periph_1_sc_exit_v1_0_18_top__8\'
INFO: [VRFC 10-3107] analyzing entity '\mbv_system_mbv_riscv_axi_periph_1_sc_exit_v1_0_18_top__parameterized0\'
INFO: [VRFC 10-3107] analyzing entity '\mbv_system_mbv_riscv_axi_periph_1_sc_exit_v1_0_18_top__parameterized1\'
INFO: [VRFC 10-3107] analyzing entity '\mbv_system_mbv_riscv_axi_periph_1_sc_exit_v1_0_18_top__parameterized2\'
INFO: [VRFC 10-3107] analyzing entity '\mbv_system_mbv_riscv_axi_periph_1_sc_exit_v1_0_18_top__parameterized2__1\'
INFO: [VRFC 10-3107] analyzing entity '\mbv_system_mbv_riscv_axi_periph_1_sc_exit_v1_0_18_top__parameterized3\'
INFO: [VRFC 10-3107] analyzing entity 'mbv_system_mbv_riscv_axi_periph_1_sc_mmu_v1_0_16_top'
INFO: [VRFC 10-3107] analyzing entity 'mbv_system_mbv_riscv_axi_periph_1_sc_node_v1_0_19_reg_fifo'
INFO: [VRFC 10-3107] analyzing entity 'mbv_system_mbv_riscv_axi_periph_1_sc_node_v1_0_19_reg_fifo_33'
INFO: [VRFC 10-3107] analyzing entity '\mbv_system_mbv_riscv_axi_periph_1_sc_node_v1_0_19_reg_fifo__parameterized0\'
INFO: [VRFC 10-3107] analyzing entity '\mbv_system_mbv_riscv_axi_periph_1_sc_node_v1_0_19_reg_fifo__parameterized1\'
INFO: [VRFC 10-3107] analyzing entity '\mbv_system_mbv_riscv_axi_periph_1_sc_node_v1_0_19_reg_fifo__parameterized2\'
INFO: [VRFC 10-3107] analyzing entity '\mbv_system_mbv_riscv_axi_periph_1_sc_node_v1_0_19_si_handler__parameterized6\'
INFO: [VRFC 10-3107] analyzing entity '\mbv_system_mbv_riscv_axi_periph_1_sc_node_v1_0_19_si_handler__parameterized7\'
INFO: [VRFC 10-3107] analyzing entity 'mbv_system_mbv_riscv_axi_periph_1_sc_node_v1_0_19_top'
INFO: [VRFC 10-3107] analyzing entity '\mbv_system_mbv_riscv_axi_periph_1_sc_node_v1_0_19_top__1\'
INFO: [VRFC 10-3107] analyzing entity '\mbv_system_mbv_riscv_axi_periph_1_sc_node_v1_0_19_top__10\'
INFO: [VRFC 10-3107] analyzing entity '\mbv_system_mbv_riscv_axi_periph_1_sc_node_v1_0_19_top__11\'
INFO: [VRFC 10-3107] analyzing entity '\mbv_system_mbv_riscv_axi_periph_1_sc_node_v1_0_19_top__12\'
INFO: [VRFC 10-3107] analyzing entity '\mbv_system_mbv_riscv_axi_periph_1_sc_node_v1_0_19_top__13\'
INFO: [VRFC 10-3107] analyzing entity '\mbv_system_mbv_riscv_axi_periph_1_sc_node_v1_0_19_top__2\'
INFO: [VRFC 10-3107] analyzing entity '\mbv_system_mbv_riscv_axi_periph_1_sc_node_v1_0_19_top__3\'
INFO: [VRFC 10-3107] analyzing entity '\mbv_system_mbv_riscv_axi_periph_1_sc_node_v1_0_19_top__4\'
INFO: [VRFC 10-3107] analyzing entity '\mbv_system_mbv_riscv_axi_periph_1_sc_node_v1_0_19_top__5\'
INFO: [VRFC 10-3107] analyzing entity '\mbv_system_mbv_riscv_axi_periph_1_sc_node_v1_0_19_top__6\'
INFO: [VRFC 10-3107] analyzing entity '\mbv_system_mbv_riscv_axi_periph_1_sc_node_v1_0_19_top__7\'
INFO: [VRFC 10-3107] analyzing entity '\mbv_system_mbv_riscv_axi_periph_1_sc_node_v1_0_19_top__8\'
INFO: [VRFC 10-3107] analyzing entity '\mbv_system_mbv_riscv_axi_periph_1_sc_node_v1_0_19_top__9\'
INFO: [VRFC 10-3107] analyzing entity '\mbv_system_mbv_riscv_axi_periph_1_sc_node_v1_0_19_top__parameterized0\'
INFO: [VRFC 10-3107] analyzing entity '\mbv_system_mbv_riscv_axi_periph_1_sc_node_v1_0_19_top__parameterized0__1\'
INFO: [VRFC 10-3107] analyzing entity '\mbv_system_mbv_riscv_axi_periph_1_sc_node_v1_0_19_top__parameterized0__10\'
INFO: [VRFC 10-3107] analyzing entity '\mbv_system_mbv_riscv_axi_periph_1_sc_node_v1_0_19_top__parameterized0__11\'
INFO: [VRFC 10-3107] analyzing entity '\mbv_system_mbv_riscv_axi_periph_1_sc_node_v1_0_19_top__parameterized0__12\'
INFO: [VRFC 10-3107] analyzing entity '\mbv_system_mbv_riscv_axi_periph_1_sc_node_v1_0_19_top__parameterized0__13\'
INFO: [VRFC 10-3107] analyzing entity '\mbv_system_mbv_riscv_axi_periph_1_sc_node_v1_0_19_top__parameterized0__2\'
INFO: [VRFC 10-3107] analyzing entity '\mbv_system_mbv_riscv_axi_periph_1_sc_node_v1_0_19_top__parameterized0__3\'
INFO: [VRFC 10-3107] analyzing entity '\mbv_system_mbv_riscv_axi_periph_1_sc_node_v1_0_19_top__parameterized0__4\'
INFO: [VRFC 10-3107] analyzing entity '\mbv_system_mbv_riscv_axi_periph_1_sc_node_v1_0_19_top__parameterized0__5\'
INFO: [VRFC 10-3107] analyzing entity '\mbv_system_mbv_riscv_axi_periph_1_sc_node_v1_0_19_top__parameterized0__6\'
INFO: [VRFC 10-3107] analyzing entity '\mbv_system_mbv_riscv_axi_periph_1_sc_node_v1_0_19_top__parameterized0__7\'
INFO: [VRFC 10-3107] analyzing entity '\mbv_system_mbv_riscv_axi_periph_1_sc_node_v1_0_19_top__parameterized0__8\'
INFO: [VRFC 10-3107] analyzing entity '\mbv_system_mbv_riscv_axi_periph_1_sc_node_v1_0_19_top__parameterized0__9\'
INFO: [VRFC 10-3107] analyzing entity '\mbv_system_mbv_riscv_axi_periph_1_sc_node_v1_0_19_top__parameterized1\'
INFO: [VRFC 10-3107] analyzing entity '\mbv_system_mbv_riscv_axi_periph_1_sc_node_v1_0_19_top__parameterized1__1\'
INFO: [VRFC 10-3107] analyzing entity '\mbv_system_mbv_riscv_axi_periph_1_sc_node_v1_0_19_top__parameterized1__10\'
INFO: [VRFC 10-3107] analyzing entity '\mbv_system_mbv_riscv_axi_periph_1_sc_node_v1_0_19_top__parameterized1__11\'
INFO: [VRFC 10-3107] analyzing entity '\mbv_system_mbv_riscv_axi_periph_1_sc_node_v1_0_19_top__parameterized1__12\'
INFO: [VRFC 10-3107] analyzing entity '\mbv_system_mbv_riscv_axi_periph_1_sc_node_v1_0_19_top__parameterized1__13\'
INFO: [VRFC 10-3107] analyzing entity '\mbv_system_mbv_riscv_axi_periph_1_sc_node_v1_0_19_top__parameterized1__2\'
INFO: [VRFC 10-3107] analyzing entity '\mbv_system_mbv_riscv_axi_periph_1_sc_node_v1_0_19_top__parameterized1__3\'
INFO: [VRFC 10-3107] analyzing entity '\mbv_system_mbv_riscv_axi_periph_1_sc_node_v1_0_19_top__parameterized1__4\'
INFO: [VRFC 10-3107] analyzing entity '\mbv_system_mbv_riscv_axi_periph_1_sc_node_v1_0_19_top__parameterized1__5\'
INFO: [VRFC 10-3107] analyzing entity '\mbv_system_mbv_riscv_axi_periph_1_sc_node_v1_0_19_top__parameterized1__6\'
INFO: [VRFC 10-3107] analyzing entity '\mbv_system_mbv_riscv_axi_periph_1_sc_node_v1_0_19_top__parameterized1__7\'
INFO: [VRFC 10-3107] analyzing entity '\mbv_system_mbv_riscv_axi_periph_1_sc_node_v1_0_19_top__parameterized1__8\'
INFO: [VRFC 10-3107] analyzing entity '\mbv_system_mbv_riscv_axi_periph_1_sc_node_v1_0_19_top__parameterized1__9\'
INFO: [VRFC 10-3107] analyzing entity '\mbv_system_mbv_riscv_axi_periph_1_sc_node_v1_0_19_top__parameterized2\'
INFO: [VRFC 10-3107] analyzing entity '\mbv_system_mbv_riscv_axi_periph_1_sc_node_v1_0_19_top__parameterized2__1\'
INFO: [VRFC 10-3107] analyzing entity '\mbv_system_mbv_riscv_axi_periph_1_sc_node_v1_0_19_top__parameterized2__10\'
INFO: [VRFC 10-3107] analyzing entity '\mbv_system_mbv_riscv_axi_periph_1_sc_node_v1_0_19_top__parameterized2__11\'
INFO: [VRFC 10-3107] analyzing entity '\mbv_system_mbv_riscv_axi_periph_1_sc_node_v1_0_19_top__parameterized2__12\'
INFO: [VRFC 10-3107] analyzing entity '\mbv_system_mbv_riscv_axi_periph_1_sc_node_v1_0_19_top__parameterized2__13\'
INFO: [VRFC 10-3107] analyzing entity '\mbv_system_mbv_riscv_axi_periph_1_sc_node_v1_0_19_top__parameterized2__2\'
INFO: [VRFC 10-3107] analyzing entity '\mbv_system_mbv_riscv_axi_periph_1_sc_node_v1_0_19_top__parameterized2__3\'
INFO: [VRFC 10-3107] analyzing entity '\mbv_system_mbv_riscv_axi_periph_1_sc_node_v1_0_19_top__parameterized2__4\'
INFO: [VRFC 10-3107] analyzing entity '\mbv_system_mbv_riscv_axi_periph_1_sc_node_v1_0_19_top__parameterized2__5\'
INFO: [VRFC 10-3107] analyzing entity '\mbv_system_mbv_riscv_axi_periph_1_sc_node_v1_0_19_top__parameterized2__6\'
INFO: [VRFC 10-3107] analyzing entity '\mbv_system_mbv_riscv_axi_periph_1_sc_node_v1_0_19_top__parameterized2__7\'
INFO: [VRFC 10-3107] analyzing entity '\mbv_system_mbv_riscv_axi_periph_1_sc_node_v1_0_19_top__parameterized2__8\'
INFO: [VRFC 10-3107] analyzing entity '\mbv_system_mbv_riscv_axi_periph_1_sc_node_v1_0_19_top__parameterized2__9\'
INFO: [VRFC 10-3107] analyzing entity '\mbv_system_mbv_riscv_axi_periph_1_sc_node_v1_0_19_top__parameterized3\'
INFO: [VRFC 10-3107] analyzing entity '\mbv_system_mbv_riscv_axi_periph_1_sc_node_v1_0_19_top__parameterized3__1\'
INFO: [VRFC 10-3107] analyzing entity '\mbv_system_mbv_riscv_axi_periph_1_sc_node_v1_0_19_top__parameterized3__10\'
INFO: [VRFC 10-3107] analyzing entity '\mbv_system_mbv_riscv_axi_periph_1_sc_node_v1_0_19_top__parameterized3__11\'
INFO: [VRFC 10-3107] analyzing entity '\mbv_system_mbv_riscv_axi_periph_1_sc_node_v1_0_19_top__parameterized3__12\'
INFO: [VRFC 10-3107] analyzing entity '\mbv_system_mbv_riscv_axi_periph_1_sc_node_v1_0_19_top__parameterized3__13\'
INFO: [VRFC 10-3107] analyzing entity '\mbv_system_mbv_riscv_axi_periph_1_sc_node_v1_0_19_top__parameterized3__2\'
INFO: [VRFC 10-3107] analyzing entity '\mbv_system_mbv_riscv_axi_periph_1_sc_node_v1_0_19_top__parameterized3__3\'
INFO: [VRFC 10-3107] analyzing entity '\mbv_system_mbv_riscv_axi_periph_1_sc_node_v1_0_19_top__parameterized3__4\'
INFO: [VRFC 10-3107] analyzing entity '\mbv_system_mbv_riscv_axi_periph_1_sc_node_v1_0_19_top__parameterized3__5\'
INFO: [VRFC 10-3107] analyzing entity '\mbv_system_mbv_riscv_axi_periph_1_sc_node_v1_0_19_top__parameterized3__6\'
INFO: [VRFC 10-3107] analyzing entity '\mbv_system_mbv_riscv_axi_periph_1_sc_node_v1_0_19_top__parameterized3__7\'
INFO: [VRFC 10-3107] analyzing entity '\mbv_system_mbv_riscv_axi_periph_1_sc_node_v1_0_19_top__parameterized3__8\'
INFO: [VRFC 10-3107] analyzing entity '\mbv_system_mbv_riscv_axi_periph_1_sc_node_v1_0_19_top__parameterized3__9\'
INFO: [VRFC 10-3107] analyzing entity '\mbv_system_mbv_riscv_axi_periph_1_sc_node_v1_0_19_top__parameterized4\'
INFO: [VRFC 10-3107] analyzing entity '\mbv_system_mbv_riscv_axi_periph_1_sc_node_v1_0_19_top__parameterized5\'
INFO: [VRFC 10-3107] analyzing entity '\mbv_system_mbv_riscv_axi_periph_1_sc_node_v1_0_19_top__parameterized6\'
INFO: [VRFC 10-3107] analyzing entity '\mbv_system_mbv_riscv_axi_periph_1_sc_node_v1_0_19_top__parameterized7\'
INFO: [VRFC 10-3107] analyzing entity '\mbv_system_mbv_riscv_axi_periph_1_sc_node_v1_0_19_top__parameterized8\'
INFO: [VRFC 10-3107] analyzing entity 'mbv_system_mbv_riscv_axi_periph_1_sc_si_converter_v1_0_16_top'
INFO: [VRFC 10-3107] analyzing entity 'mbv_system_mbv_riscv_axi_periph_1_sc_transaction_regulator_v1_0_12_top'
INFO: [VRFC 10-3107] analyzing entity 'mbv_system_axi_quad_spi_0_0_dist_mem_gen_v8_0_17_synth'
INFO: [VRFC 10-3107] analyzing entity 'mbv_system_microblaze_riscv_0_0_Async_FIFO'
INFO: [VRFC 10-3107] analyzing entity 'mbv_system_microblaze_riscv_0_0_Branch_Compare'
INFO: [VRFC 10-3107] analyzing entity 'mbv_system_microblaze_riscv_0_0_FPU_DIV_SQRT'
INFO: [VRFC 10-3107] analyzing entity 'mbv_system_microblaze_riscv_0_0_HW_Perf_Mon'
INFO: [VRFC 10-3107] analyzing entity 'mbv_system_microblaze_riscv_0_0_OneHot_Buffer_FF'
INFO: [VRFC 10-3107] analyzing entity 'mbv_system_microblaze_riscv_0_0_WB_Mux'
INFO: [VRFC 10-3107] analyzing entity 'mbv_system_microblaze_riscv_0_0_bitman'
INFO: [VRFC 10-3107] analyzing entity 'mbv_system_microblaze_riscv_0_0_carry_and'
INFO: [VRFC 10-3107] analyzing entity 'mbv_system_microblaze_riscv_0_0_carry_and_1001'
INFO: [VRFC 10-3107] analyzing entity 'mbv_system_microblaze_riscv_0_0_carry_and_1029'
INFO: [VRFC 10-3107] analyzing entity 'mbv_system_microblaze_riscv_0_0_carry_and_1030'
INFO: [VRFC 10-3107] analyzing entity 'mbv_system_microblaze_riscv_0_0_carry_and_1031'
INFO: [VRFC 10-3107] analyzing entity 'mbv_system_microblaze_riscv_0_0_carry_and_1035'
INFO: [VRFC 10-3107] analyzing entity 'mbv_system_microblaze_riscv_0_0_carry_and_1036'
INFO: [VRFC 10-3107] analyzing entity 'mbv_system_microblaze_riscv_0_0_carry_and_1037'
INFO: [VRFC 10-3107] analyzing entity 'mbv_system_microblaze_riscv_0_0_carry_and_1038'
INFO: [VRFC 10-3107] analyzing entity 'mbv_system_microblaze_riscv_0_0_carry_and_1039'
INFO: [VRFC 10-3107] analyzing entity 'mbv_system_microblaze_riscv_0_0_carry_and_1040'
INFO: [VRFC 10-3107] analyzing entity 'mbv_system_microblaze_riscv_0_0_carry_and_1041'
INFO: [VRFC 10-3107] analyzing entity 'mbv_system_microblaze_riscv_0_0_carry_and_1042'
INFO: [VRFC 10-3107] analyzing entity 'mbv_system_microblaze_riscv_0_0_carry_and_1043'
INFO: [VRFC 10-3107] analyzing entity 'mbv_system_microblaze_riscv_0_0_carry_and_1044'
INFO: [VRFC 10-3107] analyzing entity 'mbv_system_microblaze_riscv_0_0_carry_and_1045'
INFO: [VRFC 10-3107] analyzing entity 'mbv_system_microblaze_riscv_0_0_carry_and_1046'
INFO: [VRFC 10-3107] analyzing entity 'mbv_system_microblaze_riscv_0_0_carry_and_1047'
INFO: [VRFC 10-3107] analyzing entity 'mbv_system_microblaze_riscv_0_0_carry_and_1048'
INFO: [VRFC 10-3107] analyzing entity 'mbv_system_microblaze_riscv_0_0_carry_and_1064'
INFO: [VRFC 10-3107] analyzing entity 'mbv_system_microblaze_riscv_0_0_carry_and_1065'
INFO: [VRFC 10-3107] analyzing entity 'mbv_system_microblaze_riscv_0_0_carry_and_1066'
INFO: [VRFC 10-3107] analyzing entity 'mbv_system_microblaze_riscv_0_0_carry_and_1070'
INFO: [VRFC 10-3107] analyzing entity 'mbv_system_microblaze_riscv_0_0_carry_and_1071'
INFO: [VRFC 10-3107] analyzing entity 'mbv_system_microblaze_riscv_0_0_carry_and_1072'
INFO: [VRFC 10-3107] analyzing entity 'mbv_system_microblaze_riscv_0_0_carry_and_1073'
INFO: [VRFC 10-3107] analyzing entity 'mbv_system_microblaze_riscv_0_0_carry_and_1074'
INFO: [VRFC 10-3107] analyzing entity 'mbv_system_microblaze_riscv_0_0_carry_and_1075'
INFO: [VRFC 10-3107] analyzing entity 'mbv_system_microblaze_riscv_0_0_carry_and_1076'
INFO: [VRFC 10-3107] analyzing entity 'mbv_system_microblaze_riscv_0_0_carry_and_1077'
INFO: [VRFC 10-3107] analyzing entity 'mbv_system_microblaze_riscv_0_0_carry_and_1078'
INFO: [VRFC 10-3107] analyzing entity 'mbv_system_microblaze_riscv_0_0_carry_and_1079'
INFO: [VRFC 10-3107] analyzing entity 'mbv_system_microblaze_riscv_0_0_carry_and_1080'
INFO: [VRFC 10-3107] analyzing entity 'mbv_system_microblaze_riscv_0_0_carry_and_1081'
INFO: [VRFC 10-3107] analyzing entity 'mbv_system_microblaze_riscv_0_0_carry_and_1082'
INFO: [VRFC 10-3107] analyzing entity 'mbv_system_microblaze_riscv_0_0_carry_and_1083'
INFO: [VRFC 10-3107] analyzing entity 'mbv_system_microblaze_riscv_0_0_carry_and_1099'
INFO: [VRFC 10-3107] analyzing entity 'mbv_system_microblaze_riscv_0_0_carry_and_1100'
INFO: [VRFC 10-3107] analyzing entity 'mbv_system_microblaze_riscv_0_0_carry_and_1101'
INFO: [VRFC 10-3107] analyzing entity 'mbv_system_microblaze_riscv_0_0_carry_and_1105'
INFO: [VRFC 10-3107] analyzing entity 'mbv_system_microblaze_riscv_0_0_carry_and_1106'
INFO: [VRFC 10-3107] analyzing entity 'mbv_system_microblaze_riscv_0_0_carry_and_1107'
INFO: [VRFC 10-3107] analyzing entity 'mbv_system_microblaze_riscv_0_0_carry_and_1108'
INFO: [VRFC 10-3107] analyzing entity 'mbv_system_microblaze_riscv_0_0_carry_and_1109'
INFO: [VRFC 10-3107] analyzing entity 'mbv_system_microblaze_riscv_0_0_carry_and_1110'
INFO: [VRFC 10-3107] analyzing entity 'mbv_system_microblaze_riscv_0_0_carry_and_1111'
INFO: [VRFC 10-3107] analyzing entity 'mbv_system_microblaze_riscv_0_0_carry_and_1112'
INFO: [VRFC 10-3107] analyzing entity 'mbv_system_microblaze_riscv_0_0_carry_and_1113'
INFO: [VRFC 10-3107] analyzing entity 'mbv_system_microblaze_riscv_0_0_carry_and_1114'
INFO: [VRFC 10-3107] analyzing entity 'mbv_system_microblaze_riscv_0_0_carry_and_1115'
INFO: [VRFC 10-3107] analyzing entity 'mbv_system_microblaze_riscv_0_0_carry_and_1116'
INFO: [VRFC 10-3107] analyzing entity 'mbv_system_microblaze_riscv_0_0_carry_and_1117'
INFO: [VRFC 10-3107] analyzing entity 'mbv_system_microblaze_riscv_0_0_carry_and_1118'
INFO: [VRFC 10-3107] analyzing entity 'mbv_system_microblaze_riscv_0_0_carry_and_1134'
INFO: [VRFC 10-3107] analyzing entity 'mbv_system_microblaze_riscv_0_0_carry_and_1135'
INFO: [VRFC 10-3107] analyzing entity 'mbv_system_microblaze_riscv_0_0_carry_and_1136'
INFO: [VRFC 10-3107] analyzing entity 'mbv_system_microblaze_riscv_0_0_carry_and_1140'
INFO: [VRFC 10-3107] analyzing entity 'mbv_system_microblaze_riscv_0_0_carry_and_1141'
INFO: [VRFC 10-3107] analyzing entity 'mbv_system_microblaze_riscv_0_0_carry_and_1142'
INFO: [VRFC 10-3107] analyzing entity 'mbv_system_microblaze_riscv_0_0_carry_and_1143'
INFO: [VRFC 10-3107] analyzing entity 'mbv_system_microblaze_riscv_0_0_carry_and_1144'
INFO: [VRFC 10-3107] analyzing entity 'mbv_system_microblaze_riscv_0_0_carry_and_1145'
INFO: [VRFC 10-3107] analyzing entity 'mbv_system_microblaze_riscv_0_0_carry_and_1146'
INFO: [VRFC 10-3107] analyzing entity 'mbv_system_microblaze_riscv_0_0_carry_and_1147'
INFO: [VRFC 10-3107] analyzing entity 'mbv_system_microblaze_riscv_0_0_carry_and_1148'
INFO: [VRFC 10-3107] analyzing entity 'mbv_system_microblaze_riscv_0_0_carry_and_1149'
INFO: [VRFC 10-3107] analyzing entity 'mbv_system_microblaze_riscv_0_0_carry_and_1150'
INFO: [VRFC 10-3107] analyzing entity 'mbv_system_microblaze_riscv_0_0_carry_and_1151'
INFO: [VRFC 10-3107] analyzing entity 'mbv_system_microblaze_riscv_0_0_carry_and_1152'
INFO: [VRFC 10-3107] analyzing entity 'mbv_system_microblaze_riscv_0_0_carry_and_1153'
INFO: [VRFC 10-3107] analyzing entity 'mbv_system_microblaze_riscv_0_0_carry_and_1205'
INFO: [VRFC 10-3107] analyzing entity 'mbv_system_microblaze_riscv_0_0_carry_and_1206'
INFO: [VRFC 10-3107] analyzing entity 'mbv_system_microblaze_riscv_0_0_carry_and_1207'
INFO: [VRFC 10-3107] analyzing entity 'mbv_system_microblaze_riscv_0_0_carry_and_1208'
INFO: [VRFC 10-3107] analyzing entity 'mbv_system_microblaze_riscv_0_0_carry_and_1209'
INFO: [VRFC 10-3107] analyzing entity 'mbv_system_microblaze_riscv_0_0_carry_and_1210'
INFO: [VRFC 10-3107] analyzing entity 'mbv_system_microblaze_riscv_0_0_carry_and_1211'
INFO: [VRFC 10-3107] analyzing entity 'mbv_system_microblaze_riscv_0_0_carry_and_1212'
INFO: [VRFC 10-3107] analyzing entity 'mbv_system_microblaze_riscv_0_0_carry_and_1213'
INFO: [VRFC 10-3107] analyzing entity 'mbv_system_microblaze_riscv_0_0_carry_and_1214'
INFO: [VRFC 10-3107] analyzing entity 'mbv_system_microblaze_riscv_0_0_carry_and_1215'
INFO: [VRFC 10-3107] analyzing entity 'mbv_system_microblaze_riscv_0_0_carry_and_1216'
INFO: [VRFC 10-3107] analyzing entity 'mbv_system_microblaze_riscv_0_0_carry_and_1217'
INFO: [VRFC 10-3107] analyzing entity 'mbv_system_microblaze_riscv_0_0_carry_and_1218'
INFO: [VRFC 10-3107] analyzing entity 'mbv_system_microblaze_riscv_0_0_carry_and_1234'
INFO: [VRFC 10-3107] analyzing entity 'mbv_system_microblaze_riscv_0_0_carry_and_1235'
INFO: [VRFC 10-3107] analyzing entity 'mbv_system_microblaze_riscv_0_0_carry_and_1236'
INFO: [VRFC 10-3107] analyzing entity 'mbv_system_microblaze_riscv_0_0_carry_and_1237'
INFO: [VRFC 10-3107] analyzing entity 'mbv_system_microblaze_riscv_0_0_carry_and_1499'
INFO: [VRFC 10-3107] analyzing entity 'mbv_system_microblaze_riscv_0_0_carry_and_1500'
INFO: [VRFC 10-3107] analyzing entity 'mbv_system_microblaze_riscv_0_0_carry_and_1501'
INFO: [VRFC 10-3107] analyzing entity 'mbv_system_microblaze_riscv_0_0_carry_and_1502'
INFO: [VRFC 10-3107] analyzing entity 'mbv_system_microblaze_riscv_0_0_carry_and_1503'
INFO: [VRFC 10-3107] analyzing entity 'mbv_system_microblaze_riscv_0_0_carry_and_1504'
INFO: [VRFC 10-3107] analyzing entity 'mbv_system_microblaze_riscv_0_0_carry_and_1511'
INFO: [VRFC 10-3107] analyzing entity 'mbv_system_microblaze_riscv_0_0_carry_and_1512'
INFO: [VRFC 10-3107] analyzing entity 'mbv_system_microblaze_riscv_0_0_carry_and_1513'
INFO: [VRFC 10-3107] analyzing entity 'mbv_system_microblaze_riscv_0_0_carry_and_1514'
INFO: [VRFC 10-3107] analyzing entity 'mbv_system_microblaze_riscv_0_0_carry_and_1515'
INFO: [VRFC 10-3107] analyzing entity 'mbv_system_microblaze_riscv_0_0_carry_and_1516'
INFO: [VRFC 10-3107] analyzing entity 'mbv_system_microblaze_riscv_0_0_carry_and_1523'
INFO: [VRFC 10-3107] analyzing entity 'mbv_system_microblaze_riscv_0_0_carry_and_1524'
INFO: [VRFC 10-3107] analyzing entity 'mbv_system_microblaze_riscv_0_0_carry_and_1525'
INFO: [VRFC 10-3107] analyzing entity 'mbv_system_microblaze_riscv_0_0_carry_and_1529'
INFO: [VRFC 10-3107] analyzing entity 'mbv_system_microblaze_riscv_0_0_carry_and_1530'
INFO: [VRFC 10-3107] analyzing entity 'mbv_system_microblaze_riscv_0_0_carry_and_1531'
INFO: [VRFC 10-3107] analyzing entity 'mbv_system_microblaze_riscv_0_0_carry_and_1532'
INFO: [VRFC 10-3107] analyzing entity 'mbv_system_microblaze_riscv_0_0_carry_and_1533'
INFO: [VRFC 10-3107] analyzing entity 'mbv_system_microblaze_riscv_0_0_carry_and_1534'
INFO: [VRFC 10-3107] analyzing entity 'mbv_system_microblaze_riscv_0_0_carry_and_1535'
INFO: [VRFC 10-3107] analyzing entity 'mbv_system_microblaze_riscv_0_0_carry_and_1536'
INFO: [VRFC 10-3107] analyzing entity 'mbv_system_microblaze_riscv_0_0_carry_and_260'
INFO: [VRFC 10-3107] analyzing entity 'mbv_system_microblaze_riscv_0_0_carry_and_261'
INFO: [VRFC 10-3107] analyzing entity 'mbv_system_microblaze_riscv_0_0_carry_and_262'
INFO: [VRFC 10-3107] analyzing entity 'mbv_system_microblaze_riscv_0_0_carry_and_263'
INFO: [VRFC 10-3107] analyzing entity 'mbv_system_microblaze_riscv_0_0_carry_and_264'
INFO: [VRFC 10-3107] analyzing entity 'mbv_system_microblaze_riscv_0_0_carry_and_265'
INFO: [VRFC 10-3107] analyzing entity 'mbv_system_microblaze_riscv_0_0_carry_and_266'
INFO: [VRFC 10-3107] analyzing entity 'mbv_system_microblaze_riscv_0_0_carry_and_267'
INFO: [VRFC 10-3107] analyzing entity 'mbv_system_microblaze_riscv_0_0_carry_and_268'
INFO: [VRFC 10-3107] analyzing entity 'mbv_system_microblaze_riscv_0_0_carry_and_269'
INFO: [VRFC 10-3107] analyzing entity 'mbv_system_microblaze_riscv_0_0_carry_and_281'
INFO: [VRFC 10-3107] analyzing entity 'mbv_system_microblaze_riscv_0_0_carry_and_282'
INFO: [VRFC 10-3107] analyzing entity 'mbv_system_microblaze_riscv_0_0_carry_and_283'
INFO: [VRFC 10-3107] analyzing entity 'mbv_system_microblaze_riscv_0_0_carry_and_284'
INFO: [VRFC 10-3107] analyzing entity 'mbv_system_microblaze_riscv_0_0_carry_and_285'
INFO: [VRFC 10-3107] analyzing entity 'mbv_system_microblaze_riscv_0_0_carry_and_286'
INFO: [VRFC 10-3107] analyzing entity 'mbv_system_microblaze_riscv_0_0_carry_and_287'
INFO: [VRFC 10-3107] analyzing entity 'mbv_system_microblaze_riscv_0_0_carry_and_288'
INFO: [VRFC 10-3107] analyzing entity 'mbv_system_microblaze_riscv_0_0_carry_and_289'
INFO: [VRFC 10-3107] analyzing entity 'mbv_system_microblaze_riscv_0_0_carry_and_290'
INFO: [VRFC 10-3107] analyzing entity 'mbv_system_microblaze_riscv_0_0_carry_and_291'
INFO: [VRFC 10-3107] analyzing entity 'mbv_system_microblaze_riscv_0_0_carry_and_303'
INFO: [VRFC 10-3107] analyzing entity 'mbv_system_microblaze_riscv_0_0_carry_and_304'
INFO: [VRFC 10-3107] analyzing entity 'mbv_system_microblaze_riscv_0_0_carry_and_305'
INFO: [VRFC 10-3107] analyzing entity 'mbv_system_microblaze_riscv_0_0_carry_and_306'
INFO: [VRFC 10-3107] analyzing entity 'mbv_system_microblaze_riscv_0_0_carry_and_307'
INFO: [VRFC 10-3107] analyzing entity 'mbv_system_microblaze_riscv_0_0_carry_and_308'
INFO: [VRFC 10-3107] analyzing entity 'mbv_system_microblaze_riscv_0_0_carry_and_309'
INFO: [VRFC 10-3107] analyzing entity 'mbv_system_microblaze_riscv_0_0_carry_and_310'
INFO: [VRFC 10-3107] analyzing entity 'mbv_system_microblaze_riscv_0_0_carry_and_311'
INFO: [VRFC 10-3107] analyzing entity 'mbv_system_microblaze_riscv_0_0_carry_and_312'
INFO: [VRFC 10-3107] analyzing entity 'mbv_system_microblaze_riscv_0_0_carry_and_313'
INFO: [VRFC 10-3107] analyzing entity 'mbv_system_microblaze_riscv_0_0_carry_and_325'
INFO: [VRFC 10-3107] analyzing entity 'mbv_system_microblaze_riscv_0_0_carry_and_326'
INFO: [VRFC 10-3107] analyzing entity 'mbv_system_microblaze_riscv_0_0_carry_and_327'
INFO: [VRFC 10-3107] analyzing entity 'mbv_system_microblaze_riscv_0_0_carry_and_328'
INFO: [VRFC 10-3107] analyzing entity 'mbv_system_microblaze_riscv_0_0_carry_and_329'
INFO: [VRFC 10-3107] analyzing entity 'mbv_system_microblaze_riscv_0_0_carry_and_330'
INFO: [VRFC 10-3107] analyzing entity 'mbv_system_microblaze_riscv_0_0_carry_and_331'
INFO: [VRFC 10-3107] analyzing entity 'mbv_system_microblaze_riscv_0_0_carry_and_332'
INFO: [VRFC 10-3107] analyzing entity 'mbv_system_microblaze_riscv_0_0_carry_and_333'
INFO: [VRFC 10-3107] analyzing entity 'mbv_system_microblaze_riscv_0_0_carry_and_334'
INFO: [VRFC 10-3107] analyzing entity 'mbv_system_microblaze_riscv_0_0_carry_and_335'
INFO: [VRFC 10-3107] analyzing entity 'mbv_system_microblaze_riscv_0_0_carry_and_347'
INFO: [VRFC 10-3107] analyzing entity 'mbv_system_microblaze_riscv_0_0_carry_and_348'
INFO: [VRFC 10-3107] analyzing entity 'mbv_system_microblaze_riscv_0_0_carry_and_349'
INFO: [VRFC 10-3107] analyzing entity 'mbv_system_microblaze_riscv_0_0_carry_and_350'
INFO: [VRFC 10-3107] analyzing entity 'mbv_system_microblaze_riscv_0_0_carry_and_351'
INFO: [VRFC 10-3107] analyzing entity 'mbv_system_microblaze_riscv_0_0_carry_and_352'
INFO: [VRFC 10-3107] analyzing entity 'mbv_system_microblaze_riscv_0_0_carry_and_353'
INFO: [VRFC 10-3107] analyzing entity 'mbv_system_microblaze_riscv_0_0_carry_and_354'
INFO: [VRFC 10-3107] analyzing entity 'mbv_system_microblaze_riscv_0_0_carry_and_355'
INFO: [VRFC 10-3107] analyzing entity 'mbv_system_microblaze_riscv_0_0_carry_and_356'
INFO: [VRFC 10-3107] analyzing entity 'mbv_system_microblaze_riscv_0_0_carry_and_357'
INFO: [VRFC 10-3107] analyzing entity 'mbv_system_microblaze_riscv_0_0_carry_and_369'
INFO: [VRFC 10-3107] analyzing entity 'mbv_system_microblaze_riscv_0_0_carry_and_370'
INFO: [VRFC 10-3107] analyzing entity 'mbv_system_microblaze_riscv_0_0_carry_and_371'
INFO: [VRFC 10-3107] analyzing entity 'mbv_system_microblaze_riscv_0_0_carry_and_372'
INFO: [VRFC 10-3107] analyzing entity 'mbv_system_microblaze_riscv_0_0_carry_and_373'
INFO: [VRFC 10-3107] analyzing entity 'mbv_system_microblaze_riscv_0_0_carry_and_374'
INFO: [VRFC 10-3107] analyzing entity 'mbv_system_microblaze_riscv_0_0_carry_and_375'
INFO: [VRFC 10-3107] analyzing entity 'mbv_system_microblaze_riscv_0_0_carry_and_376'
INFO: [VRFC 10-3107] analyzing entity 'mbv_system_microblaze_riscv_0_0_carry_and_377'
INFO: [VRFC 10-3107] analyzing entity 'mbv_system_microblaze_riscv_0_0_carry_and_378'
INFO: [VRFC 10-3107] analyzing entity 'mbv_system_microblaze_riscv_0_0_carry_and_379'
INFO: [VRFC 10-3107] analyzing entity 'mbv_system_microblaze_riscv_0_0_carry_and_391'
INFO: [VRFC 10-3107] analyzing entity 'mbv_system_microblaze_riscv_0_0_carry_and_392'
INFO: [VRFC 10-3107] analyzing entity 'mbv_system_microblaze_riscv_0_0_carry_and_393'
INFO: [VRFC 10-3107] analyzing entity 'mbv_system_microblaze_riscv_0_0_carry_and_394'
INFO: [VRFC 10-3107] analyzing entity 'mbv_system_microblaze_riscv_0_0_carry_and_395'
INFO: [VRFC 10-3107] analyzing entity 'mbv_system_microblaze_riscv_0_0_carry_and_396'
INFO: [VRFC 10-3107] analyzing entity 'mbv_system_microblaze_riscv_0_0_carry_and_397'
INFO: [VRFC 10-3107] analyzing entity 'mbv_system_microblaze_riscv_0_0_carry_and_398'
INFO: [VRFC 10-3107] analyzing entity 'mbv_system_microblaze_riscv_0_0_carry_and_399'
INFO: [VRFC 10-3107] analyzing entity 'mbv_system_microblaze_riscv_0_0_carry_and_400'
INFO: [VRFC 10-3107] analyzing entity 'mbv_system_microblaze_riscv_0_0_carry_and_401'
INFO: [VRFC 10-3107] analyzing entity 'mbv_system_microblaze_riscv_0_0_carry_and_413'
INFO: [VRFC 10-3107] analyzing entity 'mbv_system_microblaze_riscv_0_0_carry_and_414'
INFO: [VRFC 10-3107] analyzing entity 'mbv_system_microblaze_riscv_0_0_carry_and_415'
INFO: [VRFC 10-3107] analyzing entity 'mbv_system_microblaze_riscv_0_0_carry_and_416'
INFO: [VRFC 10-3107] analyzing entity 'mbv_system_microblaze_riscv_0_0_carry_and_417'
INFO: [VRFC 10-3107] analyzing entity 'mbv_system_microblaze_riscv_0_0_carry_and_418'
INFO: [VRFC 10-3107] analyzing entity 'mbv_system_microblaze_riscv_0_0_carry_and_419'
INFO: [VRFC 10-3107] analyzing entity 'mbv_system_microblaze_riscv_0_0_carry_and_420'
INFO: [VRFC 10-3107] analyzing entity 'mbv_system_microblaze_riscv_0_0_carry_and_421'
INFO: [VRFC 10-3107] analyzing entity 'mbv_system_microblaze_riscv_0_0_carry_and_422'
INFO: [VRFC 10-3107] analyzing entity 'mbv_system_microblaze_riscv_0_0_carry_and_423'
INFO: [VRFC 10-3107] analyzing entity 'mbv_system_microblaze_riscv_0_0_carry_and_435'
INFO: [VRFC 10-3107] analyzing entity 'mbv_system_microblaze_riscv_0_0_carry_and_436'
INFO: [VRFC 10-3107] analyzing entity 'mbv_system_microblaze_riscv_0_0_carry_and_437'
INFO: [VRFC 10-3107] analyzing entity 'mbv_system_microblaze_riscv_0_0_carry_and_438'
INFO: [VRFC 10-3107] analyzing entity 'mbv_system_microblaze_riscv_0_0_carry_and_439'
INFO: [VRFC 10-3107] analyzing entity 'mbv_system_microblaze_riscv_0_0_carry_and_440'
INFO: [VRFC 10-3107] analyzing entity 'mbv_system_microblaze_riscv_0_0_carry_and_441'
INFO: [VRFC 10-3107] analyzing entity 'mbv_system_microblaze_riscv_0_0_carry_and_442'
INFO: [VRFC 10-3107] analyzing entity 'mbv_system_microblaze_riscv_0_0_carry_and_443'
INFO: [VRFC 10-3107] analyzing entity 'mbv_system_microblaze_riscv_0_0_carry_and_444'
INFO: [VRFC 10-3107] analyzing entity 'mbv_system_microblaze_riscv_0_0_carry_and_445'
INFO: [VRFC 10-3107] analyzing entity 'mbv_system_microblaze_riscv_0_0_carry_and_457'
INFO: [VRFC 10-3107] analyzing entity 'mbv_system_microblaze_riscv_0_0_carry_and_458'
INFO: [VRFC 10-3107] analyzing entity 'mbv_system_microblaze_riscv_0_0_carry_and_459'
INFO: [VRFC 10-3107] analyzing entity 'mbv_system_microblaze_riscv_0_0_carry_and_460'
INFO: [VRFC 10-3107] analyzing entity 'mbv_system_microblaze_riscv_0_0_carry_and_461'
INFO: [VRFC 10-3107] analyzing entity 'mbv_system_microblaze_riscv_0_0_carry_and_462'
INFO: [VRFC 10-3107] analyzing entity 'mbv_system_microblaze_riscv_0_0_carry_and_463'
INFO: [VRFC 10-3107] analyzing entity 'mbv_system_microblaze_riscv_0_0_carry_and_464'
INFO: [VRFC 10-3107] analyzing entity 'mbv_system_microblaze_riscv_0_0_carry_and_465'
INFO: [VRFC 10-3107] analyzing entity 'mbv_system_microblaze_riscv_0_0_carry_and_466'
INFO: [VRFC 10-3107] analyzing entity 'mbv_system_microblaze_riscv_0_0_carry_and_467'
INFO: [VRFC 10-3107] analyzing entity 'mbv_system_microblaze_riscv_0_0_carry_and_479'
INFO: [VRFC 10-3107] analyzing entity 'mbv_system_microblaze_riscv_0_0_carry_and_480'
INFO: [VRFC 10-3107] analyzing entity 'mbv_system_microblaze_riscv_0_0_carry_and_481'
INFO: [VRFC 10-3107] analyzing entity 'mbv_system_microblaze_riscv_0_0_carry_and_482'
INFO: [VRFC 10-3107] analyzing entity 'mbv_system_microblaze_riscv_0_0_carry_and_483'
INFO: [VRFC 10-3107] analyzing entity 'mbv_system_microblaze_riscv_0_0_carry_and_484'
INFO: [VRFC 10-3107] analyzing entity 'mbv_system_microblaze_riscv_0_0_carry_and_485'
INFO: [VRFC 10-3107] analyzing entity 'mbv_system_microblaze_riscv_0_0_carry_and_486'
INFO: [VRFC 10-3107] analyzing entity 'mbv_system_microblaze_riscv_0_0_carry_and_487'
INFO: [VRFC 10-3107] analyzing entity 'mbv_system_microblaze_riscv_0_0_carry_and_488'
INFO: [VRFC 10-3107] analyzing entity 'mbv_system_microblaze_riscv_0_0_carry_and_489'
INFO: [VRFC 10-3107] analyzing entity 'mbv_system_microblaze_riscv_0_0_carry_and_501'
INFO: [VRFC 10-3107] analyzing entity 'mbv_system_microblaze_riscv_0_0_carry_and_502'
INFO: [VRFC 10-3107] analyzing entity 'mbv_system_microblaze_riscv_0_0_carry_and_503'
INFO: [VRFC 10-3107] analyzing entity 'mbv_system_microblaze_riscv_0_0_carry_and_504'
INFO: [VRFC 10-3107] analyzing entity 'mbv_system_microblaze_riscv_0_0_carry_and_505'
INFO: [VRFC 10-3107] analyzing entity 'mbv_system_microblaze_riscv_0_0_carry_and_506'
INFO: [VRFC 10-3107] analyzing entity 'mbv_system_microblaze_riscv_0_0_carry_and_507'
INFO: [VRFC 10-3107] analyzing entity 'mbv_system_microblaze_riscv_0_0_carry_and_508'
INFO: [VRFC 10-3107] analyzing entity 'mbv_system_microblaze_riscv_0_0_carry_and_509'
INFO: [VRFC 10-3107] analyzing entity 'mbv_system_microblaze_riscv_0_0_carry_and_510'
INFO: [VRFC 10-3107] analyzing entity 'mbv_system_microblaze_riscv_0_0_carry_and_511'
INFO: [VRFC 10-3107] analyzing entity 'mbv_system_microblaze_riscv_0_0_carry_and_523'
INFO: [VRFC 10-3107] analyzing entity 'mbv_system_microblaze_riscv_0_0_carry_and_524'
INFO: [VRFC 10-3107] analyzing entity 'mbv_system_microblaze_riscv_0_0_carry_and_525'
INFO: [VRFC 10-3107] analyzing entity 'mbv_system_microblaze_riscv_0_0_carry_and_526'
INFO: [VRFC 10-3107] analyzing entity 'mbv_system_microblaze_riscv_0_0_carry_and_527'
INFO: [VRFC 10-3107] analyzing entity 'mbv_system_microblaze_riscv_0_0_carry_and_528'
INFO: [VRFC 10-3107] analyzing entity 'mbv_system_microblaze_riscv_0_0_carry_and_529'
INFO: [VRFC 10-3107] analyzing entity 'mbv_system_microblaze_riscv_0_0_carry_and_530'
INFO: [VRFC 10-3107] analyzing entity 'mbv_system_microblaze_riscv_0_0_carry_and_531'
INFO: [VRFC 10-3107] analyzing entity 'mbv_system_microblaze_riscv_0_0_carry_and_532'
INFO: [VRFC 10-3107] analyzing entity 'mbv_system_microblaze_riscv_0_0_carry_and_533'
INFO: [VRFC 10-3107] analyzing entity 'mbv_system_microblaze_riscv_0_0_carry_and_545'
INFO: [VRFC 10-3107] analyzing entity 'mbv_system_microblaze_riscv_0_0_carry_and_546'
INFO: [VRFC 10-3107] analyzing entity 'mbv_system_microblaze_riscv_0_0_carry_and_547'
INFO: [VRFC 10-3107] analyzing entity 'mbv_system_microblaze_riscv_0_0_carry_and_548'
INFO: [VRFC 10-3107] analyzing entity 'mbv_system_microblaze_riscv_0_0_carry_and_549'
INFO: [VRFC 10-3107] analyzing entity 'mbv_system_microblaze_riscv_0_0_carry_and_550'
INFO: [VRFC 10-3107] analyzing entity 'mbv_system_microblaze_riscv_0_0_carry_and_551'
INFO: [VRFC 10-3107] analyzing entity 'mbv_system_microblaze_riscv_0_0_carry_and_552'
INFO: [VRFC 10-3107] analyzing entity 'mbv_system_microblaze_riscv_0_0_carry_and_553'
INFO: [VRFC 10-3107] analyzing entity 'mbv_system_microblaze_riscv_0_0_carry_and_554'
INFO: [VRFC 10-3107] analyzing entity 'mbv_system_microblaze_riscv_0_0_carry_and_555'
INFO: [VRFC 10-3107] analyzing entity 'mbv_system_microblaze_riscv_0_0_carry_and_567'
INFO: [VRFC 10-3107] analyzing entity 'mbv_system_microblaze_riscv_0_0_carry_and_568'
INFO: [VRFC 10-3107] analyzing entity 'mbv_system_microblaze_riscv_0_0_carry_and_569'
INFO: [VRFC 10-3107] analyzing entity 'mbv_system_microblaze_riscv_0_0_carry_and_570'
INFO: [VRFC 10-3107] analyzing entity 'mbv_system_microblaze_riscv_0_0_carry_and_571'
INFO: [VRFC 10-3107] analyzing entity 'mbv_system_microblaze_riscv_0_0_carry_and_572'
INFO: [VRFC 10-3107] analyzing entity 'mbv_system_microblaze_riscv_0_0_carry_and_573'
INFO: [VRFC 10-3107] analyzing entity 'mbv_system_microblaze_riscv_0_0_carry_and_574'
INFO: [VRFC 10-3107] analyzing entity 'mbv_system_microblaze_riscv_0_0_carry_and_575'
INFO: [VRFC 10-3107] analyzing entity 'mbv_system_microblaze_riscv_0_0_carry_and_576'
INFO: [VRFC 10-3107] analyzing entity 'mbv_system_microblaze_riscv_0_0_carry_and_577'
INFO: [VRFC 10-3107] analyzing entity 'mbv_system_microblaze_riscv_0_0_carry_and_589'
INFO: [VRFC 10-3107] analyzing entity 'mbv_system_microblaze_riscv_0_0_carry_and_590'
INFO: [VRFC 10-3107] analyzing entity 'mbv_system_microblaze_riscv_0_0_carry_and_591'
INFO: [VRFC 10-3107] analyzing entity 'mbv_system_microblaze_riscv_0_0_carry_and_592'
INFO: [VRFC 10-3107] analyzing entity 'mbv_system_microblaze_riscv_0_0_carry_and_593'
INFO: [VRFC 10-3107] analyzing entity 'mbv_system_microblaze_riscv_0_0_carry_and_594'
INFO: [VRFC 10-3107] analyzing entity 'mbv_system_microblaze_riscv_0_0_carry_and_595'
INFO: [VRFC 10-3107] analyzing entity 'mbv_system_microblaze_riscv_0_0_carry_and_596'
INFO: [VRFC 10-3107] analyzing entity 'mbv_system_microblaze_riscv_0_0_carry_and_597'
INFO: [VRFC 10-3107] analyzing entity 'mbv_system_microblaze_riscv_0_0_carry_and_598'
INFO: [VRFC 10-3107] analyzing entity 'mbv_system_microblaze_riscv_0_0_carry_and_599'
INFO: [VRFC 10-3107] analyzing entity 'mbv_system_microblaze_riscv_0_0_carry_and_611'
INFO: [VRFC 10-3107] analyzing entity 'mbv_system_microblaze_riscv_0_0_carry_and_612'
INFO: [VRFC 10-3107] analyzing entity 'mbv_system_microblaze_riscv_0_0_carry_and_613'
INFO: [VRFC 10-3107] analyzing entity 'mbv_system_microblaze_riscv_0_0_carry_and_614'
INFO: [VRFC 10-3107] analyzing entity 'mbv_system_microblaze_riscv_0_0_carry_and_615'
INFO: [VRFC 10-3107] analyzing entity 'mbv_system_microblaze_riscv_0_0_carry_and_616'
INFO: [VRFC 10-3107] analyzing entity 'mbv_system_microblaze_riscv_0_0_carry_and_617'
INFO: [VRFC 10-3107] analyzing entity 'mbv_system_microblaze_riscv_0_0_carry_and_618'
INFO: [VRFC 10-3107] analyzing entity 'mbv_system_microblaze_riscv_0_0_carry_and_619'
INFO: [VRFC 10-3107] analyzing entity 'mbv_system_microblaze_riscv_0_0_carry_and_620'
INFO: [VRFC 10-3107] analyzing entity 'mbv_system_microblaze_riscv_0_0_carry_and_621'
INFO: [VRFC 10-3107] analyzing entity 'mbv_system_microblaze_riscv_0_0_carry_and_633'
INFO: [VRFC 10-3107] analyzing entity 'mbv_system_microblaze_riscv_0_0_carry_and_634'
INFO: [VRFC 10-3107] analyzing entity 'mbv_system_microblaze_riscv_0_0_carry_and_635'
INFO: [VRFC 10-3107] analyzing entity 'mbv_system_microblaze_riscv_0_0_carry_and_636'
INFO: [VRFC 10-3107] analyzing entity 'mbv_system_microblaze_riscv_0_0_carry_and_637'
INFO: [VRFC 10-3107] analyzing entity 'mbv_system_microblaze_riscv_0_0_carry_and_638'
INFO: [VRFC 10-3107] analyzing entity 'mbv_system_microblaze_riscv_0_0_carry_and_639'
INFO: [VRFC 10-3107] analyzing entity 'mbv_system_microblaze_riscv_0_0_carry_and_640'
INFO: [VRFC 10-3107] analyzing entity 'mbv_system_microblaze_riscv_0_0_carry_and_641'
INFO: [VRFC 10-3107] analyzing entity 'mbv_system_microblaze_riscv_0_0_carry_and_642'
INFO: [VRFC 10-3107] analyzing entity 'mbv_system_microblaze_riscv_0_0_carry_and_643'
INFO: [VRFC 10-3107] analyzing entity 'mbv_system_microblaze_riscv_0_0_carry_and_655'
INFO: [VRFC 10-3107] analyzing entity 'mbv_system_microblaze_riscv_0_0_carry_and_656'
INFO: [VRFC 10-3107] analyzing entity 'mbv_system_microblaze_riscv_0_0_carry_and_657'
INFO: [VRFC 10-3107] analyzing entity 'mbv_system_microblaze_riscv_0_0_carry_and_658'
INFO: [VRFC 10-3107] analyzing entity 'mbv_system_microblaze_riscv_0_0_carry_and_659'
INFO: [VRFC 10-3107] analyzing entity 'mbv_system_microblaze_riscv_0_0_carry_and_660'
INFO: [VRFC 10-3107] analyzing entity 'mbv_system_microblaze_riscv_0_0_carry_and_661'
INFO: [VRFC 10-3107] analyzing entity 'mbv_system_microblaze_riscv_0_0_carry_and_662'
INFO: [VRFC 10-3107] analyzing entity 'mbv_system_microblaze_riscv_0_0_carry_and_663'
INFO: [VRFC 10-3107] analyzing entity 'mbv_system_microblaze_riscv_0_0_carry_and_664'
INFO: [VRFC 10-3107] analyzing entity 'mbv_system_microblaze_riscv_0_0_carry_and_665'
INFO: [VRFC 10-3107] analyzing entity 'mbv_system_microblaze_riscv_0_0_carry_and_677'
INFO: [VRFC 10-3107] analyzing entity 'mbv_system_microblaze_riscv_0_0_carry_and_678'
INFO: [VRFC 10-3107] analyzing entity 'mbv_system_microblaze_riscv_0_0_carry_and_679'
INFO: [VRFC 10-3107] analyzing entity 'mbv_system_microblaze_riscv_0_0_carry_and_680'
INFO: [VRFC 10-3107] analyzing entity 'mbv_system_microblaze_riscv_0_0_carry_and_681'
INFO: [VRFC 10-3107] analyzing entity 'mbv_system_microblaze_riscv_0_0_carry_and_682'
INFO: [VRFC 10-3107] analyzing entity 'mbv_system_microblaze_riscv_0_0_carry_and_683'
INFO: [VRFC 10-3107] analyzing entity 'mbv_system_microblaze_riscv_0_0_carry_and_684'
INFO: [VRFC 10-3107] analyzing entity 'mbv_system_microblaze_riscv_0_0_carry_and_685'
INFO: [VRFC 10-3107] analyzing entity 'mbv_system_microblaze_riscv_0_0_carry_and_686'
INFO: [VRFC 10-3107] analyzing entity 'mbv_system_microblaze_riscv_0_0_carry_and_687'
INFO: [VRFC 10-3107] analyzing entity 'mbv_system_microblaze_riscv_0_0_carry_and_699'
INFO: [VRFC 10-3107] analyzing entity 'mbv_system_microblaze_riscv_0_0_carry_and_700'
INFO: [VRFC 10-3107] analyzing entity 'mbv_system_microblaze_riscv_0_0_carry_and_701'
INFO: [VRFC 10-3107] analyzing entity 'mbv_system_microblaze_riscv_0_0_carry_and_702'
INFO: [VRFC 10-3107] analyzing entity 'mbv_system_microblaze_riscv_0_0_carry_and_703'
INFO: [VRFC 10-3107] analyzing entity 'mbv_system_microblaze_riscv_0_0_carry_and_704'
INFO: [VRFC 10-3107] analyzing entity 'mbv_system_microblaze_riscv_0_0_carry_and_705'
INFO: [VRFC 10-3107] analyzing entity 'mbv_system_microblaze_riscv_0_0_carry_and_706'
INFO: [VRFC 10-3107] analyzing entity 'mbv_system_microblaze_riscv_0_0_carry_and_707'
INFO: [VRFC 10-3107] analyzing entity 'mbv_system_microblaze_riscv_0_0_carry_and_708'
INFO: [VRFC 10-3107] analyzing entity 'mbv_system_microblaze_riscv_0_0_carry_and_709'
INFO: [VRFC 10-3107] analyzing entity 'mbv_system_microblaze_riscv_0_0_carry_and_721'
INFO: [VRFC 10-3107] analyzing entity 'mbv_system_microblaze_riscv_0_0_carry_and_722'
INFO: [VRFC 10-3107] analyzing entity 'mbv_system_microblaze_riscv_0_0_carry_and_723'
INFO: [VRFC 10-3107] analyzing entity 'mbv_system_microblaze_riscv_0_0_carry_and_724'
INFO: [VRFC 10-3107] analyzing entity 'mbv_system_microblaze_riscv_0_0_carry_and_725'
INFO: [VRFC 10-3107] analyzing entity 'mbv_system_microblaze_riscv_0_0_carry_and_726'
INFO: [VRFC 10-3107] analyzing entity 'mbv_system_microblaze_riscv_0_0_carry_and_727'
INFO: [VRFC 10-3107] analyzing entity 'mbv_system_microblaze_riscv_0_0_carry_and_728'
INFO: [VRFC 10-3107] analyzing entity 'mbv_system_microblaze_riscv_0_0_carry_and_729'
INFO: [VRFC 10-3107] analyzing entity 'mbv_system_microblaze_riscv_0_0_carry_and_730'
INFO: [VRFC 10-3107] analyzing entity 'mbv_system_microblaze_riscv_0_0_carry_and_731'
INFO: [VRFC 10-3107] analyzing entity 'mbv_system_microblaze_riscv_0_0_carry_and_743'
INFO: [VRFC 10-3107] analyzing entity 'mbv_system_microblaze_riscv_0_0_carry_and_744'
INFO: [VRFC 10-3107] analyzing entity 'mbv_system_microblaze_riscv_0_0_carry_and_745'
INFO: [VRFC 10-3107] analyzing entity 'mbv_system_microblaze_riscv_0_0_carry_and_746'
INFO: [VRFC 10-3107] analyzing entity 'mbv_system_microblaze_riscv_0_0_carry_and_747'
INFO: [VRFC 10-3107] analyzing entity 'mbv_system_microblaze_riscv_0_0_carry_and_748'
INFO: [VRFC 10-3107] analyzing entity 'mbv_system_microblaze_riscv_0_0_carry_and_749'
INFO: [VRFC 10-3107] analyzing entity 'mbv_system_microblaze_riscv_0_0_carry_and_750'
INFO: [VRFC 10-3107] analyzing entity 'mbv_system_microblaze_riscv_0_0_carry_and_751'
INFO: [VRFC 10-3107] analyzing entity 'mbv_system_microblaze_riscv_0_0_carry_and_752'
INFO: [VRFC 10-3107] analyzing entity 'mbv_system_microblaze_riscv_0_0_carry_and_753'
INFO: [VRFC 10-3107] analyzing entity 'mbv_system_microblaze_riscv_0_0_carry_and_765'
INFO: [VRFC 10-3107] analyzing entity 'mbv_system_microblaze_riscv_0_0_carry_and_766'
INFO: [VRFC 10-3107] analyzing entity 'mbv_system_microblaze_riscv_0_0_carry_and_767'
INFO: [VRFC 10-3107] analyzing entity 'mbv_system_microblaze_riscv_0_0_carry_and_768'
INFO: [VRFC 10-3107] analyzing entity 'mbv_system_microblaze_riscv_0_0_carry_and_769'
INFO: [VRFC 10-3107] analyzing entity 'mbv_system_microblaze_riscv_0_0_carry_and_770'
INFO: [VRFC 10-3107] analyzing entity 'mbv_system_microblaze_riscv_0_0_carry_and_771'
INFO: [VRFC 10-3107] analyzing entity 'mbv_system_microblaze_riscv_0_0_carry_and_772'
INFO: [VRFC 10-3107] analyzing entity 'mbv_system_microblaze_riscv_0_0_carry_and_773'
INFO: [VRFC 10-3107] analyzing entity 'mbv_system_microblaze_riscv_0_0_carry_and_774'
INFO: [VRFC 10-3107] analyzing entity 'mbv_system_microblaze_riscv_0_0_carry_and_775'
INFO: [VRFC 10-3107] analyzing entity 'mbv_system_microblaze_riscv_0_0_carry_and_803'
INFO: [VRFC 10-3107] analyzing entity 'mbv_system_microblaze_riscv_0_0_carry_and_804'
INFO: [VRFC 10-3107] analyzing entity 'mbv_system_microblaze_riscv_0_0_carry_and_808'
INFO: [VRFC 10-3107] analyzing entity 'mbv_system_microblaze_riscv_0_0_carry_and_809'
INFO: [VRFC 10-3107] analyzing entity 'mbv_system_microblaze_riscv_0_0_carry_and_810'
INFO: [VRFC 10-3107] analyzing entity 'mbv_system_microblaze_riscv_0_0_carry_and_811'
INFO: [VRFC 10-3107] analyzing entity 'mbv_system_microblaze_riscv_0_0_carry_and_812'
INFO: [VRFC 10-3107] analyzing entity 'mbv_system_microblaze_riscv_0_0_carry_and_813'
INFO: [VRFC 10-3107] analyzing entity 'mbv_system_microblaze_riscv_0_0_carry_and_814'
INFO: [VRFC 10-3107] analyzing entity 'mbv_system_microblaze_riscv_0_0_carry_and_815'
INFO: [VRFC 10-3107] analyzing entity 'mbv_system_microblaze_riscv_0_0_carry_and_824'
INFO: [VRFC 10-3107] analyzing entity 'mbv_system_microblaze_riscv_0_0_carry_and_825'
INFO: [VRFC 10-3107] analyzing entity 'mbv_system_microblaze_riscv_0_0_carry_and_826'
INFO: [VRFC 10-3107] analyzing entity 'mbv_system_microblaze_riscv_0_0_carry_and_827'
INFO: [VRFC 10-3107] analyzing entity 'mbv_system_microblaze_riscv_0_0_carry_and_828'
INFO: [VRFC 10-3107] analyzing entity 'mbv_system_microblaze_riscv_0_0_carry_and_829'
INFO: [VRFC 10-3107] analyzing entity 'mbv_system_microblaze_riscv_0_0_carry_and_830'
INFO: [VRFC 10-3107] analyzing entity 'mbv_system_microblaze_riscv_0_0_carry_and_831'
INFO: [VRFC 10-3107] analyzing entity 'mbv_system_microblaze_riscv_0_0_carry_and_832'
INFO: [VRFC 10-3107] analyzing entity 'mbv_system_microblaze_riscv_0_0_carry_and_833'
INFO: [VRFC 10-3107] analyzing entity 'mbv_system_microblaze_riscv_0_0_carry_and_844'
INFO: [VRFC 10-3107] analyzing entity 'mbv_system_microblaze_riscv_0_0_carry_and_845'
INFO: [VRFC 10-3107] analyzing entity 'mbv_system_microblaze_riscv_0_0_carry_and_846'
INFO: [VRFC 10-3107] analyzing entity 'mbv_system_microblaze_riscv_0_0_carry_and_847'
INFO: [VRFC 10-3107] analyzing entity 'mbv_system_microblaze_riscv_0_0_carry_and_852'
INFO: [VRFC 10-3107] analyzing entity 'mbv_system_microblaze_riscv_0_0_carry_and_853'
INFO: [VRFC 10-3107] analyzing entity 'mbv_system_microblaze_riscv_0_0_carry_and_856'
INFO: [VRFC 10-3107] analyzing entity 'mbv_system_microblaze_riscv_0_0_carry_and_857'
INFO: [VRFC 10-3107] analyzing entity 'mbv_system_microblaze_riscv_0_0_carry_and_858'
INFO: [VRFC 10-3107] analyzing entity 'mbv_system_microblaze_riscv_0_0_carry_and_859'
INFO: [VRFC 10-3107] analyzing entity 'mbv_system_microblaze_riscv_0_0_carry_and_860'
INFO: [VRFC 10-3107] analyzing entity 'mbv_system_microblaze_riscv_0_0_carry_and_861'
INFO: [VRFC 10-3107] analyzing entity 'mbv_system_microblaze_riscv_0_0_carry_and_862'
INFO: [VRFC 10-3107] analyzing entity 'mbv_system_microblaze_riscv_0_0_carry_and_863'
INFO: [VRFC 10-3107] analyzing entity 'mbv_system_microblaze_riscv_0_0_carry_and_872'
INFO: [VRFC 10-3107] analyzing entity 'mbv_system_microblaze_riscv_0_0_carry_and_873'
INFO: [VRFC 10-3107] analyzing entity 'mbv_system_microblaze_riscv_0_0_carry_and_876'
INFO: [VRFC 10-3107] analyzing entity 'mbv_system_microblaze_riscv_0_0_carry_and_877'
INFO: [VRFC 10-3107] analyzing entity 'mbv_system_microblaze_riscv_0_0_carry_and_878'
INFO: [VRFC 10-3107] analyzing entity 'mbv_system_microblaze_riscv_0_0_carry_and_879'
INFO: [VRFC 10-3107] analyzing entity 'mbv_system_microblaze_riscv_0_0_carry_and_880'
INFO: [VRFC 10-3107] analyzing entity 'mbv_system_microblaze_riscv_0_0_carry_and_881'
INFO: [VRFC 10-3107] analyzing entity 'mbv_system_microblaze_riscv_0_0_carry_and_882'
INFO: [VRFC 10-3107] analyzing entity 'mbv_system_microblaze_riscv_0_0_carry_and_883'
INFO: [VRFC 10-3107] analyzing entity 'mbv_system_microblaze_riscv_0_0_carry_and_892'
INFO: [VRFC 10-3107] analyzing entity 'mbv_system_microblaze_riscv_0_0_carry_and_893'
INFO: [VRFC 10-3107] analyzing entity 'mbv_system_microblaze_riscv_0_0_carry_and_894'
INFO: [VRFC 10-3107] analyzing entity 'mbv_system_microblaze_riscv_0_0_carry_and_895'
INFO: [VRFC 10-3107] analyzing entity 'mbv_system_microblaze_riscv_0_0_carry_and_900'
INFO: [VRFC 10-3107] analyzing entity 'mbv_system_microblaze_riscv_0_0_carry_and_901'
INFO: [VRFC 10-3107] analyzing entity 'mbv_system_microblaze_riscv_0_0_carry_and_902'
INFO: [VRFC 10-3107] analyzing entity 'mbv_system_microblaze_riscv_0_0_carry_and_908'
INFO: [VRFC 10-3107] analyzing entity 'mbv_system_microblaze_riscv_0_0_carry_and_911'
INFO: [VRFC 10-3107] analyzing entity 'mbv_system_microblaze_riscv_0_0_carry_and_915'
INFO: [VRFC 10-3107] analyzing entity 'mbv_system_microblaze_riscv_0_0_carry_and_918'
INFO: [VRFC 10-3107] analyzing entity 'mbv_system_microblaze_riscv_0_0_carry_and_919'
INFO: [VRFC 10-3107] analyzing entity 'mbv_system_microblaze_riscv_0_0_carry_and_920'
INFO: [VRFC 10-3107] analyzing entity 'mbv_system_microblaze_riscv_0_0_carry_and_924'
INFO: [VRFC 10-3107] analyzing entity 'mbv_system_microblaze_riscv_0_0_carry_and_925'
INFO: [VRFC 10-3107] analyzing entity 'mbv_system_microblaze_riscv_0_0_carry_and_926'
INFO: [VRFC 10-3107] analyzing entity 'mbv_system_microblaze_riscv_0_0_carry_and_927'
INFO: [VRFC 10-3107] analyzing entity 'mbv_system_microblaze_riscv_0_0_carry_and_928'
INFO: [VRFC 10-3107] analyzing entity 'mbv_system_microblaze_riscv_0_0_carry_and_929'
INFO: [VRFC 10-3107] analyzing entity 'mbv_system_microblaze_riscv_0_0_carry_and_930'
INFO: [VRFC 10-3107] analyzing entity 'mbv_system_microblaze_riscv_0_0_carry_and_931'
INFO: [VRFC 10-3107] analyzing entity 'mbv_system_microblaze_riscv_0_0_carry_and_932'
INFO: [VRFC 10-3107] analyzing entity 'mbv_system_microblaze_riscv_0_0_carry_and_933'
INFO: [VRFC 10-3107] analyzing entity 'mbv_system_microblaze_riscv_0_0_carry_and_934'
INFO: [VRFC 10-3107] analyzing entity 'mbv_system_microblaze_riscv_0_0_carry_and_935'
INFO: [VRFC 10-3107] analyzing entity 'mbv_system_microblaze_riscv_0_0_carry_and_936'
INFO: [VRFC 10-3107] analyzing entity 'mbv_system_microblaze_riscv_0_0_carry_and_937'
INFO: [VRFC 10-3107] analyzing entity 'mbv_system_microblaze_riscv_0_0_carry_and_953'
INFO: [VRFC 10-3107] analyzing entity 'mbv_system_microblaze_riscv_0_0_carry_and_954'
INFO: [VRFC 10-3107] analyzing entity 'mbv_system_microblaze_riscv_0_0_carry_and_955'
INFO: [VRFC 10-3107] analyzing entity 'mbv_system_microblaze_riscv_0_0_carry_and_959'
INFO: [VRFC 10-3107] analyzing entity 'mbv_system_microblaze_riscv_0_0_carry_and_960'
INFO: [VRFC 10-3107] analyzing entity 'mbv_system_microblaze_riscv_0_0_carry_and_961'
INFO: [VRFC 10-3107] analyzing entity 'mbv_system_microblaze_riscv_0_0_carry_and_962'
INFO: [VRFC 10-3107] analyzing entity 'mbv_system_microblaze_riscv_0_0_carry_and_963'
INFO: [VRFC 10-3107] analyzing entity 'mbv_system_microblaze_riscv_0_0_carry_and_964'
INFO: [VRFC 10-3107] analyzing entity 'mbv_system_microblaze_riscv_0_0_carry_and_965'
INFO: [VRFC 10-3107] analyzing entity 'mbv_system_microblaze_riscv_0_0_carry_and_966'
INFO: [VRFC 10-3107] analyzing entity 'mbv_system_microblaze_riscv_0_0_carry_and_967'
INFO: [VRFC 10-3107] analyzing entity 'mbv_system_microblaze_riscv_0_0_carry_and_968'
INFO: [VRFC 10-3107] analyzing entity 'mbv_system_microblaze_riscv_0_0_carry_and_969'
INFO: [VRFC 10-3107] analyzing entity 'mbv_system_microblaze_riscv_0_0_carry_and_970'
INFO: [VRFC 10-3107] analyzing entity 'mbv_system_microblaze_riscv_0_0_carry_and_971'
INFO: [VRFC 10-3107] analyzing entity 'mbv_system_microblaze_riscv_0_0_carry_and_972'
INFO: [VRFC 10-3107] analyzing entity 'mbv_system_microblaze_riscv_0_0_carry_and_989'
INFO: [VRFC 10-3107] analyzing entity 'mbv_system_microblaze_riscv_0_0_carry_and_993'
INFO: [VRFC 10-3107] analyzing entity 'mbv_system_microblaze_riscv_0_0_carry_and_997'
INFO: [VRFC 10-3107] analyzing entity 'mbv_system_microblaze_riscv_0_0_carry_or'
INFO: [VRFC 10-3107] analyzing entity 'mbv_system_microblaze_riscv_0_0_carry_or_1233'
INFO: [VRFC 10-3107] analyzing entity 'mbv_system_microblaze_riscv_0_0_carry_or_1238'
INFO: [VRFC 10-3107] analyzing entity 'mbv_system_microblaze_riscv_0_0_clz_part'
INFO: [VRFC 10-3107] analyzing entity 'mbv_system_microblaze_riscv_0_0_clz_part_1641'
INFO: [VRFC 10-3107] analyzing entity 'mbv_system_microblaze_riscv_0_0_clz_part_1644'
INFO: [VRFC 10-3107] analyzing entity 'mbv_system_microblaze_riscv_0_0_clz_part_1646'
INFO: [VRFC 10-3107] analyzing entity 'mbv_system_microblaze_riscv_0_0_clz_part_1647'
INFO: [VRFC 10-3107] analyzing entity 'mbv_system_microblaze_riscv_0_0_clz_part_1651'
INFO: [VRFC 10-3107] analyzing entity 'mbv_system_microblaze_riscv_0_0_clz_part_1652'
INFO: [VRFC 10-3107] analyzing entity 'mbv_system_microblaze_riscv_0_0_clz_part_1655'
INFO: [VRFC 10-3107] analyzing entity 'mbv_system_microblaze_riscv_0_0_clz_part_1656'
INFO: [VRFC 10-3107] analyzing entity 'mbv_system_microblaze_riscv_0_0_clz_part_1657'
INFO: [VRFC 10-3107] analyzing entity 'mbv_system_microblaze_riscv_0_0_clz_part_1658'
INFO: [VRFC 10-3107] analyzing entity 'mbv_system_microblaze_riscv_0_0_clz_part_1659'
INFO: [VRFC 10-3107] analyzing entity '\mbv_system_microblaze_riscv_0_0_clz_part__parameterized10\'
INFO: [VRFC 10-3107] analyzing entity '\mbv_system_microblaze_riscv_0_0_clz_part__parameterized10_1640\'
INFO: [VRFC 10-3107] analyzing entity '\mbv_system_microblaze_riscv_0_0_clz_part__parameterized10_1642\'
INFO: [VRFC 10-3107] analyzing entity '\mbv_system_microblaze_riscv_0_0_clz_part__parameterized12\'
INFO: [VRFC 10-3107] analyzing entity '\mbv_system_microblaze_riscv_0_0_clz_part__parameterized12_1643\'
INFO: [VRFC 10-3107] analyzing entity '\mbv_system_microblaze_riscv_0_0_clz_part__parameterized14\'
INFO: [VRFC 10-3107] analyzing entity '\mbv_system_microblaze_riscv_0_0_clz_part__parameterized16\'
INFO: [VRFC 10-3107] analyzing entity '\mbv_system_microblaze_riscv_0_0_clz_part__parameterized18\'
INFO: [VRFC 10-3107] analyzing entity '\mbv_system_microblaze_riscv_0_0_clz_part__parameterized2\'
INFO: [VRFC 10-3107] analyzing entity '\mbv_system_microblaze_riscv_0_0_clz_part__parameterized20\'
INFO: [VRFC 10-3107] analyzing entity '\mbv_system_microblaze_riscv_0_0_clz_part__parameterized22\'
INFO: [VRFC 10-3107] analyzing entity '\mbv_system_microblaze_riscv_0_0_clz_part__parameterized24\'
INFO: [VRFC 10-3107] analyzing entity '\mbv_system_microblaze_riscv_0_0_clz_part__parameterized26\'
INFO: [VRFC 10-3107] analyzing entity '\mbv_system_microblaze_riscv_0_0_clz_part__parameterized26_1633\'
INFO: [VRFC 10-3107] analyzing entity '\mbv_system_microblaze_riscv_0_0_clz_part__parameterized26_1637\'
INFO: [VRFC 10-3107] analyzing entity '\mbv_system_microblaze_riscv_0_0_clz_part__parameterized28\'
INFO: [VRFC 10-3107] analyzing entity '\mbv_system_microblaze_riscv_0_0_clz_part__parameterized28_1634\'
INFO: [VRFC 10-3107] analyzing entity '\mbv_system_microblaze_riscv_0_0_clz_part__parameterized2_1653\'
INFO: [VRFC 10-3107] analyzing entity '\mbv_system_microblaze_riscv_0_0_clz_part__parameterized2_1660\'
INFO: [VRFC 10-3107] analyzing entity '\mbv_system_microblaze_riscv_0_0_clz_part__parameterized30\'
INFO: [VRFC 10-3107] analyzing entity '\mbv_system_microblaze_riscv_0_0_clz_part__parameterized30_1635\'
INFO: [VRFC 10-3107] analyzing entity '\mbv_system_microblaze_riscv_0_0_clz_part__parameterized32\'
INFO: [VRFC 10-3107] analyzing entity '\mbv_system_microblaze_riscv_0_0_clz_part__parameterized32_1636\'
INFO: [VRFC 10-3107] analyzing entity '\mbv_system_microblaze_riscv_0_0_clz_part__parameterized34\'
INFO: [VRFC 10-3107] analyzing entity '\mbv_system_microblaze_riscv_0_0_clz_part__parameterized36\'
INFO: [VRFC 10-3107] analyzing entity '\mbv_system_microblaze_riscv_0_0_clz_part__parameterized36_1625\'
INFO: [VRFC 10-3107] analyzing entity '\mbv_system_microblaze_riscv_0_0_clz_part__parameterized36_1627\'
INFO: [VRFC 10-3107] analyzing entity '\mbv_system_microblaze_riscv_0_0_clz_part__parameterized36_1629\'
INFO: [VRFC 10-3107] analyzing entity '\mbv_system_microblaze_riscv_0_0_clz_part__parameterized36_1631\'
INFO: [VRFC 10-3107] analyzing entity '\mbv_system_microblaze_riscv_0_0_clz_part__parameterized38\'
INFO: [VRFC 10-3107] analyzing entity '\mbv_system_microblaze_riscv_0_0_clz_part__parameterized38_1626\'
INFO: [VRFC 10-3107] analyzing entity '\mbv_system_microblaze_riscv_0_0_clz_part__parameterized38_1628\'
INFO: [VRFC 10-3107] analyzing entity '\mbv_system_microblaze_riscv_0_0_clz_part__parameterized38_1630\'
INFO: [VRFC 10-3107] analyzing entity '\mbv_system_microblaze_riscv_0_0_clz_part__parameterized4\'
INFO: [VRFC 10-3107] analyzing entity '\mbv_system_microblaze_riscv_0_0_clz_part__parameterized40\'
INFO: [VRFC 10-3107] analyzing entity '\mbv_system_microblaze_riscv_0_0_clz_part__parameterized4_1648\'
INFO: [VRFC 10-3107] analyzing entity '\mbv_system_microblaze_riscv_0_0_clz_part__parameterized6\'
INFO: [VRFC 10-3107] analyzing entity '\mbv_system_microblaze_riscv_0_0_clz_part__parameterized6_1649\'
INFO: [VRFC 10-3107] analyzing entity '\mbv_system_microblaze_riscv_0_0_clz_part__parameterized8\'
INFO: [VRFC 10-3107] analyzing entity '\mbv_system_microblaze_riscv_0_0_clz_part__parameterized8_1650\'
INFO: [VRFC 10-3107] analyzing entity 'mbv_system_microblaze_riscv_0_0_dsp_module'
INFO: [VRFC 10-3107] analyzing entity '\mbv_system_microblaze_riscv_0_0_dsp_module__parameterized1\'
INFO: [VRFC 10-3107] analyzing entity '\mbv_system_microblaze_riscv_0_0_dsp_module__parameterized3\'
INFO: [VRFC 10-3107] analyzing entity '\mbv_system_microblaze_riscv_0_0_dsp_module__parameterized5\'
INFO: [VRFC 10-3107] analyzing entity '\mbv_system_microblaze_riscv_0_0_dsp_module__parameterized7\'
INFO: [VRFC 10-3107] analyzing entity '\mbv_system_microblaze_riscv_0_0_dsp_module__parameterized9\'
INFO: [VRFC 10-3107] analyzing entity 'mbv_system_microblaze_riscv_0_0_mb_sync_vec'
INFO: [VRFC 10-3107] analyzing entity 'mbv_system_microblaze_riscv_0_0_microblaze_riscv_v1_0_7_ALU_Bit'
INFO: [VRFC 10-3107] analyzing entity 'mbv_system_microblaze_riscv_0_0_microblaze_riscv_v1_0_7_ALU_Bit_2182'
INFO: [VRFC 10-3107] analyzing entity 'mbv_system_microblaze_riscv_0_0_microblaze_riscv_v1_0_7_ALU_Bit_2183'
INFO: [VRFC 10-3107] analyzing entity 'mbv_system_microblaze_riscv_0_0_microblaze_riscv_v1_0_7_ALU_Bit_2184'
INFO: [VRFC 10-3107] analyzing entity 'mbv_system_microblaze_riscv_0_0_microblaze_riscv_v1_0_7_ALU_Bit_2185'
INFO: [VRFC 10-3107] analyzing entity 'mbv_system_microblaze_riscv_0_0_microblaze_riscv_v1_0_7_ALU_Bit_2186'
INFO: [VRFC 10-3107] analyzing entity 'mbv_system_microblaze_riscv_0_0_microblaze_riscv_v1_0_7_ALU_Bit_2187'
INFO: [VRFC 10-3107] analyzing entity 'mbv_system_microblaze_riscv_0_0_microblaze_riscv_v1_0_7_ALU_Bit_2188'
INFO: [VRFC 10-3107] analyzing entity 'mbv_system_microblaze_riscv_0_0_microblaze_riscv_v1_0_7_ALU_Bit_2189'
INFO: [VRFC 10-3107] analyzing entity 'mbv_system_microblaze_riscv_0_0_microblaze_riscv_v1_0_7_ALU_Bit_2190'
INFO: [VRFC 10-3107] analyzing entity 'mbv_system_microblaze_riscv_0_0_microblaze_riscv_v1_0_7_ALU_Bit_2191'
INFO: [VRFC 10-3107] analyzing entity 'mbv_system_microblaze_riscv_0_0_microblaze_riscv_v1_0_7_ALU_Bit_2192'
INFO: [VRFC 10-3107] analyzing entity 'mbv_system_microblaze_riscv_0_0_microblaze_riscv_v1_0_7_ALU_Bit_2193'
INFO: [VRFC 10-3107] analyzing entity 'mbv_system_microblaze_riscv_0_0_microblaze_riscv_v1_0_7_ALU_Bit_2194'
INFO: [VRFC 10-3107] analyzing entity 'mbv_system_microblaze_riscv_0_0_microblaze_riscv_v1_0_7_ALU_Bit_2195'
INFO: [VRFC 10-3107] analyzing entity 'mbv_system_microblaze_riscv_0_0_microblaze_riscv_v1_0_7_ALU_Bit_2196'
INFO: [VRFC 10-3107] analyzing entity 'mbv_system_microblaze_riscv_0_0_microblaze_riscv_v1_0_7_ALU_Bit_2197'
INFO: [VRFC 10-3107] analyzing entity 'mbv_system_microblaze_riscv_0_0_microblaze_riscv_v1_0_7_ALU_Bit_2198'
INFO: [VRFC 10-3107] analyzing entity 'mbv_system_microblaze_riscv_0_0_microblaze_riscv_v1_0_7_ALU_Bit_2199'
INFO: [VRFC 10-3107] analyzing entity 'mbv_system_microblaze_riscv_0_0_microblaze_riscv_v1_0_7_ALU_Bit_2200'
INFO: [VRFC 10-3107] analyzing entity 'mbv_system_microblaze_riscv_0_0_microblaze_riscv_v1_0_7_ALU_Bit_2201'
INFO: [VRFC 10-3107] analyzing entity 'mbv_system_microblaze_riscv_0_0_microblaze_riscv_v1_0_7_ALU_Bit_2202'
INFO: [VRFC 10-3107] analyzing entity 'mbv_system_microblaze_riscv_0_0_microblaze_riscv_v1_0_7_ALU_Bit_2203'
INFO: [VRFC 10-3107] analyzing entity 'mbv_system_microblaze_riscv_0_0_microblaze_riscv_v1_0_7_ALU_Bit_2204'
INFO: [VRFC 10-3107] analyzing entity 'mbv_system_microblaze_riscv_0_0_microblaze_riscv_v1_0_7_ALU_Bit_2205'
INFO: [VRFC 10-3107] analyzing entity 'mbv_system_microblaze_riscv_0_0_microblaze_riscv_v1_0_7_ALU_Bit_2206'
INFO: [VRFC 10-3107] analyzing entity 'mbv_system_microblaze_riscv_0_0_microblaze_riscv_v1_0_7_ALU_Bit_2207'
INFO: [VRFC 10-3107] analyzing entity 'mbv_system_microblaze_riscv_0_0_microblaze_riscv_v1_0_7_ALU_Bit_2208'
INFO: [VRFC 10-3107] analyzing entity 'mbv_system_microblaze_riscv_0_0_microblaze_riscv_v1_0_7_ALU_Bit_2209'
INFO: [VRFC 10-3107] analyzing entity 'mbv_system_microblaze_riscv_0_0_microblaze_riscv_v1_0_7_ALU_Bit_2210'
INFO: [VRFC 10-3107] analyzing entity 'mbv_system_microblaze_riscv_0_0_microblaze_riscv_v1_0_7_ALU_Bit_2211'
INFO: [VRFC 10-3107] analyzing entity 'mbv_system_microblaze_riscv_0_0_microblaze_riscv_v1_0_7_ALU_Bit_2212'
INFO: [VRFC 10-3107] analyzing entity 'mbv_system_microblaze_riscv_0_0_microblaze_riscv_v1_0_7_Data_Flow_Logic'
INFO: [VRFC 10-3107] analyzing entity 'mbv_system_microblaze_riscv_0_0_microblaze_riscv_v1_0_7_Div_unit_gti'
INFO: [VRFC 10-3107] analyzing entity 'mbv_system_microblaze_riscv_0_0_microblaze_riscv_v1_0_7_Mux4'
INFO: [VRFC 10-3107] analyzing entity 'mbv_system_microblaze_riscv_0_0_microblaze_riscv_v1_0_7_Mux4_1977'
INFO: [VRFC 10-3107] analyzing entity 'mbv_system_microblaze_riscv_0_0_microblaze_riscv_v1_0_7_Mux4_1978'
INFO: [VRFC 10-3107] analyzing entity 'mbv_system_microblaze_riscv_0_0_microblaze_riscv_v1_0_7_Mux4_1979'
INFO: [VRFC 10-3107] analyzing entity 'mbv_system_microblaze_riscv_0_0_microblaze_riscv_v1_0_7_Mux4_1980'
INFO: [VRFC 10-3107] analyzing entity 'mbv_system_microblaze_riscv_0_0_microblaze_riscv_v1_0_7_Mux4_1981'
INFO: [VRFC 10-3107] analyzing entity 'mbv_system_microblaze_riscv_0_0_microblaze_riscv_v1_0_7_Mux4_1982'
INFO: [VRFC 10-3107] analyzing entity 'mbv_system_microblaze_riscv_0_0_microblaze_riscv_v1_0_7_Mux4_1983'
INFO: [VRFC 10-3107] analyzing entity 'mbv_system_microblaze_riscv_0_0_microblaze_riscv_v1_0_7_Mux4_1984'
INFO: [VRFC 10-3107] analyzing entity 'mbv_system_microblaze_riscv_0_0_microblaze_riscv_v1_0_7_Mux4_1985'
INFO: [VRFC 10-3107] analyzing entity 'mbv_system_microblaze_riscv_0_0_microblaze_riscv_v1_0_7_Mux4_1986'
INFO: [VRFC 10-3107] analyzing entity 'mbv_system_microblaze_riscv_0_0_microblaze_riscv_v1_0_7_Mux4_1987'
INFO: [VRFC 10-3107] analyzing entity 'mbv_system_microblaze_riscv_0_0_microblaze_riscv_v1_0_7_Mux4_1988'
INFO: [VRFC 10-3107] analyzing entity 'mbv_system_microblaze_riscv_0_0_microblaze_riscv_v1_0_7_Mux4_1989'
INFO: [VRFC 10-3107] analyzing entity 'mbv_system_microblaze_riscv_0_0_microblaze_riscv_v1_0_7_Mux4_1990'
INFO: [VRFC 10-3107] analyzing entity 'mbv_system_microblaze_riscv_0_0_microblaze_riscv_v1_0_7_Mux4_1991'
INFO: [VRFC 10-3107] analyzing entity 'mbv_system_microblaze_riscv_0_0_microblaze_riscv_v1_0_7_Mux4_1992'
INFO: [VRFC 10-3107] analyzing entity 'mbv_system_microblaze_riscv_0_0_microblaze_riscv_v1_0_7_Mux4_1993'
INFO: [VRFC 10-3107] analyzing entity 'mbv_system_microblaze_riscv_0_0_microblaze_riscv_v1_0_7_Mux4_1994'
INFO: [VRFC 10-3107] analyzing entity 'mbv_system_microblaze_riscv_0_0_microblaze_riscv_v1_0_7_Mux4_1995'
INFO: [VRFC 10-3107] analyzing entity 'mbv_system_microblaze_riscv_0_0_microblaze_riscv_v1_0_7_Mux4_1996'
INFO: [VRFC 10-3107] analyzing entity 'mbv_system_microblaze_riscv_0_0_microblaze_riscv_v1_0_7_Mux4_1997'
INFO: [VRFC 10-3107] analyzing entity 'mbv_system_microblaze_riscv_0_0_microblaze_riscv_v1_0_7_Mux4_1998'
INFO: [VRFC 10-3107] analyzing entity 'mbv_system_microblaze_riscv_0_0_microblaze_riscv_v1_0_7_Mux4_1999'
INFO: [VRFC 10-3107] analyzing entity 'mbv_system_microblaze_riscv_0_0_microblaze_riscv_v1_0_7_Mux4_2000'
INFO: [VRFC 10-3107] analyzing entity 'mbv_system_microblaze_riscv_0_0_microblaze_riscv_v1_0_7_Mux4_2001'
INFO: [VRFC 10-3107] analyzing entity 'mbv_system_microblaze_riscv_0_0_microblaze_riscv_v1_0_7_Mux4_2002'
INFO: [VRFC 10-3107] analyzing entity 'mbv_system_microblaze_riscv_0_0_microblaze_riscv_v1_0_7_Mux4_2003'
INFO: [VRFC 10-3107] analyzing entity 'mbv_system_microblaze_riscv_0_0_microblaze_riscv_v1_0_7_Mux4_2004'
INFO: [VRFC 10-3107] analyzing entity 'mbv_system_microblaze_riscv_0_0_microblaze_riscv_v1_0_7_Mux4_2005'
INFO: [VRFC 10-3107] analyzing entity 'mbv_system_microblaze_riscv_0_0_microblaze_riscv_v1_0_7_Mux4_2006'
INFO: [VRFC 10-3107] analyzing entity 'mbv_system_microblaze_riscv_0_0_microblaze_riscv_v1_0_7_Mux4_2007'
INFO: [VRFC 10-3107] analyzing entity 'mbv_system_microblaze_riscv_0_0_microblaze_riscv_v1_0_7_Mux4_2008'
INFO: [VRFC 10-3107] analyzing entity 'mbv_system_microblaze_riscv_0_0_microblaze_riscv_v1_0_7_Mux4_2009'
INFO: [VRFC 10-3107] analyzing entity 'mbv_system_microblaze_riscv_0_0_microblaze_riscv_v1_0_7_Mux4_2010'
INFO: [VRFC 10-3107] analyzing entity 'mbv_system_microblaze_riscv_0_0_microblaze_riscv_v1_0_7_Mux4_2011'
INFO: [VRFC 10-3107] analyzing entity 'mbv_system_microblaze_riscv_0_0_microblaze_riscv_v1_0_7_Mux4_2012'
INFO: [VRFC 10-3107] analyzing entity 'mbv_system_microblaze_riscv_0_0_microblaze_riscv_v1_0_7_Mux4_2013'
INFO: [VRFC 10-3107] analyzing entity 'mbv_system_microblaze_riscv_0_0_microblaze_riscv_v1_0_7_Mux4_2014'
INFO: [VRFC 10-3107] analyzing entity 'mbv_system_microblaze_riscv_0_0_microblaze_riscv_v1_0_7_Mux4_2015'
INFO: [VRFC 10-3107] analyzing entity 'mbv_system_microblaze_riscv_0_0_microblaze_riscv_v1_0_7_Mux4_2016'
INFO: [VRFC 10-3107] analyzing entity 'mbv_system_microblaze_riscv_0_0_microblaze_riscv_v1_0_7_Mux4_2017'
INFO: [VRFC 10-3107] analyzing entity 'mbv_system_microblaze_riscv_0_0_microblaze_riscv_v1_0_7_Mux4_2018'
INFO: [VRFC 10-3107] analyzing entity 'mbv_system_microblaze_riscv_0_0_microblaze_riscv_v1_0_7_Mux4_2019'
INFO: [VRFC 10-3107] analyzing entity 'mbv_system_microblaze_riscv_0_0_microblaze_riscv_v1_0_7_Mux4_2020'
INFO: [VRFC 10-3107] analyzing entity 'mbv_system_microblaze_riscv_0_0_microblaze_riscv_v1_0_7_Mux4_2021'
INFO: [VRFC 10-3107] analyzing entity 'mbv_system_microblaze_riscv_0_0_microblaze_riscv_v1_0_7_Mux4_2022'
INFO: [VRFC 10-3107] analyzing entity 'mbv_system_microblaze_riscv_0_0_microblaze_riscv_v1_0_7_Mux4_2023'
INFO: [VRFC 10-3107] analyzing entity 'mbv_system_microblaze_riscv_0_0_microblaze_riscv_v1_0_7_Mux4_2024'
INFO: [VRFC 10-3107] analyzing entity 'mbv_system_microblaze_riscv_0_0_microblaze_riscv_v1_0_7_Mux4_2025'
INFO: [VRFC 10-3107] analyzing entity 'mbv_system_microblaze_riscv_0_0_microblaze_riscv_v1_0_7_Mux4_2026'
INFO: [VRFC 10-3107] analyzing entity 'mbv_system_microblaze_riscv_0_0_microblaze_riscv_v1_0_7_Mux4_2027'
INFO: [VRFC 10-3107] analyzing entity 'mbv_system_microblaze_riscv_0_0_microblaze_riscv_v1_0_7_Mux4_2028'
INFO: [VRFC 10-3107] analyzing entity 'mbv_system_microblaze_riscv_0_0_microblaze_riscv_v1_0_7_Mux4_2029'
INFO: [VRFC 10-3107] analyzing entity 'mbv_system_microblaze_riscv_0_0_microblaze_riscv_v1_0_7_Mux4_2030'
INFO: [VRFC 10-3107] analyzing entity 'mbv_system_microblaze_riscv_0_0_microblaze_riscv_v1_0_7_Mux4_2031'
INFO: [VRFC 10-3107] analyzing entity 'mbv_system_microblaze_riscv_0_0_microblaze_riscv_v1_0_7_Mux4_2032'
INFO: [VRFC 10-3107] analyzing entity 'mbv_system_microblaze_riscv_0_0_microblaze_riscv_v1_0_7_Mux4_2033'
INFO: [VRFC 10-3107] analyzing entity 'mbv_system_microblaze_riscv_0_0_microblaze_riscv_v1_0_7_Mux4_2034'
INFO: [VRFC 10-3107] analyzing entity 'mbv_system_microblaze_riscv_0_0_microblaze_riscv_v1_0_7_Mux4_2035'
INFO: [VRFC 10-3107] analyzing entity 'mbv_system_microblaze_riscv_0_0_microblaze_riscv_v1_0_7_Mux4_2036'
INFO: [VRFC 10-3107] analyzing entity 'mbv_system_microblaze_riscv_0_0_microblaze_riscv_v1_0_7_Mux4_2037'
INFO: [VRFC 10-3107] analyzing entity 'mbv_system_microblaze_riscv_0_0_microblaze_riscv_v1_0_7_Mux4_2038'
INFO: [VRFC 10-3107] analyzing entity 'mbv_system_microblaze_riscv_0_0_microblaze_riscv_v1_0_7_Mux4_2039'
INFO: [VRFC 10-3107] analyzing entity 'mbv_system_microblaze_riscv_0_0_microblaze_riscv_v1_0_7_PC_Module_gti'
INFO: [VRFC 10-3107] analyzing entity 'mbv_system_microblaze_riscv_0_0_microblaze_riscv_v1_0_7_Register_File_gti'
INFO: [VRFC 10-3107] analyzing entity '\mbv_system_microblaze_riscv_0_0_microblaze_riscv_v1_0_7_Register_File_gti__parameterized0\'
INFO: [VRFC 10-3107] analyzing entity 'mbv_system_microblaze_riscv_0_0_microblaze_riscv_v1_0_7_fpu_conv'
INFO: [VRFC 10-3107] analyzing entity 'mbv_system_microblaze_riscv_0_0_microblaze_riscv_v1_0_7_jump_logic'
INFO: [VRFC 10-3107] analyzing entity 'mbv_system_microblaze_riscv_0_0_mux_bus'
INFO: [VRFC 10-3107] analyzing entity 'mbv_system_microblaze_riscv_0_0_srl_fifo'
INFO: [VRFC 10-3107] analyzing entity 'mbv_system_lmb_bram_1_blk_mem_gen_prim_width'
INFO: [VRFC 10-3107] analyzing entity '\mbv_system_lmb_bram_1_blk_mem_gen_prim_width__parameterized0\'
INFO: [VRFC 10-3107] analyzing entity '\mbv_system_lmb_bram_1_blk_mem_gen_prim_width__parameterized1\'
INFO: [VRFC 10-3107] analyzing entity '\mbv_system_lmb_bram_1_blk_mem_gen_prim_width__parameterized10\'
INFO: [VRFC 10-3107] analyzing entity '\mbv_system_lmb_bram_1_blk_mem_gen_prim_width__parameterized11\'
INFO: [VRFC 10-3107] analyzing entity '\mbv_system_lmb_bram_1_blk_mem_gen_prim_width__parameterized12\'
INFO: [VRFC 10-3107] analyzing entity '\mbv_system_lmb_bram_1_blk_mem_gen_prim_width__parameterized13\'
INFO: [VRFC 10-3107] analyzing entity '\mbv_system_lmb_bram_1_blk_mem_gen_prim_width__parameterized14\'
INFO: [VRFC 10-3107] analyzing entity '\mbv_system_lmb_bram_1_blk_mem_gen_prim_width__parameterized15\'
INFO: [VRFC 10-3107] analyzing entity '\mbv_system_lmb_bram_1_blk_mem_gen_prim_width__parameterized16\'
INFO: [VRFC 10-3107] analyzing entity '\mbv_system_lmb_bram_1_blk_mem_gen_prim_width__parameterized17\'
INFO: [VRFC 10-3107] analyzing entity '\mbv_system_lmb_bram_1_blk_mem_gen_prim_width__parameterized18\'
INFO: [VRFC 10-3107] analyzing entity '\mbv_system_lmb_bram_1_blk_mem_gen_prim_width__parameterized19\'
INFO: [VRFC 10-3107] analyzing entity '\mbv_system_lmb_bram_1_blk_mem_gen_prim_width__parameterized2\'
INFO: [VRFC 10-3107] analyzing entity '\mbv_system_lmb_bram_1_blk_mem_gen_prim_width__parameterized20\'
INFO: [VRFC 10-3107] analyzing entity '\mbv_system_lmb_bram_1_blk_mem_gen_prim_width__parameterized21\'
INFO: [VRFC 10-3107] analyzing entity '\mbv_system_lmb_bram_1_blk_mem_gen_prim_width__parameterized22\'
INFO: [VRFC 10-3107] analyzing entity '\mbv_system_lmb_bram_1_blk_mem_gen_prim_width__parameterized23\'
INFO: [VRFC 10-3107] analyzing entity '\mbv_system_lmb_bram_1_blk_mem_gen_prim_width__parameterized24\'
INFO: [VRFC 10-3107] analyzing entity '\mbv_system_lmb_bram_1_blk_mem_gen_prim_width__parameterized25\'
INFO: [VRFC 10-3107] analyzing entity '\mbv_system_lmb_bram_1_blk_mem_gen_prim_width__parameterized26\'
INFO: [VRFC 10-3107] analyzing entity '\mbv_system_lmb_bram_1_blk_mem_gen_prim_width__parameterized27\'
INFO: [VRFC 10-3107] analyzing entity '\mbv_system_lmb_bram_1_blk_mem_gen_prim_width__parameterized28\'
INFO: [VRFC 10-3107] analyzing entity '\mbv_system_lmb_bram_1_blk_mem_gen_prim_width__parameterized29\'
INFO: [VRFC 10-3107] analyzing entity '\mbv_system_lmb_bram_1_blk_mem_gen_prim_width__parameterized3\'
INFO: [VRFC 10-3107] analyzing entity '\mbv_system_lmb_bram_1_blk_mem_gen_prim_width__parameterized30\'
INFO: [VRFC 10-3107] analyzing entity '\mbv_system_lmb_bram_1_blk_mem_gen_prim_width__parameterized4\'
INFO: [VRFC 10-3107] analyzing entity '\mbv_system_lmb_bram_1_blk_mem_gen_prim_width__parameterized5\'
INFO: [VRFC 10-3107] analyzing entity '\mbv_system_lmb_bram_1_blk_mem_gen_prim_width__parameterized6\'
INFO: [VRFC 10-3107] analyzing entity '\mbv_system_lmb_bram_1_blk_mem_gen_prim_width__parameterized7\'
INFO: [VRFC 10-3107] analyzing entity '\mbv_system_lmb_bram_1_blk_mem_gen_prim_width__parameterized8\'
INFO: [VRFC 10-3107] analyzing entity '\mbv_system_lmb_bram_1_blk_mem_gen_prim_width__parameterized9\'
INFO: [VRFC 10-3107] analyzing entity 'mbv_system_axi_ethernetlite_0_0_emac_dpram'
INFO: [VRFC 10-3107] analyzing entity 'mbv_system_axi_ethernetlite_0_0_emac_dpram_0'
INFO: [VRFC 10-3107] analyzing entity 'mbv_system_axi_ethernetlite_0_0_emac_dpram_1'
INFO: [VRFC 10-3107] analyzing entity 'mbv_system_axi_ethernetlite_0_0_emac_dpram_2'
INFO: [VRFC 10-3107] analyzing entity 'mbv_system_axi_ethernetlite_0_0_xpm_fifo_base'
INFO: [VRFC 10-3107] analyzing entity '\mbv_system_axi_ethernetlite_0_0_xpm_fifo_base__1\'
INFO: [VRFC 10-3107] analyzing entity 'mbv_system_axi_gpio_0_0_axi_lite_ipif'
INFO: [VRFC 10-3107] analyzing entity 'mbv_system_axi_gpio_0_1_axi_lite_ipif'
INFO: [VRFC 10-3107] analyzing entity 'mbv_system_axi_gpio_0_2_axi_lite_ipif'
INFO: [VRFC 10-3107] analyzing entity 'mbv_system_axi_gpio_0_3_axi_lite_ipif'
INFO: [VRFC 10-3107] analyzing entity 'mbv_system_axi_gpio_0_4_slave_attachment'
INFO: [VRFC 10-3107] analyzing entity 'mbv_system_axi_gpio_0_5_slave_attachment'
INFO: [VRFC 10-3107] analyzing entity 'mbv_system_axi_gpio_0_6_slave_attachment'
INFO: [VRFC 10-3107] analyzing entity 'mbv_system_axi_iic_0_0_axi_lite_ipif'
INFO: [VRFC 10-3107] analyzing entity 'mbv_system_axi_iic_0_0_filter'
INFO: [VRFC 10-3107] analyzing entity 'mbv_system_axi_quad_spi_0_0_xpm_fifo_base'
INFO: [VRFC 10-3107] analyzing entity '\mbv_system_axi_quad_spi_0_0_xpm_fifo_base__parameterized0\'
INFO: [VRFC 10-3107] analyzing entity 'mbv_system_axi_quad_spi_0_1_xpm_fifo_base'
INFO: [VRFC 10-3107] analyzing entity '\mbv_system_axi_quad_spi_0_1_xpm_fifo_base__parameterized0\'
INFO: [VRFC 10-3107] analyzing entity 'mbv_system_axi_timebase_wdt_0_0_slave_attachment'
INFO: [VRFC 10-3107] analyzing entity 'mbv_system_axi_uartlite_0_0_slave_attachment'
INFO: [VRFC 10-3107] analyzing entity 'mbv_system_axi_uartlite_0_0_uartlite_core'
INFO: [VRFC 10-3107] analyzing entity 'mbv_system_fit_timer_0_0'
INFO: [VRFC 10-3107] analyzing entity 'mbv_system_mbv_riscv_axi_intc_1_axi_lite_ipif'
INFO: [VRFC 10-3107] analyzing entity 'mbv_system_mbv_riscv_axi_periph_1_bd_e941_m00arn_0'
INFO: [VRFC 10-3107] analyzing entity 'mbv_system_mbv_riscv_axi_periph_1_bd_e941_m00awn_0'
INFO: [VRFC 10-3107] analyzing entity 'mbv_system_mbv_riscv_axi_periph_1_bd_e941_m00bn_0'
INFO: [VRFC 10-3107] analyzing entity 'mbv_system_mbv_riscv_axi_periph_1_bd_e941_m00e_0'
INFO: [VRFC 10-3107] analyzing entity 'mbv_system_mbv_riscv_axi_periph_1_bd_e941_m00rn_0'
INFO: [VRFC 10-3107] analyzing entity 'mbv_system_mbv_riscv_axi_periph_1_bd_e941_m00wn_0'
INFO: [VRFC 10-3107] analyzing entity 'mbv_system_mbv_riscv_axi_periph_1_bd_e941_m01arn_0'
INFO: [VRFC 10-3107] analyzing entity 'mbv_system_mbv_riscv_axi_periph_1_bd_e941_m01awn_0'
INFO: [VRFC 10-3107] analyzing entity 'mbv_system_mbv_riscv_axi_periph_1_bd_e941_m01bn_0'
INFO: [VRFC 10-3107] analyzing entity 'mbv_system_mbv_riscv_axi_periph_1_bd_e941_m01e_0'
INFO: [VRFC 10-3107] analyzing entity 'mbv_system_mbv_riscv_axi_periph_1_bd_e941_m01rn_0'
INFO: [VRFC 10-3107] analyzing entity 'mbv_system_mbv_riscv_axi_periph_1_bd_e941_m01wn_0'
INFO: [VRFC 10-3107] analyzing entity 'mbv_system_mbv_riscv_axi_periph_1_bd_e941_m02arn_0'
INFO: [VRFC 10-3107] analyzing entity 'mbv_system_mbv_riscv_axi_periph_1_bd_e941_m02awn_0'
INFO: [VRFC 10-3107] analyzing entity 'mbv_system_mbv_riscv_axi_periph_1_bd_e941_m02bn_0'
INFO: [VRFC 10-3107] analyzing entity 'mbv_system_mbv_riscv_axi_periph_1_bd_e941_m02e_0'
INFO: [VRFC 10-3107] analyzing entity 'mbv_system_mbv_riscv_axi_periph_1_bd_e941_m02rn_0'
INFO: [VRFC 10-3107] analyzing entity 'mbv_system_mbv_riscv_axi_periph_1_bd_e941_m02wn_0'
INFO: [VRFC 10-3107] analyzing entity 'mbv_system_mbv_riscv_axi_periph_1_bd_e941_m03arn_0'
INFO: [VRFC 10-3107] analyzing entity 'mbv_system_mbv_riscv_axi_periph_1_bd_e941_m03awn_0'
INFO: [VRFC 10-3107] analyzing entity 'mbv_system_mbv_riscv_axi_periph_1_bd_e941_m03bn_0'
INFO: [VRFC 10-3107] analyzing entity 'mbv_system_mbv_riscv_axi_periph_1_bd_e941_m03e_0'
INFO: [VRFC 10-3107] analyzing entity 'mbv_system_mbv_riscv_axi_periph_1_bd_e941_m03rn_0'
INFO: [VRFC 10-3107] analyzing entity 'mbv_system_mbv_riscv_axi_periph_1_bd_e941_m03wn_0'
INFO: [VRFC 10-3107] analyzing entity 'mbv_system_mbv_riscv_axi_periph_1_bd_e941_m04arn_0'
INFO: [VRFC 10-3107] analyzing entity 'mbv_system_mbv_riscv_axi_periph_1_bd_e941_m04awn_0'
INFO: [VRFC 10-3107] analyzing entity 'mbv_system_mbv_riscv_axi_periph_1_bd_e941_m04bn_0'
INFO: [VRFC 10-3107] analyzing entity 'mbv_system_mbv_riscv_axi_periph_1_bd_e941_m04e_0'
INFO: [VRFC 10-3107] analyzing entity 'mbv_system_mbv_riscv_axi_periph_1_bd_e941_m04rn_0'
INFO: [VRFC 10-3107] analyzing entity 'mbv_system_mbv_riscv_axi_periph_1_bd_e941_m04wn_0'
INFO: [VRFC 10-3107] analyzing entity 'mbv_system_mbv_riscv_axi_periph_1_bd_e941_m05arn_0'
INFO: [VRFC 10-3107] analyzing entity 'mbv_system_mbv_riscv_axi_periph_1_bd_e941_m05awn_0'
INFO: [VRFC 10-3107] analyzing entity 'mbv_system_mbv_riscv_axi_periph_1_bd_e941_m05bn_0'
INFO: [VRFC 10-3107] analyzing entity 'mbv_system_mbv_riscv_axi_periph_1_bd_e941_m05e_0'
INFO: [VRFC 10-3107] analyzing entity 'mbv_system_mbv_riscv_axi_periph_1_bd_e941_m05rn_0'
INFO: [VRFC 10-3107] analyzing entity 'mbv_system_mbv_riscv_axi_periph_1_bd_e941_m05wn_0'
INFO: [VRFC 10-3107] analyzing entity 'mbv_system_mbv_riscv_axi_periph_1_bd_e941_m06arn_0'
INFO: [VRFC 10-3107] analyzing entity 'mbv_system_mbv_riscv_axi_periph_1_bd_e941_m06awn_0'
INFO: [VRFC 10-3107] analyzing entity 'mbv_system_mbv_riscv_axi_periph_1_bd_e941_m06bn_0'
INFO: [VRFC 10-3107] analyzing entity 'mbv_system_mbv_riscv_axi_periph_1_bd_e941_m06e_0'
INFO: [VRFC 10-3107] analyzing entity 'mbv_system_mbv_riscv_axi_periph_1_bd_e941_m06rn_0'
INFO: [VRFC 10-3107] analyzing entity 'mbv_system_mbv_riscv_axi_periph_1_bd_e941_m06wn_0'
INFO: [VRFC 10-3107] analyzing entity 'mbv_system_mbv_riscv_axi_periph_1_bd_e941_m07arn_0'
INFO: [VRFC 10-3107] analyzing entity 'mbv_system_mbv_riscv_axi_periph_1_bd_e941_m07awn_0'
INFO: [VRFC 10-3107] analyzing entity 'mbv_system_mbv_riscv_axi_periph_1_bd_e941_m07bn_0'
INFO: [VRFC 10-3107] analyzing entity 'mbv_system_mbv_riscv_axi_periph_1_bd_e941_m07e_0'
INFO: [VRFC 10-3107] analyzing entity 'mbv_system_mbv_riscv_axi_periph_1_bd_e941_m07rn_0'
INFO: [VRFC 10-3107] analyzing entity 'mbv_system_mbv_riscv_axi_periph_1_bd_e941_m07wn_0'
INFO: [VRFC 10-3107] analyzing entity 'mbv_system_mbv_riscv_axi_periph_1_bd_e941_m08arn_0'
INFO: [VRFC 10-3107] analyzing entity 'mbv_system_mbv_riscv_axi_periph_1_bd_e941_m08awn_0'
INFO: [VRFC 10-3107] analyzing entity 'mbv_system_mbv_riscv_axi_periph_1_bd_e941_m08bn_0'
INFO: [VRFC 10-3107] analyzing entity 'mbv_system_mbv_riscv_axi_periph_1_bd_e941_m08e_0'
INFO: [VRFC 10-3107] analyzing entity 'mbv_system_mbv_riscv_axi_periph_1_bd_e941_m08rn_0'
INFO: [VRFC 10-3107] analyzing entity 'mbv_system_mbv_riscv_axi_periph_1_bd_e941_m08wn_0'
INFO: [VRFC 10-3107] analyzing entity 'mbv_system_mbv_riscv_axi_periph_1_bd_e941_m09arn_0'
INFO: [VRFC 10-3107] analyzing entity 'mbv_system_mbv_riscv_axi_periph_1_bd_e941_m09awn_0'
INFO: [VRFC 10-3107] analyzing entity 'mbv_system_mbv_riscv_axi_periph_1_bd_e941_m09bn_0'
INFO: [VRFC 10-3107] analyzing entity 'mbv_system_mbv_riscv_axi_periph_1_bd_e941_m09e_0'
INFO: [VRFC 10-3107] analyzing entity 'mbv_system_mbv_riscv_axi_periph_1_bd_e941_m09rn_0'
INFO: [VRFC 10-3107] analyzing entity 'mbv_system_mbv_riscv_axi_periph_1_bd_e941_m09wn_0'
INFO: [VRFC 10-3107] analyzing entity 'mbv_system_mbv_riscv_axi_periph_1_bd_e941_m10arn_0'
INFO: [VRFC 10-3107] analyzing entity 'mbv_system_mbv_riscv_axi_periph_1_bd_e941_m10awn_0'
INFO: [VRFC 10-3107] analyzing entity 'mbv_system_mbv_riscv_axi_periph_1_bd_e941_m10bn_0'
INFO: [VRFC 10-3107] analyzing entity 'mbv_system_mbv_riscv_axi_periph_1_bd_e941_m10e_0'
INFO: [VRFC 10-3107] analyzing entity 'mbv_system_mbv_riscv_axi_periph_1_bd_e941_m10rn_0'
INFO: [VRFC 10-3107] analyzing entity 'mbv_system_mbv_riscv_axi_periph_1_bd_e941_m10wn_0'
INFO: [VRFC 10-3107] analyzing entity 'mbv_system_mbv_riscv_axi_periph_1_bd_e941_m11arn_0'
INFO: [VRFC 10-3107] analyzing entity 'mbv_system_mbv_riscv_axi_periph_1_bd_e941_m11awn_0'
INFO: [VRFC 10-3107] analyzing entity 'mbv_system_mbv_riscv_axi_periph_1_bd_e941_m11bn_0'
INFO: [VRFC 10-3107] analyzing entity 'mbv_system_mbv_riscv_axi_periph_1_bd_e941_m11e_0'
INFO: [VRFC 10-3107] analyzing entity 'mbv_system_mbv_riscv_axi_periph_1_bd_e941_m11rn_0'
INFO: [VRFC 10-3107] analyzing entity 'mbv_system_mbv_riscv_axi_periph_1_bd_e941_m11wn_0'
INFO: [VRFC 10-3107] analyzing entity 'mbv_system_mbv_riscv_axi_periph_1_bd_e941_m12arn_0'
INFO: [VRFC 10-3107] analyzing entity 'mbv_system_mbv_riscv_axi_periph_1_bd_e941_m12awn_0'
INFO: [VRFC 10-3107] analyzing entity 'mbv_system_mbv_riscv_axi_periph_1_bd_e941_m12bn_0'
INFO: [VRFC 10-3107] analyzing entity 'mbv_system_mbv_riscv_axi_periph_1_bd_e941_m12e_0'
INFO: [VRFC 10-3107] analyzing entity 'mbv_system_mbv_riscv_axi_periph_1_bd_e941_m12rn_0'
INFO: [VRFC 10-3107] analyzing entity 'mbv_system_mbv_riscv_axi_periph_1_bd_e941_m12wn_0'
INFO: [VRFC 10-3107] analyzing entity 'mbv_system_mbv_riscv_axi_periph_1_bd_e941_m13arn_0'
INFO: [VRFC 10-3107] analyzing entity 'mbv_system_mbv_riscv_axi_periph_1_bd_e941_m13awn_0'
INFO: [VRFC 10-3107] analyzing entity 'mbv_system_mbv_riscv_axi_periph_1_bd_e941_m13bn_0'
INFO: [VRFC 10-3107] analyzing entity 'mbv_system_mbv_riscv_axi_periph_1_bd_e941_m13e_0'
INFO: [VRFC 10-3107] analyzing entity 'mbv_system_mbv_riscv_axi_periph_1_bd_e941_m13rn_0'
INFO: [VRFC 10-3107] analyzing entity 'mbv_system_mbv_riscv_axi_periph_1_bd_e941_m13wn_0'
INFO: [VRFC 10-3107] analyzing entity 'mbv_system_mbv_riscv_axi_periph_1_bd_e941_s00mmu_0'
INFO: [VRFC 10-3107] analyzing entity 'mbv_system_mbv_riscv_axi_periph_1_bd_e941_s00sic_0'
INFO: [VRFC 10-3107] analyzing entity 'mbv_system_mbv_riscv_axi_periph_1_bd_e941_s00tr_0'
INFO: [VRFC 10-3107] analyzing entity 'mbv_system_mbv_riscv_axi_periph_1_bd_e941_sarn_0'
INFO: [VRFC 10-3107] analyzing entity 'mbv_system_mbv_riscv_axi_periph_1_bd_e941_sawn_0'
INFO: [VRFC 10-3107] analyzing entity 'mbv_system_mbv_riscv_axi_periph_1_bd_e941_sbn_0'
INFO: [VRFC 10-3107] analyzing entity 'mbv_system_mbv_riscv_axi_periph_1_bd_e941_srn_0'
INFO: [VRFC 10-3107] analyzing entity 'mbv_system_mbv_riscv_axi_periph_1_bd_e941_swn_0'
INFO: [VRFC 10-3107] analyzing entity 'mbv_system_mbv_riscv_axi_periph_1_proc_sys_reset'
INFO: [VRFC 10-3107] analyzing entity 'mbv_system_mdm_1_1_MDM_Core'
INFO: [VRFC 10-3107] analyzing entity 'mbv_system_mdm_1_1_bus_master'
INFO: [VRFC 10-3107] analyzing entity 'mbv_system_rst_clk_wiz_1_100M_1_proc_sys_reset'
INFO: [VRFC 10-3107] analyzing entity 'mbv_system_mbv_riscv_axi_periph_1_sc_node_v1_0_19_fifo'
INFO: [VRFC 10-3107] analyzing entity 'mbv_system_mbv_riscv_axi_periph_1_sc_node_v1_0_19_fifo_32'
INFO: [VRFC 10-3107] analyzing entity '\mbv_system_mbv_riscv_axi_periph_1_sc_node_v1_0_19_fifo__parameterized0\'
INFO: [VRFC 10-3107] analyzing entity '\mbv_system_mbv_riscv_axi_periph_1_sc_node_v1_0_19_fifo__parameterized1\'
INFO: [VRFC 10-3107] analyzing entity '\mbv_system_mbv_riscv_axi_periph_1_sc_node_v1_0_19_fifo__parameterized2\'
INFO: [VRFC 10-3107] analyzing entity 'mbv_system_axi_quad_spi_0_0_dist_mem_gen_v8_0_17'
INFO: [VRFC 10-3107] analyzing entity 'mbv_system_microblaze_riscv_0_0_carry_compare'
INFO: [VRFC 10-3107] analyzing entity 'mbv_system_microblaze_riscv_0_0_carry_compare_1000'
INFO: [VRFC 10-3107] analyzing entity 'mbv_system_microblaze_riscv_0_0_carry_compare_1433'
INFO: [VRFC 10-3107] analyzing entity 'mbv_system_microblaze_riscv_0_0_carry_compare_910'
INFO: [VRFC 10-3107] analyzing entity 'mbv_system_microblaze_riscv_0_0_carry_compare_914'
INFO: [VRFC 10-3107] analyzing entity 'mbv_system_microblaze_riscv_0_0_carry_compare_988'
INFO: [VRFC 10-3107] analyzing entity 'mbv_system_microblaze_riscv_0_0_carry_compare_992'
INFO: [VRFC 10-3107] analyzing entity 'mbv_system_microblaze_riscv_0_0_carry_compare_996'
INFO: [VRFC 10-3107] analyzing entity '\mbv_system_microblaze_riscv_0_0_carry_compare__parameterized1\'
INFO: [VRFC 10-3107] analyzing entity '\mbv_system_microblaze_riscv_0_0_carry_compare__parameterized2\'
INFO: [VRFC 10-3107] analyzing entity '\mbv_system_microblaze_riscv_0_0_carry_compare__parameterized2_237\'
INFO: [VRFC 10-3107] analyzing entity '\mbv_system_microblaze_riscv_0_0_carry_compare__parameterized2_238\'
INFO: [VRFC 10-3107] analyzing entity '\mbv_system_microblaze_riscv_0_0_carry_compare__parameterized2_239\'
INFO: [VRFC 10-3107] analyzing entity '\mbv_system_microblaze_riscv_0_0_carry_compare__parameterized2_240\'
INFO: [VRFC 10-3107] analyzing entity '\mbv_system_microblaze_riscv_0_0_carry_compare__parameterized2_241\'
INFO: [VRFC 10-3107] analyzing entity '\mbv_system_microblaze_riscv_0_0_carry_compare__parameterized2_242\'
INFO: [VRFC 10-3107] analyzing entity '\mbv_system_microblaze_riscv_0_0_carry_compare__parameterized2_243\'
INFO: [VRFC 10-3107] analyzing entity '\mbv_system_microblaze_riscv_0_0_carry_compare__parameterized2_244\'
INFO: [VRFC 10-3107] analyzing entity '\mbv_system_microblaze_riscv_0_0_carry_compare__parameterized2_245\'
INFO: [VRFC 10-3107] analyzing entity '\mbv_system_microblaze_riscv_0_0_carry_compare__parameterized2_246\'
INFO: [VRFC 10-3107] analyzing entity '\mbv_system_microblaze_riscv_0_0_carry_compare__parameterized2_247\'
INFO: [VRFC 10-3107] analyzing entity '\mbv_system_microblaze_riscv_0_0_carry_compare__parameterized2_248\'
INFO: [VRFC 10-3107] analyzing entity '\mbv_system_microblaze_riscv_0_0_carry_compare__parameterized2_249\'
INFO: [VRFC 10-3107] analyzing entity '\mbv_system_microblaze_riscv_0_0_carry_compare__parameterized2_250\'
INFO: [VRFC 10-3107] analyzing entity '\mbv_system_microblaze_riscv_0_0_carry_compare__parameterized2_251\'
INFO: [VRFC 10-3107] analyzing entity '\mbv_system_microblaze_riscv_0_0_carry_compare__parameterized2_252\'
INFO: [VRFC 10-3107] analyzing entity '\mbv_system_microblaze_riscv_0_0_carry_compare__parameterized2_253\'
INFO: [VRFC 10-3107] analyzing entity '\mbv_system_microblaze_riscv_0_0_carry_compare__parameterized2_254\'
INFO: [VRFC 10-3107] analyzing entity '\mbv_system_microblaze_riscv_0_0_carry_compare__parameterized2_255\'
INFO: [VRFC 10-3107] analyzing entity '\mbv_system_microblaze_riscv_0_0_carry_compare__parameterized2_256\'
INFO: [VRFC 10-3107] analyzing entity '\mbv_system_microblaze_riscv_0_0_carry_compare__parameterized2_257\'
INFO: [VRFC 10-3107] analyzing entity '\mbv_system_microblaze_riscv_0_0_carry_compare__parameterized2_258\'
INFO: [VRFC 10-3107] analyzing entity '\mbv_system_microblaze_riscv_0_0_carry_compare__parameterized2_259\'
INFO: [VRFC 10-3107] analyzing entity '\mbv_system_microblaze_riscv_0_0_carry_compare__parameterized5\'
INFO: [VRFC 10-3107] analyzing entity '\mbv_system_microblaze_riscv_0_0_carry_compare__parameterized7\'
INFO: [VRFC 10-3107] analyzing entity 'mbv_system_microblaze_riscv_0_0_carry_compare_const'
INFO: [VRFC 10-3107] analyzing entity 'mbv_system_microblaze_riscv_0_0_carry_compare_const_1434'
INFO: [VRFC 10-3107] analyzing entity 'mbv_system_microblaze_riscv_0_0_carry_compare_mask'
INFO: [VRFC 10-3107] analyzing entity 'mbv_system_microblaze_riscv_0_0_carry_compare_mask_806'
INFO: [VRFC 10-3107] analyzing entity '\mbv_system_microblaze_riscv_0_0_carry_compare_mask__parameterized1\'
INFO: [VRFC 10-3107] analyzing entity '\mbv_system_microblaze_riscv_0_0_carry_compare_mask__parameterized3\'
INFO: [VRFC 10-3107] analyzing entity '\mbv_system_microblaze_riscv_0_0_carry_compare_mask__parameterized3_805\'
INFO: [VRFC 10-3107] analyzing entity '\mbv_system_microblaze_riscv_0_0_carry_compare_mask__parameterized3_807\'
INFO: [VRFC 10-3107] analyzing entity '\mbv_system_microblaze_riscv_0_0_carry_compare_mask__parameterized5\'
INFO: [VRFC 10-3107] analyzing entity '\mbv_system_microblaze_riscv_0_0_carry_compare_mask__parameterized8\'
INFO: [VRFC 10-3107] analyzing entity '\mbv_system_microblaze_riscv_0_0_carry_compare_mask__parameterized8_913\'
INFO: [VRFC 10-3107] analyzing entity '\mbv_system_microblaze_riscv_0_0_carry_compare_mask__parameterized8_987\'
INFO: [VRFC 10-3107] analyzing entity '\mbv_system_microblaze_riscv_0_0_carry_compare_mask__parameterized8_991\'
INFO: [VRFC 10-3107] analyzing entity '\mbv_system_microblaze_riscv_0_0_carry_compare_mask__parameterized8_995\'
INFO: [VRFC 10-3107] analyzing entity '\mbv_system_microblaze_riscv_0_0_carry_compare_mask__parameterized8_999\'
INFO: [VRFC 10-3107] analyzing entity 'mbv_system_microblaze_riscv_0_0_clz'
INFO: [VRFC 10-3107] analyzing entity 'mbv_system_microblaze_riscv_0_0_instr_mux'
INFO: [VRFC 10-3107] analyzing entity 'mbv_system_microblaze_riscv_0_0_microblaze_riscv_v1_0_7_ALU'
INFO: [VRFC 10-3107] analyzing entity 'mbv_system_microblaze_riscv_0_0_microblaze_riscv_v1_0_7_Debug_Trace'
INFO: [VRFC 10-3107] analyzing entity 'mbv_system_microblaze_riscv_0_0_microblaze_riscv_v1_0_7_Operand_Select_gti'
INFO: [VRFC 10-3107] analyzing entity 'mbv_system_microblaze_riscv_0_0_microblaze_riscv_v1_0_7_PreFetch_Buffer_ff'
INFO: [VRFC 10-3107] analyzing entity 'mbv_system_microblaze_riscv_0_0_microblaze_riscv_v1_0_7_mul_unit'
INFO: [VRFC 10-3107] analyzing entity 'mbv_system_microblaze_riscv_0_0_riscv_debug'
INFO: [VRFC 10-3107] analyzing entity 'mbv_system_lmb_bram_1_blk_mem_gen_generic_cstr'
INFO: [VRFC 10-3107] analyzing entity 'mbv_system_axi_ethernetlite_0_0_xpm_fifo_async'
INFO: [VRFC 10-3107] analyzing entity '\mbv_system_axi_ethernetlite_0_0_xpm_fifo_async__parameterized1\'
INFO: [VRFC 10-3107] analyzing entity 'mbv_system_axi_gpio_0_0_axi_gpio'
INFO: [VRFC 10-3107] analyzing entity 'mbv_system_axi_gpio_0_1_axi_gpio'
INFO: [VRFC 10-3107] analyzing entity 'mbv_system_axi_gpio_0_2_axi_gpio'
INFO: [VRFC 10-3107] analyzing entity 'mbv_system_axi_gpio_0_3_axi_gpio'
INFO: [VRFC 10-3107] analyzing entity 'mbv_system_axi_gpio_0_4_axi_lite_ipif'
INFO: [VRFC 10-3107] analyzing entity 'mbv_system_axi_gpio_0_5_axi_lite_ipif'
INFO: [VRFC 10-3107] analyzing entity 'mbv_system_axi_gpio_0_6_axi_lite_ipif'
INFO: [VRFC 10-3107] analyzing entity 'mbv_system_axi_iic_0_0_axi_ipif_ssp1'
INFO: [VRFC 10-3107] analyzing entity 'mbv_system_axi_quad_spi_0_0_qspi_look_up_logic'
INFO: [VRFC 10-3107] analyzing entity 'mbv_system_axi_quad_spi_0_0_xpm_fifo_async'
INFO: [VRFC 10-3107] analyzing entity '\mbv_system_axi_quad_spi_0_0_xpm_fifo_async__parameterized1\'
INFO: [VRFC 10-3107] analyzing entity 'mbv_system_axi_quad_spi_0_1_xpm_fifo_async'
INFO: [VRFC 10-3107] analyzing entity '\mbv_system_axi_quad_spi_0_1_xpm_fifo_async__parameterized1\'
INFO: [VRFC 10-3107] analyzing entity 'mbv_system_axi_timebase_wdt_0_0_axi_lite_ipif'
INFO: [VRFC 10-3107] analyzing entity 'mbv_system_axi_uartlite_0_0_axi_lite_ipif'
INFO: [VRFC 10-3107] analyzing entity 'mbv_system_mbv_riscv_axi_intc_1_axi_intc'
INFO: [VRFC 10-3107] analyzing entity 'mbv_system_mbv_riscv_axi_periph_1_bd_e941_psr_aclk_0'
INFO: [VRFC 10-3107] analyzing entity 'mbv_system_mbv_riscv_axi_periph_1_m00_exit_pipeline_imp_8IAQ0Y'
INFO: [VRFC 10-3107] analyzing entity 'mbv_system_mbv_riscv_axi_periph_1_m00_nodes_imp_LTCAJY'
INFO: [VRFC 10-3107] analyzing entity 'mbv_system_mbv_riscv_axi_periph_1_m01_exit_pipeline_imp_2MZKHU'
INFO: [VRFC 10-3107] analyzing entity 'mbv_system_mbv_riscv_axi_periph_1_m01_nodes_imp_1MP9DZS'
INFO: [VRFC 10-3107] analyzing entity 'mbv_system_mbv_riscv_axi_periph_1_m02_exit_pipeline_imp_DL8W5E'
INFO: [VRFC 10-3107] analyzing entity 'mbv_system_mbv_riscv_axi_periph_1_m02_nodes_imp_1CTGGQR'
INFO: [VRFC 10-3107] analyzing entity 'mbv_system_mbv_riscv_axi_periph_1_m03_exit_pipeline_imp_B1S5QA'
INFO: [VRFC 10-3107] analyzing entity 'mbv_system_mbv_riscv_axi_periph_1_m03_nodes_imp_E5CY45'
INFO: [VRFC 10-3107] analyzing entity 'mbv_system_mbv_riscv_axi_periph_1_m04_exit_pipeline_imp_IBPE82'
INFO: [VRFC 10-3107] analyzing entity 'mbv_system_mbv_riscv_axi_periph_1_m04_nodes_imp_O71PIT'
INFO: [VRFC 10-3107] analyzing entity 'mbv_system_mbv_riscv_axi_periph_1_m05_exit_pipeline_imp_NMFWCI'
INFO: [VRFC 10-3107] analyzing entity 'mbv_system_mbv_riscv_axi_periph_1_m05_nodes_imp_1K42FIB'
INFO: [VRFC 10-3107] analyzing entity 'mbv_system_mbv_riscv_axi_periph_1_m06_exit_pipeline_imp_U2CEKI'
INFO: [VRFC 10-3107] analyzing entity 'mbv_system_mbv_riscv_axi_periph_1_m06_nodes_imp_1ELL23C'
INFO: [VRFC 10-3107] analyzing entity 'mbv_system_mbv_riscv_axi_periph_1_m07_exit_pipeline_imp_Y93TOI'
INFO: [VRFC 10-3107] analyzing entity 'mbv_system_mbv_riscv_axi_periph_1_m07_nodes_imp_C0QXF2'
INFO: [VRFC 10-3107] analyzing entity 'mbv_system_mbv_riscv_axi_periph_1_m08_exit_pipeline_imp_1AL7R5U'
INFO: [VRFC 10-3107] analyzing entity 'mbv_system_mbv_riscv_axi_periph_1_m08_nodes_imp_YWBZA0'
INFO: [VRFC 10-3107] analyzing entity 'mbv_system_mbv_riscv_axi_periph_1_m09_exit_pipeline_imp_1D1K41U'
INFO: [VRFC 10-3107] analyzing entity 'mbv_system_mbv_riscv_axi_periph_1_m09_nodes_imp_1QDC5YM'
INFO: [VRFC 10-3107] analyzing entity 'mbv_system_mbv_riscv_axi_periph_1_m10_exit_pipeline_imp_11507FA'
INFO: [VRFC 10-3107] analyzing entity 'mbv_system_mbv_riscv_axi_periph_1_m10_nodes_imp_1WN5406'
INFO: [VRFC 10-3107] analyzing entity 'mbv_system_mbv_riscv_axi_periph_1_m11_exit_pipeline_imp_14RS386'
INFO: [VRFC 10-3107] analyzing entity 'mbv_system_mbv_riscv_axi_periph_1_m11_nodes_imp_TIZOC0'
INFO: [VRFC 10-3107] analyzing entity 'mbv_system_mbv_riscv_axi_periph_1_m12_exit_pipeline_imp_1BLFB4M'
INFO: [VRFC 10-3107] analyzing entity 'mbv_system_mbv_riscv_axi_periph_1_m12_nodes_imp_645PUZ'
INFO: [VRFC 10-3107] analyzing entity 'mbv_system_mbv_riscv_axi_periph_1_m13_exit_pipeline_imp_1GC69XY'
INFO: [VRFC 10-3107] analyzing entity 'mbv_system_mbv_riscv_axi_periph_1_m13_nodes_imp_12KNDCT'
INFO: [VRFC 10-3107] analyzing entity 'mbv_system_mbv_riscv_axi_periph_1_s00_entry_pipeline_imp_17PDLQ9'
INFO: [VRFC 10-3107] analyzing entity 'mbv_system_mbv_riscv_axi_periph_1_s00_nodes_imp_11SR9LN'
INFO: [VRFC 10-3107] analyzing entity 'mbv_system_mdm_1_1_MDM_RISCV'
INFO: [VRFC 10-3107] analyzing entity 'mbv_system_rst_clk_wiz_1_100M_1'
INFO: [VRFC 10-3107] analyzing entity '\mbv_system_mbv_riscv_axi_periph_1_sc_node_v1_0_19_mi_handler__parameterized10\'
INFO: [VRFC 10-3107] analyzing entity '\mbv_system_mbv_riscv_axi_periph_1_sc_node_v1_0_19_mi_handler__parameterized11\'
INFO: [VRFC 10-3107] analyzing entity '\mbv_system_mbv_riscv_axi_periph_1_sc_node_v1_0_19_mi_handler__parameterized12\'
INFO: [VRFC 10-3107] analyzing entity '\mbv_system_mbv_riscv_axi_periph_1_sc_node_v1_0_19_mi_handler__parameterized13\'
INFO: [VRFC 10-3107] analyzing entity '\mbv_system_mbv_riscv_axi_periph_1_sc_node_v1_0_19_mi_handler__parameterized9\'
INFO: [VRFC 10-3107] analyzing entity 'mbv_system_microblaze_riscv_0_0_microblaze_riscv_v1_0_7_Decode_gti'
INFO: [VRFC 10-3107] analyzing entity 'mbv_system_microblaze_riscv_0_0_microblaze_riscv_v1_0_7_FPU_MUL'
INFO: [VRFC 10-3107] analyzing entity 'mbv_system_microblaze_riscv_0_0_microblaze_riscv_v1_0_7_MMU_TLB'
INFO: [VRFC 10-3107] analyzing entity '\mbv_system_microblaze_riscv_0_0_microblaze_riscv_v1_0_7_MMU_TLB__parameterized0\'
INFO: [VRFC 10-3107] analyzing entity 'mbv_system_microblaze_riscv_0_0_microblaze_riscv_v1_0_7_MMU_UTLB'
INFO: [VRFC 10-3107] analyzing entity 'mbv_system_microblaze_riscv_0_0_trigger'
INFO: [VRFC 10-3107] analyzing entity 'mbv_system_lmb_bram_1_blk_mem_gen_top'
INFO: [VRFC 10-3107] analyzing entity 'mbv_system_axi_ethernetlite_0_0_rx_intrfce'
INFO: [VRFC 10-3107] analyzing entity 'mbv_system_axi_ethernetlite_0_0_tx_intrfce'
INFO: [VRFC 10-3107] analyzing entity 'mbv_system_axi_gpio_0_0'
INFO: [VRFC 10-3107] analyzing entity 'mbv_system_axi_gpio_0_1'
INFO: [VRFC 10-3107] analyzing entity 'mbv_system_axi_gpio_0_2'
INFO: [VRFC 10-3107] analyzing entity 'mbv_system_axi_gpio_0_3'
INFO: [VRFC 10-3107] analyzing entity 'mbv_system_axi_gpio_0_4_axi_gpio'
INFO: [VRFC 10-3107] analyzing entity 'mbv_system_axi_gpio_0_5_axi_gpio'
INFO: [VRFC 10-3107] analyzing entity 'mbv_system_axi_gpio_0_6_axi_gpio'
INFO: [VRFC 10-3107] analyzing entity 'mbv_system_axi_iic_0_0_iic'
INFO: [VRFC 10-3107] analyzing entity 'mbv_system_axi_quad_spi_0_0_qspi_core_interface'
INFO: [VRFC 10-3107] analyzing entity 'mbv_system_axi_quad_spi_0_1_qspi_core_interface'
INFO: [VRFC 10-3107] analyzing entity 'mbv_system_axi_timebase_wdt_0_0_axi_window_wdt'
INFO: [VRFC 10-3107] analyzing entity 'mbv_system_axi_uartlite_0_0_axi_uartlite'
INFO: [VRFC 10-3107] analyzing entity 'mbv_system_mbv_riscv_axi_intc_1'
INFO: [VRFC 10-3107] analyzing entity 'mbv_system_mbv_riscv_axi_periph_1_clk_map_imp_1RTLZFD'
INFO: [VRFC 10-3107] analyzing entity 'mbv_system_mdm_1_1'
INFO: [VRFC 10-3107] analyzing entity '\mbv_system_mbv_riscv_axi_periph_1_sc_node_v1_0_19_top__parameterized10\'
INFO: [VRFC 10-3107] analyzing entity '\mbv_system_mbv_riscv_axi_periph_1_sc_node_v1_0_19_top__parameterized11\'
INFO: [VRFC 10-3107] analyzing entity '\mbv_system_mbv_riscv_axi_periph_1_sc_node_v1_0_19_top__parameterized12\'
INFO: [VRFC 10-3107] analyzing entity '\mbv_system_mbv_riscv_axi_periph_1_sc_node_v1_0_19_top__parameterized13\'
INFO: [VRFC 10-3107] analyzing entity '\mbv_system_mbv_riscv_axi_periph_1_sc_node_v1_0_19_top__parameterized9\'
INFO: [VRFC 10-3107] analyzing entity 'mbv_system_microblaze_riscv_0_0_microblaze_riscv_v1_0_7_Fpu'
INFO: [VRFC 10-3107] analyzing entity 'mbv_system_microblaze_riscv_0_0_microblaze_riscv_v1_0_7_MMU'
INFO: [VRFC 10-3107] analyzing entity 'mbv_system_lmb_bram_1_blk_mem_gen_v8_4_12_synth'
INFO: [VRFC 10-3107] analyzing entity 'mbv_system_axi_ethernetlite_0_0_receive'
INFO: [VRFC 10-3107] analyzing entity 'mbv_system_axi_ethernetlite_0_0_transmit'
INFO: [VRFC 10-3107] analyzing entity 'mbv_system_axi_gpio_0_4'
INFO: [VRFC 10-3107] analyzing entity 'mbv_system_axi_gpio_0_5'
INFO: [VRFC 10-3107] analyzing entity 'mbv_system_axi_gpio_0_6'
INFO: [VRFC 10-3107] analyzing entity 'mbv_system_axi_iic_0_0_axi_iic'
INFO: [VRFC 10-3107] analyzing entity 'mbv_system_axi_quad_spi_0_0_axi_quad_spi_top'
INFO: [VRFC 10-3107] analyzing entity 'mbv_system_axi_quad_spi_0_1_axi_quad_spi_top'
INFO: [VRFC 10-3107] analyzing entity 'mbv_system_axi_timebase_wdt_0_0_axi_timebase_wdt_top'
INFO: [VRFC 10-3107] analyzing entity 'mbv_system_axi_uartlite_0_0'
INFO: [VRFC 10-3107] analyzing entity 'mbv_system_mbv_riscv_axi_periph_1_bd_e941_arni_0'
INFO: [VRFC 10-3107] analyzing entity 'mbv_system_mbv_riscv_axi_periph_1_bd_e941_awni_0'
INFO: [VRFC 10-3107] analyzing entity 'mbv_system_mbv_riscv_axi_periph_1_bd_e941_bni_0'
INFO: [VRFC 10-3107] analyzing entity 'mbv_system_mbv_riscv_axi_periph_1_bd_e941_rni_0'
INFO: [VRFC 10-3107] analyzing entity 'mbv_system_mbv_riscv_axi_periph_1_bd_e941_wni_0'
INFO: [VRFC 10-3107] analyzing entity 'mbv_system_microblaze_riscv_0_0_microblaze_riscv_v1_0_7_Data_Flow_gti'
INFO: [VRFC 10-3107] analyzing entity 'mbv_system_lmb_bram_1_blk_mem_gen_v8_4_12'
INFO: [VRFC 10-3107] analyzing entity 'mbv_system_axi_ethernetlite_0_0_axi_ethernetlite_v3_0_36_emac'
INFO: [VRFC 10-3107] analyzing entity 'mbv_system_axi_iic_0_0'
INFO: [VRFC 10-3107] analyzing entity 'mbv_system_axi_quad_spi_0_0_axi_quad_spi'
INFO: [VRFC 10-3107] analyzing entity 'mbv_system_axi_quad_spi_0_1_axi_quad_spi'
INFO: [VRFC 10-3107] analyzing entity 'mbv_system_axi_timebase_wdt_0_0'
INFO: [VRFC 10-3107] analyzing entity 'mbv_system_lmb_bram_1'
INFO: [VRFC 10-3107] analyzing entity 'mbv_system_mbv_riscv_axi_periph_1_i_nodes_imp_B2R33R'
INFO: [VRFC 10-3107] analyzing entity 'mbv_system_microblaze_riscv_0_0_riscv_GTi'
INFO: [VRFC 10-3107] analyzing entity 'mbv_local_memory_imp_1NP638B'
INFO: [VRFC 10-3107] analyzing entity 'mbv_system_axi_ethernetlite_0_0_xemac'
INFO: [VRFC 10-3107] analyzing entity 'mbv_system_axi_quad_spi_0_0'
INFO: [VRFC 10-3107] analyzing entity 'mbv_system_axi_quad_spi_0_1'
INFO: [VRFC 10-3107] analyzing entity 'mbv_system_mbv_riscv_axi_periph_1_switchboards_imp_1R7G2MN'
INFO: [VRFC 10-3107] analyzing entity 'mbv_system_microblaze_riscv_0_0_riscv_core'
INFO: [VRFC 10-3107] analyzing entity 'mbv_system_axi_ethernetlite_0_0_axi_ethernetlite'
INFO: [VRFC 10-3107] analyzing entity 'mbv_system_mbv_riscv_axi_periph_1_bd_e941'
INFO: [VRFC 10-3107] analyzing entity 'mbv_system_microblaze_riscv_0_0_riscv'
INFO: [VRFC 10-3107] analyzing entity 'mbv_system_axi_ethernetlite_0_0'
INFO: [VRFC 10-3107] analyzing entity 'mbv_system_mbv_riscv_axi_periph_1'
INFO: [VRFC 10-3107] analyzing entity 'mbv_system_microblaze_riscv_0_0'
INFO: [VRFC 10-3107] analyzing entity 'mbv_system'
INFO: [VRFC 10-3107] analyzing entity 'mbv_system_wrapper'
