Vivado Simulator v2025.2
Copyright 1986-2022 Xilinx, Inc. All Rights Reserved.
Copyright 2022-2025 Advanced Micro Devices, Inc. All Rights Reserved.
Running: C:/AMDDesignTools/2025.2/Vivado/bin/unwrapped/win64.o/xelab.exe --incr --debug typical --relax --mt 2 -L xil_defaultlib -L xilinx_vip -L unisims_ver -L secureip --snapshot mbv_system_wrapper_func_synth xil_defaultlib.mbv_system_wrapper xil_defaultlib.glbl -log elaborate.log 
Using 2 slave threads.
Starting static elaboration
Pass Through NonSizing Optimizer
Completed static elaboration
Starting simulation data flow analysis
Completed simulation data flow analysis
Time Resolution for simulation is 1ps
Compiling package std.standard
Compiling package std.textio
Compiling package ieee.std_logic_1164
Compiling package ieee.numeric_std
Compiling package unisim.vcomponents
Compiling package ieee.vital_timing
Compiling package ieee.vital_primitives
Compiling package unisim.vpkg
Compiling package ieee.std_logic_arith
Compiling package ieee.std_logic_signed
Compiling package ieee.std_logic_textio
Compiling module xil_defaultlib.glbl
Compiling architecture ibuf_v of entity unisim.IBUF [\IBUF(1,9)(1,1)(1,4)(1,7)\]
Compiling architecture obuf_v of entity unisim.OBUF [\OBUF(1,9)(1,7)(1,4)\]
Compiling architecture iobuf_v of entity unisim.IOBUF [\IOBUF(1,7)(1,4)\]
Compiling architecture gnd_v of entity unisim.GND [gnd_default]
Compiling architecture fdre_v of entity unisim.FDRE [\FDRE(init='1')\]
Compiling architecture structure of entity xil_defaultlib.\mbv_system_axi_ethernetlite_0_0_xpm_cdc_sync_rst__1\ [\mbv_system_axi_ethernetlite_0_0...]
Compiling architecture structure of entity xil_defaultlib.\mbv_system_axi_ethernetlite_0_0_xpm_cdc_sync_rst__2\ [\mbv_system_axi_ethernetlite_0_0...]
Compiling architecture fdre_v of entity unisim.FDRE [fdre_default]
Compiling architecture structure of entity xil_defaultlib.mbv_system_axi_ethernetlite_0_0_xpm_cdc_array_single [mbv_system_axi_ethernetlite_0_0_...]
Compiling architecture structure of entity xil_defaultlib.\mbv_system_axi_ethernetlite_0_0_xpm_cdc_single__1\ [\mbv_system_axi_ethernetlite_0_0...]
Compiling architecture lut4_v of entity unisim.LUT4 [\LUT4(init="1100111110011111")(0...]
Compiling architecture lut3_v of entity unisim.LUT3 [\LUT3(init="00001000")(0,7)\]
Compiling architecture lut4_v of entity unisim.LUT4 [\LUT4(init="1111101100001000")(0...]
Compiling architecture lut4_v of entity unisim.LUT4 [\LUT4(init="0100111101000100")(0...]
Compiling architecture lut3_v of entity unisim.LUT3 [\LUT3(init="11011100")(0,7)\]
Compiling architecture lut4_v of entity unisim.LUT4 [\LUT4(init="0000000010101110")(0...]
Compiling architecture lut5_v of entity unisim.LUT5 [\LUT5(init="11111111110101011101...]
Compiling architecture lut4_v of entity unisim.LUT4 [\LUT4(init="0111010100110000")(0...]
Compiling architecture lut5_v of entity unisim.LUT5 [\LUT5(init="00000000111100001000...]
Compiling architecture lut6_v of entity unisim.LUT6 [\LUT6(init="00000000000000000000...]
Compiling architecture lut3_v of entity unisim.LUT3 [\LUT3(init="01001111")(0,7)\]
Compiling architecture lut5_v of entity unisim.LUT5 [\LUT5(init="11111111111111111011...]
Compiling architecture lut5_v of entity unisim.LUT5 [\LUT5(init="00000000001000000000...]
Compiling architecture lut4_v of entity unisim.LUT4 [\LUT4(init="0100010011110100")(0...]
Compiling architecture lut4_v of entity unisim.LUT4 [\LUT4(init="0010000011111111")(0...]
Compiling architecture lut5_v of entity unisim.LUT5 [\LUT5(init="11111111111111110111...]
Compiling architecture lut4_v of entity unisim.LUT4 [\LUT4(init="0100000000000000")(0...]
Compiling architecture lut3_v of entity unisim.LUT3 [\LUT3(init="10111000")(0,7)\]
Compiling architecture lut6_v of entity unisim.LUT6 [\LUT6(init="00000000000000000000...]
Compiling architecture lut6_v of entity unisim.LUT6 [\LUT6(init="10000000000000000000...]
Compiling architecture lut6_v of entity unisim.LUT6 [\LUT6(init="00000000000000000000...]
Compiling architecture lut2_v of entity unisim.LUT2 [\LUT2(init="1011")(0,3)\]
Compiling architecture lut6_v of entity unisim.LUT6 [\LUT6(init="00000000000000001000...]
Compiling architecture lut5_v of entity unisim.LUT5 [\LUT5(init="11111111101111110000...]
Compiling architecture lut6_v of entity unisim.LUT6 [\LUT6(init="11111111111111111111...]
Compiling architecture lut2_v of entity unisim.LUT2 [\LUT2(init="1000")(0,3)\]
Compiling architecture lut2_v of entity unisim.LUT2 [\LUT2(init="1110")(0,3)\]
Compiling architecture lut6_v of entity unisim.LUT6 [\LUT6(init="00000000000000000000...]
Compiling architecture lut5_v of entity unisim.LUT5 [\LUT5(init="00000000000000001011...]
Compiling architecture lut6_v of entity unisim.LUT6 [\LUT6(init="11111111111111111111...]
Compiling architecture lut6_v of entity unisim.LUT6 [\LUT6(init="00000000000000000010...]
Compiling architecture lut5_v of entity unisim.LUT5 [\LUT5(init="00000000000000000010...]
Compiling architecture lut6_v of entity unisim.LUT6 [\LUT6(init="11111111001011101111...]
Compiling architecture lut6_v of entity unisim.LUT6 [\LUT6(init="00100000000000000000...]
Compiling architecture lut6_v of entity unisim.LUT6 [\LUT6(init="10111011101110111011...]
Compiling architecture lut6_v of entity unisim.LUT6 [\LUT6(init="00001000100010001000...]
Compiling architecture lut5_v of entity unisim.LUT5 [\LUT5(init="10101110101011101111...]
Compiling architecture lut6_v of entity unisim.LUT6 [\LUT6(init="11011111111111110000...]
Compiling architecture lut6_v of entity unisim.LUT6 [\LUT6(init="00100000000000000000...]
Compiling architecture lut4_v of entity unisim.LUT4 [\LUT4(init="0111010001000100")(0...]
Compiling architecture lut2_v of entity unisim.LUT2 [\LUT2(init="0111")(0,3)\]
Compiling architecture lut6_v of entity unisim.LUT6 [\LUT6(init="11011101111111011111...]
Compiling architecture lut5_v of entity unisim.LUT5 [\LUT5(init="00000000000000000111...]
Compiling architecture lut4_v of entity unisim.LUT4 [\LUT4(init="0010101010101010")(0...]
Compiling architecture lut4_v of entity unisim.LUT4 [\LUT4(init="1101111111111111")(0...]
Compiling architecture lut6_v of entity unisim.LUT6 [\LUT6(init="11111111110111111111...]
Compiling architecture lut5_v of entity unisim.LUT5 [\LUT5(init="10001010100000000000...]
Compiling architecture lut6_v of entity unisim.LUT6 [\LUT6(init="00000000000000000000...]
Compiling architecture lut4_v of entity unisim.LUT4 [\LUT4(init="0000000011100010")(0...]
Compiling architecture lut5_v of entity unisim.LUT5 [\LUT5(init="00000000000000001011...]
Compiling architecture lut6_v of entity unisim.LUT6 [\LUT6(init="00000000111000100000...]
Compiling architecture lut3_v of entity unisim.LUT3 [\LUT3(init="01111111")(0,7)\]
Compiling architecture lut3_v of entity unisim.LUT3 [\LUT3(init="10000000")(0,7)\]
Compiling architecture lut6_v of entity unisim.LUT6 [\LUT6(init="00000000000000000000...]
Compiling architecture lut5_v of entity unisim.LUT5 [\LUT5(init="11111111111111110100...]
Compiling architecture lut6_v of entity unisim.LUT6 [\LUT6(init="00001011111111111111...]
Compiling architecture lut5_v of entity unisim.LUT5 [\LUT5(init="10000000000000000000...]
Compiling architecture lut5_v of entity unisim.LUT5 [\LUT5(init="11111111111010101110...]
Compiling architecture lut5_v of entity unisim.LUT5 [\LUT5(init="00000000000000001000...]
Compiling architecture lut6_v of entity unisim.LUT6 [\LUT6(init="00000000000000001110...]
Compiling architecture lut6_v of entity unisim.LUT6 [\LUT6(init="11001111101011111111...]
Compiling architecture lut3_v of entity unisim.LUT3 [\LUT3(init="11011111")(0,7)\]
Compiling architecture lut6_v of entity unisim.LUT6 [\LUT6(init="00000000000000001110...]
Compiling architecture lut2_v of entity unisim.LUT2 [\LUT2(init="0010")(0,3)\]
Compiling architecture lut5_v of entity unisim.LUT5 [\LUT5(init="10001010100010001010...]
Compiling architecture lut6_v of entity unisim.LUT6 [\LUT6(init="11101111111011101110...]
Compiling architecture lut6_v of entity unisim.LUT6 [\LUT6(init="11111111111111111110...]
Compiling architecture lut5_v of entity unisim.LUT5 [\LUT5(init="01111111111111111111...]
Compiling architecture lut4_v of entity unisim.LUT4 [\LUT4(init="0001000011111111")(0...]
Compiling architecture lut4_v of entity unisim.LUT4 [\LUT4(init="1000000011111111")(0...]
Compiling architecture lut4_v of entity unisim.LUT4 [\LUT4(init="0100000011111111")(0...]
Compiling architecture lut6_v of entity unisim.LUT6 [\LUT6(init="11101010101010101010...]
Compiling architecture structure of entity xil_defaultlib.mbv_system_axi_ethernetlite_0_0_axi_interface [mbv_system_axi_ethernetlite_0_0_...]
Compiling architecture bufg_v of entity unisim.BUFG [bufg_default]
Compiling architecture structure of entity xil_defaultlib.\mbv_system_axi_ethernetlite_0_0_xpm_cdc_single__parameterized4\ [\mbv_system_axi_ethernetlite_0_0...]
Compiling architecture ram32x1s_v of entity unisim.RAM32X1S [\RAM32X1S(init="0000000000000000...]
Compiling architecture ram32x1s_v of entity unisim.RAM32X1S [\RAM32X1S(init="0000000000000000...]
Compiling architecture ram32x1s_v of entity unisim.RAM32X1S [\RAM32X1S(init="0000000000000000...]
Compiling architecture ram32x1s_v of entity unisim.RAM32X1S [\RAM32X1S(init="0000000000000000...]
Compiling architecture lut6_v of entity unisim.LUT6 [\LUT6(init="10010000000010010000...]
Compiling architecture structure of entity xil_defaultlib.mbv_system_axi_ethernetlite_0_0_ram16x4 [mbv_system_axi_ethernetlite_0_0_...]
Compiling architecture structure of entity xil_defaultlib.mbv_system_axi_ethernetlite_0_0_MacAddrRAM [mbv_system_axi_ethernetlite_0_0_...]
Compiling architecture lut6_v of entity unisim.LUT6 [\LUT6(init="01101001100101101001...]
Compiling architecture lut2_v of entity unisim.LUT2 [\LUT2(init="0110")(0,3)\]
Compiling architecture lut5_v of entity unisim.LUT5 [\LUT5(init="10010110011010010110...]
Compiling architecture lut3_v of entity unisim.LUT3 [\LUT3(init="10010110")(0,7)\]
Compiling architecture lut4_v of entity unisim.LUT4 [\LUT4(init="0110100110010110")(0...]
Compiling architecture fdse_v of entity unisim.FDSE [fdse_default]
Compiling architecture lut6_v of entity unisim.LUT6 [\LUT6(init="11111111111110110000...]
Compiling architecture lut4_v of entity unisim.LUT4 [\LUT4(init="1110111111111111")(0...]
Compiling architecture lut6_v of entity unisim.LUT6 [\LUT6(init="00000000000001001111...]
Compiling architecture lut5_v of entity unisim.LUT5 [\LUT5(init="11111111111111111111...]
Compiling architecture lut4_v of entity unisim.LUT4 [\LUT4(init="0111111111111111")(0...]
Compiling architecture lut4_v of entity unisim.LUT4 [\LUT4(init="1111111111111110")(0...]
Compiling architecture structure of entity xil_defaultlib.mbv_system_axi_ethernetlite_0_0_crcgenrx [mbv_system_axi_ethernetlite_0_0_...]
Compiling architecture structure of entity xil_defaultlib.mbv_system_axi_ethernetlite_0_0_xpm_cdc_sync_rst [mbv_system_axi_ethernetlite_0_0_...]
Compiling architecture lut5_v of entity unisim.LUT5 [\LUT5(init="10100000101000001011...]
Compiling architecture lut6_v of entity unisim.LUT6 [\LUT6(init="01000100010001001111...]
Compiling architecture lut1_v of entity unisim.LUT1 [\LUT1(init="0001")(0,3)\]
Compiling architecture lut3_v of entity unisim.LUT3 [\LUT3(init="01111000")(0,7)\]
Compiling architecture lut4_v of entity unisim.LUT4 [\LUT4(init="0111111110000000")(0...]
Compiling architecture structure of entity xil_defaultlib.\mbv_system_axi_ethernetlite_0_0_xpm_counter_updn__parameterized0_9\ [\mbv_system_axi_ethernetlite_0_0...]
Compiling architecture structure of entity xil_defaultlib.mbv_system_axi_ethernetlite_0_0_xpm_counter_updn_10 [mbv_system_axi_ethernetlite_0_0_...]
Compiling architecture structure of entity xil_defaultlib.\mbv_system_axi_ethernetlite_0_0_xpm_cdc_gray__parameterized0__2\ [\mbv_system_axi_ethernetlite_0_0...]
Compiling architecture structure of entity xil_defaultlib.\mbv_system_axi_ethernetlite_0_0_xpm_cdc_gray__2\ [\mbv_system_axi_ethernetlite_0_0...]
Compiling architecture lut5_v of entity unisim.LUT5 [\LUT5(init="11110000111111100000...]
Compiling architecture lut6_v of entity unisim.LUT6 [\LUT6(init="11111111100000001000...]
Compiling architecture lut6_v of entity unisim.LUT6 [\LUT6(init="00000000000000000000...]
Compiling architecture lut3_v of entity unisim.LUT3 [\LUT3(init="10010000")(0,7)\]
Compiling architecture lut5_v of entity unisim.LUT5 [\LUT5(init="01110001100011101000...]
Compiling architecture lut6_v of entity unisim.LUT6 [\LUT6(init="01000100010001000100...]
Compiling architecture lut5_v of entity unisim.LUT5 [\LUT5(init="11010100010001001101...]
Compiling architecture structure of entity xil_defaultlib.mbv_system_axi_ethernetlite_0_0_xpm_fifo_reg_vec_11 [mbv_system_axi_ethernetlite_0_0_...]
Compiling architecture lut3_v of entity unisim.LUT3 [\LUT3(init="01101001")(0,7)\]
Compiling architecture lut6_v of entity unisim.LUT6 [\LUT6(init="11010100110111010100...]
Compiling architecture structure of entity xil_defaultlib.\mbv_system_axi_ethernetlite_0_0_xpm_fifo_reg_vec__parameterized0_12\ [\mbv_system_axi_ethernetlite_0_0...]
Compiling architecture lut4_v of entity unisim.LUT4 [\LUT4(init="1111111000001110")(0...]
Compiling architecture lut5_v of entity unisim.LUT5 [\LUT5(init="00000000100000100000...]
Compiling architecture lut4_v of entity unisim.LUT4 [\LUT4(init="0110011010010110")(0...]
Compiling architecture lut6_v of entity unisim.LUT6 [\LUT6(init="01011101000001001010...]
Compiling architecture lut6_v of entity unisim.LUT6 [\LUT6(init="11111111001000000010...]
Compiling architecture structure of entity xil_defaultlib.mbv_system_axi_ethernetlite_0_0_xpm_fifo_reg_vec_13 [mbv_system_axi_ethernetlite_0_0_...]
Compiling architecture structure of entity xil_defaultlib.\mbv_system_axi_ethernetlite_0_0_xpm_fifo_reg_vec__parameterized0_14\ [\mbv_system_axi_ethernetlite_0_0...]
Compiling architecture structure of entity xil_defaultlib.\mbv_system_axi_ethernetlite_0_0_xpm_cdc_gray__parameterized0__3\ [\mbv_system_axi_ethernetlite_0_0...]
Compiling architecture structure of entity xil_defaultlib.\mbv_system_axi_ethernetlite_0_0_xpm_cdc_gray__3\ [\mbv_system_axi_ethernetlite_0_0...]
Compiling architecture lut6_v of entity unisim.LUT6 [\LUT6(init="11111111111111110001...]
Compiling architecture ram32m_v of entity unisim.RAM32M [ram32m_default]
Compiling architecture structure of entity xil_defaultlib.\mbv_system_axi_ethernetlite_0_0_xpm_memory_base__1\ [\mbv_system_axi_ethernetlite_0_0...]
Compiling architecture lut5_v of entity unisim.LUT5 [\LUT5(init="01111111111111111000...]
Compiling architecture lut6_v of entity unisim.LUT6 [\LUT6(init="11010100110101000100...]
Compiling architecture structure of entity xil_defaultlib.\mbv_system_axi_ethernetlite_0_0_xpm_counter_updn__parameterized1_15\ [\mbv_system_axi_ethernetlite_0_0...]
Compiling architecture structure of entity xil_defaultlib.\mbv_system_axi_ethernetlite_0_0_xpm_counter_updn__parameterized2_16\ [\mbv_system_axi_ethernetlite_0_0...]
Compiling architecture lut3_v of entity unisim.LUT3 [\LUT3(init="00000100")(0,7)\]
Compiling architecture lut6_v of entity unisim.LUT6 [\LUT6(init="00000000111111110000...]
Compiling architecture lut4_v of entity unisim.LUT4 [\LUT4(init="1111111000000000")(0...]
Compiling architecture structure of entity xil_defaultlib.mbv_system_axi_ethernetlite_0_0_xpm_fifo_reg_bit_17 [mbv_system_axi_ethernetlite_0_0_...]
Compiling architecture structure of entity xil_defaultlib.\mbv_system_axi_ethernetlite_0_0_xpm_counter_updn__parameterized1_18\ [\mbv_system_axi_ethernetlite_0_0...]
Compiling architecture structure of entity xil_defaultlib.\mbv_system_axi_ethernetlite_0_0_xpm_counter_updn__parameterized2_19\ [\mbv_system_axi_ethernetlite_0_0...]
Compiling architecture structure of entity xil_defaultlib.\mbv_system_axi_ethernetlite_0_0_xpm_counter_updn__parameterized0_20\ [\mbv_system_axi_ethernetlite_0_0...]
Compiling architecture lut5_v of entity unisim.LUT5 [\LUT5(init="00000000000000010000...]
Compiling architecture lut6_v of entity unisim.LUT6 [\LUT6(init="00000011000000110000...]
Compiling architecture lut5_v of entity unisim.LUT5 [\LUT5(init="11111110111111101111...]
Compiling architecture lut6_v of entity unisim.LUT6 [\LUT6(init="11111111111100001110...]
Compiling architecture lut5_v of entity unisim.LUT5 [\LUT5(init="00000000000011000000...]
Compiling architecture lut6_v of entity unisim.LUT6 [\LUT6(init="00000000000000000000...]
Compiling architecture lut4_v of entity unisim.LUT4 [\LUT4(init="0000000000000010")(0...]
Compiling architecture lut3_v of entity unisim.LUT3 [\LUT3(init="00000110")(0,7)\]
Compiling architecture lut3_v of entity unisim.LUT3 [\LUT3(init="00111110")(0,7)\]
Compiling architecture lut6_v of entity unisim.LUT6 [\LUT6(init="11111111111010101111...]
Compiling architecture structure of entity xil_defaultlib.\mbv_system_axi_ethernetlite_0_0_xpm_cdc_sync_rst__parameterized1__2\ [\mbv_system_axi_ethernetlite_0_0...]
Compiling architecture lut3_v of entity unisim.LUT3 [\LUT3(init="00000010")(0,7)\]
Compiling architecture lut6_v of entity unisim.LUT6 [\LUT6(init="11111111111111111111...]
Compiling architecture lut5_v of entity unisim.LUT5 [\LUT5(init="11101111111111111110...]
Compiling architecture lut5_v of entity unisim.LUT5 [\LUT5(init="00000000000000000000...]
Compiling architecture structure of entity xil_defaultlib.\mbv_system_axi_ethernetlite_0_0_xpm_cdc_sync_rst__parameterized1__3\ [\mbv_system_axi_ethernetlite_0_0...]
Compiling architecture lut3_v of entity unisim.LUT3 [\LUT3(init="11100000")(0,7)\]
Compiling architecture lut6_v of entity unisim.LUT6 [\LUT6(init="00000000000000000000...]
Compiling architecture structure of entity xil_defaultlib.mbv_system_axi_ethernetlite_0_0_xpm_fifo_rst_21 [mbv_system_axi_ethernetlite_0_0_...]
Compiling architecture structure of entity xil_defaultlib.\mbv_system_axi_ethernetlite_0_0_xpm_fifo_base__1\ [\mbv_system_axi_ethernetlite_0_0...]
Compiling architecture structure of entity xil_defaultlib.mbv_system_axi_ethernetlite_0_0_xpm_fifo_async [mbv_system_axi_ethernetlite_0_0_...]
Compiling architecture lut2_v of entity unisim.LUT2 [\LUT2(init="0001")(0,3)\]
Compiling architecture lut6_v of entity unisim.LUT6 [\LUT6(init="11111011111110111111...]
Compiling architecture lut6_v of entity unisim.LUT6 [\LUT6(init="00000100000000001111...]
Compiling architecture lut5_v of entity unisim.LUT5 [\LUT5(init="11011111000000000000...]
Compiling architecture lut5_v of entity unisim.LUT5 [\LUT5(init="11010000111111111101...]
Compiling architecture lut4_v of entity unisim.LUT4 [\LUT4(init="0000100000000000")(0...]
Compiling architecture lut5_v of entity unisim.LUT5 [\LUT5(init="01001111010001000100...]
Compiling architecture lut4_v of entity unisim.LUT4 [\LUT4(init="0001111111111111")(0...]
Compiling architecture lut5_v of entity unisim.LUT5 [\LUT5(init="01110000000000000111...]
Compiling architecture lut6_v of entity unisim.LUT6 [\LUT6(init="11111111111111111111...]
Compiling architecture lut6_v of entity unisim.LUT6 [\LUT6(init="00000000001000000000...]
Compiling architecture lut5_v of entity unisim.LUT5 [\LUT5(init="00000000000000000010...]
Compiling architecture lut6_v of entity unisim.LUT6 [\LUT6(init="00000000000000000000...]
Compiling architecture lut4_v of entity unisim.LUT4 [\LUT4(init="1010101010111010")(0...]
Compiling architecture lut4_v of entity unisim.LUT4 [\LUT4(init="1000000000000000")(0...]
Compiling architecture structure of entity xil_defaultlib.mbv_system_axi_ethernetlite_0_0_rx_intrfce [mbv_system_axi_ethernetlite_0_0_...]
Compiling architecture lut6_v of entity unisim.LUT6 [\LUT6(init="10001000111110001000...]
Compiling architecture lut5_v of entity unisim.LUT5 [\LUT5(init="00000000000000000000...]
Compiling architecture lut5_v of entity unisim.LUT5 [\LUT5(init="10000000000000001111...]
Compiling architecture lut5_v of entity unisim.LUT5 [\LUT5(init="10101010100000001000...]
Compiling architecture lut5_v of entity unisim.LUT5 [\LUT5(init="01010101010101000101...]
Compiling architecture lut5_v of entity unisim.LUT5 [\LUT5(init="10000000100000001000...]
Compiling architecture lut6_v of entity unisim.LUT6 [\LUT6(init="00000000101010000000...]
Compiling architecture lut6_v of entity unisim.LUT6 [\LUT6(init="10101010101010001000...]
Compiling architecture lut6_v of entity unisim.LUT6 [\LUT6(init="11111111000011000000...]
Compiling architecture lut4_v of entity unisim.LUT4 [\LUT4(init="0010000000000000")(0...]
Compiling architecture lut6_v of entity unisim.LUT6 [\LUT6(init="01000100010011110100...]
Compiling architecture lut6_v of entity unisim.LUT6 [\LUT6(init="10111011101110111011...]
Compiling architecture lut3_v of entity unisim.LUT3 [\LUT3(init="00000001")(0,7)\]
Compiling architecture lut6_v of entity unisim.LUT6 [\LUT6(init="00000000000000000000...]
Compiling architecture lut6_v of entity unisim.LUT6 [\LUT6(init="01000101010001010100...]
Compiling architecture lut6_v of entity unisim.LUT6 [\LUT6(init="00000000000000000000...]
Compiling architecture lut6_v of entity unisim.LUT6 [\LUT6(init="00000000111110100000...]
Compiling architecture lut6_v of entity unisim.LUT6 [\LUT6(init="11111111001000101111...]
Compiling architecture lut6_v of entity unisim.LUT6 [\LUT6(init="11101110000000001111...]
Compiling architecture lut6_v of entity unisim.LUT6 [\LUT6(init="00000000000000000000...]
Compiling architecture lut6_v of entity unisim.LUT6 [\LUT6(init="00010000111111110001...]
Compiling architecture lut6_v of entity unisim.LUT6 [\LUT6(init="00000000000000000000...]
Compiling architecture lut6_v of entity unisim.LUT6 [\LUT6(init="00001110000011100000...]
Compiling architecture lut6_v of entity unisim.LUT6 [\LUT6(init="00000000000000000000...]
Compiling architecture lut5_v of entity unisim.LUT5 [\LUT5(init="00000000000000000000...]
Compiling architecture lut5_v of entity unisim.LUT5 [\LUT5(init="10101010111111111010...]
Compiling architecture lut4_v of entity unisim.LUT4 [\LUT4(init="0101010001000100")(0...]
Compiling architecture lut3_v of entity unisim.LUT3 [\LUT3(init="11101111")(0,7)\]
Compiling architecture lut5_v of entity unisim.LUT5 [\LUT5(init="10111011101110111000...]
Compiling architecture lut4_v of entity unisim.LUT4 [\LUT4(init="0001111100010001")(0...]
Compiling architecture lut5_v of entity unisim.LUT5 [\LUT5(init="01000001111111110100...]
Compiling architecture lut5_v of entity unisim.LUT5 [\LUT5(init="11111111111111110100...]
Compiling architecture lut6_v of entity unisim.LUT6 [\LUT6(init="11111111111111111111...]
Compiling architecture lut3_v of entity unisim.LUT3 [\LUT3(init="11111110")(0,7)\]
Compiling architecture lut5_v of entity unisim.LUT5 [\LUT5(init="11111111111111110110...]
Compiling architecture lut5_v of entity unisim.LUT5 [\LUT5(init="11111111111111111001...]
Compiling architecture lut5_v of entity unisim.LUT5 [\LUT5(init="11111111110101010000...]
Compiling architecture lut5_v of entity unisim.LUT5 [\LUT5(init="11111111111111111111...]
Compiling architecture lut4_v of entity unisim.LUT4 [\LUT4(init="0000000000000001")(0...]
Compiling architecture lut5_v of entity unisim.LUT5 [\LUT5(init="10101010101010101000...]
Compiling architecture lut4_v of entity unisim.LUT4 [\LUT4(init="1010101010001010")(0...]
Compiling architecture lut5_v of entity unisim.LUT5 [\LUT5(init="11111110111111101111...]
Compiling architecture lut6_v of entity unisim.LUT6 [\LUT6(init="11111110000000100000...]
Compiling architecture lut6_v of entity unisim.LUT6 [\LUT6(init="00000000000000000000...]
Compiling architecture lut5_v of entity unisim.LUT5 [\LUT5(init="11011101110011001101...]
Compiling architecture lut4_v of entity unisim.LUT4 [\LUT4(init="1111001011111111")(0...]
Compiling architecture lut4_v of entity unisim.LUT4 [\LUT4(init="1111111010101010")(0...]
Compiling architecture lut5_v of entity unisim.LUT5 [\LUT5(init="00010001000100001111...]
Compiling architecture lut5_v of entity unisim.LUT5 [\LUT5(init="01000100010000001111...]
Compiling architecture lut5_v of entity unisim.LUT5 [\LUT5(init="00000000000000001111...]
Compiling architecture lut5_v of entity unisim.LUT5 [\LUT5(init="00100010001000001111...]
Compiling architecture lut5_v of entity unisim.LUT5 [\LUT5(init="10001000100000001111...]
Compiling architecture lut5_v of entity unisim.LUT5 [\LUT5(init="11111011000000000000...]
Compiling architecture structure of entity xil_defaultlib.mbv_system_axi_ethernetlite_0_0_rx_statemachine [mbv_system_axi_ethernetlite_0_0_...]
Compiling architecture structure of entity xil_defaultlib.mbv_system_axi_ethernetlite_0_0_receive [mbv_system_axi_ethernetlite_0_0_...]
Compiling architecture structure of entity xil_defaultlib.\mbv_system_axi_ethernetlite_0_0_xpm_cdc_sync_rst__parameterized3\ [\mbv_system_axi_ethernetlite_0_0...]
Compiling architecture structure of entity xil_defaultlib.mbv_system_axi_ethernetlite_0_0_xpm_cdc_single [mbv_system_axi_ethernetlite_0_0_...]
Compiling architecture lut6_v of entity unisim.LUT6 [\LUT6(init="00000000000000010000...]
Compiling architecture lut6_v of entity unisim.LUT6 [\LUT6(init="01010101010101010101...]
Compiling architecture carry4_v of entity unisim.CARRY4 [carry4_default]
Compiling architecture lut6_v of entity unisim.LUT6 [\LUT6(init="11111111111111100000...]
Compiling architecture lut5_v of entity unisim.LUT5 [\LUT5(init="00000000000000000000...]
Compiling architecture structure of entity xil_defaultlib.\mbv_system_axi_ethernetlite_0_0_ld_arith_reg__parameterized1\ [\mbv_system_axi_ethernetlite_0_0...]
Compiling architecture lut4_v of entity unisim.LUT4 [\LUT4(init="0110100110101010")(0...]
Compiling architecture lut6_v of entity unisim.LUT6 [\LUT6(init="10100110011010100110...]
Compiling architecture lut6_v of entity unisim.LUT6 [\LUT6(init="01101001100101101001...]
Compiling architecture lut5_v of entity unisim.LUT5 [\LUT5(init="10010110011010011010...]
Compiling architecture lut5_v of entity unisim.LUT5 [\LUT5(init="10011010011010100110...]
Compiling architecture lut6_v of entity unisim.LUT6 [\LUT6(init="10010110011010010110...]
Compiling architecture lut5_v of entity unisim.LUT5 [\LUT5(init="10000010001010000010...]
Compiling architecture lut3_v of entity unisim.LUT3 [\LUT3(init="01100000")(0,7)\]
Compiling architecture structure of entity xil_defaultlib.mbv_system_axi_ethernetlite_0_0_crcnibshiftreg [mbv_system_axi_ethernetlite_0_0_...]
Compiling architecture structure of entity xil_defaultlib.mbv_system_axi_ethernetlite_0_0_crcgentx [mbv_system_axi_ethernetlite_0_0_...]
Compiling architecture lut5_v of entity unisim.LUT5 [\LUT5(init="00001111111111110000...]
Compiling architecture lut5_v of entity unisim.LUT5 [\LUT5(init="11110000111111110000...]
Compiling architecture lut5_v of entity unisim.LUT5 [\LUT5(init="00001010000010100011...]
Compiling architecture lut6_v of entity unisim.LUT6 [\LUT6(init="00001010000010100000...]
Compiling architecture lut4_v of entity unisim.LUT4 [\LUT4(init="1011000000001011")(0...]
Compiling architecture lut3_v of entity unisim.LUT3 [\LUT3(init="01000101")(0,7)\]
Compiling architecture structure of entity xil_defaultlib.mbv_system_axi_ethernetlite_0_0_defer_state [mbv_system_axi_ethernetlite_0_0_...]
Compiling architecture lut6_v of entity unisim.LUT6 [\LUT6(init="11111111111111111111...]
Compiling architecture lut6_v of entity unisim.LUT6 [\LUT6(init="11111110000000010000...]
Compiling architecture lut5_v of entity unisim.LUT5 [\LUT5(init="11100001000000001110...]
Compiling architecture lut5_v of entity unisim.LUT5 [\LUT5(init="00000000000000000000...]
Compiling architecture structure of entity xil_defaultlib.mbv_system_axi_ethernetlite_0_0_cntr5bit [mbv_system_axi_ethernetlite_0_0_...]
Compiling architecture lut6_v of entity unisim.LUT6 [\LUT6(init="00000000000000000000...]
Compiling architecture lut6_v of entity unisim.LUT6 [\LUT6(init="11111111111111111111...]
Compiling architecture structure of entity xil_defaultlib.mbv_system_axi_ethernetlite_0_0_cntr5bit_8 [mbv_system_axi_ethernetlite_0_0_...]
Compiling architecture structure of entity xil_defaultlib.mbv_system_axi_ethernetlite_0_0_deferral [mbv_system_axi_ethernetlite_0_0_...]
Compiling architecture structure of entity xil_defaultlib.\mbv_system_axi_ethernetlite_0_0_ld_arith_reg__parameterized0\ [\mbv_system_axi_ethernetlite_0_0...]
Compiling architecture lut3_v of entity unisim.LUT3 [\LUT3(init="01011100")(0,7)\]
Compiling architecture lut4_v of entity unisim.LUT4 [\LUT4(init="0000111101000100")(0...]
Compiling architecture lut6_v of entity unisim.LUT6 [\LUT6(init="11100000000000000000...]
Compiling architecture lut6_v of entity unisim.LUT6 [\LUT6(init="11111111111111111111...]
Compiling architecture lut3_v of entity unisim.LUT3 [\LUT3(init="00111010")(0,7)\]
Compiling architecture lut4_v of entity unisim.LUT4 [\LUT4(init="0000111110111011")(0...]
Compiling architecture lut4_v of entity unisim.LUT4 [\LUT4(init="0000111111101110")(0...]
Compiling architecture lut6_v of entity unisim.LUT6 [\LUT6(init="00000000000000000000...]
Compiling architecture lut4_v of entity unisim.LUT4 [\LUT4(init="1111111111101111")(0...]
Compiling architecture structure of entity xil_defaultlib.mbv_system_axi_ethernetlite_0_0_ld_arith_reg [mbv_system_axi_ethernetlite_0_0_...]
Compiling architecture structure of entity xil_defaultlib.\mbv_system_axi_ethernetlite_0_0_xpm_cdc_single__parameterized1\ [\mbv_system_axi_ethernetlite_0_0...]
Compiling architecture structure of entity xil_defaultlib.\mbv_system_axi_ethernetlite_0_0_xpm_counter_updn__parameterized0\ [\mbv_system_axi_ethernetlite_0_0...]
Compiling architecture structure of entity xil_defaultlib.mbv_system_axi_ethernetlite_0_0_xpm_counter_updn [mbv_system_axi_ethernetlite_0_0_...]
Compiling architecture structure of entity xil_defaultlib.\mbv_system_axi_ethernetlite_0_0_xpm_cdc_gray__parameterized0\ [\mbv_system_axi_ethernetlite_0_0...]
Compiling architecture structure of entity xil_defaultlib.mbv_system_axi_ethernetlite_0_0_xpm_cdc_gray [mbv_system_axi_ethernetlite_0_0_...]
Compiling architecture structure of entity xil_defaultlib.mbv_system_axi_ethernetlite_0_0_xpm_fifo_reg_vec [mbv_system_axi_ethernetlite_0_0_...]
Compiling architecture structure of entity xil_defaultlib.\mbv_system_axi_ethernetlite_0_0_xpm_fifo_reg_vec__parameterized0\ [\mbv_system_axi_ethernetlite_0_0...]
Compiling architecture structure of entity xil_defaultlib.mbv_system_axi_ethernetlite_0_0_xpm_fifo_reg_vec_3 [mbv_system_axi_ethernetlite_0_0_...]
Compiling architecture structure of entity xil_defaultlib.\mbv_system_axi_ethernetlite_0_0_xpm_fifo_reg_vec__parameterized0_4\ [\mbv_system_axi_ethernetlite_0_0...]
Compiling architecture structure of entity xil_defaultlib.\mbv_system_axi_ethernetlite_0_0_xpm_cdc_gray__parameterized0__1\ [\mbv_system_axi_ethernetlite_0_0...]
Compiling architecture structure of entity xil_defaultlib.\mbv_system_axi_ethernetlite_0_0_xpm_cdc_gray__1\ [\mbv_system_axi_ethernetlite_0_0...]
Compiling architecture structure of entity xil_defaultlib.mbv_system_axi_ethernetlite_0_0_xpm_memory_base [mbv_system_axi_ethernetlite_0_0_...]
Compiling architecture structure of entity xil_defaultlib.\mbv_system_axi_ethernetlite_0_0_xpm_counter_updn__parameterized1\ [\mbv_system_axi_ethernetlite_0_0...]
Compiling architecture structure of entity xil_defaultlib.\mbv_system_axi_ethernetlite_0_0_xpm_counter_updn__parameterized2\ [\mbv_system_axi_ethernetlite_0_0...]
Compiling architecture structure of entity xil_defaultlib.mbv_system_axi_ethernetlite_0_0_xpm_fifo_reg_bit [mbv_system_axi_ethernetlite_0_0_...]
Compiling architecture structure of entity xil_defaultlib.\mbv_system_axi_ethernetlite_0_0_xpm_counter_updn__parameterized1_5\ [\mbv_system_axi_ethernetlite_0_0...]
Compiling architecture structure of entity xil_defaultlib.\mbv_system_axi_ethernetlite_0_0_xpm_counter_updn__parameterized2_6\ [\mbv_system_axi_ethernetlite_0_0...]
Compiling architecture structure of entity xil_defaultlib.\mbv_system_axi_ethernetlite_0_0_xpm_counter_updn__parameterized0_7\ [\mbv_system_axi_ethernetlite_0_0...]
Compiling architecture structure of entity xil_defaultlib.\mbv_system_axi_ethernetlite_0_0_xpm_cdc_sync_rst__parameterized1\ [\mbv_system_axi_ethernetlite_0_0...]
Compiling architecture structure of entity xil_defaultlib.\mbv_system_axi_ethernetlite_0_0_xpm_cdc_sync_rst__parameterized1__1\ [\mbv_system_axi_ethernetlite_0_0...]
Compiling architecture structure of entity xil_defaultlib.mbv_system_axi_ethernetlite_0_0_xpm_fifo_rst [mbv_system_axi_ethernetlite_0_0_...]
Compiling architecture structure of entity xil_defaultlib.mbv_system_axi_ethernetlite_0_0_xpm_fifo_base [mbv_system_axi_ethernetlite_0_0_...]
Compiling architecture structure of entity xil_defaultlib.\mbv_system_axi_ethernetlite_0_0_xpm_fifo_async__parameterized1\ [\mbv_system_axi_ethernetlite_0_0...]
Compiling architecture lut4_v of entity unisim.LUT4 [\LUT4(init="0000000100000000")(0...]
Compiling architecture lut5_v of entity unisim.LUT5 [\LUT5(init="01000100010011110100...]
Compiling architecture lut5_v of entity unisim.LUT5 [\LUT5(init="11111111111000001110...]
Compiling architecture structure of entity xil_defaultlib.mbv_system_axi_ethernetlite_0_0_tx_intrfce [mbv_system_axi_ethernetlite_0_0_...]
Compiling architecture lut4_v of entity unisim.LUT4 [\LUT4(init="0000000000001110")(0...]
Compiling architecture lut4_v of entity unisim.LUT4 [\LUT4(init="0000000011111101")(0...]
Compiling architecture lut5_v of entity unisim.LUT5 [\LUT5(init="00010001000100010001...]
Compiling architecture lut5_v of entity unisim.LUT5 [\LUT5(init="00010001000000010001...]
Compiling architecture lut4_v of entity unisim.LUT4 [\LUT4(init="1110111011101111")(0...]
Compiling architecture lut6_v of entity unisim.LUT6 [\LUT6(init="10001000100010001000...]
Compiling architecture lut6_v of entity unisim.LUT6 [\LUT6(init="00100010001000100010...]
Compiling architecture lut4_v of entity unisim.LUT4 [\LUT4(init="0000000000010000")(0...]
Compiling architecture lut5_v of entity unisim.LUT5 [\LUT5(init="00010001000100010001...]
Compiling architecture lut6_v of entity unisim.LUT6 [\LUT6(init="00010001000100000001...]
Compiling architecture lut6_v of entity unisim.LUT6 [\LUT6(init="10111010101110111011...]
Compiling architecture lut6_v of entity unisim.LUT6 [\LUT6(init="00000000000000000000...]
Compiling architecture lut5_v of entity unisim.LUT5 [\LUT5(init="10101010101010101010...]
Compiling architecture lut6_v of entity unisim.LUT6 [\LUT6(init="11111111111111111111...]
Compiling architecture lut3_v of entity unisim.LUT3 [\LUT3(init="11111011")(0,7)\]
Compiling architecture lut5_v of entity unisim.LUT5 [\LUT5(init="01010101010101010101...]
Compiling architecture lut5_v of entity unisim.LUT5 [\LUT5(init="11111111111111111111...]
Compiling architecture lut6_v of entity unisim.LUT6 [\LUT6(init="00000000000000000000...]
Compiling architecture lut6_v of entity unisim.LUT6 [\LUT6(init="11111111111111110100...]
Compiling architecture lut5_v of entity unisim.LUT5 [\LUT5(init="11111111111111111111...]
Compiling architecture lut3_v of entity unisim.LUT3 [\LUT3(init="11101010")(0,7)\]
Compiling architecture lut6_v of entity unisim.LUT6 [\LUT6(init="00000000000000000000...]
Compiling architecture lut6_v of entity unisim.LUT6 [\LUT6(init="11111111111111111111...]
Compiling architecture lut6_v of entity unisim.LUT6 [\LUT6(init="01000100010001000100...]
Compiling architecture lut4_v of entity unisim.LUT4 [\LUT4(init="1110111111101110")(0...]
Compiling architecture lut4_v of entity unisim.LUT4 [\LUT4(init="1011111110000000")(0...]
Compiling architecture lut4_v of entity unisim.LUT4 [\LUT4(init="1111100010001000")(0...]
Compiling architecture lut5_v of entity unisim.LUT5 [\LUT5(init="11111111111100011111...]
Compiling architecture lut4_v of entity unisim.LUT4 [\LUT4(init="1010101010101000")(0...]
Compiling architecture lut4_v of entity unisim.LUT4 [\LUT4(init="0000000010000000")(0...]
Compiling architecture lut4_v of entity unisim.LUT4 [\LUT4(init="0000000001000000")(0...]
Compiling architecture lut5_v of entity unisim.LUT5 [\LUT5(init="00000000000000000100...]
Compiling architecture lut6_v of entity unisim.LUT6 [\LUT6(init="10101010101110101010...]
Compiling architecture lut4_v of entity unisim.LUT4 [\LUT4(init="1000100010111000")(0...]
Compiling architecture lut3_v of entity unisim.LUT3 [\LUT3(init="11111101")(0,7)\]
Compiling architecture lut4_v of entity unisim.LUT4 [\LUT4(init="0000000111111111")(0...]
Compiling architecture lut4_v of entity unisim.LUT4 [\LUT4(init="0000010011111111")(0...]
Compiling architecture lut6_v of entity unisim.LUT6 [\LUT6(init="00000000000000000000...]
Compiling architecture lut4_v of entity unisim.LUT4 [\LUT4(init="0000001011111111")(0...]
Compiling architecture lut4_v of entity unisim.LUT4 [\LUT4(init="0000100011111111")(0...]
Compiling architecture structure of entity xil_defaultlib.mbv_system_axi_ethernetlite_0_0_tx_statemachine [mbv_system_axi_ethernetlite_0_0_...]
Compiling architecture structure of entity xil_defaultlib.mbv_system_axi_ethernetlite_0_0_mux_onehot_f [mbv_system_axi_ethernetlite_0_0_...]
Compiling architecture structure of entity xil_defaultlib.mbv_system_axi_ethernetlite_0_0_transmit [mbv_system_axi_ethernetlite_0_0_...]
Compiling architecture structure of entity xil_defaultlib.mbv_system_axi_ethernetlite_0_0_axi_ethernetlite_v3_0_36_emac [mbv_system_axi_ethernetlite_0_0_...]
Compiling architecture lut6_v of entity unisim.LUT6 [\LUT6(init="10101000101010101010...]
Compiling architecture lut5_v of entity unisim.LUT5 [\LUT5(init="00000000000100000000...]
Compiling architecture lut4_v of entity unisim.LUT4 [\LUT4(init="1111110111111111")(0...]
Compiling architecture lut5_v of entity unisim.LUT5 [\LUT5(init="00100000000000000000...]
Compiling architecture lut4_v of entity unisim.LUT4 [\LUT4(init="1111111011111111")(0...]
Compiling architecture lut4_v of entity unisim.LUT4 [\LUT4(init="1111111111111011")(0...]
Compiling architecture lut4_v of entity unisim.LUT4 [\LUT4(init="1000100000001000")(0...]
Compiling architecture lut6_v of entity unisim.LUT6 [\LUT6(init="11101111111011001110...]
Compiling architecture lut6_v of entity unisim.LUT6 [\LUT6(init="11111111000000001010...]
Compiling architecture lut4_v of entity unisim.LUT4 [\LUT4(init="1100000001000100")(0...]
Compiling architecture lut4_v of entity unisim.LUT4 [\LUT4(init="1101000011011101")(0...]
Compiling architecture lut4_v of entity unisim.LUT4 [\LUT4(init="1010001110100000")(0...]
Compiling architecture lut6_v of entity unisim.LUT6 [\LUT6(init="11111111111111111111...]
Compiling architecture lut6_v of entity unisim.LUT6 [\LUT6(init="10101111101000001100...]
Compiling architecture lut3_v of entity unisim.LUT3 [\LUT3(init="01000111")(0,7)\]
Compiling architecture lut5_v of entity unisim.LUT5 [\LUT5(init="11111111111111111000...]
Compiling architecture lut6_v of entity unisim.LUT6 [\LUT6(init="11111101111111011111...]
Compiling architecture muxf8_v of entity unisim.MUXF8 [muxf8_default]
Compiling architecture muxf7_v of entity unisim.MUXF7 [muxf7_default]
Compiling architecture lut6_v of entity unisim.LUT6 [\LUT6(init="11111111111111111111...]
Compiling architecture lut3_v of entity unisim.LUT3 [\LUT3(init="10001011")(0,7)\]
Compiling architecture lut4_v of entity unisim.LUT4 [\LUT4(init="1011100010001011")(0...]
Compiling architecture lut5_v of entity unisim.LUT5 [\LUT5(init="10111000101110001011...]
Compiling architecture lut6_v of entity unisim.LUT6 [\LUT6(init="10111000101110001011...]
Compiling architecture lut5_v of entity unisim.LUT5 [\LUT5(init="10111000100010111011...]
Compiling architecture lut6_v of entity unisim.LUT6 [\LUT6(init="01000100010001000100...]
Compiling architecture lut5_v of entity unisim.LUT5 [\LUT5(init="00000000000000001111...]
Compiling architecture lut6_v of entity unisim.LUT6 [\LUT6(init="11111111111101001111...]
Compiling architecture lut3_v of entity unisim.LUT3 [\LUT3(init="10111010")(0,7)\]
Compiling architecture lut5_v of entity unisim.LUT5 [\LUT5(init="11111011111111110000...]
Compiling architecture lut6_v of entity unisim.LUT6 [\LUT6(init="10111011111110111111...]
Compiling architecture structure of entity xil_defaultlib.mbv_system_axi_ethernetlite_0_0_mdio_if [mbv_system_axi_ethernetlite_0_0_...]
Compiling architecture lut2_v of entity unisim.LUT2 [\LUT2(init="1001")(0,3)\]
Compiling architecture lut3_v of entity unisim.LUT3 [\LUT3(init="10101001")(0,7)\]
Compiling architecture lut4_v of entity unisim.LUT4 [\LUT4(init="1010101010101001")(0...]
Compiling architecture lut5_v of entity unisim.LUT5 [\LUT5(init="10101010101010101010...]
Compiling architecture lut6_v of entity unisim.LUT6 [\LUT6(init="10101010101010101010...]
Compiling architecture fdse_v of entity unisim.FDSE [\FDSE(init='0')\]
Compiling architecture lut3_v of entity unisim.LUT3 [\LUT3(init="01110100")(0,7)\]
Compiling architecture lut5_v of entity unisim.LUT5 [\LUT5(init="10111000111111111011...]
Compiling architecture lut6_v of entity unisim.LUT6 [\LUT6(init="11111111101010101100...]
Compiling architecture lut4_v of entity unisim.LUT4 [\LUT4(init="1000111110000000")(0...]
Compiling architecture lut6_v of entity unisim.LUT6 [\LUT6(init="11111111101010101111...]
Compiling architecture lut6_v of entity unisim.LUT6 [\LUT6(init="11001100101010101111...]
Compiling architecture rb18_internal_vhdl_v of entity unisim.RB18_INTERNAL_VHDL [\RB18_INTERNAL_VHDL(bram_size=18...]
Compiling architecture ramb18e1_v of entity unisim.RAMB18E1 [\RAMB18E1(read_width_a=4,read_wi...]
Compiling architecture structure of entity xil_defaultlib.\mbv_system_axi_ethernetlite_0_0_xpm_memory_base__parameterized0__6\ [\mbv_system_axi_ethernetlite_0_0...]
Compiling architecture structure of entity xil_defaultlib.\mbv_system_axi_ethernetlite_0_0_xpm_memory_tdpram__6\ [\mbv_system_axi_ethernetlite_0_0...]
Compiling architecture structure of entity xil_defaultlib.\mbv_system_axi_ethernetlite_0_0_xpm_memory_base__parameterized0__2\ [\mbv_system_axi_ethernetlite_0_0...]
Compiling architecture structure of entity xil_defaultlib.\mbv_system_axi_ethernetlite_0_0_xpm_memory_tdpram__2\ [\mbv_system_axi_ethernetlite_0_0...]
Compiling architecture structure of entity xil_defaultlib.mbv_system_axi_ethernetlite_0_0_emac_dpram [mbv_system_axi_ethernetlite_0_0_...]
Compiling architecture structure of entity xil_defaultlib.\mbv_system_axi_ethernetlite_0_0_xpm_memory_base__parameterized0__4\ [\mbv_system_axi_ethernetlite_0_0...]
Compiling architecture structure of entity xil_defaultlib.\mbv_system_axi_ethernetlite_0_0_xpm_memory_tdpram__4\ [\mbv_system_axi_ethernetlite_0_0...]
Compiling architecture structure of entity xil_defaultlib.\mbv_system_axi_ethernetlite_0_0_xpm_memory_base__parameterized0\ [\mbv_system_axi_ethernetlite_0_0...]
Compiling architecture structure of entity xil_defaultlib.mbv_system_axi_ethernetlite_0_0_xpm_memory_tdpram [mbv_system_axi_ethernetlite_0_0_...]
Compiling architecture structure of entity xil_defaultlib.mbv_system_axi_ethernetlite_0_0_emac_dpram_0 [mbv_system_axi_ethernetlite_0_0_...]
Compiling architecture lut6_v of entity unisim.LUT6 [\LUT6(init="11001100111111111111...]
Compiling architecture lut5_v of entity unisim.LUT5 [\LUT5(init="00000000000000000000...]
Compiling architecture lut6_v of entity unisim.LUT6 [\LUT6(init="10101010101010101010...]
Compiling architecture structure of entity xil_defaultlib.\mbv_system_axi_ethernetlite_0_0_xpm_memory_base__parameterized0__7\ [\mbv_system_axi_ethernetlite_0_0...]
Compiling architecture structure of entity xil_defaultlib.\mbv_system_axi_ethernetlite_0_0_xpm_memory_tdpram__7\ [\mbv_system_axi_ethernetlite_0_0...]
Compiling architecture structure of entity xil_defaultlib.\mbv_system_axi_ethernetlite_0_0_xpm_memory_base__parameterized0__1\ [\mbv_system_axi_ethernetlite_0_0...]
Compiling architecture structure of entity xil_defaultlib.\mbv_system_axi_ethernetlite_0_0_xpm_memory_tdpram__1\ [\mbv_system_axi_ethernetlite_0_0...]
Compiling architecture structure of entity xil_defaultlib.mbv_system_axi_ethernetlite_0_0_emac_dpram_1 [mbv_system_axi_ethernetlite_0_0_...]
Compiling architecture lut6_v of entity unisim.LUT6 [\LUT6(init="11111111110011001010...]
Compiling architecture lut6_v of entity unisim.LUT6 [\LUT6(init="00000000000000000000...]
Compiling architecture lut6_v of entity unisim.LUT6 [\LUT6(init="11111111111111111111...]
Compiling architecture structure of entity xil_defaultlib.\mbv_system_axi_ethernetlite_0_0_xpm_memory_base__parameterized0__5\ [\mbv_system_axi_ethernetlite_0_0...]
Compiling architecture structure of entity xil_defaultlib.\mbv_system_axi_ethernetlite_0_0_xpm_memory_tdpram__5\ [\mbv_system_axi_ethernetlite_0_0...]
Compiling architecture structure of entity xil_defaultlib.\mbv_system_axi_ethernetlite_0_0_xpm_memory_base__parameterized0__3\ [\mbv_system_axi_ethernetlite_0_0...]
Compiling architecture structure of entity xil_defaultlib.\mbv_system_axi_ethernetlite_0_0_xpm_memory_tdpram__3\ [\mbv_system_axi_ethernetlite_0_0...]
Compiling architecture structure of entity xil_defaultlib.mbv_system_axi_ethernetlite_0_0_emac_dpram_2 [mbv_system_axi_ethernetlite_0_0_...]
Compiling architecture lut4_v of entity unisim.LUT4 [\LUT4(init="0100010110101110")(0...]
Compiling architecture lut5_v of entity unisim.LUT5 [\LUT5(init="10001011101110111000...]
Compiling architecture lut5_v of entity unisim.LUT5 [\LUT5(init="10111000101110111000...]
Compiling architecture lut4_v of entity unisim.LUT4 [\LUT4(init="0100010001110100")(0...]
Compiling architecture lut4_v of entity unisim.LUT4 [\LUT4(init="0000001101010001")(0...]
Compiling architecture lut4_v of entity unisim.LUT4 [\LUT4(init="0001000100001101")(0...]
Compiling architecture lut6_v of entity unisim.LUT6 [\LUT6(init="00001000101010101111...]
Compiling architecture lut6_v of entity unisim.LUT6 [\LUT6(init="10111010111111111011...]
Compiling architecture lut4_v of entity unisim.LUT4 [\LUT4(init="1111110010101110")(0...]
Compiling architecture structure of entity xil_defaultlib.mbv_system_axi_ethernetlite_0_0_xemac [mbv_system_axi_ethernetlite_0_0_...]
Compiling architecture structure of entity xil_defaultlib.mbv_system_axi_ethernetlite_0_0_axi_ethernetlite [mbv_system_axi_ethernetlite_0_0_...]
Compiling architecture structure of entity xil_defaultlib.mbv_system_axi_ethernetlite_0_0 [mbv_system_axi_ethernetlite_0_0_...]
Compiling architecture lut6_v of entity unisim.LUT6 [\LUT6(init="11111111111111110001...]
Compiling architecture lut4_v of entity unisim.LUT4 [\LUT4(init="1000111110001000")(0...]
Compiling architecture lut6_v of entity unisim.LUT6 [\LUT6(init="00001000000000001111...]
Compiling architecture lut6_v of entity unisim.LUT6 [\LUT6(init="11111000100010001111...]
Compiling architecture lut5_v of entity unisim.LUT5 [\LUT5(init="00001000000000000000...]
Compiling architecture lut5_v of entity unisim.LUT5 [\LUT5(init="00000000010000000000...]
Compiling architecture lut5_v of entity unisim.LUT5 [\LUT5(init="00000000100000000000...]
Compiling architecture lut5_v of entity unisim.LUT5 [\LUT5(init="00010000000000000000...]
Compiling architecture lut5_v of entity unisim.LUT5 [\LUT5(init="00000000000000000000...]
Compiling architecture lut5_v of entity unisim.LUT5 [\LUT5(init="00000000000000000000...]
Compiling architecture lut5_v of entity unisim.LUT5 [\LUT5(init="00000000000000000000...]
Compiling architecture lut5_v of entity unisim.LUT5 [\LUT5(init="00000100000000000000...]
Compiling architecture lut6_v of entity unisim.LUT6 [\LUT6(init="10101010101010101010...]
Compiling architecture lut5_v of entity unisim.LUT5 [\LUT5(init="00000000000000001111...]
Compiling architecture lut5_v of entity unisim.LUT5 [\LUT5(init="00000000000000000000...]
Compiling architecture lut6_v of entity unisim.LUT6 [\LUT6(init="00000000000000000000...]
Compiling architecture lut5_v of entity unisim.LUT5 [\LUT5(init="00000000000000000000...]
Compiling architecture lut4_v of entity unisim.LUT4 [\LUT4(init="1011101010001010")(0...]
Compiling architecture lut5_v of entity unisim.LUT5 [\LUT5(init="00000000000000001111...]
Compiling architecture lut5_v of entity unisim.LUT5 [\LUT5(init="00000000000000000000...]
Compiling architecture lut6_v of entity unisim.LUT6 [\LUT6(init="10101010101010101010...]
Compiling architecture lut5_v of entity unisim.LUT5 [\LUT5(init="00000000000000000000...]
Compiling architecture lut6_v of entity unisim.LUT6 [\LUT6(init="00000000000000000001...]
Compiling architecture lut6_v of entity unisim.LUT6 [\LUT6(init="11101111101010101110...]
Compiling architecture lut4_v of entity unisim.LUT4 [\LUT4(init="1100110011001000")(0...]
Compiling architecture lut4_v of entity unisim.LUT4 [\LUT4(init="0011001100110010")(0...]
Compiling architecture lut6_v of entity unisim.LUT6 [\LUT6(init="10101010101010101010...]
Compiling architecture structure of entity xil_defaultlib.mbv_system_axi_gpio_0_3_address_decoder [mbv_system_axi_gpio_0_3_address_...]
Compiling architecture lut5_v of entity unisim.LUT5 [\LUT5(init="00000000001000110000...]
Compiling architecture lut3_v of entity unisim.LUT3 [\LUT3(init="10101100")(0,7)\]
Compiling architecture lut5_v of entity unisim.LUT5 [\LUT5(init="00000000000000000000...]
Compiling architecture lut4_v of entity unisim.LUT4 [\LUT4(init="1111111111110100")(0...]
Compiling architecture lut6_v of entity unisim.LUT6 [\LUT6(init="00100000000000001111...]
Compiling architecture lut6_v of entity unisim.LUT6 [\LUT6(init="11111111111010101110...]
Compiling architecture lut5_v of entity unisim.LUT5 [\LUT5(init="00001000111111110000...]
Compiling architecture lut5_v of entity unisim.LUT5 [\LUT5(init="00000000000000000000...]
Compiling architecture lut5_v of entity unisim.LUT5 [\LUT5(init="00001111110010101111...]
Compiling architecture lut6_v of entity unisim.LUT6 [\LUT6(init="01010101111111111111...]
Compiling architecture structure of entity xil_defaultlib.mbv_system_axi_gpio_0_3_slave_attachment [mbv_system_axi_gpio_0_3_slave_at...]
Compiling architecture structure of entity xil_defaultlib.mbv_system_axi_gpio_0_3_axi_lite_ipif [mbv_system_axi_gpio_0_3_axi_lite...]
Compiling architecture lut5_v of entity unisim.LUT5 [\LUT5(init="10111010111111110111...]
Compiling architecture structure of entity xil_defaultlib.mbv_system_axi_gpio_0_3_interrupt_control [mbv_system_axi_gpio_0_3_interrup...]
Compiling architecture lut4_v of entity unisim.LUT4 [\LUT4(init="1111101111111111")(0...]
Compiling architecture structure of entity xil_defaultlib.mbv_system_axi_gpio_0_3_xpm_cdc_array_single [mbv_system_axi_gpio_0_3_xpm_cdc_...]
Compiling architecture lut4_v of entity unisim.LUT4 [\LUT4(init="1111111111111000")(0...]
Compiling architecture structure of entity xil_defaultlib.mbv_system_axi_gpio_0_3_GPIO_Core [mbv_system_axi_gpio_0_3_gpio_cor...]
Compiling architecture structure of entity xil_defaultlib.mbv_system_axi_gpio_0_3_axi_gpio [mbv_system_axi_gpio_0_3_axi_gpio...]
Compiling architecture structure of entity xil_defaultlib.mbv_system_axi_gpio_0_3 [mbv_system_axi_gpio_0_3_default]
Compiling architecture structure of entity xil_defaultlib.mbv_system_axi_gpio_0_6_pselect_f [mbv_system_axi_gpio_0_6_pselect_...]
Compiling architecture structure of entity xil_defaultlib.\mbv_system_axi_gpio_0_6_pselect_f__parameterized1\ [\mbv_system_axi_gpio_0_6_pselect...]
Compiling architecture lut5_v of entity unisim.LUT5 [\LUT5(init="00000000000000000000...]
Compiling architecture lut6_v of entity unisim.LUT6 [\LUT6(init="10101010101010101010...]
Compiling architecture structure of entity xil_defaultlib.mbv_system_axi_gpio_0_6_address_decoder [mbv_system_axi_gpio_0_6_address_...]
Compiling architecture structure of entity xil_defaultlib.mbv_system_axi_gpio_0_6_slave_attachment [mbv_system_axi_gpio_0_6_slave_at...]
Compiling architecture structure of entity xil_defaultlib.mbv_system_axi_gpio_0_6_axi_lite_ipif [mbv_system_axi_gpio_0_6_axi_lite...]
Compiling architecture structure of entity xil_defaultlib.mbv_system_axi_gpio_0_6_xpm_cdc_array_single [mbv_system_axi_gpio_0_6_xpm_cdc_...]
Compiling architecture lut6_v of entity unisim.LUT6 [\LUT6(init="11111011000010001111...]
Compiling architecture lut5_v of entity unisim.LUT5 [\LUT5(init="00000000000000000000...]
Compiling architecture lut6_v of entity unisim.LUT6 [\LUT6(init="00000000000001010000...]
Compiling architecture structure of entity xil_defaultlib.mbv_system_axi_gpio_0_6_GPIO_Core [mbv_system_axi_gpio_0_6_gpio_cor...]
Compiling architecture structure of entity xil_defaultlib.mbv_system_axi_gpio_0_6_axi_gpio [mbv_system_axi_gpio_0_6_axi_gpio...]
Compiling architecture structure of entity xil_defaultlib.mbv_system_axi_gpio_0_6 [mbv_system_axi_gpio_0_6_default]
Compiling architecture structure of entity xil_defaultlib.mbv_system_axi_gpio_0_4_pselect_f [mbv_system_axi_gpio_0_4_pselect_...]
Compiling architecture structure of entity xil_defaultlib.\mbv_system_axi_gpio_0_4_pselect_f__parameterized1\ [\mbv_system_axi_gpio_0_4_pselect...]
Compiling architecture structure of entity xil_defaultlib.mbv_system_axi_gpio_0_4_address_decoder [mbv_system_axi_gpio_0_4_address_...]
Compiling architecture structure of entity xil_defaultlib.mbv_system_axi_gpio_0_4_slave_attachment [mbv_system_axi_gpio_0_4_slave_at...]
Compiling architecture structure of entity xil_defaultlib.mbv_system_axi_gpio_0_4_axi_lite_ipif [mbv_system_axi_gpio_0_4_axi_lite...]
Compiling architecture structure of entity xil_defaultlib.mbv_system_axi_gpio_0_4_xpm_cdc_array_single [mbv_system_axi_gpio_0_4_xpm_cdc_...]
Compiling architecture lut4_v of entity unisim.LUT4 [\LUT4(init="1111111111011111")(0...]
Compiling architecture structure of entity xil_defaultlib.mbv_system_axi_gpio_0_4_GPIO_Core [mbv_system_axi_gpio_0_4_gpio_cor...]
Compiling architecture structure of entity xil_defaultlib.mbv_system_axi_gpio_0_4_axi_gpio [mbv_system_axi_gpio_0_4_axi_gpio...]
Compiling architecture structure of entity xil_defaultlib.mbv_system_axi_gpio_0_4 [mbv_system_axi_gpio_0_4_default]
Compiling architecture structure of entity xil_defaultlib.mbv_system_axi_gpio_0_5_pselect_f [mbv_system_axi_gpio_0_5_pselect_...]
Compiling architecture structure of entity xil_defaultlib.\mbv_system_axi_gpio_0_5_pselect_f__parameterized1\ [\mbv_system_axi_gpio_0_5_pselect...]
Compiling architecture structure of entity xil_defaultlib.mbv_system_axi_gpio_0_5_address_decoder [mbv_system_axi_gpio_0_5_address_...]
Compiling architecture structure of entity xil_defaultlib.mbv_system_axi_gpio_0_5_slave_attachment [mbv_system_axi_gpio_0_5_slave_at...]
Compiling architecture structure of entity xil_defaultlib.mbv_system_axi_gpio_0_5_axi_lite_ipif [mbv_system_axi_gpio_0_5_axi_lite...]
Compiling architecture structure of entity xil_defaultlib.mbv_system_axi_gpio_0_5_xpm_cdc_array_single [mbv_system_axi_gpio_0_5_xpm_cdc_...]
Compiling architecture structure of entity xil_defaultlib.mbv_system_axi_gpio_0_5_GPIO_Core [mbv_system_axi_gpio_0_5_gpio_cor...]
Compiling architecture structure of entity xil_defaultlib.mbv_system_axi_gpio_0_5_axi_gpio [mbv_system_axi_gpio_0_5_axi_gpio...]
Compiling architecture structure of entity xil_defaultlib.mbv_system_axi_gpio_0_5 [mbv_system_axi_gpio_0_5_default]
Compiling architecture structure of entity xil_defaultlib.mbv_system_axi_gpio_0_2_address_decoder [mbv_system_axi_gpio_0_2_address_...]
Compiling architecture structure of entity xil_defaultlib.mbv_system_axi_gpio_0_2_slave_attachment [mbv_system_axi_gpio_0_2_slave_at...]
Compiling architecture structure of entity xil_defaultlib.mbv_system_axi_gpio_0_2_axi_lite_ipif [mbv_system_axi_gpio_0_2_axi_lite...]
Compiling architecture structure of entity xil_defaultlib.mbv_system_axi_gpio_0_2_interrupt_control [mbv_system_axi_gpio_0_2_interrup...]
Compiling architecture structure of entity xil_defaultlib.mbv_system_axi_gpio_0_2_xpm_cdc_array_single [mbv_system_axi_gpio_0_2_xpm_cdc_...]
Compiling architecture structure of entity xil_defaultlib.mbv_system_axi_gpio_0_2_GPIO_Core [mbv_system_axi_gpio_0_2_gpio_cor...]
Compiling architecture structure of entity xil_defaultlib.mbv_system_axi_gpio_0_2_axi_gpio [mbv_system_axi_gpio_0_2_axi_gpio...]
Compiling architecture structure of entity xil_defaultlib.mbv_system_axi_gpio_0_2 [mbv_system_axi_gpio_0_2_default]
Compiling architecture lut5_v of entity unisim.LUT5 [\LUT5(init="00000000000000000000...]
Compiling architecture lut3_v of entity unisim.LUT3 [\LUT3(init="01000000")(0,7)\]
Compiling architecture lut5_v of entity unisim.LUT5 [\LUT5(init="00000001000000000000...]
Compiling architecture lut5_v of entity unisim.LUT5 [\LUT5(init="00000000000000000000...]
Compiling architecture lut5_v of entity unisim.LUT5 [\LUT5(init="00000000000000000000...]
Compiling architecture lut5_v of entity unisim.LUT5 [\LUT5(init="00000000000000001111...]
Compiling architecture lut5_v of entity unisim.LUT5 [\LUT5(init="11111111111111110100...]
Compiling architecture lut5_v of entity unisim.LUT5 [\LUT5(init="11111111111111111111...]
Compiling architecture lut5_v of entity unisim.LUT5 [\LUT5(init="11111111111111111111...]
Compiling architecture lut5_v of entity unisim.LUT5 [\LUT5(init="11110000100000000000...]
Compiling architecture lut4_v of entity unisim.LUT4 [\LUT4(init="0101010101010100")(0...]
Compiling architecture structure of entity xil_defaultlib.mbv_system_axi_gpio_0_0_address_decoder [mbv_system_axi_gpio_0_0_address_...]
Compiling architecture structure of entity xil_defaultlib.mbv_system_axi_gpio_0_0_slave_attachment [mbv_system_axi_gpio_0_0_slave_at...]
Compiling architecture structure of entity xil_defaultlib.mbv_system_axi_gpio_0_0_axi_lite_ipif [mbv_system_axi_gpio_0_0_axi_lite...]
Compiling architecture lut6_v of entity unisim.LUT6 [\LUT6(init="01001111111111111111...]
Compiling architecture structure of entity xil_defaultlib.mbv_system_axi_gpio_0_0_interrupt_control [mbv_system_axi_gpio_0_0_interrup...]
Compiling architecture lut5_v of entity unisim.LUT5 [\LUT5(init="00111000001110000011...]
Compiling architecture lut5_v of entity unisim.LUT5 [\LUT5(init="00111100001110110000...]
Compiling architecture structure of entity xil_defaultlib.mbv_system_axi_gpio_0_0_xpm_cdc_array_single [mbv_system_axi_gpio_0_0_xpm_cdc_...]
Compiling architecture structure of entity xil_defaultlib.mbv_system_axi_gpio_0_0_GPIO_Core [mbv_system_axi_gpio_0_0_gpio_cor...]
Compiling architecture structure of entity xil_defaultlib.mbv_system_axi_gpio_0_0_axi_gpio [mbv_system_axi_gpio_0_0_axi_gpio...]
Compiling architecture structure of entity xil_defaultlib.mbv_system_axi_gpio_0_0 [mbv_system_axi_gpio_0_0_default]
Compiling architecture structure of entity xil_defaultlib.mbv_system_axi_gpio_0_1_address_decoder [mbv_system_axi_gpio_0_1_address_...]
Compiling architecture structure of entity xil_defaultlib.mbv_system_axi_gpio_0_1_slave_attachment [mbv_system_axi_gpio_0_1_slave_at...]
Compiling architecture structure of entity xil_defaultlib.mbv_system_axi_gpio_0_1_axi_lite_ipif [mbv_system_axi_gpio_0_1_axi_lite...]
Compiling architecture structure of entity xil_defaultlib.mbv_system_axi_gpio_0_1_interrupt_control [mbv_system_axi_gpio_0_1_interrup...]
Compiling architecture structure of entity xil_defaultlib.mbv_system_axi_gpio_0_1_xpm_cdc_array_single [mbv_system_axi_gpio_0_1_xpm_cdc_...]
Compiling architecture structure of entity xil_defaultlib.mbv_system_axi_gpio_0_1_GPIO_Core [mbv_system_axi_gpio_0_1_gpio_cor...]
Compiling architecture structure of entity xil_defaultlib.mbv_system_axi_gpio_0_1_axi_gpio [mbv_system_axi_gpio_0_1_axi_gpio...]
Compiling architecture structure of entity xil_defaultlib.mbv_system_axi_gpio_0_1 [mbv_system_axi_gpio_0_1_default]
Compiling architecture lut4_v of entity unisim.LUT4 [\LUT4(init="1011101010101010")(0...]
Compiling architecture lut6_v of entity unisim.LUT6 [\LUT6(init="10111011101110111011...]
Compiling architecture lut5_v of entity unisim.LUT5 [\LUT5(init="10111011101110001000...]
Compiling architecture lut6_v of entity unisim.LUT6 [\LUT6(init="11111111111111111111...]
Compiling architecture structure of entity xil_defaultlib.mbv_system_axi_iic_0_0_dynamic_master [mbv_system_axi_iic_0_0_dynamic_m...]
Compiling architecture lut5_v of entity unisim.LUT5 [\LUT5(init="11111101110111111111...]
Compiling architecture lut5_v of entity unisim.LUT5 [\LUT5(init="11111111111111100000...]
Compiling architecture lut6_v of entity unisim.LUT6 [\LUT6(init="00000000000000000000...]
Compiling architecture lut6_v of entity unisim.LUT6 [\LUT6(init="00000000110000101100...]
Compiling architecture lut6_v of entity unisim.LUT6 [\LUT6(init="11111111101010011010...]
Compiling architecture structure of entity xil_defaultlib.\mbv_system_axi_iic_0_0_xpm_cdc_single__1\ [\mbv_system_axi_iic_0_0_xpm_cdc_...]
Compiling architecture structure of entity xil_defaultlib.mbv_system_axi_iic_0_0_debounce [mbv_system_axi_iic_0_0_debounce_...]
Compiling architecture lut6_v of entity unisim.LUT6 [\LUT6(init="11111111111111111111...]
Compiling architecture lut6_v of entity unisim.LUT6 [\LUT6(init="11111111111111111111...]
Compiling architecture lut3_v of entity unisim.LUT3 [\LUT3(init="11100001")(0,7)\]
Compiling architecture structure of entity xil_defaultlib.mbv_system_axi_iic_0_0_xpm_cdc_single [mbv_system_axi_iic_0_0_xpm_cdc_s...]
Compiling architecture structure of entity xil_defaultlib.mbv_system_axi_iic_0_0_debounce_3 [mbv_system_axi_iic_0_0_debounce_...]
Compiling architecture structure of entity xil_defaultlib.mbv_system_axi_iic_0_0_filter [mbv_system_axi_iic_0_0_filter_de...]
Compiling architecture lut6_v of entity unisim.LUT6 [\LUT6(init="10101010101010101010...]
Compiling architecture lut5_v of entity unisim.LUT5 [\LUT5(init="00000000000000001110...]
Compiling architecture lut6_v of entity unisim.LUT6 [\LUT6(init="00000000000000000000...]
Compiling architecture lut6_v of entity unisim.LUT6 [\LUT6(init="00000000000000000000...]
Compiling architecture lut6_v of entity unisim.LUT6 [\LUT6(init="00000000100000001111...]
Compiling architecture lut5_v of entity unisim.LUT5 [\LUT5(init="11101111111011111111...]
Compiling architecture lut5_v of entity unisim.LUT5 [\LUT5(init="00101010101010101000...]
Compiling architecture lut4_v of entity unisim.LUT4 [\LUT4(init="0000000010110100")(0...]
Compiling architecture lut4_v of entity unisim.LUT4 [\LUT4(init="0010101010000000")(0...]
Compiling architecture lut6_v of entity unisim.LUT6 [\LUT6(init="00000000000000000100...]
Compiling architecture lut5_v of entity unisim.LUT5 [\LUT5(init="00000000000000000100...]
Compiling architecture structure of entity xil_defaultlib.\mbv_system_axi_iic_0_0_upcnt_n__parameterized0\ [\mbv_system_axi_iic_0_0_upcnt_n_...]
Compiling architecture lut6_v of entity unisim.LUT6 [\LUT6(init="11111111111111111111...]
Compiling architecture lut6_v of entity unisim.LUT6 [\LUT6(init="01001111010001000100...]
Compiling architecture lut6_v of entity unisim.LUT6 [\LUT6(init="11111111111111111111...]
Compiling architecture lut6_v of entity unisim.LUT6 [\LUT6(init="00000000000000000000...]
Compiling architecture lut6_v of entity unisim.LUT6 [\LUT6(init="11111111111111111111...]
Compiling architecture lut4_v of entity unisim.LUT4 [\LUT4(init="1111010001000100")(0...]
Compiling architecture lut4_v of entity unisim.LUT4 [\LUT4(init="0010101100100010")(0...]
Compiling architecture lut4_v of entity unisim.LUT4 [\LUT4(init="0010001010110010")(0...]
Compiling architecture lut6_v of entity unisim.LUT6 [\LUT6(init="00000000000000001101...]
Compiling architecture lut6_v of entity unisim.LUT6 [\LUT6(init="11111111111111111111...]
Compiling architecture lut5_v of entity unisim.LUT5 [\LUT5(init="10101010101010100110...]
Compiling architecture lut6_v of entity unisim.LUT6 [\LUT6(init="00000000000000000000...]
Compiling architecture lut3_v of entity unisim.LUT3 [\LUT3(init="10001010")(0,7)\]
Compiling architecture lut6_v of entity unisim.LUT6 [\LUT6(init="00000000000011010000...]
Compiling architecture lut6_v of entity unisim.LUT6 [\LUT6(init="01111111111111111111...]
Compiling architecture lut6_v of entity unisim.LUT6 [\LUT6(init="00000000000000000000...]
Compiling architecture lut6_v of entity unisim.LUT6 [\LUT6(init="10010101010101010101...]
Compiling architecture lut5_v of entity unisim.LUT5 [\LUT5(init="10010101010101010101...]
Compiling architecture lut4_v of entity unisim.LUT4 [\LUT4(init="1001010101010101")(0...]
Compiling architecture lut3_v of entity unisim.LUT3 [\LUT3(init="10010101")(0,7)\]
Compiling architecture structure of entity xil_defaultlib.mbv_system_axi_iic_0_0_upcnt_n [mbv_system_axi_iic_0_0_upcnt_n_d...]
Compiling architecture lut3_v of entity unisim.LUT3 [\LUT3(init="00100000")(0,7)\]
Compiling architecture lut4_v of entity unisim.LUT4 [\LUT4(init="1111111101111111")(0...]
Compiling architecture lut6_v of entity unisim.LUT6 [\LUT6(init="11111111111111111111...]
Compiling architecture lut4_v of entity unisim.LUT4 [\LUT4(init="0000000000000100")(0...]
Compiling architecture lut6_v of entity unisim.LUT6 [\LUT6(init="01000100010001000100...]
Compiling architecture lut6_v of entity unisim.LUT6 [\LUT6(init="11111111111111111111...]
Compiling architecture lut5_v of entity unisim.LUT5 [\LUT5(init="00000000000000000000...]
Compiling architecture lut4_v of entity unisim.LUT4 [\LUT4(init="0100000010001000")(0...]
Compiling architecture lut6_v of entity unisim.LUT6 [\LUT6(init="11111111111110111010...]
Compiling architecture lut3_v of entity unisim.LUT3 [\LUT3(init="00110100")(0,7)\]
Compiling architecture lut3_v of entity unisim.LUT3 [\LUT3(init="00001101")(0,7)\]
Compiling architecture lut6_v of entity unisim.LUT6 [\LUT6(init="11111111101011111111...]
Compiling architecture lut6_v of entity unisim.LUT6 [\LUT6(init="11111111110011111100...]
Compiling architecture structure of entity xil_defaultlib.mbv_system_axi_iic_0_0_shift8 [mbv_system_axi_iic_0_0_shift8_de...]
Compiling architecture lut6_v of entity unisim.LUT6 [\LUT6(init="00000000000011100000...]
Compiling architecture lut6_v of entity unisim.LUT6 [\LUT6(init="11110101111101001111...]
Compiling architecture lut6_v of entity unisim.LUT6 [\LUT6(init="11101110111111111110...]
Compiling architecture lut6_v of entity unisim.LUT6 [\LUT6(init="11111111111111111111...]
Compiling architecture lut6_v of entity unisim.LUT6 [\LUT6(init="00100000111111110010...]
Compiling architecture lut3_v of entity unisim.LUT3 [\LUT3(init="00110101")(0,7)\]
Compiling architecture lut5_v of entity unisim.LUT5 [\LUT5(init="00000000101010000000...]
Compiling architecture lut6_v of entity unisim.LUT6 [\LUT6(init="00000000000000000000...]
Compiling architecture lut6_v of entity unisim.LUT6 [\LUT6(init="11111111111111111111...]
Compiling architecture lut6_v of entity unisim.LUT6 [\LUT6(init="11111111111111111111...]
Compiling architecture lut6_v of entity unisim.LUT6 [\LUT6(init="00000000110010100000...]
Compiling architecture lut5_v of entity unisim.LUT5 [\LUT5(init="10101010101010101010...]
Compiling architecture lut6_v of entity unisim.LUT6 [\LUT6(init="01101111111101101111...]
Compiling architecture lut5_v of entity unisim.LUT5 [\LUT5(init="11101111111111110010...]
Compiling architecture structure of entity xil_defaultlib.mbv_system_axi_iic_0_0_shift8_1 [mbv_system_axi_iic_0_0_shift8_1_...]
Compiling architecture lut6_v of entity unisim.LUT6 [\LUT6(init="00000000000000000000...]
Compiling architecture lut6_v of entity unisim.LUT6 [\LUT6(init="01000100111101000100...]
Compiling architecture lut5_v of entity unisim.LUT5 [\LUT5(init="01010101000101010000...]
Compiling architecture lut4_v of entity unisim.LUT4 [\LUT4(init="0100010100010000")(0...]
Compiling architecture lut3_v of entity unisim.LUT3 [\LUT3(init="01000001")(0,7)\]
Compiling architecture lut6_v of entity unisim.LUT6 [\LUT6(init="00000000000000000000...]
Compiling architecture lut5_v of entity unisim.LUT5 [\LUT5(init="00000000000000000111...]
Compiling architecture lut4_v of entity unisim.LUT4 [\LUT4(init="0000000001111000")(0...]
Compiling architecture structure of entity xil_defaultlib.mbv_system_axi_iic_0_0_upcnt_n_2 [mbv_system_axi_iic_0_0_upcnt_n_2...]
Compiling architecture lut5_v of entity unisim.LUT5 [\LUT5(init="00000000000000001110...]
Compiling architecture lut6_v of entity unisim.LUT6 [\LUT6(init="11100000111000001110...]
Compiling architecture lut4_v of entity unisim.LUT4 [\LUT4(init="1111110111011101")(0...]
Compiling architecture lut6_v of entity unisim.LUT6 [\LUT6(init="00000000000000000000...]
Compiling architecture lut4_v of entity unisim.LUT4 [\LUT4(init="0000100001001000")(0...]
Compiling architecture lut4_v of entity unisim.LUT4 [\LUT4(init="0000000011100000")(0...]
Compiling architecture lut6_v of entity unisim.LUT6 [\LUT6(init="10001000100010001000...]
Compiling architecture lut6_v of entity unisim.LUT6 [\LUT6(init="11111111111111111111...]
Compiling architecture lut6_v of entity unisim.LUT6 [\LUT6(init="00000000000000000000...]
Compiling architecture lut6_v of entity unisim.LUT6 [\LUT6(init="00000000000000000000...]
Compiling architecture lut6_v of entity unisim.LUT6 [\LUT6(init="00000000000000000000...]
Compiling architecture lut5_v of entity unisim.LUT5 [\LUT5(init="01010101011101010000...]
Compiling architecture lut5_v of entity unisim.LUT5 [\LUT5(init="01000000110011000100...]
Compiling architecture lut6_v of entity unisim.LUT6 [\LUT6(init="10101010101110101010...]
Compiling architecture lut6_v of entity unisim.LUT6 [\LUT6(init="00000000000000000000...]
Compiling architecture lut4_v of entity unisim.LUT4 [\LUT4(init="0000100000100000")(0...]
Compiling architecture lut6_v of entity unisim.LUT6 [\LUT6(init="00100010001011110010...]
Compiling architecture lut5_v of entity unisim.LUT5 [\LUT5(init="11110000111111110010...]
Compiling architecture lut6_v of entity unisim.LUT6 [\LUT6(init="00000000000000000000...]
Compiling architecture lut5_v of entity unisim.LUT5 [\LUT5(init="10101000101010001010...]
Compiling architecture lut5_v of entity unisim.LUT5 [\LUT5(init="01010101111111010000...]
Compiling architecture lut6_v of entity unisim.LUT6 [\LUT6(init="11111111111111111111...]
Compiling architecture lut6_v of entity unisim.LUT6 [\LUT6(init="00000000000000000000...]
Compiling architecture lut6_v of entity unisim.LUT6 [\LUT6(init="00000000000000000000...]
Compiling architecture lut6_v of entity unisim.LUT6 [\LUT6(init="11111111111111110100...]
Compiling architecture lut3_v of entity unisim.LUT3 [\LUT3(init="00100100")(0,7)\]
Compiling architecture lut6_v of entity unisim.LUT6 [\LUT6(init="00001110000011100000...]
Compiling architecture lut5_v of entity unisim.LUT5 [\LUT5(init="01011000010110000101...]
Compiling architecture lut6_v of entity unisim.LUT6 [\LUT6(init="11111111111111111111...]
Compiling architecture lut5_v of entity unisim.LUT5 [\LUT5(init="11101110111010101010...]
Compiling architecture lut6_v of entity unisim.LUT6 [\LUT6(init="00001000000000000000...]
Compiling architecture lut6_v of entity unisim.LUT6 [\LUT6(init="11000000110011000100...]
Compiling architecture lut3_v of entity unisim.LUT3 [\LUT3(init="01001010")(0,7)\]
Compiling architecture lut6_v of entity unisim.LUT6 [\LUT6(init="11101110101111111111...]
Compiling architecture structure of entity xil_defaultlib.mbv_system_axi_iic_0_0_iic_control [mbv_system_axi_iic_0_0_iic_contr...]
Compiling architecture lut4_v of entity unisim.LUT4 [\LUT4(init="1010001000001000")(0...]
Compiling architecture lut6_v of entity unisim.LUT6 [\LUT6(init="11111111111111110111...]
Compiling architecture lut6_v of entity unisim.LUT6 [\LUT6(init="11111111111111111111...]
Compiling architecture srl16e_v of entity unisim.SRL16E [\SRL16E(0,15)\]
Compiling architecture lut6_v of entity unisim.LUT6 [\LUT6(init="11111111111111111111...]
Compiling architecture lut4_v of entity unisim.LUT4 [\LUT4(init="0110111111110110")(0...]
Compiling architecture structure of entity xil_defaultlib.mbv_system_axi_iic_0_0_SRL_FIFO [mbv_system_axi_iic_0_0_srl_fifo_...]
Compiling architecture lut6_v of entity unisim.LUT6 [\LUT6(init="11111111111111111010...]
Compiling architecture lut6_v of entity unisim.LUT6 [\LUT6(init="11111111111111111111...]
Compiling architecture lut5_v of entity unisim.LUT5 [\LUT5(init="11111111111111111111...]
Compiling architecture lut5_v of entity unisim.LUT5 [\LUT5(init="01000100111101000100...]
Compiling architecture lut6_v of entity unisim.LUT6 [\LUT6(init="10101010101010101010...]
Compiling architecture lut4_v of entity unisim.LUT4 [\LUT4(init="0000001000000000")(0...]
Compiling architecture lut4_v of entity unisim.LUT4 [\LUT4(init="0000000010110000")(0...]
Compiling architecture lut4_v of entity unisim.LUT4 [\LUT4(init="1001000000001001")(0...]
Compiling architecture lut5_v of entity unisim.LUT5 [\LUT5(init="11001110000011000000...]
Compiling architecture lut5_v of entity unisim.LUT5 [\LUT5(init="10100000101000001100...]
Compiling architecture structure of entity xil_defaultlib.mbv_system_axi_iic_0_0_reg_interface [mbv_system_axi_iic_0_0_reg_inter...]
Compiling architecture lut5_v of entity unisim.LUT5 [\LUT5(init="00100000001000101000...]
Compiling architecture lut6_v of entity unisim.LUT6 [\LUT6(init="00101010101010101010...]
Compiling architecture structure of entity xil_defaultlib.\mbv_system_axi_iic_0_0_SRL_FIFO__parameterized0\ [\mbv_system_axi_iic_0_0_SRL_FIFO...]
Compiling architecture lut6_v of entity unisim.LUT6 [\LUT6(init="11111111111111101111...]
Compiling architecture lut5_v of entity unisim.LUT5 [\LUT5(init="11111111111100100000...]
Compiling architecture lut5_v of entity unisim.LUT5 [\LUT5(init="00010000111111111111...]
Compiling architecture lut5_v of entity unisim.LUT5 [\LUT5(init="01010101010101010101...]
Compiling architecture structure of entity xil_defaultlib.mbv_system_axi_iic_0_0_SRL_FIFO_0 [mbv_system_axi_iic_0_0_srl_fifo_...]
Compiling architecture lut6_v of entity unisim.LUT6 [\LUT6(init="01000100010001000100...]
Compiling architecture lut6_v of entity unisim.LUT6 [\LUT6(init="01000000000000001111...]
Compiling architecture lut4_v of entity unisim.LUT4 [\LUT4(init="0000011101110111")(0...]
Compiling architecture lut3_v of entity unisim.LUT3 [\LUT3(init="01101010")(0,7)\]
Compiling architecture lut4_v of entity unisim.LUT4 [\LUT4(init="0110101010101010")(0...]
Compiling architecture lut4_v of entity unisim.LUT4 [\LUT4(init="0000000011111110")(0...]
Compiling architecture lut5_v of entity unisim.LUT5 [\LUT5(init="00000000000000000100...]
Compiling architecture lut6_v of entity unisim.LUT6 [\LUT6(init="00000000000000000000...]
Compiling architecture lut6_v of entity unisim.LUT6 [\LUT6(init="00000000000000010000...]
Compiling architecture lut6_v of entity unisim.LUT6 [\LUT6(init="00000001000000000000...]
Compiling architecture lut6_v of entity unisim.LUT6 [\LUT6(init="00000000000000000000...]
Compiling architecture lut6_v of entity unisim.LUT6 [\LUT6(init="00000000000000000000...]
Compiling architecture lut6_v of entity unisim.LUT6 [\LUT6(init="00000000000000000000...]
Compiling architecture lut5_v of entity unisim.LUT5 [\LUT5(init="00000000000000000001...]
Compiling architecture lut6_v of entity unisim.LUT6 [\LUT6(init="00000000000000000000...]
Compiling architecture lut5_v of entity unisim.LUT5 [\LUT5(init="00000000000000000000...]
Compiling architecture lut6_v of entity unisim.LUT6 [\LUT6(init="10001011100010001000...]
Compiling architecture lut6_v of entity unisim.LUT6 [\LUT6(init="00001000000010000000...]
Compiling architecture lut4_v of entity unisim.LUT4 [\LUT4(init="0000111100001110")(0...]
Compiling architecture lut6_v of entity unisim.LUT6 [\LUT6(init="11111111111111111111...]
Compiling architecture lut6_v of entity unisim.LUT6 [\LUT6(init="10101011111110111111...]
Compiling architecture lut6_v of entity unisim.LUT6 [\LUT6(init="11111111111010101010...]
Compiling architecture lut6_v of entity unisim.LUT6 [\LUT6(init="00000000000000000000...]
Compiling architecture lut6_v of entity unisim.LUT6 [\LUT6(init="00000000000000000000...]
Compiling architecture lut6_v of entity unisim.LUT6 [\LUT6(init="01010101010101010101...]
Compiling architecture lut6_v of entity unisim.LUT6 [\LUT6(init="11111111111111111111...]
Compiling architecture lut5_v of entity unisim.LUT5 [\LUT5(init="11111111111111110000...]
Compiling architecture lut6_v of entity unisim.LUT6 [\LUT6(init="01000100010001000100...]
Compiling architecture lut6_v of entity unisim.LUT6 [\LUT6(init="00000000000000000000...]
Compiling architecture structure of entity xil_defaultlib.mbv_system_axi_iic_0_0_address_decoder [mbv_system_axi_iic_0_0_address_d...]
Compiling architecture lut5_v of entity unisim.LUT5 [\LUT5(init="00000011000000100000...]
Compiling architecture lut5_v of entity unisim.LUT5 [\LUT5(init="01110101010101010011...]
Compiling architecture lut6_v of entity unisim.LUT6 [\LUT6(init="11111111111011101111...]
Compiling architecture lut3_v of entity unisim.LUT3 [\LUT3(init="10101110")(0,7)\]
Compiling architecture lut6_v of entity unisim.LUT6 [\LUT6(init="00111000000010001111...]
Compiling architecture lut5_v of entity unisim.LUT5 [\LUT5(init="00110000101110110011...]
Compiling architecture lut6_v of entity unisim.LUT6 [\LUT6(init="11110100111111111111...]
Compiling architecture lut6_v of entity unisim.LUT6 [\LUT6(init="00000001000000010000...]
Compiling architecture lut6_v of entity unisim.LUT6 [\LUT6(init="10101000101010101010...]
Compiling architecture lut6_v of entity unisim.LUT6 [\LUT6(init="01010000010111110011...]
Compiling architecture lut6_v of entity unisim.LUT6 [\LUT6(init="00000000000000000000...]
Compiling architecture lut6_v of entity unisim.LUT6 [\LUT6(init="01000000010000000100...]
Compiling architecture lut6_v of entity unisim.LUT6 [\LUT6(init="00000000111000100000...]
Compiling architecture lut5_v of entity unisim.LUT5 [\LUT5(init="00000000000000000000...]
Compiling architecture lut5_v of entity unisim.LUT5 [\LUT5(init="11110011101110111111...]
Compiling architecture lut6_v of entity unisim.LUT6 [\LUT6(init="11111111000011111010...]
Compiling architecture structure of entity xil_defaultlib.mbv_system_axi_iic_0_0_slave_attachment [mbv_system_axi_iic_0_0_slave_att...]
Compiling architecture structure of entity xil_defaultlib.mbv_system_axi_iic_0_0_axi_lite_ipif [mbv_system_axi_iic_0_0_axi_lite_...]
Compiling architecture lut6_v of entity unisim.LUT6 [\LUT6(init="11111111111011111111...]
Compiling architecture lut5_v of entity unisim.LUT5 [\LUT5(init="10101010101010101010...]
Compiling architecture structure of entity xil_defaultlib.mbv_system_axi_iic_0_0_interrupt_control [mbv_system_axi_iic_0_0_interrupt...]
Compiling architecture lut4_v of entity unisim.LUT4 [\LUT4(init="0000000000001000")(0...]
Compiling architecture structure of entity xil_defaultlib.mbv_system_axi_iic_0_0_soft_reset [mbv_system_axi_iic_0_0_soft_rese...]
Compiling architecture structure of entity xil_defaultlib.mbv_system_axi_iic_0_0_axi_ipif_ssp1 [mbv_system_axi_iic_0_0_axi_ipif_...]
Compiling architecture structure of entity xil_defaultlib.mbv_system_axi_iic_0_0_iic [mbv_system_axi_iic_0_0_iic_defau...]
Compiling architecture structure of entity xil_defaultlib.mbv_system_axi_iic_0_0_axi_iic [mbv_system_axi_iic_0_0_axi_iic_d...]
Compiling architecture structure of entity xil_defaultlib.mbv_system_axi_iic_0_0 [mbv_system_axi_iic_0_0_default]
Compiling architecture lut6_v of entity unisim.LUT6 [\LUT6(init="10001000100010001000...]
Compiling architecture lut6_v of entity unisim.LUT6 [\LUT6(init="00000000100000001111...]
Compiling architecture lut6_v of entity unisim.LUT6 [\LUT6(init="11111111111111111000...]
Compiling architecture lut4_v of entity unisim.LUT4 [\LUT4(init="0000000000100000")(0...]
Compiling architecture lut4_v of entity unisim.LUT4 [\LUT4(init="0000010000000000")(0...]
Compiling architecture lut6_v of entity unisim.LUT6 [\LUT6(init="10101010101010101010...]
Compiling architecture lut6_v of entity unisim.LUT6 [\LUT6(init="01010101010101010101...]
Compiling architecture lut4_v of entity unisim.LUT4 [\LUT4(init="1111111100100000")(0...]
Compiling architecture lut6_v of entity unisim.LUT6 [\LUT6(init="10101010101010101010...]
Compiling architecture lut6_v of entity unisim.LUT6 [\LUT6(init="01000111000000001111...]
Compiling architecture lut6_v of entity unisim.LUT6 [\LUT6(init="11111101000000001111...]
Compiling architecture lut5_v of entity unisim.LUT5 [\LUT5(init="00000000000000001111...]
Compiling architecture lut6_v of entity unisim.LUT6 [\LUT6(init="01010111000000001111...]
Compiling architecture lut6_v of entity unisim.LUT6 [\LUT6(init="00000000111100100000...]
Compiling architecture lut6_v of entity unisim.LUT6 [\LUT6(init="11111111111111101111...]
Compiling architecture lut6_v of entity unisim.LUT6 [\LUT6(init="11110001000000001111...]
Compiling architecture structure of entity xil_defaultlib.mbv_system_mbv_riscv_axi_intc_1_address_decoder [mbv_system_mbv_riscv_axi_intc_1_...]
Compiling architecture lut6_v of entity unisim.LUT6 [\LUT6(init="01000000000000001111...]
Compiling architecture lut5_v of entity unisim.LUT5 [\LUT5(init="00000000010001000000...]
Compiling architecture lut5_v of entity unisim.LUT5 [\LUT5(init="11111111101110111111...]
Compiling architecture lut6_v of entity unisim.LUT6 [\LUT6(init="00000000000000000000...]
Compiling architecture lut4_v of entity unisim.LUT4 [\LUT4(init="0001000000000000")(0...]
Compiling architecture lut6_v of entity unisim.LUT6 [\LUT6(init="00000000000000000000...]
Compiling architecture lut5_v of entity unisim.LUT5 [\LUT5(init="00000111000011110000...]
Compiling architecture lut5_v of entity unisim.LUT5 [\LUT5(init="00000000000011110000...]
Compiling architecture lut5_v of entity unisim.LUT5 [\LUT5(init="00111111101110110011...]
Compiling architecture lut6_v of entity unisim.LUT6 [\LUT6(init="00001111111111111010...]
Compiling architecture structure of entity xil_defaultlib.mbv_system_mbv_riscv_axi_intc_1_slave_attachment [mbv_system_mbv_riscv_axi_intc_1_...]
Compiling architecture structure of entity xil_defaultlib.mbv_system_mbv_riscv_axi_intc_1_axi_lite_ipif [mbv_system_mbv_riscv_axi_intc_1_...]
Compiling architecture lut3_v of entity unisim.LUT3 [\LUT3(init="00110010")(0,7)\]
Compiling architecture lut6_v of entity unisim.LUT6 [\LUT6(init="00000010000000100000...]
Compiling architecture lut5_v of entity unisim.LUT5 [\LUT5(init="10101010111011101010...]
Compiling architecture lut4_v of entity unisim.LUT4 [\LUT4(init="0000010100110000")(0...]
Compiling architecture lut6_v of entity unisim.LUT6 [\LUT6(init="01010101010101010101...]
Compiling architecture lut6_v of entity unisim.LUT6 [\LUT6(init="00001111000000000101...]
Compiling architecture lut5_v of entity unisim.LUT5 [\LUT5(init="00000000000000001010...]
Compiling architecture ram32x1d_v of entity unisim.RAM32X1D [ram32x1d_default]
Compiling architecture ram32x1d_v of entity unisim.RAM32X1D [\RAM32X1D(init="0000000000000000...]
Compiling architecture structure of entity xil_defaultlib.mbv_system_mbv_riscv_axi_intc_1_shared_ram_ivar [mbv_system_mbv_riscv_axi_intc_1_...]
Compiling architecture lut6_v of entity unisim.LUT6 [\LUT6(init="11110000111100001111...]
Compiling architecture lut4_v of entity unisim.LUT4 [\LUT4(init="0000100010001000")(0...]
Compiling architecture lut6_v of entity unisim.LUT6 [\LUT6(init="01110000011101110111...]
Compiling architecture lut6_v of entity unisim.LUT6 [\LUT6(init="10001111111111111000...]
Compiling architecture lut6_v of entity unisim.LUT6 [\LUT6(init="01111111011111110111...]
Compiling architecture lut6_v of entity unisim.LUT6 [\LUT6(init="00001100000011000000...]
Compiling architecture lut5_v of entity unisim.LUT5 [\LUT5(init="11111000100010001111...]
Compiling architecture lut5_v of entity unisim.LUT5 [\LUT5(init="11111111111111111111...]
Compiling architecture lut6_v of entity unisim.LUT6 [\LUT6(init="11111111111111111111...]
Compiling architecture lut6_v of entity unisim.LUT6 [\LUT6(init="00000000000000000000...]
Compiling architecture lut6_v of entity unisim.LUT6 [\LUT6(init="00000000000000000000...]
Compiling architecture lut6_v of entity unisim.LUT6 [\LUT6(init="00000000000000000000...]
Compiling architecture lut6_v of entity unisim.LUT6 [\LUT6(init="00000000000000000100...]
Compiling architecture lut6_v of entity unisim.LUT6 [\LUT6(init="00000000000100000000...]
Compiling architecture lut6_v of entity unisim.LUT6 [\LUT6(init="00000000000000000000...]
Compiling architecture lut6_v of entity unisim.LUT6 [\LUT6(init="00010000000000000000...]
Compiling architecture lut6_v of entity unisim.LUT6 [\LUT6(init="00000000000000000000...]
Compiling architecture lut6_v of entity unisim.LUT6 [\LUT6(init="01000000000000000000...]
Compiling architecture lut5_v of entity unisim.LUT5 [\LUT5(init="11111111111110001111...]
Compiling architecture lut6_v of entity unisim.LUT6 [\LUT6(init="11111111111111111111...]
Compiling architecture lut6_v of entity unisim.LUT6 [\LUT6(init="00000000000000000000...]
Compiling architecture lut6_v of entity unisim.LUT6 [\LUT6(init="00000011000000000000...]
Compiling architecture lut6_v of entity unisim.LUT6 [\LUT6(init="11111100111111111111...]
Compiling architecture structure of entity xil_defaultlib.mbv_system_mbv_riscv_axi_intc_1_intc_core [mbv_system_mbv_riscv_axi_intc_1_...]
Compiling architecture structure of entity xil_defaultlib.mbv_system_mbv_riscv_axi_intc_1_axi_intc [mbv_system_mbv_riscv_axi_intc_1_...]
Compiling architecture structure of entity xil_defaultlib.mbv_system_mbv_riscv_axi_intc_1 [mbv_system_mbv_riscv_axi_intc_1_...]
Compiling architecture lut6_v of entity unisim.LUT6 [\LUT6(init="11111111111111111111...]
Compiling architecture lut4_v of entity unisim.LUT4 [\LUT4(init="0000000100010001")(0...]
Compiling architecture lut3_v of entity unisim.LUT3 [\LUT3(init="00101010")(0,7)\]
Compiling architecture structure of entity xil_defaultlib.mbv_system_axi_quad_spi_0_1_qspi_cntrl_reg [mbv_system_axi_quad_spi_0_1_qspi...]
Compiling architecture lut3_v of entity unisim.LUT3 [\LUT3(init="10111110")(0,7)\]
Compiling architecture lut6_v of entity unisim.LUT6 [\LUT6(init="11111111111111111111...]
Compiling architecture lut6_v of entity unisim.LUT6 [\LUT6(init="00000000000010010000...]
Compiling architecture lut5_v of entity unisim.LUT5 [\LUT5(init="01111000111111111111...]
Compiling architecture lut5_v of entity unisim.LUT5 [\LUT5(init="10111000101110111011...]
Compiling architecture lut4_v of entity unisim.LUT4 [\LUT4(init="1111111111111101")(0...]
Compiling architecture lut5_v of entity unisim.LUT5 [\LUT5(init="11111111111111111111...]
Compiling architecture lut4_v of entity unisim.LUT4 [\LUT4(init="1010101010010110")(0...]
Compiling architecture lut6_v of entity unisim.LUT6 [\LUT6(init="11111111111111111111...]
Compiling architecture lut6_v of entity unisim.LUT6 [\LUT6(init="00000000000000000000...]
Compiling architecture lut6_v of entity unisim.LUT6 [\LUT6(init="11111111111111111111...]
Compiling architecture lut6_v of entity unisim.LUT6 [\LUT6(init="00100000000000000000...]
Compiling architecture lut6_v of entity unisim.LUT6 [\LUT6(init="11111111111111111111...]
Compiling architecture lut6_v of entity unisim.LUT6 [\LUT6(init="00000000000000001111...]
Compiling architecture lut5_v of entity unisim.LUT5 [\LUT5(init="00000000000000000010...]
Compiling architecture lut5_v of entity unisim.LUT5 [\LUT5(init="11111111111110001111...]
Compiling architecture lut6_v of entity unisim.LUT6 [\LUT6(init="11111111111111111111...]
Compiling architecture structure of entity xil_defaultlib.mbv_system_axi_quad_spi_0_1_cross_clk_sync_fifo_1 [mbv_system_axi_quad_spi_0_1_cros...]
Compiling architecture lut4_v of entity unisim.LUT4 [\LUT4(init="1110000000000000")(0...]
Compiling architecture structure of entity xil_defaultlib.mbv_system_axi_quad_spi_0_1_qspi_fifo_ifmodule [mbv_system_axi_quad_spi_0_1_qspi...]
Compiling architecture structure of entity xil_defaultlib.\mbv_system_axi_quad_spi_0_1_xpm_cdc_single__1\ [\mbv_system_axi_quad_spi_0_1_xpm...]
Compiling architecture structure of entity xil_defaultlib.mbv_system_axi_quad_spi_0_1_xpm_cdc_single [mbv_system_axi_quad_spi_0_1_xpm_...]
Compiling architecture lut4_v of entity unisim.LUT4 [\LUT4(init="0110101010000101")(0...]
Compiling architecture lut4_v of entity unisim.LUT4 [\LUT4(init="0011111111110000")(0...]
Compiling architecture lut6_v of entity unisim.LUT6 [\LUT6(init="01111111111111111111...]
Compiling architecture lut6_v of entity unisim.LUT6 [\LUT6(init="00000000000000000000...]
Compiling architecture structure of entity xil_defaultlib.mbv_system_axi_quad_spi_0_1_xpm_counter_updn_4 [mbv_system_axi_quad_spi_0_1_xpm_...]
Compiling architecture structure of entity xil_defaultlib.\mbv_system_axi_quad_spi_0_1_xpm_cdc_gray__parameterized1__1\ [\mbv_system_axi_quad_spi_0_1_xpm...]
Compiling architecture structure of entity xil_defaultlib.\mbv_system_axi_quad_spi_0_1_xpm_cdc_gray__2\ [\mbv_system_axi_quad_spi_0_1_xpm...]
Compiling architecture lut6_v of entity unisim.LUT6 [\LUT6(init="00000000000000000000...]
Compiling architecture lut6_v of entity unisim.LUT6 [\LUT6(init="10010000000010010000...]
Compiling architecture lut5_v of entity unisim.LUT5 [\LUT5(init="11111111111111110000...]
Compiling architecture structure of entity xil_defaultlib.mbv_system_axi_quad_spi_0_1_xpm_fifo_reg_vec_5 [mbv_system_axi_quad_spi_0_1_xpm_...]
Compiling architecture structure of entity xil_defaultlib.\mbv_system_axi_quad_spi_0_1_xpm_fifo_reg_vec__parameterized0_6\ [\mbv_system_axi_quad_spi_0_1_xpm...]
Compiling architecture lut6_v of entity unisim.LUT6 [\LUT6(init="11111111111111111111...]
Compiling architecture structure of entity xil_defaultlib.mbv_system_axi_quad_spi_0_1_xpm_fifo_reg_vec_7 [mbv_system_axi_quad_spi_0_1_xpm_...]
Compiling architecture structure of entity xil_defaultlib.\mbv_system_axi_quad_spi_0_1_xpm_fifo_reg_vec__parameterized0_8\ [\mbv_system_axi_quad_spi_0_1_xpm...]
Compiling architecture structure of entity xil_defaultlib.\mbv_system_axi_quad_spi_0_1_xpm_cdc_gray__parameterized0__1\ [\mbv_system_axi_quad_spi_0_1_xpm...]
Compiling architecture structure of entity xil_defaultlib.\mbv_system_axi_quad_spi_0_1_xpm_cdc_gray__1\ [\mbv_system_axi_quad_spi_0_1_xpm...]
Compiling architecture lut4_v of entity unisim.LUT4 [\LUT4(init="1111001110000000")(0...]
Compiling architecture lut5_v of entity unisim.LUT5 [\LUT5(init="11111101110111010100...]
Compiling architecture lut4_v of entity unisim.LUT4 [\LUT4(init="0011010101110101")(0...]
Compiling architecture lut6_v of entity unisim.LUT6 [\LUT6(init="00000000000000000000...]
Compiling architecture lut6_v of entity unisim.LUT6 [\LUT6(init="00000000000000000000...]
Compiling architecture lut6_v of entity unisim.LUT6 [\LUT6(init="10101111111111111111...]
Compiling architecture lut4_v of entity unisim.LUT4 [\LUT4(init="0010110111010010")(0...]
Compiling architecture lut4_v of entity unisim.LUT4 [\LUT4(init="1001011001101001")(0...]
Compiling architecture structure of entity xil_defaultlib.\mbv_system_axi_quad_spi_0_1_xpm_counter_updn__parameterized1_9\ [\mbv_system_axi_quad_spi_0_1_xpm...]
Compiling architecture rb18_internal_vhdl_v of entity unisim.RB18_INTERNAL_VHDL [\RB18_INTERNAL_VHDL(bram_size=18...]
Compiling architecture ramb18e1_v of entity unisim.RAMB18E1 [\RAMB18E1(doa_reg=1,dob_reg=1,ra...]
Compiling architecture structure of entity xil_defaultlib.\mbv_system_axi_quad_spi_0_1_xpm_memory_base__1\ [\mbv_system_axi_quad_spi_0_1_xpm...]
Compiling architecture lut3_v of entity unisim.LUT3 [\LUT3(init="01100010")(0,7)\]
Compiling architecture lut5_v of entity unisim.LUT5 [\LUT5(init="10101011101010100101...]
Compiling architecture lut5_v of entity unisim.LUT5 [\LUT5(init="00000010111111111111...]
Compiling architecture lut6_v of entity unisim.LUT6 [\LUT6(init="00000000000000001010...]
Compiling architecture lut6_v of entity unisim.LUT6 [\LUT6(init="11111111111111111111...]
Compiling architecture lut6_v of entity unisim.LUT6 [\LUT6(init="11111111111111111111...]
Compiling architecture lut5_v of entity unisim.LUT5 [\LUT5(init="11111111111111100000...]
Compiling architecture lut4_v of entity unisim.LUT4 [\LUT4(init="1111111000000001")(0...]
Compiling architecture lut6_v of entity unisim.LUT6 [\LUT6(init="11111111111111111110...]
Compiling architecture lut6_v of entity unisim.LUT6 [\LUT6(init="11111011111110111011...]
Compiling architecture lut5_v of entity unisim.LUT5 [\LUT5(init="10110000111110110100...]
Compiling architecture lut3_v of entity unisim.LUT3 [\LUT3(init="11010100")(0,7)\]
Compiling architecture lut4_v of entity unisim.LUT4 [\LUT4(init="1011010001001011")(0...]
Compiling architecture structure of entity xil_defaultlib.\mbv_system_axi_quad_spi_0_1_xpm_counter_updn__parameterized2_10\ [\mbv_system_axi_quad_spi_0_1_xpm...]
Compiling architecture lut4_v of entity unisim.LUT4 [\LUT4(init="0001000011101111")(0...]
Compiling architecture structure of entity xil_defaultlib.\mbv_system_axi_quad_spi_0_1_xpm_counter_updn__parameterized3_11\ [\mbv_system_axi_quad_spi_0_1_xpm...]
Compiling architecture lut3_v of entity unisim.LUT3 [\LUT3(init="11110100")(0,7)\]
Compiling architecture lut6_v of entity unisim.LUT6 [\LUT6(init="00000000000000000000...]
Compiling architecture structure of entity xil_defaultlib.mbv_system_axi_quad_spi_0_1_xpm_fifo_reg_bit_12 [mbv_system_axi_quad_spi_0_1_xpm_...]
Compiling architecture structure of entity xil_defaultlib.\mbv_system_axi_quad_spi_0_1_xpm_counter_updn__parameterized2_13\ [\mbv_system_axi_quad_spi_0_1_xpm...]
Compiling architecture structure of entity xil_defaultlib.\mbv_system_axi_quad_spi_0_1_xpm_counter_updn__parameterized3_14\ [\mbv_system_axi_quad_spi_0_1_xpm...]
Compiling architecture structure of entity xil_defaultlib.\mbv_system_axi_quad_spi_0_1_xpm_counter_updn__parameterized0_15\ [\mbv_system_axi_quad_spi_0_1_xpm...]
Compiling architecture structure of entity xil_defaultlib.\mbv_system_axi_quad_spi_0_1_xpm_cdc_sync_rst__1\ [\mbv_system_axi_quad_spi_0_1_xpm...]
Compiling architecture structure of entity xil_defaultlib.\mbv_system_axi_quad_spi_0_1_xpm_cdc_sync_rst__3\ [\mbv_system_axi_quad_spi_0_1_xpm...]
Compiling architecture lut3_v of entity unisim.LUT3 [\LUT3(init="10101011")(0,7)\]
Compiling architecture structure of entity xil_defaultlib.mbv_system_axi_quad_spi_0_1_xpm_fifo_rst_16 [mbv_system_axi_quad_spi_0_1_xpm_...]
Compiling architecture structure of entity xil_defaultlib.mbv_system_axi_quad_spi_0_1_xpm_fifo_base [mbv_system_axi_quad_spi_0_1_xpm_...]
Compiling architecture structure of entity xil_defaultlib.mbv_system_axi_quad_spi_0_1_xpm_fifo_async [mbv_system_axi_quad_spi_0_1_xpm_...]
Compiling architecture structure of entity xil_defaultlib.mbv_system_axi_quad_spi_0_1_counter_f [mbv_system_axi_quad_spi_0_1_coun...]
Compiling architecture structure of entity xil_defaultlib.mbv_system_axi_quad_spi_0_1_xpm_counter_updn [mbv_system_axi_quad_spi_0_1_xpm_...]
Compiling architecture structure of entity xil_defaultlib.\mbv_system_axi_quad_spi_0_1_xpm_cdc_gray__parameterized1\ [\mbv_system_axi_quad_spi_0_1_xpm...]
Compiling architecture structure of entity xil_defaultlib.mbv_system_axi_quad_spi_0_1_xpm_cdc_gray [mbv_system_axi_quad_spi_0_1_xpm_...]
Compiling architecture lut6_v of entity unisim.LUT6 [\LUT6(init="11111111000000001111...]
Compiling architecture lut5_v of entity unisim.LUT5 [\LUT5(init="11101010111010100000...]
Compiling architecture structure of entity xil_defaultlib.mbv_system_axi_quad_spi_0_1_xpm_fifo_reg_vec [mbv_system_axi_quad_spi_0_1_xpm_...]
Compiling architecture structure of entity xil_defaultlib.\mbv_system_axi_quad_spi_0_1_xpm_fifo_reg_vec__parameterized0\ [\mbv_system_axi_quad_spi_0_1_xpm...]
Compiling architecture structure of entity xil_defaultlib.mbv_system_axi_quad_spi_0_1_xpm_fifo_reg_vec_0 [mbv_system_axi_quad_spi_0_1_xpm_...]
Compiling architecture structure of entity xil_defaultlib.\mbv_system_axi_quad_spi_0_1_xpm_fifo_reg_vec__parameterized0_1\ [\mbv_system_axi_quad_spi_0_1_xpm...]
Compiling architecture structure of entity xil_defaultlib.\mbv_system_axi_quad_spi_0_1_xpm_cdc_gray__parameterized0\ [\mbv_system_axi_quad_spi_0_1_xpm...]
Compiling architecture structure of entity xil_defaultlib.\mbv_system_axi_quad_spi_0_1_xpm_cdc_gray__3\ [\mbv_system_axi_quad_spi_0_1_xpm...]
Compiling architecture structure of entity xil_defaultlib.\mbv_system_axi_quad_spi_0_1_xpm_counter_updn__parameterized1\ [\mbv_system_axi_quad_spi_0_1_xpm...]
Compiling architecture structure of entity xil_defaultlib.mbv_system_axi_quad_spi_0_1_xpm_memory_base [mbv_system_axi_quad_spi_0_1_xpm_...]
Compiling architecture structure of entity xil_defaultlib.\mbv_system_axi_quad_spi_0_1_xpm_counter_updn__parameterized2\ [\mbv_system_axi_quad_spi_0_1_xpm...]
Compiling architecture structure of entity xil_defaultlib.\mbv_system_axi_quad_spi_0_1_xpm_counter_updn__parameterized3\ [\mbv_system_axi_quad_spi_0_1_xpm...]
Compiling architecture lut5_v of entity unisim.LUT5 [\LUT5(init="11110011101000100000...]
Compiling architecture structure of entity xil_defaultlib.mbv_system_axi_quad_spi_0_1_xpm_fifo_reg_bit [mbv_system_axi_quad_spi_0_1_xpm_...]
Compiling architecture structure of entity xil_defaultlib.\mbv_system_axi_quad_spi_0_1_xpm_counter_updn__parameterized2_2\ [\mbv_system_axi_quad_spi_0_1_xpm...]
Compiling architecture structure of entity xil_defaultlib.\mbv_system_axi_quad_spi_0_1_xpm_counter_updn__parameterized3_3\ [\mbv_system_axi_quad_spi_0_1_xpm...]
Compiling architecture structure of entity xil_defaultlib.\mbv_system_axi_quad_spi_0_1_xpm_counter_updn__parameterized0\ [\mbv_system_axi_quad_spi_0_1_xpm...]
Compiling architecture structure of entity xil_defaultlib.mbv_system_axi_quad_spi_0_1_xpm_cdc_sync_rst [mbv_system_axi_quad_spi_0_1_xpm_...]
Compiling architecture structure of entity xil_defaultlib.\mbv_system_axi_quad_spi_0_1_xpm_cdc_sync_rst__2\ [\mbv_system_axi_quad_spi_0_1_xpm...]
Compiling architecture structure of entity xil_defaultlib.mbv_system_axi_quad_spi_0_1_xpm_fifo_rst [mbv_system_axi_quad_spi_0_1_xpm_...]
Compiling architecture structure of entity xil_defaultlib.\mbv_system_axi_quad_spi_0_1_xpm_fifo_base__parameterized0\ [\mbv_system_axi_quad_spi_0_1_xpm...]
Compiling architecture structure of entity xil_defaultlib.\mbv_system_axi_quad_spi_0_1_xpm_fifo_async__parameterized1\ [\mbv_system_axi_quad_spi_0_1_xpm...]
Compiling architecture lut5_v of entity unisim.LUT5 [\LUT5(init="01111000111111110111...]
Compiling architecture lut6_v of entity unisim.LUT6 [\LUT6(init="01111000011110000111...]
Compiling architecture lut6_v of entity unisim.LUT6 [\LUT6(init="11111111111111110111...]
Compiling architecture lut6_v of entity unisim.LUT6 [\LUT6(init="11111111111111101111...]
Compiling architecture lut5_v of entity unisim.LUT5 [\LUT5(init="10101010101010001010...]
Compiling architecture lut6_v of entity unisim.LUT6 [\LUT6(init="00000000000000000000...]
Compiling architecture lut6_v of entity unisim.LUT6 [\LUT6(init="00000000000000000000...]
Compiling architecture structure of entity xil_defaultlib.mbv_system_axi_quad_spi_0_1_interrupt_control [mbv_system_axi_quad_spi_0_1_inte...]
Compiling architecture lut6_v of entity unisim.LUT6 [\LUT6(init="00000000000000000000...]
Compiling architecture lut6_v of entity unisim.LUT6 [\LUT6(init="11111111111111111111...]
Compiling architecture lut6_v of entity unisim.LUT6 [\LUT6(init="00000000000011110000...]
Compiling architecture lut6_v of entity unisim.LUT6 [\LUT6(init="00000000000000000000...]
Compiling architecture lut3_v of entity unisim.LUT3 [\LUT3(init="10011010")(0,7)\]
Compiling architecture lut4_v of entity unisim.LUT4 [\LUT4(init="0001010101000000")(0...]
Compiling architecture lut5_v of entity unisim.LUT5 [\LUT5(init="00010101010101010100...]
Compiling architecture lut6_v of entity unisim.LUT6 [\LUT6(init="00010101010101010101...]
Compiling architecture lut6_v of entity unisim.LUT6 [\LUT6(init="01010101000101010101...]
Compiling architecture lut5_v of entity unisim.LUT5 [\LUT5(init="11111111111111111101...]
Compiling architecture lut6_v of entity unisim.LUT6 [\LUT6(init="00100000001000000010...]
Compiling architecture lut6_v of entity unisim.LUT6 [\LUT6(init="00000000000000000000...]
Compiling architecture lut5_v of entity unisim.LUT5 [\LUT5(init="11111111101010011111...]
Compiling architecture lut5_v of entity unisim.LUT5 [\LUT5(init="11111111110000111111...]
Compiling architecture lut5_v of entity unisim.LUT5 [\LUT5(init="11111111000011111111...]
Compiling architecture lut6_v of entity unisim.LUT6 [\LUT6(init="00010000000111110001...]
Compiling architecture lut6_v of entity unisim.LUT6 [\LUT6(init="11110111111111111111...]
Compiling architecture lut5_v of entity unisim.LUT5 [\LUT5(init="11001010110011111100...]
Compiling architecture lut6_v of entity unisim.LUT6 [\LUT6(init="11110010111111111111...]
Compiling architecture lut5_v of entity unisim.LUT5 [\LUT5(init="00000000000001100000...]
Compiling architecture lut6_v of entity unisim.LUT6 [\LUT6(init="00000000000000000000...]
Compiling architecture lut6_v of entity unisim.LUT6 [\LUT6(init="00000000000000001010...]
Compiling architecture lut6_v of entity unisim.LUT6 [\LUT6(init="10011111111111111001...]
Compiling architecture lut5_v of entity unisim.LUT5 [\LUT5(init="10111010101010101000...]
Compiling architecture lut6_v of entity unisim.LUT6 [\LUT6(init="00000000000000000000...]
Compiling architecture lut6_v of entity unisim.LUT6 [\LUT6(init="00000000000000000000...]
Compiling architecture lut6_v of entity unisim.LUT6 [\LUT6(init="00000000000000000000...]
Compiling architecture lut4_v of entity unisim.LUT4 [\LUT4(init="1110101100101000")(0...]
Compiling architecture lut4_v of entity unisim.LUT4 [\LUT4(init="1000100011001000")(0...]
Compiling architecture lut6_v of entity unisim.LUT6 [\LUT6(init="11111111010101011111...]
Compiling architecture lut4_v of entity unisim.LUT4 [\LUT4(init="1111111111001000")(0...]
Compiling architecture structure of entity xil_defaultlib.mbv_system_axi_quad_spi_0_1_qspi_mode_0_module [mbv_system_axi_quad_spi_0_1_qspi...]
Compiling architecture structure of entity xil_defaultlib.mbv_system_axi_quad_spi_0_1_reset_sync_module [mbv_system_axi_quad_spi_0_1_rese...]
Compiling architecture lut6_v of entity unisim.LUT6 [\LUT6(init="00000000000000000000...]
Compiling architecture structure of entity xil_defaultlib.mbv_system_axi_quad_spi_0_1_soft_reset [mbv_system_axi_quad_spi_0_1_soft...]
Compiling architecture structure of entity xil_defaultlib.mbv_system_axi_quad_spi_0_1_qspi_status_slave_sel_reg [mbv_system_axi_quad_spi_0_1_qspi...]
Compiling architecture lut6_v of entity unisim.LUT6 [\LUT6(init="00000000000000000000...]
Compiling architecture lut3_v of entity unisim.LUT3 [\LUT3(init="01010110")(0,7)\]
Compiling architecture lut4_v of entity unisim.LUT4 [\LUT4(init="0101010101010110")(0...]
Compiling architecture lut5_v of entity unisim.LUT5 [\LUT5(init="01010101010101010101...]
Compiling architecture lut6_v of entity unisim.LUT6 [\LUT6(init="01010101010101010101...]
Compiling architecture lut6_v of entity unisim.LUT6 [\LUT6(init="01010101010101010000...]
Compiling architecture lut5_v of entity unisim.LUT5 [\LUT5(init="01010101000000000000...]
Compiling architecture lut6_v of entity unisim.LUT6 [\LUT6(init="00000000000000000010...]
Compiling architecture structure of entity xil_defaultlib.mbv_system_axi_quad_spi_0_1_qspi_core_interface [mbv_system_axi_quad_spi_0_1_qspi...]
Compiling architecture lut4_v of entity unisim.LUT4 [\LUT4(init="1000110111111111")(0...]
Compiling architecture lut5_v of entity unisim.LUT5 [\LUT5(init="11111111111111111011...]
Compiling architecture lut6_v of entity unisim.LUT6 [\LUT6(init="11111111111111110000...]
Compiling architecture lut5_v of entity unisim.LUT5 [\LUT5(init="11111111100000001000...]
Compiling architecture lut5_v of entity unisim.LUT5 [\LUT5(init="11111111010000000100...]
Compiling architecture lut5_v of entity unisim.LUT5 [\LUT5(init="11101110101011101010...]
Compiling architecture lut5_v of entity unisim.LUT5 [\LUT5(init="01010101010101010000...]
Compiling architecture lut6_v of entity unisim.LUT6 [\LUT6(init="10101110101010101010...]
Compiling architecture lut5_v of entity unisim.LUT5 [\LUT5(init="10101010101010101000...]
Compiling architecture lut6_v of entity unisim.LUT6 [\LUT6(init="00000000001000001111...]
Compiling architecture lut5_v of entity unisim.LUT5 [\LUT5(init="11111111011111111010...]
Compiling architecture lut6_v of entity unisim.LUT6 [\LUT6(init="00000000000000000000...]
Compiling architecture lut5_v of entity unisim.LUT5 [\LUT5(init="11111111111111110000...]
Compiling architecture lut5_v of entity unisim.LUT5 [\LUT5(init="00000000111111110000...]
Compiling architecture lut6_v of entity unisim.LUT6 [\LUT6(init="00000000000000000000...]
Compiling architecture lut6_v of entity unisim.LUT6 [\LUT6(init="00000000000000000000...]
Compiling architecture lut6_v of entity unisim.LUT6 [\LUT6(init="00000000000000000000...]
Compiling architecture lut5_v of entity unisim.LUT5 [\LUT5(init="11111111111111101111...]
Compiling architecture lut6_v of entity unisim.LUT6 [\LUT6(init="11111111111111111111...]
Compiling architecture lut5_v of entity unisim.LUT5 [\LUT5(init="11111111101110111011...]
Compiling architecture lut5_v of entity unisim.LUT5 [\LUT5(init="00000000000000100010...]
Compiling architecture lut5_v of entity unisim.LUT5 [\LUT5(init="10000000100010001000...]
Compiling architecture lut5_v of entity unisim.LUT5 [\LUT5(init="00000000000010001000...]
Compiling architecture lut6_v of entity unisim.LUT6 [\LUT6(init="01000111000000000000...]
Compiling architecture lut6_v of entity unisim.LUT6 [\LUT6(init="10001010100000000000...]
Compiling architecture lut6_v of entity unisim.LUT6 [\LUT6(init="00000000000000000000...]
Compiling architecture lut5_v of entity unisim.LUT5 [\LUT5(init="00000000000010101100...]
Compiling architecture lut6_v of entity unisim.LUT6 [\LUT6(init="01000101010000000000...]
Compiling architecture lut6_v of entity unisim.LUT6 [\LUT6(init="01010000010100000011...]
Compiling architecture lut5_v of entity unisim.LUT5 [\LUT5(init="01000111000000000000...]
Compiling architecture lut6_v of entity unisim.LUT6 [\LUT6(init="00000000010001110000...]
Compiling architecture lut5_v of entity unisim.LUT5 [\LUT5(init="00100010001000000000...]
Compiling architecture lut6_v of entity unisim.LUT6 [\LUT6(init="00000000000000000000...]
Compiling architecture lut6_v of entity unisim.LUT6 [\LUT6(init="00000010000000000000...]
Compiling architecture lut6_v of entity unisim.LUT6 [\LUT6(init="00000000000000000000...]
Compiling architecture lut5_v of entity unisim.LUT5 [\LUT5(init="00000000000001010011...]
Compiling architecture lut5_v of entity unisim.LUT5 [\LUT5(init="10101000000010000000...]
Compiling architecture lut6_v of entity unisim.LUT6 [\LUT6(init="00010000000100010001...]
Compiling architecture lut6_v of entity unisim.LUT6 [\LUT6(init="00000000000000000000...]
Compiling architecture lut6_v of entity unisim.LUT6 [\LUT6(init="11000000101010101100...]
Compiling architecture lut6_v of entity unisim.LUT6 [\LUT6(init="11111111111111111111...]
Compiling architecture lut4_v of entity unisim.LUT4 [\LUT4(init="1010101010000000")(0...]
Compiling architecture lut6_v of entity unisim.LUT6 [\LUT6(init="11111110111111101111...]
Compiling architecture lut5_v of entity unisim.LUT5 [\LUT5(init="01001111010011111111...]
Compiling architecture lut5_v of entity unisim.LUT5 [\LUT5(init="00000001010100010000...]
Compiling architecture lut6_v of entity unisim.LUT6 [\LUT6(init="00000000000000000100...]
Compiling architecture lut6_v of entity unisim.LUT6 [\LUT6(init="00000000000000001000...]
Compiling architecture lut6_v of entity unisim.LUT6 [\LUT6(init="00000000000000000000...]
Compiling architecture lut6_v of entity unisim.LUT6 [\LUT6(init="00000000000000000000...]
Compiling architecture lut6_v of entity unisim.LUT6 [\LUT6(init="00001100000000000000...]
Compiling architecture lut5_v of entity unisim.LUT5 [\LUT5(init="00000000000000001010...]
Compiling architecture lut6_v of entity unisim.LUT6 [\LUT6(init="00000000010000000100...]
Compiling architecture lut6_v of entity unisim.LUT6 [\LUT6(init="01000100000000000100...]
Compiling architecture lut6_v of entity unisim.LUT6 [\LUT6(init="00000000000000000101...]
Compiling architecture lut5_v of entity unisim.LUT5 [\LUT5(init="10100000101000001010...]
Compiling architecture lut5_v of entity unisim.LUT5 [\LUT5(init="00000000110011000000...]
Compiling architecture lut6_v of entity unisim.LUT6 [\LUT6(init="00000000000000000000...]
Compiling architecture lut5_v of entity unisim.LUT5 [\LUT5(init="11110000100000001000...]
Compiling architecture lut5_v of entity unisim.LUT5 [\LUT5(init="11110100111101001111...]
Compiling architecture lut6_v of entity unisim.LUT6 [\LUT6(init="01110111011101110111...]
Compiling architecture lut6_v of entity unisim.LUT6 [\LUT6(init="11111111000000001000...]
Compiling architecture lut4_v of entity unisim.LUT4 [\LUT4(init="1011111111111111")(0...]
Compiling architecture lut5_v of entity unisim.LUT5 [\LUT5(init="11110100010001000100...]
Compiling architecture lut5_v of entity unisim.LUT5 [\LUT5(init="11111111111111111111...]
Compiling architecture lut6_v of entity unisim.LUT6 [\LUT6(init="01010101010101010101...]
Compiling architecture structure of entity xil_defaultlib.mbv_system_axi_quad_spi_0_1_qspi_address_decoder [mbv_system_axi_quad_spi_0_1_qspi...]
Compiling architecture lut4_v of entity unisim.LUT4 [\LUT4(init="1110001000000000")(0...]
Compiling architecture lut6_v of entity unisim.LUT6 [\LUT6(init="10001000111110001000...]
Compiling architecture lut6_v of entity unisim.LUT6 [\LUT6(init="10111011101110111010...]
Compiling architecture lut6_v of entity unisim.LUT6 [\LUT6(init="11111111111111111111...]
Compiling architecture lut6_v of entity unisim.LUT6 [\LUT6(init="00000000000000000000...]
Compiling architecture lut5_v of entity unisim.LUT5 [\LUT5(init="10111000000000001011...]
Compiling architecture lut6_v of entity unisim.LUT6 [\LUT6(init="10111000111111111011...]
Compiling architecture lut6_v of entity unisim.LUT6 [\LUT6(init="10111000000000001011...]
Compiling architecture lut4_v of entity unisim.LUT4 [\LUT4(init="1111101110111011")(0...]
Compiling architecture lut6_v of entity unisim.LUT6 [\LUT6(init="10111000101110001011...]
Compiling architecture lut6_v of entity unisim.LUT6 [\LUT6(init="11111101000000001111...]
Compiling architecture lut5_v of entity unisim.LUT5 [\LUT5(init="11111111111111111101...]
Compiling architecture lut3_v of entity unisim.LUT3 [\LUT3(init="01110010")(0,7)\]
Compiling architecture lut4_v of entity unisim.LUT4 [\LUT4(init="1111001000000000")(0...]
Compiling architecture lut6_v of entity unisim.LUT6 [\LUT6(init="00000000000000000000...]
Compiling architecture lut6_v of entity unisim.LUT6 [\LUT6(init="11111111111111111000...]
Compiling architecture structure of entity xil_defaultlib.mbv_system_axi_quad_spi_0_1_axi_qspi_enhanced_mode [mbv_system_axi_quad_spi_0_1_axi_...]
Compiling architecture structure of entity xil_defaultlib.mbv_system_axi_quad_spi_0_1_axi_quad_spi_top [mbv_system_axi_quad_spi_0_1_axi_...]
Compiling architecture vcc_v of entity unisim.VCC [vcc_default]
Compiling architecture structure of entity xil_defaultlib.mbv_system_axi_quad_spi_0_1_axi_quad_spi [mbv_system_axi_quad_spi_0_1_axi_...]
Compiling architecture structure of entity xil_defaultlib.mbv_system_axi_quad_spi_0_1 [mbv_system_axi_quad_spi_0_1_defa...]
Compiling architecture lut6_v of entity unisim.LUT6 [\LUT6(init="01111000011110000111...]
Compiling architecture structure of entity xil_defaultlib.mbv_system_axi_quad_spi_0_0_qspi_cntrl_reg [mbv_system_axi_quad_spi_0_0_qspi...]
Compiling architecture lut5_v of entity unisim.LUT5 [\LUT5(init="01101111111111111111...]
Compiling architecture lut5_v of entity unisim.LUT5 [\LUT5(init="11111111111111111110...]
Compiling architecture lut4_v of entity unisim.LUT4 [\LUT4(init="1111111110111111")(0...]
Compiling architecture lut4_v of entity unisim.LUT4 [\LUT4(init="0000000011110111")(0...]
Compiling architecture lut6_v of entity unisim.LUT6 [\LUT6(init="11111111111111101111...]
Compiling architecture lut6_v of entity unisim.LUT6 [\LUT6(init="00000000000000000000...]
Compiling architecture structure of entity xil_defaultlib.mbv_system_axi_quad_spi_0_0_cross_clk_sync_fifo_1 [mbv_system_axi_quad_spi_0_0_cros...]
Compiling architecture structure of entity xil_defaultlib.mbv_system_axi_quad_spi_0_0_qspi_fifo_ifmodule [mbv_system_axi_quad_spi_0_0_qspi...]
Compiling architecture structure of entity xil_defaultlib.\mbv_system_axi_quad_spi_0_0_xpm_cdc_single__1\ [\mbv_system_axi_quad_spi_0_0_xpm...]
Compiling architecture structure of entity xil_defaultlib.mbv_system_axi_quad_spi_0_0_xpm_cdc_single [mbv_system_axi_quad_spi_0_0_xpm_...]
Compiling architecture structure of entity xil_defaultlib.mbv_system_axi_quad_spi_0_0_xpm_counter_updn_4 [mbv_system_axi_quad_spi_0_0_xpm_...]
Compiling architecture structure of entity xil_defaultlib.\mbv_system_axi_quad_spi_0_0_xpm_cdc_gray__parameterized1__1\ [\mbv_system_axi_quad_spi_0_0_xpm...]
Compiling architecture structure of entity xil_defaultlib.\mbv_system_axi_quad_spi_0_0_xpm_cdc_gray__2\ [\mbv_system_axi_quad_spi_0_0_xpm...]
Compiling architecture structure of entity xil_defaultlib.mbv_system_axi_quad_spi_0_0_xpm_fifo_reg_vec_5 [mbv_system_axi_quad_spi_0_0_xpm_...]
Compiling architecture structure of entity xil_defaultlib.\mbv_system_axi_quad_spi_0_0_xpm_fifo_reg_vec__parameterized0_6\ [\mbv_system_axi_quad_spi_0_0_xpm...]
Compiling architecture structure of entity xil_defaultlib.mbv_system_axi_quad_spi_0_0_xpm_fifo_reg_vec_7 [mbv_system_axi_quad_spi_0_0_xpm_...]
Compiling architecture structure of entity xil_defaultlib.\mbv_system_axi_quad_spi_0_0_xpm_fifo_reg_vec__parameterized0_8\ [\mbv_system_axi_quad_spi_0_0_xpm...]
Compiling architecture structure of entity xil_defaultlib.\mbv_system_axi_quad_spi_0_0_xpm_cdc_gray__parameterized0__1\ [\mbv_system_axi_quad_spi_0_0_xpm...]
Compiling architecture structure of entity xil_defaultlib.\mbv_system_axi_quad_spi_0_0_xpm_cdc_gray__1\ [\mbv_system_axi_quad_spi_0_0_xpm...]
Compiling architecture structure of entity xil_defaultlib.\mbv_system_axi_quad_spi_0_0_xpm_counter_updn__parameterized1_9\ [\mbv_system_axi_quad_spi_0_0_xpm...]
Compiling architecture rb18_internal_vhdl_v of entity unisim.RB18_INTERNAL_VHDL [\RB18_INTERNAL_VHDL(bram_size=18...]
Compiling architecture ramb18e1_v of entity unisim.RAMB18E1 [\RAMB18E1(dob_reg=1,read_width_a...]
Compiling architecture structure of entity xil_defaultlib.\mbv_system_axi_quad_spi_0_0_xpm_memory_base__1\ [\mbv_system_axi_quad_spi_0_0_xpm...]
Compiling architecture structure of entity xil_defaultlib.\mbv_system_axi_quad_spi_0_0_xpm_counter_updn__parameterized2_10\ [\mbv_system_axi_quad_spi_0_0_xpm...]
Compiling architecture structure of entity xil_defaultlib.\mbv_system_axi_quad_spi_0_0_xpm_counter_updn__parameterized3_11\ [\mbv_system_axi_quad_spi_0_0_xpm...]
Compiling architecture structure of entity xil_defaultlib.mbv_system_axi_quad_spi_0_0_xpm_fifo_reg_bit_12 [mbv_system_axi_quad_spi_0_0_xpm_...]
Compiling architecture structure of entity xil_defaultlib.\mbv_system_axi_quad_spi_0_0_xpm_counter_updn__parameterized2_13\ [\mbv_system_axi_quad_spi_0_0_xpm...]
Compiling architecture structure of entity xil_defaultlib.\mbv_system_axi_quad_spi_0_0_xpm_counter_updn__parameterized3_14\ [\mbv_system_axi_quad_spi_0_0_xpm...]
Compiling architecture structure of entity xil_defaultlib.\mbv_system_axi_quad_spi_0_0_xpm_counter_updn__parameterized0_15\ [\mbv_system_axi_quad_spi_0_0_xpm...]
Compiling architecture structure of entity xil_defaultlib.\mbv_system_axi_quad_spi_0_0_xpm_cdc_sync_rst__1\ [\mbv_system_axi_quad_spi_0_0_xpm...]
Compiling architecture structure of entity xil_defaultlib.\mbv_system_axi_quad_spi_0_0_xpm_cdc_sync_rst__3\ [\mbv_system_axi_quad_spi_0_0_xpm...]
Compiling architecture structure of entity xil_defaultlib.mbv_system_axi_quad_spi_0_0_xpm_fifo_rst_16 [mbv_system_axi_quad_spi_0_0_xpm_...]
Compiling architecture structure of entity xil_defaultlib.mbv_system_axi_quad_spi_0_0_xpm_fifo_base [mbv_system_axi_quad_spi_0_0_xpm_...]
Compiling architecture structure of entity xil_defaultlib.mbv_system_axi_quad_spi_0_0_xpm_fifo_async [mbv_system_axi_quad_spi_0_0_xpm_...]
Compiling architecture lut6_v of entity unisim.LUT6 [\LUT6(init="00000000000000000000...]
Compiling architecture structure of entity xil_defaultlib.mbv_system_axi_quad_spi_0_0_counter_f [mbv_system_axi_quad_spi_0_0_coun...]
Compiling architecture structure of entity xil_defaultlib.mbv_system_axi_quad_spi_0_0_xpm_counter_updn [mbv_system_axi_quad_spi_0_0_xpm_...]
Compiling architecture structure of entity xil_defaultlib.\mbv_system_axi_quad_spi_0_0_xpm_cdc_gray__parameterized1\ [\mbv_system_axi_quad_spi_0_0_xpm...]
Compiling architecture structure of entity xil_defaultlib.mbv_system_axi_quad_spi_0_0_xpm_cdc_gray [mbv_system_axi_quad_spi_0_0_xpm_...]
Compiling architecture structure of entity xil_defaultlib.mbv_system_axi_quad_spi_0_0_xpm_fifo_reg_vec [mbv_system_axi_quad_spi_0_0_xpm_...]
Compiling architecture structure of entity xil_defaultlib.\mbv_system_axi_quad_spi_0_0_xpm_fifo_reg_vec__parameterized0\ [\mbv_system_axi_quad_spi_0_0_xpm...]
Compiling architecture structure of entity xil_defaultlib.mbv_system_axi_quad_spi_0_0_xpm_fifo_reg_vec_0 [mbv_system_axi_quad_spi_0_0_xpm_...]
Compiling architecture structure of entity xil_defaultlib.\mbv_system_axi_quad_spi_0_0_xpm_fifo_reg_vec__parameterized0_1\ [\mbv_system_axi_quad_spi_0_0_xpm...]
Compiling architecture structure of entity xil_defaultlib.\mbv_system_axi_quad_spi_0_0_xpm_cdc_gray__parameterized0\ [\mbv_system_axi_quad_spi_0_0_xpm...]
Compiling architecture structure of entity xil_defaultlib.\mbv_system_axi_quad_spi_0_0_xpm_cdc_gray__3\ [\mbv_system_axi_quad_spi_0_0_xpm...]
Compiling architecture structure of entity xil_defaultlib.\mbv_system_axi_quad_spi_0_0_xpm_counter_updn__parameterized1\ [\mbv_system_axi_quad_spi_0_0_xpm...]
Compiling architecture structure of entity xil_defaultlib.mbv_system_axi_quad_spi_0_0_xpm_memory_base [mbv_system_axi_quad_spi_0_0_xpm_...]
Compiling architecture structure of entity xil_defaultlib.\mbv_system_axi_quad_spi_0_0_xpm_counter_updn__parameterized2\ [\mbv_system_axi_quad_spi_0_0_xpm...]
Compiling architecture structure of entity xil_defaultlib.\mbv_system_axi_quad_spi_0_0_xpm_counter_updn__parameterized3\ [\mbv_system_axi_quad_spi_0_0_xpm...]
Compiling architecture structure of entity xil_defaultlib.mbv_system_axi_quad_spi_0_0_xpm_fifo_reg_bit [mbv_system_axi_quad_spi_0_0_xpm_...]
Compiling architecture structure of entity xil_defaultlib.\mbv_system_axi_quad_spi_0_0_xpm_counter_updn__parameterized2_2\ [\mbv_system_axi_quad_spi_0_0_xpm...]
Compiling architecture structure of entity xil_defaultlib.\mbv_system_axi_quad_spi_0_0_xpm_counter_updn__parameterized3_3\ [\mbv_system_axi_quad_spi_0_0_xpm...]
Compiling architecture structure of entity xil_defaultlib.\mbv_system_axi_quad_spi_0_0_xpm_counter_updn__parameterized0\ [\mbv_system_axi_quad_spi_0_0_xpm...]
Compiling architecture structure of entity xil_defaultlib.mbv_system_axi_quad_spi_0_0_xpm_cdc_sync_rst [mbv_system_axi_quad_spi_0_0_xpm_...]
Compiling architecture structure of entity xil_defaultlib.\mbv_system_axi_quad_spi_0_0_xpm_cdc_sync_rst__2\ [\mbv_system_axi_quad_spi_0_0_xpm...]
Compiling architecture structure of entity xil_defaultlib.mbv_system_axi_quad_spi_0_0_xpm_fifo_rst [mbv_system_axi_quad_spi_0_0_xpm_...]
Compiling architecture structure of entity xil_defaultlib.\mbv_system_axi_quad_spi_0_0_xpm_fifo_base__parameterized0\ [\mbv_system_axi_quad_spi_0_0_xpm...]
Compiling architecture structure of entity xil_defaultlib.\mbv_system_axi_quad_spi_0_0_xpm_fifo_async__parameterized1\ [\mbv_system_axi_quad_spi_0_0_xpm...]
Compiling architecture lut5_v of entity unisim.LUT5 [\LUT5(init="01111000011110000111...]
Compiling architecture lut4_v of entity unisim.LUT4 [\LUT4(init="1010100010101010")(0...]
Compiling architecture lut6_v of entity unisim.LUT6 [\LUT6(init="00000000000000000000...]
Compiling architecture structure of entity xil_defaultlib.mbv_system_axi_quad_spi_0_0_interrupt_control [mbv_system_axi_quad_spi_0_0_inte...]
Compiling architecture lut6_v of entity unisim.LUT6 [\LUT6(init="10001111000000001000...]
Compiling architecture lut6_v of entity unisim.LUT6 [\LUT6(init="11111100111111110110...]
Compiling architecture lut6_v of entity unisim.LUT6 [\LUT6(init="10111111111111011111...]
Compiling architecture lut6_v of entity unisim.LUT6 [\LUT6(init="11001000111111110001...]
Compiling architecture lut6_v of entity unisim.LUT6 [\LUT6(init="01111010111111111111...]
Compiling architecture lut5_v of entity unisim.LUT5 [\LUT5(init="11111000000010000000...]
Compiling architecture lut4_v of entity unisim.LUT4 [\LUT4(init="0100000000001000")(0...]
Compiling architecture lut6_v of entity unisim.LUT6 [\LUT6(init="00000000000000000000...]
Compiling architecture lut6_v of entity unisim.LUT6 [\LUT6(init="00000000000000000000...]
Compiling architecture lut6_v of entity unisim.LUT6 [\LUT6(init="01000000000000100000...]
Compiling architecture lut6_v of entity unisim.LUT6 [\LUT6(init="00110111111000000000...]
Compiling architecture lut6_v of entity unisim.LUT6 [\LUT6(init="00000101000000000000...]
Compiling architecture lut6_v of entity unisim.LUT6 [\LUT6(init="11111111100000000000...]
Compiling architecture lut6_v of entity unisim.LUT6 [\LUT6(init="00000000000000000000...]
Compiling architecture lut5_v of entity unisim.LUT5 [\LUT5(init="01000000000000000000...]
Compiling architecture lut6_v of entity unisim.LUT6 [\LUT6(init="00000000000000000000...]
Compiling architecture structure of entity xil_defaultlib.mbv_system_axi_quad_spi_0_0_rom [mbv_system_axi_quad_spi_0_0_rom_...]
Compiling architecture structure of entity xil_defaultlib.mbv_system_axi_quad_spi_0_0_dist_mem_gen_v8_0_17_synth [mbv_system_axi_quad_spi_0_0_dist...]
Compiling architecture structure of entity xil_defaultlib.mbv_system_axi_quad_spi_0_0_dist_mem_gen_v8_0_17 [mbv_system_axi_quad_spi_0_0_dist...]
Compiling architecture lut6_v of entity unisim.LUT6 [\LUT6(init="10101010101010101010...]
Compiling architecture lut6_v of entity unisim.LUT6 [\LUT6(init="00000000000000000000...]
Compiling architecture lut6_v of entity unisim.LUT6 [\LUT6(init="00001000100010000000...]
Compiling architecture lut6_v of entity unisim.LUT6 [\LUT6(init="00000000000000000000...]
Compiling architecture lut6_v of entity unisim.LUT6 [\LUT6(init="11111111111111111111...]
Compiling architecture structure of entity xil_defaultlib.mbv_system_axi_quad_spi_0_0_qspi_look_up_logic [mbv_system_axi_quad_spi_0_0_qspi...]
Compiling architecture lut4_v of entity unisim.LUT4 [\LUT4(init="1111111111110010")(0...]
Compiling architecture lut6_v of entity unisim.LUT6 [\LUT6(init="00001111000011111100...]
Compiling architecture lut5_v of entity unisim.LUT5 [\LUT5(init="01000000010001001111...]
Compiling architecture lut6_v of entity unisim.LUT6 [\LUT6(init="00000000000000000000...]
Compiling architecture lut6_v of entity unisim.LUT6 [\LUT6(init="00000000000000000000...]
Compiling architecture lut6_v of entity unisim.LUT6 [\LUT6(init="11111101000000000000...]
Compiling architecture lut6_v of entity unisim.LUT6 [\LUT6(init="01010101010101010101...]
Compiling architecture lut6_v of entity unisim.LUT6 [\LUT6(init="01110111000011110111...]
Compiling architecture lut5_v of entity unisim.LUT5 [\LUT5(init="00000010000000000000...]
Compiling architecture lut6_v of entity unisim.LUT6 [\LUT6(init="01001111010011110100...]
Compiling architecture lut4_v of entity unisim.LUT4 [\LUT4(init="0000000000010101")(0...]
Compiling architecture lut5_v of entity unisim.LUT5 [\LUT5(init="10101010101000101010...]
Compiling architecture lut6_v of entity unisim.LUT6 [\LUT6(init="11111111111111111111...]
Compiling architecture lut4_v of entity unisim.LUT4 [\LUT4(init="1111111011101111")(0...]
Compiling architecture lut6_v of entity unisim.LUT6 [\LUT6(init="11111111111111110001...]
Compiling architecture lut6_v of entity unisim.LUT6 [\LUT6(init="10101000101010101010...]
Compiling architecture lut6_v of entity unisim.LUT6 [\LUT6(init="00000000000000000000...]
Compiling architecture lut6_v of entity unisim.LUT6 [\LUT6(init="00000000000000000000...]
Compiling architecture lut6_v of entity unisim.LUT6 [\LUT6(init="00000000000000000000...]
Compiling architecture lut6_v of entity unisim.LUT6 [\LUT6(init="11101111101010101010...]
Compiling architecture lut6_v of entity unisim.LUT6 [\LUT6(init="11111111111111111100...]
Compiling architecture lut6_v of entity unisim.LUT6 [\LUT6(init="11101111111011100100...]
Compiling architecture lut5_v of entity unisim.LUT5 [\LUT5(init="11101111111111111111...]
Compiling architecture lut5_v of entity unisim.LUT5 [\LUT5(init="11101111111011100010...]
Compiling architecture lut6_v of entity unisim.LUT6 [\LUT6(init="01000100000011110100...]
Compiling architecture lut6_v of entity unisim.LUT6 [\LUT6(init="11111111111111111110...]
Compiling architecture lut4_v of entity unisim.LUT4 [\LUT4(init="0100111100001111")(0...]
Compiling architecture lut5_v of entity unisim.LUT5 [\LUT5(init="00010000000100011101...]
Compiling architecture lut4_v of entity unisim.LUT4 [\LUT4(init="1111000111111111")(0...]
Compiling architecture lut6_v of entity unisim.LUT6 [\LUT6(init="11111100111111111111...]
Compiling architecture lut6_v of entity unisim.LUT6 [\LUT6(init="11111111111111111011...]
Compiling architecture lut5_v of entity unisim.LUT5 [\LUT5(init="00110011101100111111...]
Compiling architecture lut5_v of entity unisim.LUT5 [\LUT5(init="10111000101110111011...]
Compiling architecture lut5_v of entity unisim.LUT5 [\LUT5(init="11110010111111110000...]
Compiling architecture lut6_v of entity unisim.LUT6 [\LUT6(init="11101111111011101111...]
Compiling architecture lut6_v of entity unisim.LUT6 [\LUT6(init="10101010101010101110...]
Compiling architecture lut6_v of entity unisim.LUT6 [\LUT6(init="00000000000000000000...]
Compiling architecture lut5_v of entity unisim.LUT5 [\LUT5(init="00000000000000001110...]
Compiling architecture lut4_v of entity unisim.LUT4 [\LUT4(init="0000000010111111")(0...]
Compiling architecture lut6_v of entity unisim.LUT6 [\LUT6(init="00100000001000001000...]
Compiling architecture lut5_v of entity unisim.LUT5 [\LUT5(init="10101010101010100010...]
Compiling architecture structure of entity xil_defaultlib.mbv_system_axi_quad_spi_0_0_qspi_mode_control_logic [mbv_system_axi_quad_spi_0_0_qspi...]
Compiling architecture structure of entity xil_defaultlib.mbv_system_axi_quad_spi_0_0_reset_sync_module [mbv_system_axi_quad_spi_0_0_rese...]
Compiling architecture structure of entity xil_defaultlib.mbv_system_axi_quad_spi_0_0_soft_reset [mbv_system_axi_quad_spi_0_0_soft...]
Compiling architecture structure of entity xil_defaultlib.mbv_system_axi_quad_spi_0_0_qspi_status_slave_sel_reg [mbv_system_axi_quad_spi_0_0_qspi...]
Compiling architecture structure of entity xil_defaultlib.mbv_system_axi_quad_spi_0_0_qspi_core_interface [mbv_system_axi_quad_spi_0_0_qspi...]
Compiling architecture lut4_v of entity unisim.LUT4 [\LUT4(init="1101000111111111")(0...]
Compiling architecture lut5_v of entity unisim.LUT5 [\LUT5(init="01010101010101010000...]
Compiling architecture lut6_v of entity unisim.LUT6 [\LUT6(init="10101010101010101110...]
Compiling architecture lut5_v of entity unisim.LUT5 [\LUT5(init="11001100110011001100...]
Compiling architecture lut5_v of entity unisim.LUT5 [\LUT5(init="11111111011111111111...]
Compiling architecture lut5_v of entity unisim.LUT5 [\LUT5(init="11111011101110111111...]
Compiling architecture lut6_v of entity unisim.LUT6 [\LUT6(init="00000000000000000000...]
Compiling architecture lut6_v of entity unisim.LUT6 [\LUT6(init="00000000000000000000...]
Compiling architecture lut6_v of entity unisim.LUT6 [\LUT6(init="11111111111111111110...]
Compiling architecture lut4_v of entity unisim.LUT4 [\LUT4(init="1111000010000000")(0...]
Compiling architecture lut6_v of entity unisim.LUT6 [\LUT6(init="00000000000000100010...]
Compiling architecture lut6_v of entity unisim.LUT6 [\LUT6(init="10101010101010101010...]
Compiling architecture lut5_v of entity unisim.LUT5 [\LUT5(init="11111111111111111110...]
Compiling architecture lut6_v of entity unisim.LUT6 [\LUT6(init="11111111000000001010...]
Compiling architecture lut6_v of entity unisim.LUT6 [\LUT6(init="11111000000000000000...]
Compiling architecture lut6_v of entity unisim.LUT6 [\LUT6(init="11111111000000000010...]
Compiling architecture lut5_v of entity unisim.LUT5 [\LUT5(init="11110000001000000010...]
Compiling architecture lut6_v of entity unisim.LUT6 [\LUT6(init="01010101010101010101...]
Compiling architecture structure of entity xil_defaultlib.mbv_system_axi_quad_spi_0_0_qspi_address_decoder [mbv_system_axi_quad_spi_0_0_qspi...]
Compiling architecture lut6_v of entity unisim.LUT6 [\LUT6(init="10001000100010001000...]
Compiling architecture lut4_v of entity unisim.LUT4 [\LUT4(init="1110101011111111")(0...]
Compiling architecture lut6_v of entity unisim.LUT6 [\LUT6(init="10111000101110001011...]
Compiling architecture lut3_v of entity unisim.LUT3 [\LUT3(init="00101110")(0,7)\]
Compiling architecture structure of entity xil_defaultlib.mbv_system_axi_quad_spi_0_0_axi_qspi_enhanced_mode [mbv_system_axi_quad_spi_0_0_axi_...]
Compiling architecture structure of entity xil_defaultlib.mbv_system_axi_quad_spi_0_0_axi_quad_spi_top [mbv_system_axi_quad_spi_0_0_axi_...]
Compiling architecture structure of entity xil_defaultlib.mbv_system_axi_quad_spi_0_0_axi_quad_spi [mbv_system_axi_quad_spi_0_0_axi_...]
Compiling architecture structure of entity xil_defaultlib.mbv_system_axi_quad_spi_0_0 [mbv_system_axi_quad_spi_0_0_defa...]
Compiling architecture structure of entity xil_defaultlib.mbv_system_mbv_riscv_axi_periph_1_xpm_cdc_single [mbv_system_mbv_riscv_axi_periph_...]
Compiling architecture structure of entity xil_defaultlib.\mbv_system_mbv_riscv_axi_periph_1_xpm_cdc_single__1\ [\mbv_system_mbv_riscv_axi_periph...]
Compiling architecture srl16e_v of entity unisim.SRL16E [\SRL16E(init="1111111111111111")...]
Compiling architecture lut5_v of entity unisim.LUT5 [\LUT5(init="11101010101010101010...]
Compiling architecture structure of entity xil_defaultlib.mbv_system_mbv_riscv_axi_periph_1_lpf [mbv_system_mbv_riscv_axi_periph_...]
Compiling architecture structure of entity xil_defaultlib.mbv_system_mbv_riscv_axi_periph_1_upcnt_n [mbv_system_mbv_riscv_axi_periph_...]
Compiling architecture lut4_v of entity unisim.LUT4 [\LUT4(init="0000000010010000")(0...]
Compiling architecture lut4_v of entity unisim.LUT4 [\LUT4(init="1001000000000000")(0...]
Compiling architecture lut4_v of entity unisim.LUT4 [\LUT4(init="0000000000011000")(0...]
Compiling architecture structure of entity xil_defaultlib.mbv_system_mbv_riscv_axi_periph_1_sequence_psr [mbv_system_mbv_riscv_axi_periph_...]
Compiling architecture structure of entity xil_defaultlib.mbv_system_mbv_riscv_axi_periph_1_proc_sys_reset [mbv_system_mbv_riscv_axi_periph_...]
Compiling architecture structure of entity xil_defaultlib.mbv_system_mbv_riscv_axi_periph_1_bd_e941_psr_aclk_0 [mbv_system_mbv_riscv_axi_periph_...]
Compiling architecture structure of entity xil_defaultlib.mbv_system_mbv_riscv_axi_periph_1_clk_map_imp_1RTLZFD [mbv_system_mbv_riscv_axi_periph_...]
Compiling architecture lut6_v of entity unisim.LUT6 [\LUT6(init="11101110001011100010...]
Compiling architecture lut6_v of entity unisim.LUT6 [\LUT6(init="11111111001000000010...]
Compiling architecture structure of entity xil_defaultlib.mbv_system_mbv_riscv_axi_periph_1_sc_exit_v1_0_18_exit_110 [mbv_system_mbv_riscv_axi_periph_...]
Compiling architecture fdce_v of entity unisim.FDCE [\FDCE(init='1')\]
Compiling architecture structure of entity xil_defaultlib.\mbv_system_mbv_riscv_axi_periph_1_xpm_cdc_async_rst__34\ [\mbv_system_mbv_riscv_axi_periph...]
Compiling architecture structure of entity xil_defaultlib.mbv_system_mbv_riscv_axi_periph_1_sc_exit_v1_0_18_top [mbv_system_mbv_riscv_axi_periph_...]
Compiling architecture structure of entity xil_defaultlib.mbv_system_mbv_riscv_axi_periph_1_bd_e941_m00e_0 [mbv_system_mbv_riscv_axi_periph_...]
Compiling architecture structure of entity xil_defaultlib.mbv_system_mbv_riscv_axi_periph_1_m00_exit_pipeline_imp_8IAQ0Y [mbv_system_mbv_riscv_axi_periph_...]
Compiling architecture structure of entity xil_defaultlib.mbv_system_mbv_riscv_axi_periph_1_sc_node_v1_0_19_mi_handler_109 [mbv_system_mbv_riscv_axi_periph_...]
Compiling architecture structure of entity xil_defaultlib.\mbv_system_mbv_riscv_axi_periph_1_xpm_cdc_async_rst__33\ [\mbv_system_mbv_riscv_axi_periph...]
Compiling architecture lut1_v of entity unisim.LUT1 [\LUT1(init="0010")(0,3)\]
Compiling architecture structure of entity xil_defaultlib.\mbv_system_mbv_riscv_axi_periph_1_xpm_cdc_async_rst__32\ [\mbv_system_mbv_riscv_axi_periph...]
Compiling architecture structure of entity xil_defaultlib.mbv_system_mbv_riscv_axi_periph_1_sc_node_v1_0_19_top [mbv_system_mbv_riscv_axi_periph_...]
Compiling architecture structure of entity xil_defaultlib.mbv_system_mbv_riscv_axi_periph_1_bd_e941_m00arn_0 [mbv_system_mbv_riscv_axi_periph_...]
Compiling architecture structure of entity xil_defaultlib.\mbv_system_mbv_riscv_axi_periph_1_sc_node_v1_0_19_mi_handler__parameterized0_108\ [\mbv_system_mbv_riscv_axi_periph...]
Compiling architecture structure of entity xil_defaultlib.\mbv_system_mbv_riscv_axi_periph_1_xpm_cdc_async_rst__31\ [\mbv_system_mbv_riscv_axi_periph...]
Compiling architecture structure of entity xil_defaultlib.\mbv_system_mbv_riscv_axi_periph_1_xpm_cdc_async_rst__30\ [\mbv_system_mbv_riscv_axi_periph...]
Compiling architecture structure of entity xil_defaultlib.\mbv_system_mbv_riscv_axi_periph_1_sc_node_v1_0_19_top__parameterized0\ [\mbv_system_mbv_riscv_axi_periph...]
Compiling architecture structure of entity xil_defaultlib.mbv_system_mbv_riscv_axi_periph_1_bd_e941_m00awn_0 [mbv_system_mbv_riscv_axi_periph_...]
Compiling architecture structure of entity xil_defaultlib.\mbv_system_mbv_riscv_axi_periph_1_sc_node_v1_0_19_mi_handler__parameterized1_107\ [\mbv_system_mbv_riscv_axi_periph...]
Compiling architecture structure of entity xil_defaultlib.\mbv_system_mbv_riscv_axi_periph_1_xpm_cdc_async_rst__29\ [\mbv_system_mbv_riscv_axi_periph...]
Compiling architecture structure of entity xil_defaultlib.\mbv_system_mbv_riscv_axi_periph_1_xpm_cdc_async_rst__28\ [\mbv_system_mbv_riscv_axi_periph...]
Compiling architecture structure of entity xil_defaultlib.\mbv_system_mbv_riscv_axi_periph_1_sc_node_v1_0_19_top__parameterized1\ [\mbv_system_mbv_riscv_axi_periph...]
Compiling architecture structure of entity xil_defaultlib.mbv_system_mbv_riscv_axi_periph_1_bd_e941_m00bn_0 [mbv_system_mbv_riscv_axi_periph_...]
Compiling architecture structure of entity xil_defaultlib.\mbv_system_mbv_riscv_axi_periph_1_sc_node_v1_0_19_mi_handler__parameterized2_106\ [\mbv_system_mbv_riscv_axi_periph...]
Compiling architecture structure of entity xil_defaultlib.\mbv_system_mbv_riscv_axi_periph_1_xpm_cdc_async_rst__27\ [\mbv_system_mbv_riscv_axi_periph...]
Compiling architecture structure of entity xil_defaultlib.\mbv_system_mbv_riscv_axi_periph_1_xpm_cdc_async_rst__26\ [\mbv_system_mbv_riscv_axi_periph...]
Compiling architecture structure of entity xil_defaultlib.\mbv_system_mbv_riscv_axi_periph_1_sc_node_v1_0_19_top__parameterized2\ [\mbv_system_mbv_riscv_axi_periph...]
Compiling architecture structure of entity xil_defaultlib.mbv_system_mbv_riscv_axi_periph_1_bd_e941_m00rn_0 [mbv_system_mbv_riscv_axi_periph_...]
Compiling architecture structure of entity xil_defaultlib.\mbv_system_mbv_riscv_axi_periph_1_sc_node_v1_0_19_mi_handler__parameterized3_105\ [\mbv_system_mbv_riscv_axi_periph...]
Compiling architecture structure of entity xil_defaultlib.\mbv_system_mbv_riscv_axi_periph_1_xpm_cdc_async_rst__25\ [\mbv_system_mbv_riscv_axi_periph...]
Compiling architecture structure of entity xil_defaultlib.\mbv_system_mbv_riscv_axi_periph_1_xpm_cdc_async_rst__24\ [\mbv_system_mbv_riscv_axi_periph...]
Compiling architecture structure of entity xil_defaultlib.\mbv_system_mbv_riscv_axi_periph_1_sc_node_v1_0_19_top__parameterized3\ [\mbv_system_mbv_riscv_axi_periph...]
Compiling architecture structure of entity xil_defaultlib.mbv_system_mbv_riscv_axi_periph_1_bd_e941_m00wn_0 [mbv_system_mbv_riscv_axi_periph_...]
Compiling architecture structure of entity xil_defaultlib.mbv_system_mbv_riscv_axi_periph_1_m00_nodes_imp_LTCAJY [mbv_system_mbv_riscv_axi_periph_...]
Compiling architecture structure of entity xil_defaultlib.mbv_system_mbv_riscv_axi_periph_1_sc_sc2axi_v1_0_11_top [mbv_system_mbv_riscv_axi_periph_...]
Compiling architecture structure of entity xil_defaultlib.mbv_system_mbv_riscv_axi_periph_1_bd_e941_m00s2a_0 [mbv_system_mbv_riscv_axi_periph_...]
Compiling architecture structure of entity xil_defaultlib.\mbv_system_mbv_riscv_axi_periph_1_sc_exit_v1_0_18_exit__parameterized0\ [\mbv_system_mbv_riscv_axi_periph...]
Compiling architecture structure of entity xil_defaultlib.mbv_system_mbv_riscv_axi_periph_1_xpm_cdc_async_rst [mbv_system_mbv_riscv_axi_periph_...]
Compiling architecture structure of entity xil_defaultlib.\mbv_system_mbv_riscv_axi_periph_1_sc_exit_v1_0_18_top__parameterized0\ [\mbv_system_mbv_riscv_axi_periph...]
Compiling architecture structure of entity xil_defaultlib.mbv_system_mbv_riscv_axi_periph_1_bd_e941_m01e_0 [mbv_system_mbv_riscv_axi_periph_...]
Compiling architecture structure of entity xil_defaultlib.mbv_system_mbv_riscv_axi_periph_1_m01_exit_pipeline_imp_2MZKHU [mbv_system_mbv_riscv_axi_periph_...]
Compiling architecture structure of entity xil_defaultlib.mbv_system_mbv_riscv_axi_periph_1_sc_node_v1_0_19_mi_handler_104 [mbv_system_mbv_riscv_axi_periph_...]
Compiling architecture structure of entity xil_defaultlib.\mbv_system_mbv_riscv_axi_periph_1_xpm_cdc_async_rst__166\ [\mbv_system_mbv_riscv_axi_periph...]
Compiling architecture structure of entity xil_defaultlib.\mbv_system_mbv_riscv_axi_periph_1_xpm_cdc_async_rst__167\ [\mbv_system_mbv_riscv_axi_periph...]
Compiling architecture structure of entity xil_defaultlib.\mbv_system_mbv_riscv_axi_periph_1_sc_node_v1_0_19_top__13\ [\mbv_system_mbv_riscv_axi_periph...]
Compiling architecture structure of entity xil_defaultlib.mbv_system_mbv_riscv_axi_periph_1_bd_e941_m01arn_0 [mbv_system_mbv_riscv_axi_periph_...]
Compiling architecture structure of entity xil_defaultlib.\mbv_system_mbv_riscv_axi_periph_1_sc_node_v1_0_19_mi_handler__parameterized0_103\ [\mbv_system_mbv_riscv_axi_periph...]
Compiling architecture structure of entity xil_defaultlib.\mbv_system_mbv_riscv_axi_periph_1_xpm_cdc_async_rst__140\ [\mbv_system_mbv_riscv_axi_periph...]
Compiling architecture structure of entity xil_defaultlib.\mbv_system_mbv_riscv_axi_periph_1_xpm_cdc_async_rst__141\ [\mbv_system_mbv_riscv_axi_periph...]
Compiling architecture structure of entity xil_defaultlib.\mbv_system_mbv_riscv_axi_periph_1_sc_node_v1_0_19_top__parameterized0__13\ [\mbv_system_mbv_riscv_axi_periph...]
Compiling architecture structure of entity xil_defaultlib.mbv_system_mbv_riscv_axi_periph_1_bd_e941_m01awn_0 [mbv_system_mbv_riscv_axi_periph_...]
Compiling architecture structure of entity xil_defaultlib.\mbv_system_mbv_riscv_axi_periph_1_sc_node_v1_0_19_mi_handler__parameterized1_102\ [\mbv_system_mbv_riscv_axi_periph...]
Compiling architecture structure of entity xil_defaultlib.\mbv_system_mbv_riscv_axi_periph_1_xpm_cdc_async_rst__114\ [\mbv_system_mbv_riscv_axi_periph...]
Compiling architecture structure of entity xil_defaultlib.\mbv_system_mbv_riscv_axi_periph_1_xpm_cdc_async_rst__115\ [\mbv_system_mbv_riscv_axi_periph...]
Compiling architecture structure of entity xil_defaultlib.\mbv_system_mbv_riscv_axi_periph_1_sc_node_v1_0_19_top__parameterized1__13\ [\mbv_system_mbv_riscv_axi_periph...]
Compiling architecture structure of entity xil_defaultlib.mbv_system_mbv_riscv_axi_periph_1_bd_e941_m01bn_0 [mbv_system_mbv_riscv_axi_periph_...]
Compiling architecture structure of entity xil_defaultlib.\mbv_system_mbv_riscv_axi_periph_1_sc_node_v1_0_19_mi_handler__parameterized2_101\ [\mbv_system_mbv_riscv_axi_periph...]
Compiling architecture structure of entity xil_defaultlib.\mbv_system_mbv_riscv_axi_periph_1_xpm_cdc_async_rst__88\ [\mbv_system_mbv_riscv_axi_periph...]
Compiling architecture structure of entity xil_defaultlib.\mbv_system_mbv_riscv_axi_periph_1_xpm_cdc_async_rst__89\ [\mbv_system_mbv_riscv_axi_periph...]
Compiling architecture structure of entity xil_defaultlib.\mbv_system_mbv_riscv_axi_periph_1_sc_node_v1_0_19_top__parameterized2__13\ [\mbv_system_mbv_riscv_axi_periph...]
Compiling architecture structure of entity xil_defaultlib.mbv_system_mbv_riscv_axi_periph_1_bd_e941_m01rn_0 [mbv_system_mbv_riscv_axi_periph_...]
Compiling architecture structure of entity xil_defaultlib.\mbv_system_mbv_riscv_axi_periph_1_sc_node_v1_0_19_mi_handler__parameterized3_100\ [\mbv_system_mbv_riscv_axi_periph...]
Compiling architecture structure of entity xil_defaultlib.\mbv_system_mbv_riscv_axi_periph_1_xpm_cdc_async_rst__62\ [\mbv_system_mbv_riscv_axi_periph...]
Compiling architecture structure of entity xil_defaultlib.\mbv_system_mbv_riscv_axi_periph_1_xpm_cdc_async_rst__63\ [\mbv_system_mbv_riscv_axi_periph...]
Compiling architecture structure of entity xil_defaultlib.\mbv_system_mbv_riscv_axi_periph_1_sc_node_v1_0_19_top__parameterized3__13\ [\mbv_system_mbv_riscv_axi_periph...]
Compiling architecture structure of entity xil_defaultlib.mbv_system_mbv_riscv_axi_periph_1_bd_e941_m01wn_0 [mbv_system_mbv_riscv_axi_periph_...]
Compiling architecture structure of entity xil_defaultlib.mbv_system_mbv_riscv_axi_periph_1_m01_nodes_imp_1MP9DZS [mbv_system_mbv_riscv_axi_periph_...]
Compiling architecture structure of entity xil_defaultlib.\mbv_system_mbv_riscv_axi_periph_1_sc_sc2axi_v1_0_11_top__parameterized0\ [\mbv_system_mbv_riscv_axi_periph...]
Compiling architecture structure of entity xil_defaultlib.mbv_system_mbv_riscv_axi_periph_1_bd_e941_m01s2a_0 [mbv_system_mbv_riscv_axi_periph_...]
Compiling architecture structure of entity xil_defaultlib.\mbv_system_mbv_riscv_axi_periph_1_sc_exit_v1_0_18_exit__parameterized1\ [\mbv_system_mbv_riscv_axi_periph...]
Compiling architecture structure of entity xil_defaultlib.\mbv_system_mbv_riscv_axi_periph_1_xpm_cdc_async_rst__37\ [\mbv_system_mbv_riscv_axi_periph...]
Compiling architecture structure of entity xil_defaultlib.\mbv_system_mbv_riscv_axi_periph_1_sc_exit_v1_0_18_top__parameterized1\ [\mbv_system_mbv_riscv_axi_periph...]
Compiling architecture structure of entity xil_defaultlib.mbv_system_mbv_riscv_axi_periph_1_bd_e941_m02e_0 [mbv_system_mbv_riscv_axi_periph_...]
Compiling architecture structure of entity xil_defaultlib.mbv_system_mbv_riscv_axi_periph_1_m02_exit_pipeline_imp_DL8W5E [mbv_system_mbv_riscv_axi_periph_...]
Compiling architecture structure of entity xil_defaultlib.mbv_system_mbv_riscv_axi_periph_1_sc_node_v1_0_19_mi_handler_99 [mbv_system_mbv_riscv_axi_periph_...]
Compiling architecture structure of entity xil_defaultlib.\mbv_system_mbv_riscv_axi_periph_1_xpm_cdc_async_rst__164\ [\mbv_system_mbv_riscv_axi_periph...]
Compiling architecture structure of entity xil_defaultlib.\mbv_system_mbv_riscv_axi_periph_1_xpm_cdc_async_rst__165\ [\mbv_system_mbv_riscv_axi_periph...]
Compiling architecture structure of entity xil_defaultlib.\mbv_system_mbv_riscv_axi_periph_1_sc_node_v1_0_19_top__12\ [\mbv_system_mbv_riscv_axi_periph...]
Compiling architecture structure of entity xil_defaultlib.mbv_system_mbv_riscv_axi_periph_1_bd_e941_m02arn_0 [mbv_system_mbv_riscv_axi_periph_...]
Compiling architecture structure of entity xil_defaultlib.\mbv_system_mbv_riscv_axi_periph_1_sc_node_v1_0_19_mi_handler__parameterized0_98\ [\mbv_system_mbv_riscv_axi_periph...]
Compiling architecture structure of entity xil_defaultlib.\mbv_system_mbv_riscv_axi_periph_1_xpm_cdc_async_rst__138\ [\mbv_system_mbv_riscv_axi_periph...]
Compiling architecture structure of entity xil_defaultlib.\mbv_system_mbv_riscv_axi_periph_1_xpm_cdc_async_rst__139\ [\mbv_system_mbv_riscv_axi_periph...]
Compiling architecture structure of entity xil_defaultlib.\mbv_system_mbv_riscv_axi_periph_1_sc_node_v1_0_19_top__parameterized0__12\ [\mbv_system_mbv_riscv_axi_periph...]
Compiling architecture structure of entity xil_defaultlib.mbv_system_mbv_riscv_axi_periph_1_bd_e941_m02awn_0 [mbv_system_mbv_riscv_axi_periph_...]
Compiling architecture structure of entity xil_defaultlib.\mbv_system_mbv_riscv_axi_periph_1_sc_node_v1_0_19_mi_handler__parameterized1_97\ [\mbv_system_mbv_riscv_axi_periph...]
Compiling architecture structure of entity xil_defaultlib.\mbv_system_mbv_riscv_axi_periph_1_xpm_cdc_async_rst__112\ [\mbv_system_mbv_riscv_axi_periph...]
Compiling architecture structure of entity xil_defaultlib.\mbv_system_mbv_riscv_axi_periph_1_xpm_cdc_async_rst__113\ [\mbv_system_mbv_riscv_axi_periph...]
Compiling architecture structure of entity xil_defaultlib.\mbv_system_mbv_riscv_axi_periph_1_sc_node_v1_0_19_top__parameterized1__12\ [\mbv_system_mbv_riscv_axi_periph...]
Compiling architecture structure of entity xil_defaultlib.mbv_system_mbv_riscv_axi_periph_1_bd_e941_m02bn_0 [mbv_system_mbv_riscv_axi_periph_...]
Compiling architecture structure of entity xil_defaultlib.\mbv_system_mbv_riscv_axi_periph_1_sc_node_v1_0_19_mi_handler__parameterized2_96\ [\mbv_system_mbv_riscv_axi_periph...]
Compiling architecture structure of entity xil_defaultlib.\mbv_system_mbv_riscv_axi_periph_1_xpm_cdc_async_rst__86\ [\mbv_system_mbv_riscv_axi_periph...]
Compiling architecture structure of entity xil_defaultlib.\mbv_system_mbv_riscv_axi_periph_1_xpm_cdc_async_rst__87\ [\mbv_system_mbv_riscv_axi_periph...]
Compiling architecture structure of entity xil_defaultlib.\mbv_system_mbv_riscv_axi_periph_1_sc_node_v1_0_19_top__parameterized2__12\ [\mbv_system_mbv_riscv_axi_periph...]
Compiling architecture structure of entity xil_defaultlib.mbv_system_mbv_riscv_axi_periph_1_bd_e941_m02rn_0 [mbv_system_mbv_riscv_axi_periph_...]
Compiling architecture structure of entity xil_defaultlib.\mbv_system_mbv_riscv_axi_periph_1_sc_node_v1_0_19_mi_handler__parameterized3_95\ [\mbv_system_mbv_riscv_axi_periph...]
Compiling architecture structure of entity xil_defaultlib.\mbv_system_mbv_riscv_axi_periph_1_xpm_cdc_async_rst__60\ [\mbv_system_mbv_riscv_axi_periph...]
Compiling architecture structure of entity xil_defaultlib.\mbv_system_mbv_riscv_axi_periph_1_xpm_cdc_async_rst__61\ [\mbv_system_mbv_riscv_axi_periph...]
Compiling architecture structure of entity xil_defaultlib.\mbv_system_mbv_riscv_axi_periph_1_sc_node_v1_0_19_top__parameterized3__12\ [\mbv_system_mbv_riscv_axi_periph...]
Compiling architecture structure of entity xil_defaultlib.mbv_system_mbv_riscv_axi_periph_1_bd_e941_m02wn_0 [mbv_system_mbv_riscv_axi_periph_...]
Compiling architecture structure of entity xil_defaultlib.mbv_system_mbv_riscv_axi_periph_1_m02_nodes_imp_1CTGGQR [mbv_system_mbv_riscv_axi_periph_...]
Compiling architecture structure of entity xil_defaultlib.\mbv_system_mbv_riscv_axi_periph_1_sc_sc2axi_v1_0_11_top__parameterized1\ [\mbv_system_mbv_riscv_axi_periph...]
Compiling architecture structure of entity xil_defaultlib.mbv_system_mbv_riscv_axi_periph_1_bd_e941_m02s2a_0 [mbv_system_mbv_riscv_axi_periph_...]
Compiling architecture lut6_v of entity unisim.LUT6 [\LUT6(init="11110011111110111111...]
Compiling architecture structure of entity xil_defaultlib.\mbv_system_mbv_riscv_axi_periph_1_sc_exit_v1_0_18_exit__parameterized2_94\ [\mbv_system_mbv_riscv_axi_periph...]
Compiling architecture structure of entity xil_defaultlib.\mbv_system_mbv_riscv_axi_periph_1_xpm_cdc_async_rst__35\ [\mbv_system_mbv_riscv_axi_periph...]
Compiling architecture structure of entity xil_defaultlib.\mbv_system_mbv_riscv_axi_periph_1_sc_exit_v1_0_18_top__parameterized2\ [\mbv_system_mbv_riscv_axi_periph...]
Compiling architecture structure of entity xil_defaultlib.mbv_system_mbv_riscv_axi_periph_1_bd_e941_m03e_0 [mbv_system_mbv_riscv_axi_periph_...]
Compiling architecture structure of entity xil_defaultlib.mbv_system_mbv_riscv_axi_periph_1_m03_exit_pipeline_imp_B1S5QA [mbv_system_mbv_riscv_axi_periph_...]
Compiling architecture structure of entity xil_defaultlib.mbv_system_mbv_riscv_axi_periph_1_sc_node_v1_0_19_mi_handler_93 [mbv_system_mbv_riscv_axi_periph_...]
Compiling architecture structure of entity xil_defaultlib.\mbv_system_mbv_riscv_axi_periph_1_xpm_cdc_async_rst__162\ [\mbv_system_mbv_riscv_axi_periph...]
Compiling architecture structure of entity xil_defaultlib.\mbv_system_mbv_riscv_axi_periph_1_xpm_cdc_async_rst__163\ [\mbv_system_mbv_riscv_axi_periph...]
Compiling architecture structure of entity xil_defaultlib.\mbv_system_mbv_riscv_axi_periph_1_sc_node_v1_0_19_top__11\ [\mbv_system_mbv_riscv_axi_periph...]
Compiling architecture structure of entity xil_defaultlib.mbv_system_mbv_riscv_axi_periph_1_bd_e941_m03arn_0 [mbv_system_mbv_riscv_axi_periph_...]
Compiling architecture structure of entity xil_defaultlib.\mbv_system_mbv_riscv_axi_periph_1_sc_node_v1_0_19_mi_handler__parameterized0_92\ [\mbv_system_mbv_riscv_axi_periph...]
Compiling architecture structure of entity xil_defaultlib.\mbv_system_mbv_riscv_axi_periph_1_xpm_cdc_async_rst__136\ [\mbv_system_mbv_riscv_axi_periph...]
Compiling architecture structure of entity xil_defaultlib.\mbv_system_mbv_riscv_axi_periph_1_xpm_cdc_async_rst__137\ [\mbv_system_mbv_riscv_axi_periph...]
Compiling architecture structure of entity xil_defaultlib.\mbv_system_mbv_riscv_axi_periph_1_sc_node_v1_0_19_top__parameterized0__11\ [\mbv_system_mbv_riscv_axi_periph...]
Compiling architecture structure of entity xil_defaultlib.mbv_system_mbv_riscv_axi_periph_1_bd_e941_m03awn_0 [mbv_system_mbv_riscv_axi_periph_...]
Compiling architecture structure of entity xil_defaultlib.\mbv_system_mbv_riscv_axi_periph_1_sc_node_v1_0_19_mi_handler__parameterized1_91\ [\mbv_system_mbv_riscv_axi_periph...]
Compiling architecture structure of entity xil_defaultlib.\mbv_system_mbv_riscv_axi_periph_1_xpm_cdc_async_rst__110\ [\mbv_system_mbv_riscv_axi_periph...]
Compiling architecture structure of entity xil_defaultlib.\mbv_system_mbv_riscv_axi_periph_1_xpm_cdc_async_rst__111\ [\mbv_system_mbv_riscv_axi_periph...]
Compiling architecture structure of entity xil_defaultlib.\mbv_system_mbv_riscv_axi_periph_1_sc_node_v1_0_19_top__parameterized1__11\ [\mbv_system_mbv_riscv_axi_periph...]
Compiling architecture structure of entity xil_defaultlib.mbv_system_mbv_riscv_axi_periph_1_bd_e941_m03bn_0 [mbv_system_mbv_riscv_axi_periph_...]
Compiling architecture structure of entity xil_defaultlib.\mbv_system_mbv_riscv_axi_periph_1_sc_node_v1_0_19_mi_handler__parameterized2_90\ [\mbv_system_mbv_riscv_axi_periph...]
Compiling architecture structure of entity xil_defaultlib.\mbv_system_mbv_riscv_axi_periph_1_xpm_cdc_async_rst__84\ [\mbv_system_mbv_riscv_axi_periph...]
Compiling architecture structure of entity xil_defaultlib.\mbv_system_mbv_riscv_axi_periph_1_xpm_cdc_async_rst__85\ [\mbv_system_mbv_riscv_axi_periph...]
Compiling architecture structure of entity xil_defaultlib.\mbv_system_mbv_riscv_axi_periph_1_sc_node_v1_0_19_top__parameterized2__11\ [\mbv_system_mbv_riscv_axi_periph...]
Compiling architecture structure of entity xil_defaultlib.mbv_system_mbv_riscv_axi_periph_1_bd_e941_m03rn_0 [mbv_system_mbv_riscv_axi_periph_...]
Compiling architecture structure of entity xil_defaultlib.\mbv_system_mbv_riscv_axi_periph_1_sc_node_v1_0_19_mi_handler__parameterized3_89\ [\mbv_system_mbv_riscv_axi_periph...]
Compiling architecture structure of entity xil_defaultlib.\mbv_system_mbv_riscv_axi_periph_1_xpm_cdc_async_rst__58\ [\mbv_system_mbv_riscv_axi_periph...]
Compiling architecture structure of entity xil_defaultlib.\mbv_system_mbv_riscv_axi_periph_1_xpm_cdc_async_rst__59\ [\mbv_system_mbv_riscv_axi_periph...]
Compiling architecture structure of entity xil_defaultlib.\mbv_system_mbv_riscv_axi_periph_1_sc_node_v1_0_19_top__parameterized3__11\ [\mbv_system_mbv_riscv_axi_periph...]
Compiling architecture structure of entity xil_defaultlib.mbv_system_mbv_riscv_axi_periph_1_bd_e941_m03wn_0 [mbv_system_mbv_riscv_axi_periph_...]
Compiling architecture structure of entity xil_defaultlib.mbv_system_mbv_riscv_axi_periph_1_m03_nodes_imp_E5CY45 [mbv_system_mbv_riscv_axi_periph_...]
Compiling architecture structure of entity xil_defaultlib.\mbv_system_mbv_riscv_axi_periph_1_sc_sc2axi_v1_0_11_top__parameterized2\ [\mbv_system_mbv_riscv_axi_periph...]
Compiling architecture structure of entity xil_defaultlib.mbv_system_mbv_riscv_axi_periph_1_bd_e941_m03s2a_0 [mbv_system_mbv_riscv_axi_periph_...]
Compiling architecture structure of entity xil_defaultlib.mbv_system_mbv_riscv_axi_periph_1_sc_exit_v1_0_18_exit_88 [mbv_system_mbv_riscv_axi_periph_...]
Compiling architecture structure of entity xil_defaultlib.\mbv_system_mbv_riscv_axi_periph_1_xpm_cdc_async_rst__175\ [\mbv_system_mbv_riscv_axi_periph...]
Compiling architecture structure of entity xil_defaultlib.\mbv_system_mbv_riscv_axi_periph_1_sc_exit_v1_0_18_top__8\ [\mbv_system_mbv_riscv_axi_periph...]
Compiling architecture structure of entity xil_defaultlib.mbv_system_mbv_riscv_axi_periph_1_bd_e941_m04e_0 [mbv_system_mbv_riscv_axi_periph_...]
Compiling architecture structure of entity xil_defaultlib.mbv_system_mbv_riscv_axi_periph_1_m04_exit_pipeline_imp_IBPE82 [mbv_system_mbv_riscv_axi_periph_...]
Compiling architecture structure of entity xil_defaultlib.mbv_system_mbv_riscv_axi_periph_1_sc_node_v1_0_19_mi_handler_87 [mbv_system_mbv_riscv_axi_periph_...]
Compiling architecture structure of entity xil_defaultlib.\mbv_system_mbv_riscv_axi_periph_1_xpm_cdc_async_rst__160\ [\mbv_system_mbv_riscv_axi_periph...]
Compiling architecture structure of entity xil_defaultlib.\mbv_system_mbv_riscv_axi_periph_1_xpm_cdc_async_rst__161\ [\mbv_system_mbv_riscv_axi_periph...]
Compiling architecture structure of entity xil_defaultlib.\mbv_system_mbv_riscv_axi_periph_1_sc_node_v1_0_19_top__10\ [\mbv_system_mbv_riscv_axi_periph...]
Compiling architecture structure of entity xil_defaultlib.mbv_system_mbv_riscv_axi_periph_1_bd_e941_m04arn_0 [mbv_system_mbv_riscv_axi_periph_...]
Compiling architecture structure of entity xil_defaultlib.\mbv_system_mbv_riscv_axi_periph_1_sc_node_v1_0_19_mi_handler__parameterized0_86\ [\mbv_system_mbv_riscv_axi_periph...]
Compiling architecture structure of entity xil_defaultlib.\mbv_system_mbv_riscv_axi_periph_1_xpm_cdc_async_rst__134\ [\mbv_system_mbv_riscv_axi_periph...]
Compiling architecture structure of entity xil_defaultlib.\mbv_system_mbv_riscv_axi_periph_1_xpm_cdc_async_rst__135\ [\mbv_system_mbv_riscv_axi_periph...]
Compiling architecture structure of entity xil_defaultlib.\mbv_system_mbv_riscv_axi_periph_1_sc_node_v1_0_19_top__parameterized0__10\ [\mbv_system_mbv_riscv_axi_periph...]
Compiling architecture structure of entity xil_defaultlib.mbv_system_mbv_riscv_axi_periph_1_bd_e941_m04awn_0 [mbv_system_mbv_riscv_axi_periph_...]
Compiling architecture structure of entity xil_defaultlib.\mbv_system_mbv_riscv_axi_periph_1_sc_node_v1_0_19_mi_handler__parameterized1_85\ [\mbv_system_mbv_riscv_axi_periph...]
Compiling architecture structure of entity xil_defaultlib.\mbv_system_mbv_riscv_axi_periph_1_xpm_cdc_async_rst__108\ [\mbv_system_mbv_riscv_axi_periph...]
Compiling architecture structure of entity xil_defaultlib.\mbv_system_mbv_riscv_axi_periph_1_xpm_cdc_async_rst__109\ [\mbv_system_mbv_riscv_axi_periph...]
Compiling architecture structure of entity xil_defaultlib.\mbv_system_mbv_riscv_axi_periph_1_sc_node_v1_0_19_top__parameterized1__10\ [\mbv_system_mbv_riscv_axi_periph...]
Compiling architecture structure of entity xil_defaultlib.mbv_system_mbv_riscv_axi_periph_1_bd_e941_m04bn_0 [mbv_system_mbv_riscv_axi_periph_...]
Compiling architecture structure of entity xil_defaultlib.\mbv_system_mbv_riscv_axi_periph_1_sc_node_v1_0_19_mi_handler__parameterized2_84\ [\mbv_system_mbv_riscv_axi_periph...]
Compiling architecture structure of entity xil_defaultlib.\mbv_system_mbv_riscv_axi_periph_1_xpm_cdc_async_rst__82\ [\mbv_system_mbv_riscv_axi_periph...]
Compiling architecture structure of entity xil_defaultlib.\mbv_system_mbv_riscv_axi_periph_1_xpm_cdc_async_rst__83\ [\mbv_system_mbv_riscv_axi_periph...]
Compiling architecture structure of entity xil_defaultlib.\mbv_system_mbv_riscv_axi_periph_1_sc_node_v1_0_19_top__parameterized2__10\ [\mbv_system_mbv_riscv_axi_periph...]
Compiling architecture structure of entity xil_defaultlib.mbv_system_mbv_riscv_axi_periph_1_bd_e941_m04rn_0 [mbv_system_mbv_riscv_axi_periph_...]
Compiling architecture structure of entity xil_defaultlib.\mbv_system_mbv_riscv_axi_periph_1_sc_node_v1_0_19_mi_handler__parameterized3_83\ [\mbv_system_mbv_riscv_axi_periph...]
Compiling architecture structure of entity xil_defaultlib.\mbv_system_mbv_riscv_axi_periph_1_xpm_cdc_async_rst__56\ [\mbv_system_mbv_riscv_axi_periph...]
Compiling architecture structure of entity xil_defaultlib.\mbv_system_mbv_riscv_axi_periph_1_xpm_cdc_async_rst__57\ [\mbv_system_mbv_riscv_axi_periph...]
Compiling architecture structure of entity xil_defaultlib.\mbv_system_mbv_riscv_axi_periph_1_sc_node_v1_0_19_top__parameterized3__10\ [\mbv_system_mbv_riscv_axi_periph...]
Compiling architecture structure of entity xil_defaultlib.mbv_system_mbv_riscv_axi_periph_1_bd_e941_m04wn_0 [mbv_system_mbv_riscv_axi_periph_...]
Compiling architecture structure of entity xil_defaultlib.mbv_system_mbv_riscv_axi_periph_1_m04_nodes_imp_O71PIT [mbv_system_mbv_riscv_axi_periph_...]
Compiling architecture structure of entity xil_defaultlib.\mbv_system_mbv_riscv_axi_periph_1_sc_sc2axi_v1_0_11_top__8\ [\mbv_system_mbv_riscv_axi_periph...]
Compiling architecture structure of entity xil_defaultlib.mbv_system_mbv_riscv_axi_periph_1_bd_e941_m04s2a_0 [mbv_system_mbv_riscv_axi_periph_...]
Compiling architecture structure of entity xil_defaultlib.mbv_system_mbv_riscv_axi_periph_1_sc_exit_v1_0_18_exit_82 [mbv_system_mbv_riscv_axi_periph_...]
Compiling architecture structure of entity xil_defaultlib.\mbv_system_mbv_riscv_axi_periph_1_xpm_cdc_async_rst__174\ [\mbv_system_mbv_riscv_axi_periph...]
Compiling architecture structure of entity xil_defaultlib.\mbv_system_mbv_riscv_axi_periph_1_sc_exit_v1_0_18_top__7\ [\mbv_system_mbv_riscv_axi_periph...]
Compiling architecture structure of entity xil_defaultlib.mbv_system_mbv_riscv_axi_periph_1_bd_e941_m05e_0 [mbv_system_mbv_riscv_axi_periph_...]
Compiling architecture structure of entity xil_defaultlib.mbv_system_mbv_riscv_axi_periph_1_m05_exit_pipeline_imp_NMFWCI [mbv_system_mbv_riscv_axi_periph_...]
Compiling architecture structure of entity xil_defaultlib.mbv_system_mbv_riscv_axi_periph_1_sc_node_v1_0_19_mi_handler_81 [mbv_system_mbv_riscv_axi_periph_...]
Compiling architecture structure of entity xil_defaultlib.\mbv_system_mbv_riscv_axi_periph_1_xpm_cdc_async_rst__158\ [\mbv_system_mbv_riscv_axi_periph...]
Compiling architecture structure of entity xil_defaultlib.\mbv_system_mbv_riscv_axi_periph_1_xpm_cdc_async_rst__159\ [\mbv_system_mbv_riscv_axi_periph...]
Compiling architecture structure of entity xil_defaultlib.\mbv_system_mbv_riscv_axi_periph_1_sc_node_v1_0_19_top__9\ [\mbv_system_mbv_riscv_axi_periph...]
Compiling architecture structure of entity xil_defaultlib.mbv_system_mbv_riscv_axi_periph_1_bd_e941_m05arn_0 [mbv_system_mbv_riscv_axi_periph_...]
Compiling architecture structure of entity xil_defaultlib.\mbv_system_mbv_riscv_axi_periph_1_sc_node_v1_0_19_mi_handler__parameterized0_80\ [\mbv_system_mbv_riscv_axi_periph...]
Compiling architecture structure of entity xil_defaultlib.\mbv_system_mbv_riscv_axi_periph_1_xpm_cdc_async_rst__132\ [\mbv_system_mbv_riscv_axi_periph...]
Compiling architecture structure of entity xil_defaultlib.\mbv_system_mbv_riscv_axi_periph_1_xpm_cdc_async_rst__133\ [\mbv_system_mbv_riscv_axi_periph...]
Compiling architecture structure of entity xil_defaultlib.\mbv_system_mbv_riscv_axi_periph_1_sc_node_v1_0_19_top__parameterized0__9\ [\mbv_system_mbv_riscv_axi_periph...]
Compiling architecture structure of entity xil_defaultlib.mbv_system_mbv_riscv_axi_periph_1_bd_e941_m05awn_0 [mbv_system_mbv_riscv_axi_periph_...]
Compiling architecture structure of entity xil_defaultlib.\mbv_system_mbv_riscv_axi_periph_1_sc_node_v1_0_19_mi_handler__parameterized1_79\ [\mbv_system_mbv_riscv_axi_periph...]
Compiling architecture structure of entity xil_defaultlib.\mbv_system_mbv_riscv_axi_periph_1_xpm_cdc_async_rst__106\ [\mbv_system_mbv_riscv_axi_periph...]
Compiling architecture structure of entity xil_defaultlib.\mbv_system_mbv_riscv_axi_periph_1_xpm_cdc_async_rst__107\ [\mbv_system_mbv_riscv_axi_periph...]
Compiling architecture structure of entity xil_defaultlib.\mbv_system_mbv_riscv_axi_periph_1_sc_node_v1_0_19_top__parameterized1__9\ [\mbv_system_mbv_riscv_axi_periph...]
Compiling architecture structure of entity xil_defaultlib.mbv_system_mbv_riscv_axi_periph_1_bd_e941_m05bn_0 [mbv_system_mbv_riscv_axi_periph_...]
Compiling architecture structure of entity xil_defaultlib.\mbv_system_mbv_riscv_axi_periph_1_sc_node_v1_0_19_mi_handler__parameterized2_78\ [\mbv_system_mbv_riscv_axi_periph...]
Compiling architecture structure of entity xil_defaultlib.\mbv_system_mbv_riscv_axi_periph_1_xpm_cdc_async_rst__80\ [\mbv_system_mbv_riscv_axi_periph...]
Compiling architecture structure of entity xil_defaultlib.\mbv_system_mbv_riscv_axi_periph_1_xpm_cdc_async_rst__81\ [\mbv_system_mbv_riscv_axi_periph...]
Compiling architecture structure of entity xil_defaultlib.\mbv_system_mbv_riscv_axi_periph_1_sc_node_v1_0_19_top__parameterized2__9\ [\mbv_system_mbv_riscv_axi_periph...]
Compiling architecture structure of entity xil_defaultlib.mbv_system_mbv_riscv_axi_periph_1_bd_e941_m05rn_0 [mbv_system_mbv_riscv_axi_periph_...]
Compiling architecture structure of entity xil_defaultlib.\mbv_system_mbv_riscv_axi_periph_1_sc_node_v1_0_19_mi_handler__parameterized3_77\ [\mbv_system_mbv_riscv_axi_periph...]
Compiling architecture structure of entity xil_defaultlib.\mbv_system_mbv_riscv_axi_periph_1_xpm_cdc_async_rst__54\ [\mbv_system_mbv_riscv_axi_periph...]
Compiling architecture structure of entity xil_defaultlib.\mbv_system_mbv_riscv_axi_periph_1_xpm_cdc_async_rst__55\ [\mbv_system_mbv_riscv_axi_periph...]
Compiling architecture structure of entity xil_defaultlib.\mbv_system_mbv_riscv_axi_periph_1_sc_node_v1_0_19_top__parameterized3__9\ [\mbv_system_mbv_riscv_axi_periph...]
Compiling architecture structure of entity xil_defaultlib.mbv_system_mbv_riscv_axi_periph_1_bd_e941_m05wn_0 [mbv_system_mbv_riscv_axi_periph_...]
Compiling architecture structure of entity xil_defaultlib.mbv_system_mbv_riscv_axi_periph_1_m05_nodes_imp_1K42FIB [mbv_system_mbv_riscv_axi_periph_...]
Compiling architecture structure of entity xil_defaultlib.\mbv_system_mbv_riscv_axi_periph_1_sc_sc2axi_v1_0_11_top__7\ [\mbv_system_mbv_riscv_axi_periph...]
Compiling architecture structure of entity xil_defaultlib.mbv_system_mbv_riscv_axi_periph_1_bd_e941_m05s2a_0 [mbv_system_mbv_riscv_axi_periph_...]
Compiling architecture structure of entity xil_defaultlib.mbv_system_mbv_riscv_axi_periph_1_sc_exit_v1_0_18_exit_76 [mbv_system_mbv_riscv_axi_periph_...]
Compiling architecture structure of entity xil_defaultlib.\mbv_system_mbv_riscv_axi_periph_1_xpm_cdc_async_rst__173\ [\mbv_system_mbv_riscv_axi_periph...]
Compiling architecture structure of entity xil_defaultlib.\mbv_system_mbv_riscv_axi_periph_1_sc_exit_v1_0_18_top__6\ [\mbv_system_mbv_riscv_axi_periph...]
Compiling architecture structure of entity xil_defaultlib.mbv_system_mbv_riscv_axi_periph_1_bd_e941_m06e_0 [mbv_system_mbv_riscv_axi_periph_...]
Compiling architecture structure of entity xil_defaultlib.mbv_system_mbv_riscv_axi_periph_1_m06_exit_pipeline_imp_U2CEKI [mbv_system_mbv_riscv_axi_periph_...]
Compiling architecture structure of entity xil_defaultlib.mbv_system_mbv_riscv_axi_periph_1_sc_node_v1_0_19_mi_handler_75 [mbv_system_mbv_riscv_axi_periph_...]
Compiling architecture structure of entity xil_defaultlib.\mbv_system_mbv_riscv_axi_periph_1_xpm_cdc_async_rst__156\ [\mbv_system_mbv_riscv_axi_periph...]
Compiling architecture structure of entity xil_defaultlib.\mbv_system_mbv_riscv_axi_periph_1_xpm_cdc_async_rst__157\ [\mbv_system_mbv_riscv_axi_periph...]
Compiling architecture structure of entity xil_defaultlib.\mbv_system_mbv_riscv_axi_periph_1_sc_node_v1_0_19_top__8\ [\mbv_system_mbv_riscv_axi_periph...]
Compiling architecture structure of entity xil_defaultlib.mbv_system_mbv_riscv_axi_periph_1_bd_e941_m06arn_0 [mbv_system_mbv_riscv_axi_periph_...]
Compiling architecture structure of entity xil_defaultlib.\mbv_system_mbv_riscv_axi_periph_1_sc_node_v1_0_19_mi_handler__parameterized0_74\ [\mbv_system_mbv_riscv_axi_periph...]
Compiling architecture structure of entity xil_defaultlib.\mbv_system_mbv_riscv_axi_periph_1_xpm_cdc_async_rst__130\ [\mbv_system_mbv_riscv_axi_periph...]
Compiling architecture structure of entity xil_defaultlib.\mbv_system_mbv_riscv_axi_periph_1_xpm_cdc_async_rst__131\ [\mbv_system_mbv_riscv_axi_periph...]
Compiling architecture structure of entity xil_defaultlib.\mbv_system_mbv_riscv_axi_periph_1_sc_node_v1_0_19_top__parameterized0__8\ [\mbv_system_mbv_riscv_axi_periph...]
Compiling architecture structure of entity xil_defaultlib.mbv_system_mbv_riscv_axi_periph_1_bd_e941_m06awn_0 [mbv_system_mbv_riscv_axi_periph_...]
Compiling architecture structure of entity xil_defaultlib.\mbv_system_mbv_riscv_axi_periph_1_sc_node_v1_0_19_mi_handler__parameterized1_73\ [\mbv_system_mbv_riscv_axi_periph...]
Compiling architecture structure of entity xil_defaultlib.\mbv_system_mbv_riscv_axi_periph_1_xpm_cdc_async_rst__104\ [\mbv_system_mbv_riscv_axi_periph...]
Compiling architecture structure of entity xil_defaultlib.\mbv_system_mbv_riscv_axi_periph_1_xpm_cdc_async_rst__105\ [\mbv_system_mbv_riscv_axi_periph...]
Compiling architecture structure of entity xil_defaultlib.\mbv_system_mbv_riscv_axi_periph_1_sc_node_v1_0_19_top__parameterized1__8\ [\mbv_system_mbv_riscv_axi_periph...]
Compiling architecture structure of entity xil_defaultlib.mbv_system_mbv_riscv_axi_periph_1_bd_e941_m06bn_0 [mbv_system_mbv_riscv_axi_periph_...]
Compiling architecture structure of entity xil_defaultlib.\mbv_system_mbv_riscv_axi_periph_1_sc_node_v1_0_19_mi_handler__parameterized2_72\ [\mbv_system_mbv_riscv_axi_periph...]
Compiling architecture structure of entity xil_defaultlib.\mbv_system_mbv_riscv_axi_periph_1_xpm_cdc_async_rst__78\ [\mbv_system_mbv_riscv_axi_periph...]
Compiling architecture structure of entity xil_defaultlib.\mbv_system_mbv_riscv_axi_periph_1_xpm_cdc_async_rst__79\ [\mbv_system_mbv_riscv_axi_periph...]
Compiling architecture structure of entity xil_defaultlib.\mbv_system_mbv_riscv_axi_periph_1_sc_node_v1_0_19_top__parameterized2__8\ [\mbv_system_mbv_riscv_axi_periph...]
Compiling architecture structure of entity xil_defaultlib.mbv_system_mbv_riscv_axi_periph_1_bd_e941_m06rn_0 [mbv_system_mbv_riscv_axi_periph_...]
Compiling architecture structure of entity xil_defaultlib.\mbv_system_mbv_riscv_axi_periph_1_sc_node_v1_0_19_mi_handler__parameterized3_71\ [\mbv_system_mbv_riscv_axi_periph...]
Compiling architecture structure of entity xil_defaultlib.\mbv_system_mbv_riscv_axi_periph_1_xpm_cdc_async_rst__52\ [\mbv_system_mbv_riscv_axi_periph...]
Compiling architecture structure of entity xil_defaultlib.\mbv_system_mbv_riscv_axi_periph_1_xpm_cdc_async_rst__53\ [\mbv_system_mbv_riscv_axi_periph...]
Compiling architecture structure of entity xil_defaultlib.\mbv_system_mbv_riscv_axi_periph_1_sc_node_v1_0_19_top__parameterized3__8\ [\mbv_system_mbv_riscv_axi_periph...]
Compiling architecture structure of entity xil_defaultlib.mbv_system_mbv_riscv_axi_periph_1_bd_e941_m06wn_0 [mbv_system_mbv_riscv_axi_periph_...]
Compiling architecture structure of entity xil_defaultlib.mbv_system_mbv_riscv_axi_periph_1_m06_nodes_imp_1ELL23C [mbv_system_mbv_riscv_axi_periph_...]
Compiling architecture structure of entity xil_defaultlib.\mbv_system_mbv_riscv_axi_periph_1_sc_sc2axi_v1_0_11_top__6\ [\mbv_system_mbv_riscv_axi_periph...]
Compiling architecture structure of entity xil_defaultlib.mbv_system_mbv_riscv_axi_periph_1_bd_e941_m06s2a_0 [mbv_system_mbv_riscv_axi_periph_...]
Compiling architecture structure of entity xil_defaultlib.mbv_system_mbv_riscv_axi_periph_1_sc_exit_v1_0_18_exit_70 [mbv_system_mbv_riscv_axi_periph_...]
Compiling architecture structure of entity xil_defaultlib.\mbv_system_mbv_riscv_axi_periph_1_xpm_cdc_async_rst__172\ [\mbv_system_mbv_riscv_axi_periph...]
Compiling architecture structure of entity xil_defaultlib.\mbv_system_mbv_riscv_axi_periph_1_sc_exit_v1_0_18_top__5\ [\mbv_system_mbv_riscv_axi_periph...]
Compiling architecture structure of entity xil_defaultlib.mbv_system_mbv_riscv_axi_periph_1_bd_e941_m07e_0 [mbv_system_mbv_riscv_axi_periph_...]
Compiling architecture structure of entity xil_defaultlib.mbv_system_mbv_riscv_axi_periph_1_m07_exit_pipeline_imp_Y93TOI [mbv_system_mbv_riscv_axi_periph_...]
Compiling architecture structure of entity xil_defaultlib.mbv_system_mbv_riscv_axi_periph_1_sc_node_v1_0_19_mi_handler_69 [mbv_system_mbv_riscv_axi_periph_...]
Compiling architecture structure of entity xil_defaultlib.\mbv_system_mbv_riscv_axi_periph_1_xpm_cdc_async_rst__154\ [\mbv_system_mbv_riscv_axi_periph...]
Compiling architecture structure of entity xil_defaultlib.\mbv_system_mbv_riscv_axi_periph_1_xpm_cdc_async_rst__155\ [\mbv_system_mbv_riscv_axi_periph...]
Compiling architecture structure of entity xil_defaultlib.\mbv_system_mbv_riscv_axi_periph_1_sc_node_v1_0_19_top__7\ [\mbv_system_mbv_riscv_axi_periph...]
Compiling architecture structure of entity xil_defaultlib.mbv_system_mbv_riscv_axi_periph_1_bd_e941_m07arn_0 [mbv_system_mbv_riscv_axi_periph_...]
Compiling architecture structure of entity xil_defaultlib.\mbv_system_mbv_riscv_axi_periph_1_sc_node_v1_0_19_mi_handler__parameterized0_68\ [\mbv_system_mbv_riscv_axi_periph...]
Compiling architecture structure of entity xil_defaultlib.\mbv_system_mbv_riscv_axi_periph_1_xpm_cdc_async_rst__128\ [\mbv_system_mbv_riscv_axi_periph...]
Compiling architecture structure of entity xil_defaultlib.\mbv_system_mbv_riscv_axi_periph_1_xpm_cdc_async_rst__129\ [\mbv_system_mbv_riscv_axi_periph...]
Compiling architecture structure of entity xil_defaultlib.\mbv_system_mbv_riscv_axi_periph_1_sc_node_v1_0_19_top__parameterized0__7\ [\mbv_system_mbv_riscv_axi_periph...]
Compiling architecture structure of entity xil_defaultlib.mbv_system_mbv_riscv_axi_periph_1_bd_e941_m07awn_0 [mbv_system_mbv_riscv_axi_periph_...]
Compiling architecture structure of entity xil_defaultlib.\mbv_system_mbv_riscv_axi_periph_1_sc_node_v1_0_19_mi_handler__parameterized1_67\ [\mbv_system_mbv_riscv_axi_periph...]
Compiling architecture structure of entity xil_defaultlib.\mbv_system_mbv_riscv_axi_periph_1_xpm_cdc_async_rst__102\ [\mbv_system_mbv_riscv_axi_periph...]
Compiling architecture structure of entity xil_defaultlib.\mbv_system_mbv_riscv_axi_periph_1_xpm_cdc_async_rst__103\ [\mbv_system_mbv_riscv_axi_periph...]
Compiling architecture structure of entity xil_defaultlib.\mbv_system_mbv_riscv_axi_periph_1_sc_node_v1_0_19_top__parameterized1__7\ [\mbv_system_mbv_riscv_axi_periph...]
Compiling architecture structure of entity xil_defaultlib.mbv_system_mbv_riscv_axi_periph_1_bd_e941_m07bn_0 [mbv_system_mbv_riscv_axi_periph_...]
Compiling architecture structure of entity xil_defaultlib.\mbv_system_mbv_riscv_axi_periph_1_sc_node_v1_0_19_mi_handler__parameterized2_66\ [\mbv_system_mbv_riscv_axi_periph...]
Compiling architecture structure of entity xil_defaultlib.\mbv_system_mbv_riscv_axi_periph_1_xpm_cdc_async_rst__76\ [\mbv_system_mbv_riscv_axi_periph...]
Compiling architecture structure of entity xil_defaultlib.\mbv_system_mbv_riscv_axi_periph_1_xpm_cdc_async_rst__77\ [\mbv_system_mbv_riscv_axi_periph...]
Compiling architecture structure of entity xil_defaultlib.\mbv_system_mbv_riscv_axi_periph_1_sc_node_v1_0_19_top__parameterized2__7\ [\mbv_system_mbv_riscv_axi_periph...]
Compiling architecture structure of entity xil_defaultlib.mbv_system_mbv_riscv_axi_periph_1_bd_e941_m07rn_0 [mbv_system_mbv_riscv_axi_periph_...]
Compiling architecture structure of entity xil_defaultlib.\mbv_system_mbv_riscv_axi_periph_1_sc_node_v1_0_19_mi_handler__parameterized3_65\ [\mbv_system_mbv_riscv_axi_periph...]
Compiling architecture structure of entity xil_defaultlib.\mbv_system_mbv_riscv_axi_periph_1_xpm_cdc_async_rst__50\ [\mbv_system_mbv_riscv_axi_periph...]
Compiling architecture structure of entity xil_defaultlib.\mbv_system_mbv_riscv_axi_periph_1_xpm_cdc_async_rst__51\ [\mbv_system_mbv_riscv_axi_periph...]
Compiling architecture structure of entity xil_defaultlib.\mbv_system_mbv_riscv_axi_periph_1_sc_node_v1_0_19_top__parameterized3__7\ [\mbv_system_mbv_riscv_axi_periph...]
Compiling architecture structure of entity xil_defaultlib.mbv_system_mbv_riscv_axi_periph_1_bd_e941_m07wn_0 [mbv_system_mbv_riscv_axi_periph_...]
Compiling architecture structure of entity xil_defaultlib.mbv_system_mbv_riscv_axi_periph_1_m07_nodes_imp_C0QXF2 [mbv_system_mbv_riscv_axi_periph_...]
Compiling architecture structure of entity xil_defaultlib.\mbv_system_mbv_riscv_axi_periph_1_sc_sc2axi_v1_0_11_top__5\ [\mbv_system_mbv_riscv_axi_periph...]
Compiling architecture structure of entity xil_defaultlib.mbv_system_mbv_riscv_axi_periph_1_bd_e941_m07s2a_0 [mbv_system_mbv_riscv_axi_periph_...]
Compiling architecture structure of entity xil_defaultlib.mbv_system_mbv_riscv_axi_periph_1_sc_exit_v1_0_18_exit_64 [mbv_system_mbv_riscv_axi_periph_...]
Compiling architecture structure of entity xil_defaultlib.\mbv_system_mbv_riscv_axi_periph_1_xpm_cdc_async_rst__171\ [\mbv_system_mbv_riscv_axi_periph...]
Compiling architecture structure of entity xil_defaultlib.\mbv_system_mbv_riscv_axi_periph_1_sc_exit_v1_0_18_top__4\ [\mbv_system_mbv_riscv_axi_periph...]
Compiling architecture structure of entity xil_defaultlib.mbv_system_mbv_riscv_axi_periph_1_bd_e941_m08e_0 [mbv_system_mbv_riscv_axi_periph_...]
Compiling architecture structure of entity xil_defaultlib.mbv_system_mbv_riscv_axi_periph_1_m08_exit_pipeline_imp_1AL7R5U [mbv_system_mbv_riscv_axi_periph_...]
Compiling architecture structure of entity xil_defaultlib.mbv_system_mbv_riscv_axi_periph_1_sc_node_v1_0_19_mi_handler_63 [mbv_system_mbv_riscv_axi_periph_...]
Compiling architecture structure of entity xil_defaultlib.\mbv_system_mbv_riscv_axi_periph_1_xpm_cdc_async_rst__152\ [\mbv_system_mbv_riscv_axi_periph...]
Compiling architecture structure of entity xil_defaultlib.\mbv_system_mbv_riscv_axi_periph_1_xpm_cdc_async_rst__153\ [\mbv_system_mbv_riscv_axi_periph...]
Compiling architecture structure of entity xil_defaultlib.\mbv_system_mbv_riscv_axi_periph_1_sc_node_v1_0_19_top__6\ [\mbv_system_mbv_riscv_axi_periph...]
Compiling architecture structure of entity xil_defaultlib.mbv_system_mbv_riscv_axi_periph_1_bd_e941_m08arn_0 [mbv_system_mbv_riscv_axi_periph_...]
Compiling architecture structure of entity xil_defaultlib.\mbv_system_mbv_riscv_axi_periph_1_sc_node_v1_0_19_mi_handler__parameterized0_62\ [\mbv_system_mbv_riscv_axi_periph...]
Compiling architecture structure of entity xil_defaultlib.\mbv_system_mbv_riscv_axi_periph_1_xpm_cdc_async_rst__126\ [\mbv_system_mbv_riscv_axi_periph...]
Compiling architecture structure of entity xil_defaultlib.\mbv_system_mbv_riscv_axi_periph_1_xpm_cdc_async_rst__127\ [\mbv_system_mbv_riscv_axi_periph...]
Compiling architecture structure of entity xil_defaultlib.\mbv_system_mbv_riscv_axi_periph_1_sc_node_v1_0_19_top__parameterized0__6\ [\mbv_system_mbv_riscv_axi_periph...]
Compiling architecture structure of entity xil_defaultlib.mbv_system_mbv_riscv_axi_periph_1_bd_e941_m08awn_0 [mbv_system_mbv_riscv_axi_periph_...]
Compiling architecture structure of entity xil_defaultlib.\mbv_system_mbv_riscv_axi_periph_1_sc_node_v1_0_19_mi_handler__parameterized1_61\ [\mbv_system_mbv_riscv_axi_periph...]
Compiling architecture structure of entity xil_defaultlib.\mbv_system_mbv_riscv_axi_periph_1_xpm_cdc_async_rst__100\ [\mbv_system_mbv_riscv_axi_periph...]
Compiling architecture structure of entity xil_defaultlib.\mbv_system_mbv_riscv_axi_periph_1_xpm_cdc_async_rst__101\ [\mbv_system_mbv_riscv_axi_periph...]
Compiling architecture structure of entity xil_defaultlib.\mbv_system_mbv_riscv_axi_periph_1_sc_node_v1_0_19_top__parameterized1__6\ [\mbv_system_mbv_riscv_axi_periph...]
Compiling architecture structure of entity xil_defaultlib.mbv_system_mbv_riscv_axi_periph_1_bd_e941_m08bn_0 [mbv_system_mbv_riscv_axi_periph_...]
Compiling architecture structure of entity xil_defaultlib.\mbv_system_mbv_riscv_axi_periph_1_sc_node_v1_0_19_mi_handler__parameterized2_60\ [\mbv_system_mbv_riscv_axi_periph...]
Compiling architecture structure of entity xil_defaultlib.\mbv_system_mbv_riscv_axi_periph_1_xpm_cdc_async_rst__74\ [\mbv_system_mbv_riscv_axi_periph...]
Compiling architecture structure of entity xil_defaultlib.\mbv_system_mbv_riscv_axi_periph_1_xpm_cdc_async_rst__75\ [\mbv_system_mbv_riscv_axi_periph...]
Compiling architecture structure of entity xil_defaultlib.\mbv_system_mbv_riscv_axi_periph_1_sc_node_v1_0_19_top__parameterized2__6\ [\mbv_system_mbv_riscv_axi_periph...]
Compiling architecture structure of entity xil_defaultlib.mbv_system_mbv_riscv_axi_periph_1_bd_e941_m08rn_0 [mbv_system_mbv_riscv_axi_periph_...]
Compiling architecture structure of entity xil_defaultlib.\mbv_system_mbv_riscv_axi_periph_1_sc_node_v1_0_19_mi_handler__parameterized3_59\ [\mbv_system_mbv_riscv_axi_periph...]
Compiling architecture structure of entity xil_defaultlib.\mbv_system_mbv_riscv_axi_periph_1_xpm_cdc_async_rst__48\ [\mbv_system_mbv_riscv_axi_periph...]
Compiling architecture structure of entity xil_defaultlib.\mbv_system_mbv_riscv_axi_periph_1_xpm_cdc_async_rst__49\ [\mbv_system_mbv_riscv_axi_periph...]
Compiling architecture structure of entity xil_defaultlib.\mbv_system_mbv_riscv_axi_periph_1_sc_node_v1_0_19_top__parameterized3__6\ [\mbv_system_mbv_riscv_axi_periph...]
Compiling architecture structure of entity xil_defaultlib.mbv_system_mbv_riscv_axi_periph_1_bd_e941_m08wn_0 [mbv_system_mbv_riscv_axi_periph_...]
Compiling architecture structure of entity xil_defaultlib.mbv_system_mbv_riscv_axi_periph_1_m08_nodes_imp_YWBZA0 [mbv_system_mbv_riscv_axi_periph_...]
Compiling architecture structure of entity xil_defaultlib.\mbv_system_mbv_riscv_axi_periph_1_sc_sc2axi_v1_0_11_top__4\ [\mbv_system_mbv_riscv_axi_periph...]
Compiling architecture structure of entity xil_defaultlib.mbv_system_mbv_riscv_axi_periph_1_bd_e941_m08s2a_0 [mbv_system_mbv_riscv_axi_periph_...]
Compiling architecture structure of entity xil_defaultlib.mbv_system_mbv_riscv_axi_periph_1_sc_exit_v1_0_18_exit_58 [mbv_system_mbv_riscv_axi_periph_...]
Compiling architecture structure of entity xil_defaultlib.\mbv_system_mbv_riscv_axi_periph_1_xpm_cdc_async_rst__170\ [\mbv_system_mbv_riscv_axi_periph...]
Compiling architecture structure of entity xil_defaultlib.\mbv_system_mbv_riscv_axi_periph_1_sc_exit_v1_0_18_top__3\ [\mbv_system_mbv_riscv_axi_periph...]
Compiling architecture structure of entity xil_defaultlib.mbv_system_mbv_riscv_axi_periph_1_bd_e941_m09e_0 [mbv_system_mbv_riscv_axi_periph_...]
Compiling architecture structure of entity xil_defaultlib.mbv_system_mbv_riscv_axi_periph_1_m09_exit_pipeline_imp_1D1K41U [mbv_system_mbv_riscv_axi_periph_...]
Compiling architecture structure of entity xil_defaultlib.mbv_system_mbv_riscv_axi_periph_1_sc_node_v1_0_19_mi_handler_57 [mbv_system_mbv_riscv_axi_periph_...]
Compiling architecture structure of entity xil_defaultlib.\mbv_system_mbv_riscv_axi_periph_1_xpm_cdc_async_rst__150\ [\mbv_system_mbv_riscv_axi_periph...]
Compiling architecture structure of entity xil_defaultlib.\mbv_system_mbv_riscv_axi_periph_1_xpm_cdc_async_rst__151\ [\mbv_system_mbv_riscv_axi_periph...]
Compiling architecture structure of entity xil_defaultlib.\mbv_system_mbv_riscv_axi_periph_1_sc_node_v1_0_19_top__5\ [\mbv_system_mbv_riscv_axi_periph...]
Compiling architecture structure of entity xil_defaultlib.mbv_system_mbv_riscv_axi_periph_1_bd_e941_m09arn_0 [mbv_system_mbv_riscv_axi_periph_...]
Compiling architecture structure of entity xil_defaultlib.\mbv_system_mbv_riscv_axi_periph_1_sc_node_v1_0_19_mi_handler__parameterized0_56\ [\mbv_system_mbv_riscv_axi_periph...]
Compiling architecture structure of entity xil_defaultlib.\mbv_system_mbv_riscv_axi_periph_1_xpm_cdc_async_rst__124\ [\mbv_system_mbv_riscv_axi_periph...]
Compiling architecture structure of entity xil_defaultlib.\mbv_system_mbv_riscv_axi_periph_1_xpm_cdc_async_rst__125\ [\mbv_system_mbv_riscv_axi_periph...]
Compiling architecture structure of entity xil_defaultlib.\mbv_system_mbv_riscv_axi_periph_1_sc_node_v1_0_19_top__parameterized0__5\ [\mbv_system_mbv_riscv_axi_periph...]
Compiling architecture structure of entity xil_defaultlib.mbv_system_mbv_riscv_axi_periph_1_bd_e941_m09awn_0 [mbv_system_mbv_riscv_axi_periph_...]
Compiling architecture structure of entity xil_defaultlib.\mbv_system_mbv_riscv_axi_periph_1_sc_node_v1_0_19_mi_handler__parameterized1_55\ [\mbv_system_mbv_riscv_axi_periph...]
Compiling architecture structure of entity xil_defaultlib.\mbv_system_mbv_riscv_axi_periph_1_xpm_cdc_async_rst__98\ [\mbv_system_mbv_riscv_axi_periph...]
Compiling architecture structure of entity xil_defaultlib.\mbv_system_mbv_riscv_axi_periph_1_xpm_cdc_async_rst__99\ [\mbv_system_mbv_riscv_axi_periph...]
Compiling architecture structure of entity xil_defaultlib.\mbv_system_mbv_riscv_axi_periph_1_sc_node_v1_0_19_top__parameterized1__5\ [\mbv_system_mbv_riscv_axi_periph...]
Compiling architecture structure of entity xil_defaultlib.mbv_system_mbv_riscv_axi_periph_1_bd_e941_m09bn_0 [mbv_system_mbv_riscv_axi_periph_...]
Compiling architecture structure of entity xil_defaultlib.\mbv_system_mbv_riscv_axi_periph_1_sc_node_v1_0_19_mi_handler__parameterized2_54\ [\mbv_system_mbv_riscv_axi_periph...]
Compiling architecture structure of entity xil_defaultlib.\mbv_system_mbv_riscv_axi_periph_1_xpm_cdc_async_rst__72\ [\mbv_system_mbv_riscv_axi_periph...]
Compiling architecture structure of entity xil_defaultlib.\mbv_system_mbv_riscv_axi_periph_1_xpm_cdc_async_rst__73\ [\mbv_system_mbv_riscv_axi_periph...]
Compiling architecture structure of entity xil_defaultlib.\mbv_system_mbv_riscv_axi_periph_1_sc_node_v1_0_19_top__parameterized2__5\ [\mbv_system_mbv_riscv_axi_periph...]
Compiling architecture structure of entity xil_defaultlib.mbv_system_mbv_riscv_axi_periph_1_bd_e941_m09rn_0 [mbv_system_mbv_riscv_axi_periph_...]
Compiling architecture structure of entity xil_defaultlib.\mbv_system_mbv_riscv_axi_periph_1_sc_node_v1_0_19_mi_handler__parameterized3_53\ [\mbv_system_mbv_riscv_axi_periph...]
Compiling architecture structure of entity xil_defaultlib.\mbv_system_mbv_riscv_axi_periph_1_xpm_cdc_async_rst__46\ [\mbv_system_mbv_riscv_axi_periph...]
Compiling architecture structure of entity xil_defaultlib.\mbv_system_mbv_riscv_axi_periph_1_xpm_cdc_async_rst__47\ [\mbv_system_mbv_riscv_axi_periph...]
Compiling architecture structure of entity xil_defaultlib.\mbv_system_mbv_riscv_axi_periph_1_sc_node_v1_0_19_top__parameterized3__5\ [\mbv_system_mbv_riscv_axi_periph...]
Compiling architecture structure of entity xil_defaultlib.mbv_system_mbv_riscv_axi_periph_1_bd_e941_m09wn_0 [mbv_system_mbv_riscv_axi_periph_...]
Compiling architecture structure of entity xil_defaultlib.mbv_system_mbv_riscv_axi_periph_1_m09_nodes_imp_1QDC5YM [mbv_system_mbv_riscv_axi_periph_...]
Compiling architecture structure of entity xil_defaultlib.\mbv_system_mbv_riscv_axi_periph_1_sc_sc2axi_v1_0_11_top__3\ [\mbv_system_mbv_riscv_axi_periph...]
Compiling architecture structure of entity xil_defaultlib.mbv_system_mbv_riscv_axi_periph_1_bd_e941_m09s2a_0 [mbv_system_mbv_riscv_axi_periph_...]
Compiling architecture structure of entity xil_defaultlib.\mbv_system_mbv_riscv_axi_periph_1_sc_exit_v1_0_18_exit__parameterized3\ [\mbv_system_mbv_riscv_axi_periph...]
Compiling architecture structure of entity xil_defaultlib.\mbv_system_mbv_riscv_axi_periph_1_xpm_cdc_async_rst__36\ [\mbv_system_mbv_riscv_axi_periph...]
Compiling architecture structure of entity xil_defaultlib.\mbv_system_mbv_riscv_axi_periph_1_sc_exit_v1_0_18_top__parameterized3\ [\mbv_system_mbv_riscv_axi_periph...]
Compiling architecture structure of entity xil_defaultlib.mbv_system_mbv_riscv_axi_periph_1_bd_e941_m10e_0 [mbv_system_mbv_riscv_axi_periph_...]
Compiling architecture structure of entity xil_defaultlib.mbv_system_mbv_riscv_axi_periph_1_m10_exit_pipeline_imp_11507FA [mbv_system_mbv_riscv_axi_periph_...]
Compiling architecture structure of entity xil_defaultlib.mbv_system_mbv_riscv_axi_periph_1_sc_node_v1_0_19_mi_handler_52 [mbv_system_mbv_riscv_axi_periph_...]
Compiling architecture structure of entity xil_defaultlib.\mbv_system_mbv_riscv_axi_periph_1_xpm_cdc_async_rst__148\ [\mbv_system_mbv_riscv_axi_periph...]
Compiling architecture structure of entity xil_defaultlib.\mbv_system_mbv_riscv_axi_periph_1_xpm_cdc_async_rst__149\ [\mbv_system_mbv_riscv_axi_periph...]
Compiling architecture structure of entity xil_defaultlib.\mbv_system_mbv_riscv_axi_periph_1_sc_node_v1_0_19_top__4\ [\mbv_system_mbv_riscv_axi_periph...]
Compiling architecture structure of entity xil_defaultlib.mbv_system_mbv_riscv_axi_periph_1_bd_e941_m10arn_0 [mbv_system_mbv_riscv_axi_periph_...]
Compiling architecture structure of entity xil_defaultlib.\mbv_system_mbv_riscv_axi_periph_1_sc_node_v1_0_19_mi_handler__parameterized0_51\ [\mbv_system_mbv_riscv_axi_periph...]
Compiling architecture structure of entity xil_defaultlib.\mbv_system_mbv_riscv_axi_periph_1_xpm_cdc_async_rst__122\ [\mbv_system_mbv_riscv_axi_periph...]
Compiling architecture structure of entity xil_defaultlib.\mbv_system_mbv_riscv_axi_periph_1_xpm_cdc_async_rst__123\ [\mbv_system_mbv_riscv_axi_periph...]
Compiling architecture structure of entity xil_defaultlib.\mbv_system_mbv_riscv_axi_periph_1_sc_node_v1_0_19_top__parameterized0__4\ [\mbv_system_mbv_riscv_axi_periph...]
Compiling architecture structure of entity xil_defaultlib.mbv_system_mbv_riscv_axi_periph_1_bd_e941_m10awn_0 [mbv_system_mbv_riscv_axi_periph_...]
Compiling architecture structure of entity xil_defaultlib.\mbv_system_mbv_riscv_axi_periph_1_sc_node_v1_0_19_mi_handler__parameterized1_50\ [\mbv_system_mbv_riscv_axi_periph...]
Compiling architecture structure of entity xil_defaultlib.\mbv_system_mbv_riscv_axi_periph_1_xpm_cdc_async_rst__96\ [\mbv_system_mbv_riscv_axi_periph...]
Compiling architecture structure of entity xil_defaultlib.\mbv_system_mbv_riscv_axi_periph_1_xpm_cdc_async_rst__97\ [\mbv_system_mbv_riscv_axi_periph...]
Compiling architecture structure of entity xil_defaultlib.\mbv_system_mbv_riscv_axi_periph_1_sc_node_v1_0_19_top__parameterized1__4\ [\mbv_system_mbv_riscv_axi_periph...]
Compiling architecture structure of entity xil_defaultlib.mbv_system_mbv_riscv_axi_periph_1_bd_e941_m10bn_0 [mbv_system_mbv_riscv_axi_periph_...]
Compiling architecture structure of entity xil_defaultlib.\mbv_system_mbv_riscv_axi_periph_1_sc_node_v1_0_19_mi_handler__parameterized2_49\ [\mbv_system_mbv_riscv_axi_periph...]
Compiling architecture structure of entity xil_defaultlib.\mbv_system_mbv_riscv_axi_periph_1_xpm_cdc_async_rst__70\ [\mbv_system_mbv_riscv_axi_periph...]
Compiling architecture structure of entity xil_defaultlib.\mbv_system_mbv_riscv_axi_periph_1_xpm_cdc_async_rst__71\ [\mbv_system_mbv_riscv_axi_periph...]
Compiling architecture structure of entity xil_defaultlib.\mbv_system_mbv_riscv_axi_periph_1_sc_node_v1_0_19_top__parameterized2__4\ [\mbv_system_mbv_riscv_axi_periph...]
Compiling architecture structure of entity xil_defaultlib.mbv_system_mbv_riscv_axi_periph_1_bd_e941_m10rn_0 [mbv_system_mbv_riscv_axi_periph_...]
Compiling architecture structure of entity xil_defaultlib.\mbv_system_mbv_riscv_axi_periph_1_sc_node_v1_0_19_mi_handler__parameterized3_48\ [\mbv_system_mbv_riscv_axi_periph...]
Compiling architecture structure of entity xil_defaultlib.\mbv_system_mbv_riscv_axi_periph_1_xpm_cdc_async_rst__44\ [\mbv_system_mbv_riscv_axi_periph...]
Compiling architecture structure of entity xil_defaultlib.\mbv_system_mbv_riscv_axi_periph_1_xpm_cdc_async_rst__45\ [\mbv_system_mbv_riscv_axi_periph...]
Compiling architecture structure of entity xil_defaultlib.\mbv_system_mbv_riscv_axi_periph_1_sc_node_v1_0_19_top__parameterized3__4\ [\mbv_system_mbv_riscv_axi_periph...]
Compiling architecture structure of entity xil_defaultlib.mbv_system_mbv_riscv_axi_periph_1_bd_e941_m10wn_0 [mbv_system_mbv_riscv_axi_periph_...]
Compiling architecture structure of entity xil_defaultlib.mbv_system_mbv_riscv_axi_periph_1_m10_nodes_imp_1WN5406 [mbv_system_mbv_riscv_axi_periph_...]
Compiling architecture structure of entity xil_defaultlib.\mbv_system_mbv_riscv_axi_periph_1_sc_sc2axi_v1_0_11_top__parameterized3\ [\mbv_system_mbv_riscv_axi_periph...]
Compiling architecture structure of entity xil_defaultlib.mbv_system_mbv_riscv_axi_periph_1_bd_e941_m10s2a_0 [mbv_system_mbv_riscv_axi_periph_...]
Compiling architecture structure of entity xil_defaultlib.\mbv_system_mbv_riscv_axi_periph_1_sc_exit_v1_0_18_exit__parameterized2\ [\mbv_system_mbv_riscv_axi_periph...]
Compiling architecture structure of entity xil_defaultlib.\mbv_system_mbv_riscv_axi_periph_1_xpm_cdc_async_rst__176\ [\mbv_system_mbv_riscv_axi_periph...]
Compiling architecture structure of entity xil_defaultlib.\mbv_system_mbv_riscv_axi_periph_1_sc_exit_v1_0_18_top__parameterized2__1\ [\mbv_system_mbv_riscv_axi_periph...]
Compiling architecture structure of entity xil_defaultlib.mbv_system_mbv_riscv_axi_periph_1_bd_e941_m11e_0 [mbv_system_mbv_riscv_axi_periph_...]
Compiling architecture structure of entity xil_defaultlib.mbv_system_mbv_riscv_axi_periph_1_m11_exit_pipeline_imp_14RS386 [mbv_system_mbv_riscv_axi_periph_...]
Compiling architecture structure of entity xil_defaultlib.mbv_system_mbv_riscv_axi_periph_1_sc_node_v1_0_19_mi_handler_47 [mbv_system_mbv_riscv_axi_periph_...]
Compiling architecture structure of entity xil_defaultlib.\mbv_system_mbv_riscv_axi_periph_1_xpm_cdc_async_rst__146\ [\mbv_system_mbv_riscv_axi_periph...]
Compiling architecture structure of entity xil_defaultlib.\mbv_system_mbv_riscv_axi_periph_1_xpm_cdc_async_rst__147\ [\mbv_system_mbv_riscv_axi_periph...]
Compiling architecture structure of entity xil_defaultlib.\mbv_system_mbv_riscv_axi_periph_1_sc_node_v1_0_19_top__3\ [\mbv_system_mbv_riscv_axi_periph...]
Compiling architecture structure of entity xil_defaultlib.mbv_system_mbv_riscv_axi_periph_1_bd_e941_m11arn_0 [mbv_system_mbv_riscv_axi_periph_...]
Compiling architecture structure of entity xil_defaultlib.\mbv_system_mbv_riscv_axi_periph_1_sc_node_v1_0_19_mi_handler__parameterized0_46\ [\mbv_system_mbv_riscv_axi_periph...]
Compiling architecture structure of entity xil_defaultlib.\mbv_system_mbv_riscv_axi_periph_1_xpm_cdc_async_rst__120\ [\mbv_system_mbv_riscv_axi_periph...]
Compiling architecture structure of entity xil_defaultlib.\mbv_system_mbv_riscv_axi_periph_1_xpm_cdc_async_rst__121\ [\mbv_system_mbv_riscv_axi_periph...]
Compiling architecture structure of entity xil_defaultlib.\mbv_system_mbv_riscv_axi_periph_1_sc_node_v1_0_19_top__parameterized0__3\ [\mbv_system_mbv_riscv_axi_periph...]
Compiling architecture structure of entity xil_defaultlib.mbv_system_mbv_riscv_axi_periph_1_bd_e941_m11awn_0 [mbv_system_mbv_riscv_axi_periph_...]
Compiling architecture structure of entity xil_defaultlib.\mbv_system_mbv_riscv_axi_periph_1_sc_node_v1_0_19_mi_handler__parameterized1_45\ [\mbv_system_mbv_riscv_axi_periph...]
Compiling architecture structure of entity xil_defaultlib.\mbv_system_mbv_riscv_axi_periph_1_xpm_cdc_async_rst__94\ [\mbv_system_mbv_riscv_axi_periph...]
Compiling architecture structure of entity xil_defaultlib.\mbv_system_mbv_riscv_axi_periph_1_xpm_cdc_async_rst__95\ [\mbv_system_mbv_riscv_axi_periph...]
Compiling architecture structure of entity xil_defaultlib.\mbv_system_mbv_riscv_axi_periph_1_sc_node_v1_0_19_top__parameterized1__3\ [\mbv_system_mbv_riscv_axi_periph...]
Compiling architecture structure of entity xil_defaultlib.mbv_system_mbv_riscv_axi_periph_1_bd_e941_m11bn_0 [mbv_system_mbv_riscv_axi_periph_...]
Compiling architecture structure of entity xil_defaultlib.\mbv_system_mbv_riscv_axi_periph_1_sc_node_v1_0_19_mi_handler__parameterized2_44\ [\mbv_system_mbv_riscv_axi_periph...]
Compiling architecture structure of entity xil_defaultlib.\mbv_system_mbv_riscv_axi_periph_1_xpm_cdc_async_rst__68\ [\mbv_system_mbv_riscv_axi_periph...]
Compiling architecture structure of entity xil_defaultlib.\mbv_system_mbv_riscv_axi_periph_1_xpm_cdc_async_rst__69\ [\mbv_system_mbv_riscv_axi_periph...]
Compiling architecture structure of entity xil_defaultlib.\mbv_system_mbv_riscv_axi_periph_1_sc_node_v1_0_19_top__parameterized2__3\ [\mbv_system_mbv_riscv_axi_periph...]
Compiling architecture structure of entity xil_defaultlib.mbv_system_mbv_riscv_axi_periph_1_bd_e941_m11rn_0 [mbv_system_mbv_riscv_axi_periph_...]
Compiling architecture structure of entity xil_defaultlib.\mbv_system_mbv_riscv_axi_periph_1_sc_node_v1_0_19_mi_handler__parameterized3_43\ [\mbv_system_mbv_riscv_axi_periph...]
Compiling architecture structure of entity xil_defaultlib.\mbv_system_mbv_riscv_axi_periph_1_xpm_cdc_async_rst__42\ [\mbv_system_mbv_riscv_axi_periph...]
Compiling architecture structure of entity xil_defaultlib.\mbv_system_mbv_riscv_axi_periph_1_xpm_cdc_async_rst__43\ [\mbv_system_mbv_riscv_axi_periph...]
Compiling architecture structure of entity xil_defaultlib.\mbv_system_mbv_riscv_axi_periph_1_sc_node_v1_0_19_top__parameterized3__3\ [\mbv_system_mbv_riscv_axi_periph...]
Compiling architecture structure of entity xil_defaultlib.mbv_system_mbv_riscv_axi_periph_1_bd_e941_m11wn_0 [mbv_system_mbv_riscv_axi_periph_...]
Compiling architecture structure of entity xil_defaultlib.mbv_system_mbv_riscv_axi_periph_1_m11_nodes_imp_TIZOC0 [mbv_system_mbv_riscv_axi_periph_...]
Compiling architecture structure of entity xil_defaultlib.\mbv_system_mbv_riscv_axi_periph_1_sc_sc2axi_v1_0_11_top__parameterized2__1\ [\mbv_system_mbv_riscv_axi_periph...]
Compiling architecture structure of entity xil_defaultlib.mbv_system_mbv_riscv_axi_periph_1_bd_e941_m11s2a_0 [mbv_system_mbv_riscv_axi_periph_...]
Compiling architecture structure of entity xil_defaultlib.mbv_system_mbv_riscv_axi_periph_1_sc_exit_v1_0_18_exit_42 [mbv_system_mbv_riscv_axi_periph_...]
Compiling architecture structure of entity xil_defaultlib.\mbv_system_mbv_riscv_axi_periph_1_xpm_cdc_async_rst__169\ [\mbv_system_mbv_riscv_axi_periph...]
Compiling architecture structure of entity xil_defaultlib.\mbv_system_mbv_riscv_axi_periph_1_sc_exit_v1_0_18_top__2\ [\mbv_system_mbv_riscv_axi_periph...]
Compiling architecture structure of entity xil_defaultlib.mbv_system_mbv_riscv_axi_periph_1_bd_e941_m12e_0 [mbv_system_mbv_riscv_axi_periph_...]
Compiling architecture structure of entity xil_defaultlib.mbv_system_mbv_riscv_axi_periph_1_m12_exit_pipeline_imp_1BLFB4M [mbv_system_mbv_riscv_axi_periph_...]
Compiling architecture structure of entity xil_defaultlib.mbv_system_mbv_riscv_axi_periph_1_sc_node_v1_0_19_mi_handler_41 [mbv_system_mbv_riscv_axi_periph_...]
Compiling architecture structure of entity xil_defaultlib.\mbv_system_mbv_riscv_axi_periph_1_xpm_cdc_async_rst__144\ [\mbv_system_mbv_riscv_axi_periph...]
Compiling architecture structure of entity xil_defaultlib.\mbv_system_mbv_riscv_axi_periph_1_xpm_cdc_async_rst__145\ [\mbv_system_mbv_riscv_axi_periph...]
Compiling architecture structure of entity xil_defaultlib.\mbv_system_mbv_riscv_axi_periph_1_sc_node_v1_0_19_top__2\ [\mbv_system_mbv_riscv_axi_periph...]
Compiling architecture structure of entity xil_defaultlib.mbv_system_mbv_riscv_axi_periph_1_bd_e941_m12arn_0 [mbv_system_mbv_riscv_axi_periph_...]
Compiling architecture structure of entity xil_defaultlib.\mbv_system_mbv_riscv_axi_periph_1_sc_node_v1_0_19_mi_handler__parameterized0_40\ [\mbv_system_mbv_riscv_axi_periph...]
Compiling architecture structure of entity xil_defaultlib.\mbv_system_mbv_riscv_axi_periph_1_xpm_cdc_async_rst__118\ [\mbv_system_mbv_riscv_axi_periph...]
Compiling architecture structure of entity xil_defaultlib.\mbv_system_mbv_riscv_axi_periph_1_xpm_cdc_async_rst__119\ [\mbv_system_mbv_riscv_axi_periph...]
Compiling architecture structure of entity xil_defaultlib.\mbv_system_mbv_riscv_axi_periph_1_sc_node_v1_0_19_top__parameterized0__2\ [\mbv_system_mbv_riscv_axi_periph...]
Compiling architecture structure of entity xil_defaultlib.mbv_system_mbv_riscv_axi_periph_1_bd_e941_m12awn_0 [mbv_system_mbv_riscv_axi_periph_...]
Compiling architecture structure of entity xil_defaultlib.\mbv_system_mbv_riscv_axi_periph_1_sc_node_v1_0_19_mi_handler__parameterized1_39\ [\mbv_system_mbv_riscv_axi_periph...]
Compiling architecture structure of entity xil_defaultlib.\mbv_system_mbv_riscv_axi_periph_1_xpm_cdc_async_rst__92\ [\mbv_system_mbv_riscv_axi_periph...]
Compiling architecture structure of entity xil_defaultlib.\mbv_system_mbv_riscv_axi_periph_1_xpm_cdc_async_rst__93\ [\mbv_system_mbv_riscv_axi_periph...]
Compiling architecture structure of entity xil_defaultlib.\mbv_system_mbv_riscv_axi_periph_1_sc_node_v1_0_19_top__parameterized1__2\ [\mbv_system_mbv_riscv_axi_periph...]
Compiling architecture structure of entity xil_defaultlib.mbv_system_mbv_riscv_axi_periph_1_bd_e941_m12bn_0 [mbv_system_mbv_riscv_axi_periph_...]
Compiling architecture structure of entity xil_defaultlib.\mbv_system_mbv_riscv_axi_periph_1_sc_node_v1_0_19_mi_handler__parameterized2_38\ [\mbv_system_mbv_riscv_axi_periph...]
Compiling architecture structure of entity xil_defaultlib.\mbv_system_mbv_riscv_axi_periph_1_xpm_cdc_async_rst__66\ [\mbv_system_mbv_riscv_axi_periph...]
Compiling architecture structure of entity xil_defaultlib.\mbv_system_mbv_riscv_axi_periph_1_xpm_cdc_async_rst__67\ [\mbv_system_mbv_riscv_axi_periph...]
Compiling architecture structure of entity xil_defaultlib.\mbv_system_mbv_riscv_axi_periph_1_sc_node_v1_0_19_top__parameterized2__2\ [\mbv_system_mbv_riscv_axi_periph...]
Compiling architecture structure of entity xil_defaultlib.mbv_system_mbv_riscv_axi_periph_1_bd_e941_m12rn_0 [mbv_system_mbv_riscv_axi_periph_...]
Compiling architecture structure of entity xil_defaultlib.\mbv_system_mbv_riscv_axi_periph_1_sc_node_v1_0_19_mi_handler__parameterized3_37\ [\mbv_system_mbv_riscv_axi_periph...]
Compiling architecture structure of entity xil_defaultlib.\mbv_system_mbv_riscv_axi_periph_1_xpm_cdc_async_rst__40\ [\mbv_system_mbv_riscv_axi_periph...]
Compiling architecture structure of entity xil_defaultlib.\mbv_system_mbv_riscv_axi_periph_1_xpm_cdc_async_rst__41\ [\mbv_system_mbv_riscv_axi_periph...]
Compiling architecture structure of entity xil_defaultlib.\mbv_system_mbv_riscv_axi_periph_1_sc_node_v1_0_19_top__parameterized3__2\ [\mbv_system_mbv_riscv_axi_periph...]
Compiling architecture structure of entity xil_defaultlib.mbv_system_mbv_riscv_axi_periph_1_bd_e941_m12wn_0 [mbv_system_mbv_riscv_axi_periph_...]
Compiling architecture structure of entity xil_defaultlib.mbv_system_mbv_riscv_axi_periph_1_m12_nodes_imp_645PUZ [mbv_system_mbv_riscv_axi_periph_...]
Compiling architecture structure of entity xil_defaultlib.\mbv_system_mbv_riscv_axi_periph_1_sc_sc2axi_v1_0_11_top__2\ [\mbv_system_mbv_riscv_axi_periph...]
Compiling architecture structure of entity xil_defaultlib.mbv_system_mbv_riscv_axi_periph_1_bd_e941_m12s2a_0 [mbv_system_mbv_riscv_axi_periph_...]
Compiling architecture structure of entity xil_defaultlib.mbv_system_mbv_riscv_axi_periph_1_sc_exit_v1_0_18_exit [mbv_system_mbv_riscv_axi_periph_...]
Compiling architecture structure of entity xil_defaultlib.\mbv_system_mbv_riscv_axi_periph_1_xpm_cdc_async_rst__168\ [\mbv_system_mbv_riscv_axi_periph...]
Compiling architecture structure of entity xil_defaultlib.\mbv_system_mbv_riscv_axi_periph_1_sc_exit_v1_0_18_top__1\ [\mbv_system_mbv_riscv_axi_periph...]
Compiling architecture structure of entity xil_defaultlib.mbv_system_mbv_riscv_axi_periph_1_bd_e941_m13e_0 [mbv_system_mbv_riscv_axi_periph_...]
Compiling architecture structure of entity xil_defaultlib.mbv_system_mbv_riscv_axi_periph_1_m13_exit_pipeline_imp_1GC69XY [mbv_system_mbv_riscv_axi_periph_...]
Compiling architecture structure of entity xil_defaultlib.mbv_system_mbv_riscv_axi_periph_1_sc_node_v1_0_19_mi_handler [mbv_system_mbv_riscv_axi_periph_...]
Compiling architecture structure of entity xil_defaultlib.\mbv_system_mbv_riscv_axi_periph_1_xpm_cdc_async_rst__142\ [\mbv_system_mbv_riscv_axi_periph...]
Compiling architecture structure of entity xil_defaultlib.\mbv_system_mbv_riscv_axi_periph_1_xpm_cdc_async_rst__143\ [\mbv_system_mbv_riscv_axi_periph...]
Compiling architecture structure of entity xil_defaultlib.\mbv_system_mbv_riscv_axi_periph_1_sc_node_v1_0_19_top__1\ [\mbv_system_mbv_riscv_axi_periph...]
Compiling architecture structure of entity xil_defaultlib.mbv_system_mbv_riscv_axi_periph_1_bd_e941_m13arn_0 [mbv_system_mbv_riscv_axi_periph_...]
Compiling architecture structure of entity xil_defaultlib.\mbv_system_mbv_riscv_axi_periph_1_sc_node_v1_0_19_mi_handler__parameterized0\ [\mbv_system_mbv_riscv_axi_periph...]
Compiling architecture structure of entity xil_defaultlib.\mbv_system_mbv_riscv_axi_periph_1_xpm_cdc_async_rst__116\ [\mbv_system_mbv_riscv_axi_periph...]
Compiling architecture structure of entity xil_defaultlib.\mbv_system_mbv_riscv_axi_periph_1_xpm_cdc_async_rst__117\ [\mbv_system_mbv_riscv_axi_periph...]
Compiling architecture structure of entity xil_defaultlib.\mbv_system_mbv_riscv_axi_periph_1_sc_node_v1_0_19_top__parameterized0__1\ [\mbv_system_mbv_riscv_axi_periph...]
Compiling architecture structure of entity xil_defaultlib.mbv_system_mbv_riscv_axi_periph_1_bd_e941_m13awn_0 [mbv_system_mbv_riscv_axi_periph_...]
Compiling architecture structure of entity xil_defaultlib.\mbv_system_mbv_riscv_axi_periph_1_sc_node_v1_0_19_mi_handler__parameterized1\ [\mbv_system_mbv_riscv_axi_periph...]
Compiling architecture structure of entity xil_defaultlib.\mbv_system_mbv_riscv_axi_periph_1_xpm_cdc_async_rst__90\ [\mbv_system_mbv_riscv_axi_periph...]
Compiling architecture structure of entity xil_defaultlib.\mbv_system_mbv_riscv_axi_periph_1_xpm_cdc_async_rst__91\ [\mbv_system_mbv_riscv_axi_periph...]
Compiling architecture structure of entity xil_defaultlib.\mbv_system_mbv_riscv_axi_periph_1_sc_node_v1_0_19_top__parameterized1__1\ [\mbv_system_mbv_riscv_axi_periph...]
Compiling architecture structure of entity xil_defaultlib.mbv_system_mbv_riscv_axi_periph_1_bd_e941_m13bn_0 [mbv_system_mbv_riscv_axi_periph_...]
Compiling architecture structure of entity xil_defaultlib.\mbv_system_mbv_riscv_axi_periph_1_sc_node_v1_0_19_mi_handler__parameterized2\ [\mbv_system_mbv_riscv_axi_periph...]
Compiling architecture structure of entity xil_defaultlib.\mbv_system_mbv_riscv_axi_periph_1_xpm_cdc_async_rst__64\ [\mbv_system_mbv_riscv_axi_periph...]
Compiling architecture structure of entity xil_defaultlib.\mbv_system_mbv_riscv_axi_periph_1_xpm_cdc_async_rst__65\ [\mbv_system_mbv_riscv_axi_periph...]
Compiling architecture structure of entity xil_defaultlib.\mbv_system_mbv_riscv_axi_periph_1_sc_node_v1_0_19_top__parameterized2__1\ [\mbv_system_mbv_riscv_axi_periph...]
Compiling architecture structure of entity xil_defaultlib.mbv_system_mbv_riscv_axi_periph_1_bd_e941_m13rn_0 [mbv_system_mbv_riscv_axi_periph_...]
Compiling architecture structure of entity xil_defaultlib.\mbv_system_mbv_riscv_axi_periph_1_sc_node_v1_0_19_mi_handler__parameterized3\ [\mbv_system_mbv_riscv_axi_periph...]
Compiling architecture structure of entity xil_defaultlib.\mbv_system_mbv_riscv_axi_periph_1_xpm_cdc_async_rst__38\ [\mbv_system_mbv_riscv_axi_periph...]
Compiling architecture structure of entity xil_defaultlib.\mbv_system_mbv_riscv_axi_periph_1_xpm_cdc_async_rst__39\ [\mbv_system_mbv_riscv_axi_periph...]
Compiling architecture structure of entity xil_defaultlib.\mbv_system_mbv_riscv_axi_periph_1_sc_node_v1_0_19_top__parameterized3__1\ [\mbv_system_mbv_riscv_axi_periph...]
Compiling architecture structure of entity xil_defaultlib.mbv_system_mbv_riscv_axi_periph_1_bd_e941_m13wn_0 [mbv_system_mbv_riscv_axi_periph_...]
Compiling architecture structure of entity xil_defaultlib.mbv_system_mbv_riscv_axi_periph_1_m13_nodes_imp_12KNDCT [mbv_system_mbv_riscv_axi_periph_...]
Compiling architecture structure of entity xil_defaultlib.\mbv_system_mbv_riscv_axi_periph_1_sc_sc2axi_v1_0_11_top__1\ [\mbv_system_mbv_riscv_axi_periph...]
Compiling architecture structure of entity xil_defaultlib.mbv_system_mbv_riscv_axi_periph_1_bd_e941_m13s2a_0 [mbv_system_mbv_riscv_axi_periph_...]
Compiling architecture structure of entity xil_defaultlib.mbv_system_mbv_riscv_axi_periph_1_sc_axi2sc_v1_0_11_top [mbv_system_mbv_riscv_axi_periph_...]
Compiling architecture structure of entity xil_defaultlib.mbv_system_mbv_riscv_axi_periph_1_bd_e941_s00a2s_0 [mbv_system_mbv_riscv_axi_periph_...]
Compiling architecture lut5_v of entity unisim.LUT5 [\LUT5(init="01010101110111111010...]
Compiling architecture lut5_v of entity unisim.LUT5 [\LUT5(init="11111111110111111111...]
Compiling architecture lut5_v of entity unisim.LUT5 [\LUT5(init="00000000000000000000...]
Compiling architecture lut6_v of entity unisim.LUT6 [\LUT6(init="11111111111111111111...]
Compiling architecture lut4_v of entity unisim.LUT4 [\LUT4(init="1111101110001011")(0...]
Compiling architecture lut5_v of entity unisim.LUT5 [\LUT5(init="10101010101010100000...]
Compiling architecture lut5_v of entity unisim.LUT5 [\LUT5(init="10101010101010100000...]
Compiling architecture lut4_v of entity unisim.LUT4 [\LUT4(init="1010101000001100")(0...]
Compiling architecture lut6_v of entity unisim.LUT6 [\LUT6(init="11111111111111111111...]
Compiling architecture lut5_v of entity unisim.LUT5 [\LUT5(init="10101010101010101100...]
Compiling architecture lut5_v of entity unisim.LUT5 [\LUT5(init="10101010101010100000...]
Compiling architecture lut5_v of entity unisim.LUT5 [\LUT5(init="10101010101010100011...]
Compiling architecture lut4_v of entity unisim.LUT4 [\LUT4(init="1010101000000011")(0...]
Compiling architecture lut6_v of entity unisim.LUT6 [\LUT6(init="10101010101010101010...]
Compiling architecture lut6_v of entity unisim.LUT6 [\LUT6(init="11111111111111111111...]
Compiling architecture lut6_v of entity unisim.LUT6 [\LUT6(init="11111111111110101111...]
Compiling architecture lut5_v of entity unisim.LUT5 [\LUT5(init="11101000111010101010...]
Compiling architecture lut5_v of entity unisim.LUT5 [\LUT5(init="10101010101010100000...]
Compiling architecture lut5_v of entity unisim.LUT5 [\LUT5(init="00000000000011000000...]
Compiling architecture lut6_v of entity unisim.LUT6 [\LUT6(init="11111111111111111111...]
Compiling architecture lut5_v of entity unisim.LUT5 [\LUT5(init="10101010101010101010...]
Compiling architecture lut6_v of entity unisim.LUT6 [\LUT6(init="10111010100010101111...]
Compiling architecture lut5_v of entity unisim.LUT5 [\LUT5(init="01010101110000000001...]
Compiling architecture lut6_v of entity unisim.LUT6 [\LUT6(init="11111111111111111111...]
Compiling architecture lut3_v of entity unisim.LUT3 [\LUT3(init="01011101")(0,7)\]
Compiling architecture lut6_v of entity unisim.LUT6 [\LUT6(init="11101111111011111110...]
Compiling architecture lut5_v of entity unisim.LUT5 [\LUT5(init="10111000111111111010...]
Compiling architecture lut5_v of entity unisim.LUT5 [\LUT5(init="11111010111111111000...]
Compiling architecture lut5_v of entity unisim.LUT5 [\LUT5(init="00000001111111110101...]
Compiling architecture lut5_v of entity unisim.LUT5 [\LUT5(init="01000011010000110100...]
Compiling architecture structure of entity xil_defaultlib.\mbv_system_mbv_riscv_axi_periph_1_sc_util_v1_0_4_axi_reg_stall__parameterized0\ [\mbv_system_mbv_riscv_axi_periph...]
Compiling architecture lut5_v of entity unisim.LUT5 [\LUT5(init="11101111111111110001...]
Compiling architecture lut6_v of entity unisim.LUT6 [\LUT6(init="11101110111011101110...]
Compiling architecture lut6_v of entity unisim.LUT6 [\LUT6(init="11111111000011110001...]
Compiling architecture lut5_v of entity unisim.LUT5 [\LUT5(init="10101000101010101010...]
Compiling architecture lut5_v of entity unisim.LUT5 [\LUT5(init="11111000100010001000...]
Compiling architecture lut6_v of entity unisim.LUT6 [\LUT6(init="01000100010001000100...]
Compiling architecture lut6_v of entity unisim.LUT6 [\LUT6(init="00010001000100010001...]
Compiling architecture lut4_v of entity unisim.LUT4 [\LUT4(init="1100010000010101")(0...]
Compiling architecture lut4_v of entity unisim.LUT4 [\LUT4(init="0010010100001000")(0...]
Compiling architecture lut4_v of entity unisim.LUT4 [\LUT4(init="0001100000000010")(0...]
Compiling architecture lut4_v of entity unisim.LUT4 [\LUT4(init="0100001001000000")(0...]
Compiling architecture lut6_v of entity unisim.LUT6 [\LUT6(init="10101010101010101010...]
Compiling architecture lut6_v of entity unisim.LUT6 [\LUT6(init="10101010101010101010...]
Compiling architecture lut6_v of entity unisim.LUT6 [\LUT6(init="10101010101010101010...]
Compiling architecture lut6_v of entity unisim.LUT6 [\LUT6(init="10101010101010101010...]
Compiling architecture lut6_v of entity unisim.LUT6 [\LUT6(init="10101010101010101010...]
Compiling architecture lut6_v of entity unisim.LUT6 [\LUT6(init="00000000000000000000...]
Compiling architecture lut6_v of entity unisim.LUT6 [\LUT6(init="01000100111111110100...]
Compiling architecture lut5_v of entity unisim.LUT5 [\LUT5(init="11111111111111110100...]
Compiling architecture lut6_v of entity unisim.LUT6 [\LUT6(init="11111111111111111111...]
Compiling architecture lut6_v of entity unisim.LUT6 [\LUT6(init="11111111111111111110...]
Compiling architecture lut3_v of entity unisim.LUT3 [\LUT3(init="11010101")(0,7)\]
Compiling architecture lut6_v of entity unisim.LUT6 [\LUT6(init="10101010101010101010...]
Compiling architecture lut6_v of entity unisim.LUT6 [\LUT6(init="10101010101010101010...]
Compiling architecture lut6_v of entity unisim.LUT6 [\LUT6(init="10101010101010101010...]
Compiling architecture lut6_v of entity unisim.LUT6 [\LUT6(init="10101010101010101010...]
Compiling architecture lut6_v of entity unisim.LUT6 [\LUT6(init="10101010101010101010...]
Compiling architecture lut6_v of entity unisim.LUT6 [\LUT6(init="10101010101010101010...]
Compiling architecture lut6_v of entity unisim.LUT6 [\LUT6(init="10101010101010101010...]
Compiling architecture lut6_v of entity unisim.LUT6 [\LUT6(init="10101010101010101010...]
Compiling architecture lut6_v of entity unisim.LUT6 [\LUT6(init="00000000110111010000...]
Compiling architecture lut6_v of entity unisim.LUT6 [\LUT6(init="00000101000001010101...]
Compiling architecture lut6_v of entity unisim.LUT6 [\LUT6(init="00000000101000100000...]
Compiling architecture structure of entity xil_defaultlib.\mbv_system_mbv_riscv_axi_periph_1_sc_util_v1_0_4_axi_reg_stall__parameterized0_36\ [\mbv_system_mbv_riscv_axi_periph...]
Compiling architecture lut6_v of entity unisim.LUT6 [\LUT6(init="00000000000000000000...]
Compiling architecture lut4_v of entity unisim.LUT4 [\LUT4(init="0101000110101110")(0...]
Compiling architecture lut6_v of entity unisim.LUT6 [\LUT6(init="11000000000000000100...]
Compiling architecture lut6_v of entity unisim.LUT6 [\LUT6(init="01010000010100000101...]
Compiling architecture lut6_v of entity unisim.LUT6 [\LUT6(init="01010101010101010101...]
Compiling architecture lut6_v of entity unisim.LUT6 [\LUT6(init="11011111111111111111...]
Compiling architecture lut6_v of entity unisim.LUT6 [\LUT6(init="01011100010100000101...]
Compiling architecture lut6_v of entity unisim.LUT6 [\LUT6(init="00001101000011010000...]
Compiling architecture lut5_v of entity unisim.LUT5 [\LUT5(init="00000111011101111111...]
Compiling architecture lut5_v of entity unisim.LUT5 [\LUT5(init="10000000100000001011...]
Compiling architecture lut5_v of entity unisim.LUT5 [\LUT5(init="10111111100000001000...]
Compiling architecture lut5_v of entity unisim.LUT5 [\LUT5(init="01010000010100000101...]
Compiling architecture structure of entity xil_defaultlib.mbv_system_mbv_riscv_axi_periph_1_sc_mmu_v1_0_16_decerr_slave [mbv_system_mbv_riscv_axi_periph_...]
Compiling architecture lut5_v of entity unisim.LUT5 [\LUT5(init="00000000000000001111...]
Compiling architecture lut6_v of entity unisim.LUT6 [\LUT6(init="00000000000100010000...]
Compiling architecture lut5_v of entity unisim.LUT5 [\LUT5(init="00000000111011111111...]
Compiling architecture lut6_v of entity unisim.LUT6 [\LUT6(init="00000000111011111111...]
Compiling architecture lut5_v of entity unisim.LUT5 [\LUT5(init="00000111111111110000...]
Compiling architecture lut4_v of entity unisim.LUT4 [\LUT4(init="0000000001010100")(0...]
Compiling architecture lut5_v of entity unisim.LUT5 [\LUT5(init="11111111111110111111...]
Compiling architecture lut5_v of entity unisim.LUT5 [\LUT5(init="00000000000000001111...]
Compiling architecture lut5_v of entity unisim.LUT5 [\LUT5(init="00000000000000001111...]
Compiling architecture lut5_v of entity unisim.LUT5 [\LUT5(init="10111010101110101011...]
Compiling architecture lut6_v of entity unisim.LUT6 [\LUT6(init="00000000000000000000...]
Compiling architecture lut3_v of entity unisim.LUT3 [\LUT3(init="00010101")(0,7)\]
Compiling architecture lut6_v of entity unisim.LUT6 [\LUT6(init="00000000000000000000...]
Compiling architecture structure of entity xil_defaultlib.mbv_system_mbv_riscv_axi_periph_1_sc_util_v1_0_4_axi_splitter [mbv_system_mbv_riscv_axi_periph_...]
Compiling architecture structure of entity xil_defaultlib.\mbv_system_mbv_riscv_axi_periph_1_xpm_cdc_async_rst__1\ [\mbv_system_mbv_riscv_axi_periph...]
Compiling architecture structure of entity xil_defaultlib.mbv_system_mbv_riscv_axi_periph_1_sc_mmu_v1_0_16_top [mbv_system_mbv_riscv_axi_periph_...]
Compiling architecture structure of entity xil_defaultlib.mbv_system_mbv_riscv_axi_periph_1_bd_e941_s00mmu_0 [mbv_system_mbv_riscv_axi_periph_...]
Compiling architecture lut6_v of entity unisim.LUT6 [\LUT6(init="10100010101010101010...]
Compiling architecture lut6_v of entity unisim.LUT6 [\LUT6(init="00001100110011001100...]
Compiling architecture structure of entity xil_defaultlib.mbv_system_mbv_riscv_axi_periph_1_sc_si_converter_v1_0_16_splitter [mbv_system_mbv_riscv_axi_periph_...]
Compiling architecture structure of entity xil_defaultlib.\mbv_system_mbv_riscv_axi_periph_1_xpm_cdc_async_rst__3\ [\mbv_system_mbv_riscv_axi_periph...]
Compiling architecture structure of entity xil_defaultlib.mbv_system_mbv_riscv_axi_periph_1_sc_si_converter_v1_0_16_top [mbv_system_mbv_riscv_axi_periph_...]
Compiling architecture structure of entity xil_defaultlib.mbv_system_mbv_riscv_axi_periph_1_bd_e941_s00sic_0 [mbv_system_mbv_riscv_axi_periph_...]
Compiling architecture structure of entity xil_defaultlib.mbv_system_mbv_riscv_axi_periph_1_sc_transaction_regulator_v1_0_12_singleorder [mbv_system_mbv_riscv_axi_periph_...]
Compiling architecture structure of entity xil_defaultlib.mbv_system_mbv_riscv_axi_periph_1_sc_transaction_regulator_v1_0_12_singleorder_35 [mbv_system_mbv_riscv_axi_periph_...]
Compiling architecture structure of entity xil_defaultlib.\mbv_system_mbv_riscv_axi_periph_1_xpm_cdc_async_rst__2\ [\mbv_system_mbv_riscv_axi_periph...]
Compiling architecture structure of entity xil_defaultlib.mbv_system_mbv_riscv_axi_periph_1_sc_transaction_regulator_v1_0_12_top [mbv_system_mbv_riscv_axi_periph_...]
Compiling architecture structure of entity xil_defaultlib.mbv_system_mbv_riscv_axi_periph_1_bd_e941_s00tr_0 [mbv_system_mbv_riscv_axi_periph_...]
Compiling architecture structure of entity xil_defaultlib.mbv_system_mbv_riscv_axi_periph_1_s00_entry_pipeline_imp_17PDLQ9 [mbv_system_mbv_riscv_axi_periph_...]
Compiling architecture structure of entity xil_defaultlib.\mbv_system_mbv_riscv_axi_periph_1_sc_node_v1_0_19_mi_handler__parameterized4\ [\mbv_system_mbv_riscv_axi_periph...]
Compiling architecture structure of entity xil_defaultlib.\mbv_system_mbv_riscv_axi_periph_1_xpm_cdc_async_rst__23\ [\mbv_system_mbv_riscv_axi_periph...]
Compiling architecture structure of entity xil_defaultlib.\mbv_system_mbv_riscv_axi_periph_1_xpm_cdc_async_rst__22\ [\mbv_system_mbv_riscv_axi_periph...]
Compiling architecture structure of entity xil_defaultlib.\mbv_system_mbv_riscv_axi_periph_1_sc_node_v1_0_19_top__parameterized4\ [\mbv_system_mbv_riscv_axi_periph...]
Compiling architecture structure of entity xil_defaultlib.mbv_system_mbv_riscv_axi_periph_1_bd_e941_sarn_0 [mbv_system_mbv_riscv_axi_periph_...]
Compiling architecture structure of entity xil_defaultlib.\mbv_system_mbv_riscv_axi_periph_1_sc_node_v1_0_19_mi_handler__parameterized5\ [\mbv_system_mbv_riscv_axi_periph...]
Compiling architecture structure of entity xil_defaultlib.\mbv_system_mbv_riscv_axi_periph_1_xpm_cdc_async_rst__21\ [\mbv_system_mbv_riscv_axi_periph...]
Compiling architecture structure of entity xil_defaultlib.\mbv_system_mbv_riscv_axi_periph_1_xpm_cdc_async_rst__20\ [\mbv_system_mbv_riscv_axi_periph...]
Compiling architecture structure of entity xil_defaultlib.\mbv_system_mbv_riscv_axi_periph_1_sc_node_v1_0_19_top__parameterized5\ [\mbv_system_mbv_riscv_axi_periph...]
Compiling architecture structure of entity xil_defaultlib.mbv_system_mbv_riscv_axi_periph_1_bd_e941_sawn_0 [mbv_system_mbv_riscv_axi_periph_...]
Compiling architecture structure of entity xil_defaultlib.\mbv_system_mbv_riscv_axi_periph_1_sc_node_v1_0_19_mi_handler__parameterized6\ [\mbv_system_mbv_riscv_axi_periph...]
Compiling architecture structure of entity xil_defaultlib.\mbv_system_mbv_riscv_axi_periph_1_xpm_cdc_async_rst__19\ [\mbv_system_mbv_riscv_axi_periph...]
Compiling architecture structure of entity xil_defaultlib.\mbv_system_mbv_riscv_axi_periph_1_xpm_cdc_async_rst__18\ [\mbv_system_mbv_riscv_axi_periph...]
Compiling architecture structure of entity xil_defaultlib.\mbv_system_mbv_riscv_axi_periph_1_sc_node_v1_0_19_top__parameterized6\ [\mbv_system_mbv_riscv_axi_periph...]
Compiling architecture structure of entity xil_defaultlib.mbv_system_mbv_riscv_axi_periph_1_bd_e941_sbn_0 [mbv_system_mbv_riscv_axi_periph_...]
Compiling architecture structure of entity xil_defaultlib.\mbv_system_mbv_riscv_axi_periph_1_sc_node_v1_0_19_mi_handler__parameterized7\ [\mbv_system_mbv_riscv_axi_periph...]
Compiling architecture structure of entity xil_defaultlib.\mbv_system_mbv_riscv_axi_periph_1_xpm_cdc_async_rst__17\ [\mbv_system_mbv_riscv_axi_periph...]
Compiling architecture structure of entity xil_defaultlib.\mbv_system_mbv_riscv_axi_periph_1_xpm_cdc_async_rst__16\ [\mbv_system_mbv_riscv_axi_periph...]
Compiling architecture structure of entity xil_defaultlib.\mbv_system_mbv_riscv_axi_periph_1_sc_node_v1_0_19_top__parameterized7\ [\mbv_system_mbv_riscv_axi_periph...]
Compiling architecture structure of entity xil_defaultlib.mbv_system_mbv_riscv_axi_periph_1_bd_e941_srn_0 [mbv_system_mbv_riscv_axi_periph_...]
Compiling architecture structure of entity xil_defaultlib.\mbv_system_mbv_riscv_axi_periph_1_sc_node_v1_0_19_mi_handler__parameterized8\ [\mbv_system_mbv_riscv_axi_periph...]
Compiling architecture structure of entity xil_defaultlib.\mbv_system_mbv_riscv_axi_periph_1_xpm_cdc_async_rst__15\ [\mbv_system_mbv_riscv_axi_periph...]
Compiling architecture structure of entity xil_defaultlib.\mbv_system_mbv_riscv_axi_periph_1_xpm_cdc_async_rst__14\ [\mbv_system_mbv_riscv_axi_periph...]
Compiling architecture structure of entity xil_defaultlib.\mbv_system_mbv_riscv_axi_periph_1_sc_node_v1_0_19_top__parameterized8\ [\mbv_system_mbv_riscv_axi_periph...]
Compiling architecture structure of entity xil_defaultlib.mbv_system_mbv_riscv_axi_periph_1_bd_e941_swn_0 [mbv_system_mbv_riscv_axi_periph_...]
Compiling architecture structure of entity xil_defaultlib.mbv_system_mbv_riscv_axi_periph_1_s00_nodes_imp_11SR9LN [mbv_system_mbv_riscv_axi_periph_...]
Compiling architecture structure of entity xil_defaultlib.mbv_system_mbv_riscv_axi_periph_1_sc_switchboard_v1_0_9_top [mbv_system_mbv_riscv_axi_periph_...]
Compiling architecture structure of entity xil_defaultlib.mbv_system_mbv_riscv_axi_periph_1_bd_e941_arinsw_0 [mbv_system_mbv_riscv_axi_periph_...]
Compiling architecture structure of entity xil_defaultlib.\mbv_system_mbv_riscv_axi_periph_1_sc_switchboard_v1_0_9_top__parameterized0\ [\mbv_system_mbv_riscv_axi_periph...]
Compiling architecture structure of entity xil_defaultlib.mbv_system_mbv_riscv_axi_periph_1_bd_e941_aroutsw_0 [mbv_system_mbv_riscv_axi_periph_...]
Compiling architecture structure of entity xil_defaultlib.\mbv_system_mbv_riscv_axi_periph_1_sc_switchboard_v1_0_9_top__1\ [\mbv_system_mbv_riscv_axi_periph...]
Compiling architecture structure of entity xil_defaultlib.mbv_system_mbv_riscv_axi_periph_1_bd_e941_awinsw_0 [mbv_system_mbv_riscv_axi_periph_...]
Compiling architecture structure of entity xil_defaultlib.\mbv_system_mbv_riscv_axi_periph_1_sc_switchboard_v1_0_9_top__parameterized0__1\ [\mbv_system_mbv_riscv_axi_periph...]
Compiling architecture structure of entity xil_defaultlib.mbv_system_mbv_riscv_axi_periph_1_bd_e941_awoutsw_0 [mbv_system_mbv_riscv_axi_periph_...]
Compiling architecture structure of entity xil_defaultlib.\mbv_system_mbv_riscv_axi_periph_1_sc_switchboard_v1_0_9_top__parameterized1\ [\mbv_system_mbv_riscv_axi_periph...]
Compiling architecture structure of entity xil_defaultlib.mbv_system_mbv_riscv_axi_periph_1_bd_e941_binsw_0 [mbv_system_mbv_riscv_axi_periph_...]
Compiling architecture lut6_v of entity unisim.LUT6 [\LUT6(init="00000000000000000000...]
Compiling architecture lut6_v of entity unisim.LUT6 [\LUT6(init="10101010101010101010...]
Compiling architecture structure of entity xil_defaultlib.\mbv_system_mbv_riscv_axi_periph_1_sc_switchboard_v1_0_9_top__parameterized2\ [\mbv_system_mbv_riscv_axi_periph...]
Compiling architecture structure of entity xil_defaultlib.mbv_system_mbv_riscv_axi_periph_1_bd_e941_boutsw_0 [mbv_system_mbv_riscv_axi_periph_...]
Compiling architecture lut6_v of entity unisim.LUT6 [\LUT6(init="11111111111111111111...]
Compiling architecture lut6_v of entity unisim.LUT6 [\LUT6(init="00000000000000000000...]
Compiling architecture lut5_v of entity unisim.LUT5 [\LUT5(init="00000000000000001111...]
Compiling architecture lut6_v of entity unisim.LUT6 [\LUT6(init="11111111111111111111...]
Compiling architecture structure of entity xil_defaultlib.\mbv_system_mbv_riscv_axi_periph_1_sc_util_v1_0_4_counter__parameterized0_34\ [\mbv_system_mbv_riscv_axi_periph...]
Compiling architecture structure of entity xil_defaultlib.mbv_system_mbv_riscv_axi_periph_1_sc_node_v1_0_19_reg_fifo_33 [mbv_system_mbv_riscv_axi_periph_...]
Compiling architecture structure of entity xil_defaultlib.mbv_system_mbv_riscv_axi_periph_1_sc_node_v1_0_19_fifo_32 [mbv_system_mbv_riscv_axi_periph_...]
Compiling architecture structure of entity xil_defaultlib.\mbv_system_mbv_riscv_axi_periph_1_sc_node_v1_0_19_mi_handler__parameterized9\ [\mbv_system_mbv_riscv_axi_periph...]
Compiling architecture structure of entity xil_defaultlib.\mbv_system_mbv_riscv_axi_periph_1_xpm_cdc_async_rst__13\ [\mbv_system_mbv_riscv_axi_periph...]
Compiling architecture structure of entity xil_defaultlib.\mbv_system_mbv_riscv_axi_periph_1_xpm_cdc_async_rst__12\ [\mbv_system_mbv_riscv_axi_periph...]
Compiling architecture structure of entity xil_defaultlib.\mbv_system_mbv_riscv_axi_periph_1_sc_node_v1_0_19_top__parameterized9\ [\mbv_system_mbv_riscv_axi_periph...]
Compiling architecture structure of entity xil_defaultlib.mbv_system_mbv_riscv_axi_periph_1_bd_e941_arni_0 [mbv_system_mbv_riscv_axi_periph_...]
Compiling architecture structure of entity xil_defaultlib.\mbv_system_mbv_riscv_axi_periph_1_sc_util_v1_0_4_counter__parameterized0_31\ [\mbv_system_mbv_riscv_axi_periph...]
Compiling architecture structure of entity xil_defaultlib.mbv_system_mbv_riscv_axi_periph_1_sc_node_v1_0_19_reg_fifo [mbv_system_mbv_riscv_axi_periph_...]
Compiling architecture structure of entity xil_defaultlib.mbv_system_mbv_riscv_axi_periph_1_sc_node_v1_0_19_fifo [mbv_system_mbv_riscv_axi_periph_...]
Compiling architecture structure of entity xil_defaultlib.\mbv_system_mbv_riscv_axi_periph_1_sc_node_v1_0_19_mi_handler__parameterized10\ [\mbv_system_mbv_riscv_axi_periph...]
Compiling architecture structure of entity xil_defaultlib.\mbv_system_mbv_riscv_axi_periph_1_xpm_cdc_async_rst__11\ [\mbv_system_mbv_riscv_axi_periph...]
Compiling architecture structure of entity xil_defaultlib.\mbv_system_mbv_riscv_axi_periph_1_xpm_cdc_async_rst__10\ [\mbv_system_mbv_riscv_axi_periph...]
Compiling architecture structure of entity xil_defaultlib.\mbv_system_mbv_riscv_axi_periph_1_sc_node_v1_0_19_top__parameterized10\ [\mbv_system_mbv_riscv_axi_periph...]
Compiling architecture structure of entity xil_defaultlib.mbv_system_mbv_riscv_axi_periph_1_bd_e941_awni_0 [mbv_system_mbv_riscv_axi_periph_...]
Compiling architecture structure of entity xil_defaultlib.mbv_system_mbv_riscv_axi_periph_1_sc_node_v1_0_19_fi_regulator_29 [mbv_system_mbv_riscv_axi_periph_...]
Compiling architecture lut5_v of entity unisim.LUT5 [\LUT5(init="00000000000000000110...]
Compiling architecture lut5_v of entity unisim.LUT5 [\LUT5(init="11001111110011001110...]
Compiling architecture lut6_v of entity unisim.LUT6 [\LUT6(init="11101110111011101111...]
Compiling architecture lut6_v of entity unisim.LUT6 [\LUT6(init="11111111111111111111...]
Compiling architecture structure of entity xil_defaultlib.\mbv_system_mbv_riscv_axi_periph_1_sc_util_v1_0_4_counter__parameterized0_30\ [\mbv_system_mbv_riscv_axi_periph...]
Compiling architecture structure of entity xil_defaultlib.\mbv_system_mbv_riscv_axi_periph_1_sc_node_v1_0_19_reg_fifo__parameterized0\ [\mbv_system_mbv_riscv_axi_periph...]
Compiling architecture structure of entity xil_defaultlib.\mbv_system_mbv_riscv_axi_periph_1_sc_node_v1_0_19_fifo__parameterized0\ [\mbv_system_mbv_riscv_axi_periph...]
Compiling architecture structure of entity xil_defaultlib.\mbv_system_mbv_riscv_axi_periph_1_sc_node_v1_0_19_mi_handler__parameterized11\ [\mbv_system_mbv_riscv_axi_periph...]
Compiling architecture lut6_v of entity unisim.LUT6 [\LUT6(init="11111111111111111111...]
Compiling architecture lut6_v of entity unisim.LUT6 [\LUT6(init="00000000000000000000...]
Compiling architecture lut5_v of entity unisim.LUT5 [\LUT5(init="11111111111110001111...]
Compiling architecture lut3_v of entity unisim.LUT3 [\LUT3(init="11111000")(0,7)\]
Compiling architecture lut6_v of entity unisim.LUT6 [\LUT6(init="11111110111111101111...]
Compiling architecture lut4_v of entity unisim.LUT4 [\LUT4(init="0000000011101010")(0...]
Compiling architecture lut5_v of entity unisim.LUT5 [\LUT5(init="00000000000000000101...]
Compiling architecture lut6_v of entity unisim.LUT6 [\LUT6(init="11111111111111111111...]
Compiling architecture lut6_v of entity unisim.LUT6 [\LUT6(init="11111111111111111111...]
Compiling architecture lut6_v of entity unisim.LUT6 [\LUT6(init="00000000000000000000...]
Compiling architecture lut5_v of entity unisim.LUT5 [\LUT5(init="01000100010000000100...]
Compiling architecture lut6_v of entity unisim.LUT6 [\LUT6(init="00000000000000000000...]
Compiling architecture lut6_v of entity unisim.LUT6 [\LUT6(init="00000000110011000000...]
Compiling architecture lut6_v of entity unisim.LUT6 [\LUT6(init="00000000000000000000...]
Compiling architecture lut6_v of entity unisim.LUT6 [\LUT6(init="00000000000000000000...]
Compiling architecture lut6_v of entity unisim.LUT6 [\LUT6(init="11111111111111111111...]
Compiling architecture lut6_v of entity unisim.LUT6 [\LUT6(init="00000000000000000000...]
Compiling architecture structure of entity xil_defaultlib.mbv_system_mbv_riscv_axi_periph_1_sc_node_v1_0_19_arb_alg_rr_14 [mbv_system_mbv_riscv_axi_periph_...]
Compiling architecture lut5_v of entity unisim.LUT5 [\LUT5(init="10010101010101010110...]
Compiling architecture lut6_v of entity unisim.LUT6 [\LUT6(init="11010101010101011011...]
Compiling architecture lut5_v of entity unisim.LUT5 [\LUT5(init="10001111111100101000...]
Compiling architecture structure of entity xil_defaultlib.\mbv_system_mbv_riscv_axi_periph_1_sc_util_v1_0_4_counter__parameterized1_15\ [\mbv_system_mbv_riscv_axi_periph...]
Compiling architecture structure of entity xil_defaultlib.\mbv_system_mbv_riscv_axi_periph_1_sc_util_v1_0_4_counter__parameterized1_16\ [\mbv_system_mbv_riscv_axi_periph...]
Compiling architecture structure of entity xil_defaultlib.\mbv_system_mbv_riscv_axi_periph_1_sc_util_v1_0_4_counter__parameterized1_17\ [\mbv_system_mbv_riscv_axi_periph...]
Compiling architecture structure of entity xil_defaultlib.\mbv_system_mbv_riscv_axi_periph_1_sc_util_v1_0_4_counter__parameterized1_18\ [\mbv_system_mbv_riscv_axi_periph...]
Compiling architecture lut4_v of entity unisim.LUT4 [\LUT4(init="1111111100010000")(0...]
Compiling architecture structure of entity xil_defaultlib.\mbv_system_mbv_riscv_axi_periph_1_sc_util_v1_0_4_counter__parameterized1_19\ [\mbv_system_mbv_riscv_axi_periph...]
Compiling architecture structure of entity xil_defaultlib.\mbv_system_mbv_riscv_axi_periph_1_sc_util_v1_0_4_counter__parameterized1_20\ [\mbv_system_mbv_riscv_axi_periph...]
Compiling architecture structure of entity xil_defaultlib.\mbv_system_mbv_riscv_axi_periph_1_sc_util_v1_0_4_counter__parameterized1_21\ [\mbv_system_mbv_riscv_axi_periph...]
Compiling architecture structure of entity xil_defaultlib.\mbv_system_mbv_riscv_axi_periph_1_sc_util_v1_0_4_counter__parameterized1_22\ [\mbv_system_mbv_riscv_axi_periph...]
Compiling architecture structure of entity xil_defaultlib.\mbv_system_mbv_riscv_axi_periph_1_sc_util_v1_0_4_counter__parameterized1_23\ [\mbv_system_mbv_riscv_axi_periph...]
Compiling architecture structure of entity xil_defaultlib.\mbv_system_mbv_riscv_axi_periph_1_sc_util_v1_0_4_counter__parameterized1_24\ [\mbv_system_mbv_riscv_axi_periph...]
Compiling architecture structure of entity xil_defaultlib.\mbv_system_mbv_riscv_axi_periph_1_sc_util_v1_0_4_counter__parameterized1_25\ [\mbv_system_mbv_riscv_axi_periph...]
Compiling architecture structure of entity xil_defaultlib.\mbv_system_mbv_riscv_axi_periph_1_sc_util_v1_0_4_counter__parameterized1_26\ [\mbv_system_mbv_riscv_axi_periph...]
Compiling architecture structure of entity xil_defaultlib.\mbv_system_mbv_riscv_axi_periph_1_sc_util_v1_0_4_counter__parameterized1_27\ [\mbv_system_mbv_riscv_axi_periph...]
Compiling architecture structure of entity xil_defaultlib.\mbv_system_mbv_riscv_axi_periph_1_sc_util_v1_0_4_counter__parameterized1_28\ [\mbv_system_mbv_riscv_axi_periph...]
Compiling architecture structure of entity xil_defaultlib.\mbv_system_mbv_riscv_axi_periph_1_sc_node_v1_0_19_si_handler__parameterized6\ [\mbv_system_mbv_riscv_axi_periph...]
Compiling architecture structure of entity xil_defaultlib.\mbv_system_mbv_riscv_axi_periph_1_xpm_cdc_async_rst__9\ [\mbv_system_mbv_riscv_axi_periph...]
Compiling architecture structure of entity xil_defaultlib.\mbv_system_mbv_riscv_axi_periph_1_xpm_cdc_async_rst__8\ [\mbv_system_mbv_riscv_axi_periph...]
Compiling architecture structure of entity xil_defaultlib.\mbv_system_mbv_riscv_axi_periph_1_sc_node_v1_0_19_top__parameterized11\ [\mbv_system_mbv_riscv_axi_periph...]
Compiling architecture structure of entity xil_defaultlib.mbv_system_mbv_riscv_axi_periph_1_bd_e941_bni_0 [mbv_system_mbv_riscv_axi_periph_...]
Compiling architecture structure of entity xil_defaultlib.mbv_system_mbv_riscv_axi_periph_1_sc_node_v1_0_19_fi_regulator [mbv_system_mbv_riscv_axi_periph_...]
Compiling architecture structure of entity xil_defaultlib.\mbv_system_mbv_riscv_axi_periph_1_sc_util_v1_0_4_counter__parameterized0_13\ [\mbv_system_mbv_riscv_axi_periph...]
Compiling architecture structure of entity xil_defaultlib.\mbv_system_mbv_riscv_axi_periph_1_sc_node_v1_0_19_reg_fifo__parameterized1\ [\mbv_system_mbv_riscv_axi_periph...]
Compiling architecture structure of entity xil_defaultlib.\mbv_system_mbv_riscv_axi_periph_1_sc_node_v1_0_19_fifo__parameterized1\ [\mbv_system_mbv_riscv_axi_periph...]
Compiling architecture structure of entity xil_defaultlib.\mbv_system_mbv_riscv_axi_periph_1_sc_node_v1_0_19_mi_handler__parameterized12\ [\mbv_system_mbv_riscv_axi_periph...]
Compiling architecture structure of entity xil_defaultlib.mbv_system_mbv_riscv_axi_periph_1_sc_node_v1_0_19_arb_alg_rr [mbv_system_mbv_riscv_axi_periph_...]
Compiling architecture structure of entity xil_defaultlib.\mbv_system_mbv_riscv_axi_periph_1_sc_util_v1_0_4_counter__parameterized1\ [\mbv_system_mbv_riscv_axi_periph...]
Compiling architecture structure of entity xil_defaultlib.\mbv_system_mbv_riscv_axi_periph_1_sc_util_v1_0_4_counter__parameterized1_0\ [\mbv_system_mbv_riscv_axi_periph...]
Compiling architecture structure of entity xil_defaultlib.\mbv_system_mbv_riscv_axi_periph_1_sc_util_v1_0_4_counter__parameterized1_1\ [\mbv_system_mbv_riscv_axi_periph...]
Compiling architecture structure of entity xil_defaultlib.\mbv_system_mbv_riscv_axi_periph_1_sc_util_v1_0_4_counter__parameterized1_2\ [\mbv_system_mbv_riscv_axi_periph...]
Compiling architecture structure of entity xil_defaultlib.\mbv_system_mbv_riscv_axi_periph_1_sc_util_v1_0_4_counter__parameterized1_3\ [\mbv_system_mbv_riscv_axi_periph...]
Compiling architecture structure of entity xil_defaultlib.\mbv_system_mbv_riscv_axi_periph_1_sc_util_v1_0_4_counter__parameterized1_4\ [\mbv_system_mbv_riscv_axi_periph...]
Compiling architecture structure of entity xil_defaultlib.\mbv_system_mbv_riscv_axi_periph_1_sc_util_v1_0_4_counter__parameterized1_5\ [\mbv_system_mbv_riscv_axi_periph...]
Compiling architecture structure of entity xil_defaultlib.\mbv_system_mbv_riscv_axi_periph_1_sc_util_v1_0_4_counter__parameterized1_6\ [\mbv_system_mbv_riscv_axi_periph...]
Compiling architecture structure of entity xil_defaultlib.\mbv_system_mbv_riscv_axi_periph_1_sc_util_v1_0_4_counter__parameterized1_7\ [\mbv_system_mbv_riscv_axi_periph...]
Compiling architecture structure of entity xil_defaultlib.\mbv_system_mbv_riscv_axi_periph_1_sc_util_v1_0_4_counter__parameterized1_8\ [\mbv_system_mbv_riscv_axi_periph...]
Compiling architecture structure of entity xil_defaultlib.\mbv_system_mbv_riscv_axi_periph_1_sc_util_v1_0_4_counter__parameterized1_9\ [\mbv_system_mbv_riscv_axi_periph...]
Compiling architecture structure of entity xil_defaultlib.\mbv_system_mbv_riscv_axi_periph_1_sc_util_v1_0_4_counter__parameterized1_10\ [\mbv_system_mbv_riscv_axi_periph...]
Compiling architecture structure of entity xil_defaultlib.\mbv_system_mbv_riscv_axi_periph_1_sc_util_v1_0_4_counter__parameterized1_11\ [\mbv_system_mbv_riscv_axi_periph...]
Compiling architecture structure of entity xil_defaultlib.\mbv_system_mbv_riscv_axi_periph_1_sc_util_v1_0_4_counter__parameterized1_12\ [\mbv_system_mbv_riscv_axi_periph...]
Compiling architecture structure of entity xil_defaultlib.\mbv_system_mbv_riscv_axi_periph_1_sc_node_v1_0_19_si_handler__parameterized7\ [\mbv_system_mbv_riscv_axi_periph...]
Compiling architecture structure of entity xil_defaultlib.\mbv_system_mbv_riscv_axi_periph_1_xpm_cdc_async_rst__7\ [\mbv_system_mbv_riscv_axi_periph...]
Compiling architecture structure of entity xil_defaultlib.\mbv_system_mbv_riscv_axi_periph_1_xpm_cdc_async_rst__6\ [\mbv_system_mbv_riscv_axi_periph...]
Compiling architecture structure of entity xil_defaultlib.\mbv_system_mbv_riscv_axi_periph_1_sc_node_v1_0_19_top__parameterized12\ [\mbv_system_mbv_riscv_axi_periph...]
Compiling architecture structure of entity xil_defaultlib.mbv_system_mbv_riscv_axi_periph_1_bd_e941_rni_0 [mbv_system_mbv_riscv_axi_periph_...]
Compiling architecture structure of entity xil_defaultlib.\mbv_system_mbv_riscv_axi_periph_1_sc_util_v1_0_4_counter__parameterized0\ [\mbv_system_mbv_riscv_axi_periph...]
Compiling architecture structure of entity xil_defaultlib.\mbv_system_mbv_riscv_axi_periph_1_sc_node_v1_0_19_reg_fifo__parameterized2\ [\mbv_system_mbv_riscv_axi_periph...]
Compiling architecture structure of entity xil_defaultlib.\mbv_system_mbv_riscv_axi_periph_1_sc_node_v1_0_19_fifo__parameterized2\ [\mbv_system_mbv_riscv_axi_periph...]
Compiling architecture structure of entity xil_defaultlib.\mbv_system_mbv_riscv_axi_periph_1_sc_node_v1_0_19_mi_handler__parameterized13\ [\mbv_system_mbv_riscv_axi_periph...]
Compiling architecture structure of entity xil_defaultlib.\mbv_system_mbv_riscv_axi_periph_1_xpm_cdc_async_rst__5\ [\mbv_system_mbv_riscv_axi_periph...]
Compiling architecture structure of entity xil_defaultlib.\mbv_system_mbv_riscv_axi_periph_1_xpm_cdc_async_rst__4\ [\mbv_system_mbv_riscv_axi_periph...]
Compiling architecture structure of entity xil_defaultlib.\mbv_system_mbv_riscv_axi_periph_1_sc_node_v1_0_19_top__parameterized13\ [\mbv_system_mbv_riscv_axi_periph...]
Compiling architecture structure of entity xil_defaultlib.mbv_system_mbv_riscv_axi_periph_1_bd_e941_wni_0 [mbv_system_mbv_riscv_axi_periph_...]
Compiling architecture structure of entity xil_defaultlib.mbv_system_mbv_riscv_axi_periph_1_i_nodes_imp_B2R33R [mbv_system_mbv_riscv_axi_periph_...]
Compiling architecture structure of entity xil_defaultlib.\mbv_system_mbv_riscv_axi_periph_1_sc_switchboard_v1_0_9_top__parameterized3\ [\mbv_system_mbv_riscv_axi_periph...]
Compiling architecture structure of entity xil_defaultlib.mbv_system_mbv_riscv_axi_periph_1_bd_e941_rinsw_0 [mbv_system_mbv_riscv_axi_periph_...]
Compiling architecture lut6_v of entity unisim.LUT6 [\LUT6(init="00111011111111110011...]
Compiling architecture structure of entity xil_defaultlib.\mbv_system_mbv_riscv_axi_periph_1_sc_switchboard_v1_0_9_top__parameterized4\ [\mbv_system_mbv_riscv_axi_periph...]
Compiling architecture structure of entity xil_defaultlib.mbv_system_mbv_riscv_axi_periph_1_bd_e941_routsw_0 [mbv_system_mbv_riscv_axi_periph_...]
Compiling architecture structure of entity xil_defaultlib.\mbv_system_mbv_riscv_axi_periph_1_sc_switchboard_v1_0_9_top__parameterized5\ [\mbv_system_mbv_riscv_axi_periph...]
Compiling architecture structure of entity xil_defaultlib.mbv_system_mbv_riscv_axi_periph_1_bd_e941_winsw_0 [mbv_system_mbv_riscv_axi_periph_...]
Compiling architecture structure of entity xil_defaultlib.\mbv_system_mbv_riscv_axi_periph_1_sc_switchboard_v1_0_9_top__parameterized6\ [\mbv_system_mbv_riscv_axi_periph...]
Compiling architecture structure of entity xil_defaultlib.mbv_system_mbv_riscv_axi_periph_1_bd_e941_woutsw_0 [mbv_system_mbv_riscv_axi_periph_...]
Compiling architecture structure of entity xil_defaultlib.mbv_system_mbv_riscv_axi_periph_1_switchboards_imp_1R7G2MN [mbv_system_mbv_riscv_axi_periph_...]
Compiling architecture structure of entity xil_defaultlib.mbv_system_mbv_riscv_axi_periph_1_bd_e941 [mbv_system_mbv_riscv_axi_periph_...]
Compiling architecture structure of entity xil_defaultlib.mbv_system_mbv_riscv_axi_periph_1 [mbv_system_mbv_riscv_axi_periph_...]
Compiling architecture lut6_v of entity unisim.LUT6 [\LUT6(init="10001000100010001000...]
Compiling architecture lut5_v of entity unisim.LUT5 [\LUT5(init="01101010101010101010...]
Compiling architecture lut6_v of entity unisim.LUT6 [\LUT6(init="01101010101010101010...]
Compiling architecture lut3_v of entity unisim.LUT3 [\LUT3(init="10111111")(0,7)\]
Compiling architecture structure of entity xil_defaultlib.\mbv_system_axi_timebase_wdt_0_0_pselect_f__parameterized9\ [\mbv_system_axi_timebase_wdt_0_0...]
Compiling architecture structure of entity xil_defaultlib.\mbv_system_axi_timebase_wdt_0_0_pselect_f__parameterized10\ [\mbv_system_axi_timebase_wdt_0_0...]
Compiling architecture structure of entity xil_defaultlib.\mbv_system_axi_timebase_wdt_0_0_pselect_f__parameterized11\ [\mbv_system_axi_timebase_wdt_0_0...]
Compiling architecture structure of entity xil_defaultlib.\mbv_system_axi_timebase_wdt_0_0_pselect_f__parameterized1\ [\mbv_system_axi_timebase_wdt_0_0...]
Compiling architecture structure of entity xil_defaultlib.\mbv_system_axi_timebase_wdt_0_0_pselect_f__parameterized3\ [\mbv_system_axi_timebase_wdt_0_0...]
Compiling architecture structure of entity xil_defaultlib.\mbv_system_axi_timebase_wdt_0_0_pselect_f__parameterized4\ [\mbv_system_axi_timebase_wdt_0_0...]
Compiling architecture structure of entity xil_defaultlib.\mbv_system_axi_timebase_wdt_0_0_pselect_f__parameterized5\ [\mbv_system_axi_timebase_wdt_0_0...]
Compiling architecture structure of entity xil_defaultlib.\mbv_system_axi_timebase_wdt_0_0_pselect_f__parameterized6\ [\mbv_system_axi_timebase_wdt_0_0...]
Compiling architecture structure of entity xil_defaultlib.\mbv_system_axi_timebase_wdt_0_0_pselect_f__parameterized7\ [\mbv_system_axi_timebase_wdt_0_0...]
Compiling architecture structure of entity xil_defaultlib.\mbv_system_axi_timebase_wdt_0_0_pselect_f__parameterized8\ [\mbv_system_axi_timebase_wdt_0_0...]
Compiling architecture lut5_v of entity unisim.LUT5 [\LUT5(init="00000100000001000000...]
Compiling architecture lut6_v of entity unisim.LUT6 [\LUT6(init="11111111111111111111...]
Compiling architecture lut5_v of entity unisim.LUT5 [\LUT5(init="00000000000000001101...]
Compiling architecture lut5_v of entity unisim.LUT5 [\LUT5(init="10001100100000001000...]
Compiling architecture lut6_v of entity unisim.LUT6 [\LUT6(init="11110100010001001111...]
Compiling architecture lut6_v of entity unisim.LUT6 [\LUT6(init="00000000000000000000...]
Compiling architecture lut6_v of entity unisim.LUT6 [\LUT6(init="11111111111111110000...]
Compiling architecture lut5_v of entity unisim.LUT5 [\LUT5(init="11110000111100001111...]
Compiling architecture lut5_v of entity unisim.LUT5 [\LUT5(init="11111110111111111111...]
Compiling architecture lut6_v of entity unisim.LUT6 [\LUT6(init="10101110000000001010...]
Compiling architecture lut6_v of entity unisim.LUT6 [\LUT6(init="11110100111101001111...]
Compiling architecture lut6_v of entity unisim.LUT6 [\LUT6(init="11111111000000000100...]
Compiling architecture lut6_v of entity unisim.LUT6 [\LUT6(init="00000000100011110000...]
Compiling architecture lut6_v of entity unisim.LUT6 [\LUT6(init="00000000111101000000...]
Compiling architecture lut6_v of entity unisim.LUT6 [\LUT6(init="10001010100010001010...]
Compiling architecture lut6_v of entity unisim.LUT6 [\LUT6(init="11111111010000000000...]
Compiling architecture lut6_v of entity unisim.LUT6 [\LUT6(init="11111111111111111111...]
Compiling architecture lut5_v of entity unisim.LUT5 [\LUT5(init="11111111111111111111...]
Compiling architecture lut6_v of entity unisim.LUT6 [\LUT6(init="10101110000000001010...]
Compiling architecture lut6_v of entity unisim.LUT6 [\LUT6(init="11111111111111111111...]
Compiling architecture lut3_v of entity unisim.LUT3 [\LUT3(init="00011111")(0,7)\]
Compiling architecture lut5_v of entity unisim.LUT5 [\LUT5(init="11101110111011101110...]
Compiling architecture lut5_v of entity unisim.LUT5 [\LUT5(init="10101110111111111010...]
Compiling architecture lut6_v of entity unisim.LUT6 [\LUT6(init="11111111111111111111...]
Compiling architecture lut5_v of entity unisim.LUT5 [\LUT5(init="11111111111111111111...]
Compiling architecture lut6_v of entity unisim.LUT6 [\LUT6(init="11111111111101111111...]
Compiling architecture lut6_v of entity unisim.LUT6 [\LUT6(init="00000000000000000000...]
Compiling architecture lut5_v of entity unisim.LUT5 [\LUT5(init="00001101000011010000...]
Compiling architecture lut5_v of entity unisim.LUT5 [\LUT5(init="11111111111011110000...]
Compiling architecture lut6_v of entity unisim.LUT6 [\LUT6(init="11111110111111111111...]
Compiling architecture lut6_v of entity unisim.LUT6 [\LUT6(init="11101111000000001110...]
Compiling architecture lut5_v of entity unisim.LUT5 [\LUT5(init="00100000111111110010...]
Compiling architecture lut6_v of entity unisim.LUT6 [\LUT6(init="01001111010011110100...]
Compiling architecture lut5_v of entity unisim.LUT5 [\LUT5(init="00101111111011110010...]
Compiling architecture structure of entity xil_defaultlib.mbv_system_axi_timebase_wdt_0_0_address_decoder [mbv_system_axi_timebase_wdt_0_0_...]
Compiling architecture lut6_v of entity unisim.LUT6 [\LUT6(init="00101100001011110010...]
Compiling architecture structure of entity xil_defaultlib.mbv_system_axi_timebase_wdt_0_0_slave_attachment [mbv_system_axi_timebase_wdt_0_0_...]
Compiling architecture structure of entity xil_defaultlib.mbv_system_axi_timebase_wdt_0_0_axi_lite_ipif [mbv_system_axi_timebase_wdt_0_0_...]
Compiling architecture lut6_v of entity unisim.LUT6 [\LUT6(init="10111011101110111011...]
Compiling architecture lut6_v of entity unisim.LUT6 [\LUT6(init="11111111111111111111...]
Compiling architecture lut6_v of entity unisim.LUT6 [\LUT6(init="10001000100010001000...]
Compiling architecture lut5_v of entity unisim.LUT5 [\LUT5(init="01000100010001000100...]
Compiling architecture lut6_v of entity unisim.LUT6 [\LUT6(init="00100010111011100010...]
Compiling architecture lut6_v of entity unisim.LUT6 [\LUT6(init="11110100111101001111...]
Compiling architecture lut6_v of entity unisim.LUT6 [\LUT6(init="00101000001010000010...]
Compiling architecture lut4_v of entity unisim.LUT4 [\LUT4(init="1110000011101111")(0...]
Compiling architecture lut5_v of entity unisim.LUT5 [\LUT5(init="11111111000001001111...]
Compiling architecture lut6_v of entity unisim.LUT6 [\LUT6(init="00000000000000000000...]
Compiling architecture lut5_v of entity unisim.LUT5 [\LUT5(init="00000000000000001111...]
Compiling architecture lut6_v of entity unisim.LUT6 [\LUT6(init="10101011101110111111...]
Compiling architecture lut6_v of entity unisim.LUT6 [\LUT6(init="00100000001000000010...]
Compiling architecture lut6_v of entity unisim.LUT6 [\LUT6(init="00000000000000000000...]
Compiling architecture lut6_v of entity unisim.LUT6 [\LUT6(init="00000000000000000000...]
Compiling architecture lut6_v of entity unisim.LUT6 [\LUT6(init="11111111111111111111...]
Compiling architecture lut5_v of entity unisim.LUT5 [\LUT5(init="10111110111111111111...]
Compiling architecture lut6_v of entity unisim.LUT6 [\LUT6(init="00000000000000000000...]
Compiling architecture lut5_v of entity unisim.LUT5 [\LUT5(init="11111111111111110110...]
Compiling architecture lut5_v of entity unisim.LUT5 [\LUT5(init="11111111111111111111...]
Compiling architecture lut6_v of entity unisim.LUT6 [\LUT6(init="11111111111111111111...]
Compiling architecture structure of entity xil_defaultlib.mbv_system_axi_timebase_wdt_0_0_window_wdt_counter [mbv_system_axi_timebase_wdt_0_0_...]
Compiling architecture lut6_v of entity unisim.LUT6 [\LUT6(init="11111111110111111101...]
Compiling architecture lut5_v of entity unisim.LUT5 [\LUT5(init="11111111111111111111...]
Compiling architecture lut6_v of entity unisim.LUT6 [\LUT6(init="11111111111111111111...]
Compiling architecture lut6_v of entity unisim.LUT6 [\LUT6(init="00000000000000000000...]
Compiling architecture lut6_v of entity unisim.LUT6 [\LUT6(init="00000000000000000000...]
Compiling architecture lut5_v of entity unisim.LUT5 [\LUT5(init="10101010101010101010...]
Compiling architecture lut6_v of entity unisim.LUT6 [\LUT6(init="11111111111111111111...]
Compiling architecture lut6_v of entity unisim.LUT6 [\LUT6(init="00010101000101010001...]
Compiling architecture lut6_v of entity unisim.LUT6 [\LUT6(init="01010100010101000101...]
Compiling architecture lut6_v of entity unisim.LUT6 [\LUT6(init="00001110000000001111...]
Compiling architecture lut5_v of entity unisim.LUT5 [\LUT5(init="11011101110111001100...]
Compiling architecture lut6_v of entity unisim.LUT6 [\LUT6(init="00000011111111111111...]
Compiling architecture lut6_v of entity unisim.LUT6 [\LUT6(init="11111111111111110011...]
Compiling architecture lut6_v of entity unisim.LUT6 [\LUT6(init="11111111111111111111...]
Compiling architecture lut5_v of entity unisim.LUT5 [\LUT5(init="00000000010101010000...]
Compiling architecture lut5_v of entity unisim.LUT5 [\LUT5(init="10001000100010101000...]
Compiling architecture lut6_v of entity unisim.LUT6 [\LUT6(init="10101010100010101000...]
Compiling architecture lut6_v of entity unisim.LUT6 [\LUT6(init="00001111000011110000...]
Compiling architecture lut6_v of entity unisim.LUT6 [\LUT6(init="00000000000000001010...]
Compiling architecture lut6_v of entity unisim.LUT6 [\LUT6(init="10101010101010101111...]
Compiling architecture lut6_v of entity unisim.LUT6 [\LUT6(init="11101110111111101111...]
Compiling architecture lut6_v of entity unisim.LUT6 [\LUT6(init="11111111111111111111...]
Compiling architecture lut6_v of entity unisim.LUT6 [\LUT6(init="00000000000000000000...]
Compiling architecture lut6_v of entity unisim.LUT6 [\LUT6(init="00010000000000001111...]
Compiling architecture lut5_v of entity unisim.LUT5 [\LUT5(init="00000000000000000111...]
Compiling architecture lut6_v of entity unisim.LUT6 [\LUT6(init="10101010101110101011...]
Compiling architecture lut5_v of entity unisim.LUT5 [\LUT5(init="00000000000000001000...]
Compiling architecture lut5_v of entity unisim.LUT5 [\LUT5(init="01010001010100010101...]
Compiling architecture structure of entity xil_defaultlib.mbv_system_axi_timebase_wdt_0_0_window_wdt_fail_cnt [mbv_system_axi_timebase_wdt_0_0_...]
Compiling architecture lut4_v of entity unisim.LUT4 [\LUT4(init="1111111110000000")(0...]
Compiling architecture lut6_v of entity unisim.LUT6 [\LUT6(init="00000000001010100000...]
Compiling architecture structure of entity xil_defaultlib.mbv_system_axi_timebase_wdt_0_0_axi_window_wdt [mbv_system_axi_timebase_wdt_0_0_...]
Compiling architecture structure of entity xil_defaultlib.mbv_system_axi_timebase_wdt_0_0_axi_timebase_wdt_top [mbv_system_axi_timebase_wdt_0_0_...]
Compiling architecture structure of entity xil_defaultlib.mbv_system_axi_timebase_wdt_0_0 [mbv_system_axi_timebase_wdt_0_0_...]
Compiling architecture lut6_v of entity unisim.LUT6 [\LUT6(init="11111111111111110000...]
Compiling architecture lut6_v of entity unisim.LUT6 [\LUT6(init="11111000100010001111...]
Compiling architecture structure of entity xil_defaultlib.mbv_system_axi_uartlite_0_0_pselect_f [mbv_system_axi_uartlite_0_0_psel...]
Compiling architecture structure of entity xil_defaultlib.\mbv_system_axi_uartlite_0_0_pselect_f__parameterized1\ [\mbv_system_axi_uartlite_0_0_pse...]
Compiling architecture lut4_v of entity unisim.LUT4 [\LUT4(init="0000010001000100")(0...]
Compiling architecture lut5_v of entity unisim.LUT5 [\LUT5(init="11111111000000001111...]
Compiling architecture lut5_v of entity unisim.LUT5 [\LUT5(init="01010101000000001100...]
Compiling architecture lut5_v of entity unisim.LUT5 [\LUT5(init="10101010000000001100...]
Compiling architecture lut5_v of entity unisim.LUT5 [\LUT5(init="11110000000000001000...]
Compiling architecture lut5_v of entity unisim.LUT5 [\LUT5(init="00000000111111110000...]
Compiling architecture lut4_v of entity unisim.LUT4 [\LUT4(init="1000000010001000")(0...]
Compiling architecture structure of entity xil_defaultlib.mbv_system_axi_uartlite_0_0_address_decoder [mbv_system_axi_uartlite_0_0_addr...]
Compiling architecture lut6_v of entity unisim.LUT6 [\LUT6(init="10111111100000001111...]
Compiling architecture lut5_v of entity unisim.LUT5 [\LUT5(init="11110111111111111111...]
Compiling architecture lut6_v of entity unisim.LUT6 [\LUT6(init="11111000100010001111...]
Compiling architecture lut4_v of entity unisim.LUT4 [\LUT4(init="1111100000000000")(0...]
Compiling architecture structure of entity xil_defaultlib.mbv_system_axi_uartlite_0_0_slave_attachment [mbv_system_axi_uartlite_0_0_slav...]
Compiling architecture structure of entity xil_defaultlib.mbv_system_axi_uartlite_0_0_axi_lite_ipif [mbv_system_axi_uartlite_0_0_axi_...]
Compiling architecture lut6_v of entity unisim.LUT6 [\LUT6(init="00000000000000000000...]
Compiling architecture lut6_v of entity unisim.LUT6 [\LUT6(init="11111111111111110000...]
Compiling architecture lut6_v of entity unisim.LUT6 [\LUT6(init="11111111000000001111...]
Compiling architecture lut4_v of entity unisim.LUT4 [\LUT4(init="1100110011001001")(0...]
Compiling architecture lut6_v of entity unisim.LUT6 [\LUT6(init="11001100110011001100...]
Compiling architecture structure of entity xil_defaultlib.mbv_system_axi_uartlite_0_0_baudrate [mbv_system_axi_uartlite_0_0_baud...]
Compiling architecture structure of entity xil_defaultlib.mbv_system_axi_uartlite_0_0_xpm_cdc_single [mbv_system_axi_uartlite_0_0_xpm_...]
Compiling architecture lut6_v of entity unisim.LUT6 [\LUT6(init="11111111111111111111...]
Compiling architecture lut6_v of entity unisim.LUT6 [\LUT6(init="00001000000000000000...]
Compiling architecture lut6_v of entity unisim.LUT6 [\LUT6(init="00100010001000101000...]
Compiling architecture lut6_v of entity unisim.LUT6 [\LUT6(init="01000000010000000100...]
Compiling architecture lut6_v of entity unisim.LUT6 [\LUT6(init="10000000100010001000...]
Compiling architecture lut5_v of entity unisim.LUT5 [\LUT5(init="01100101010101011001...]
Compiling architecture lut6_v of entity unisim.LUT6 [\LUT6(init="01101100011001100110...]
Compiling architecture lut6_v of entity unisim.LUT6 [\LUT6(init="01111000111100000111...]
Compiling architecture lut4_v of entity unisim.LUT4 [\LUT4(init="0111100011100001")(0...]
Compiling architecture lut6_v of entity unisim.LUT6 [\LUT6(init="11011111010101010101...]
Compiling architecture lut5_v of entity unisim.LUT5 [\LUT5(init="00000000000000001010...]
Compiling architecture structure of entity xil_defaultlib.mbv_system_axi_uartlite_0_0_srl_fifo_0 [mbv_system_axi_uartlite_0_0_srl_...]
Compiling architecture lut4_v of entity unisim.LUT4 [\LUT4(init="0100010001000000")(0...]
Compiling architecture lut5_v of entity unisim.LUT5 [\LUT5(init="00000000111111110000...]
Compiling architecture lut5_v of entity unisim.LUT5 [\LUT5(init="10111111111111111010...]
Compiling architecture lut6_v of entity unisim.LUT6 [\LUT6(init="00000000000000000000...]
Compiling architecture lut4_v of entity unisim.LUT4 [\LUT4(init="0011100011110000")(0...]
Compiling architecture structure of entity xil_defaultlib.mbv_system_axi_uartlite_0_0_uartlite_rx [mbv_system_axi_uartlite_0_0_uart...]
Compiling architecture lut5_v of entity unisim.LUT5 [\LUT5(init="00000010000010000000...]
Compiling architecture lut6_v of entity unisim.LUT6 [\LUT6(init="01011001000000001010...]
Compiling architecture lut5_v of entity unisim.LUT5 [\LUT5(init="00100000001000000010...]
Compiling architecture lut6_v of entity unisim.LUT6 [\LUT6(init="10011010100110101001...]
Compiling architecture lut5_v of entity unisim.LUT5 [\LUT5(init="01101100011001101100...]
Compiling architecture lut6_v of entity unisim.LUT6 [\LUT6(init="11001100111111111010...]
Compiling architecture lut4_v of entity unisim.LUT4 [\LUT4(init="0000111100000010")(0...]
Compiling architecture structure of entity xil_defaultlib.mbv_system_axi_uartlite_0_0_srl_fifo [mbv_system_axi_uartlite_0_0_srl_...]
Compiling architecture lut3_v of entity unisim.LUT3 [\LUT3(init="00001011")(0,7)\]
Compiling architecture lut5_v of entity unisim.LUT5 [\LUT5(init="11100001111100011111...]
Compiling architecture lut5_v of entity unisim.LUT5 [\LUT5(init="10011001110011011100...]
Compiling architecture lut5_v of entity unisim.LUT5 [\LUT5(init="01010101101010111010...]
Compiling architecture lut4_v of entity unisim.LUT4 [\LUT4(init="0000111100001000")(0...]
Compiling architecture structure of entity xil_defaultlib.mbv_system_axi_uartlite_0_0_uartlite_tx [mbv_system_axi_uartlite_0_0_uart...]
Compiling architecture structure of entity xil_defaultlib.mbv_system_axi_uartlite_0_0_uartlite_core [mbv_system_axi_uartlite_0_0_uart...]
Compiling architecture structure of entity xil_defaultlib.mbv_system_axi_uartlite_0_0_axi_uartlite [mbv_system_axi_uartlite_0_0_axi_...]
Compiling architecture structure of entity xil_defaultlib.mbv_system_axi_uartlite_0_0 [mbv_system_axi_uartlite_0_0_defa...]
Compiling architecture mmcme2_adv_v of entity unisim.MMCME2_ADV [\MMCME2_ADV(clkfbout_mult_f=40.1...]
Compiling architecture structure of entity xil_defaultlib.mbv_system_clk_wiz_1_1_clk_wiz [mbv_system_clk_wiz_1_1_clk_wiz_d...]
Compiling architecture structure of entity xil_defaultlib.mbv_system_clk_wiz_1_1 [mbv_system_clk_wiz_1_1_default]
Compiling architecture srl16e_v of entity unisim.SRL16E [\SRL16E(init="0000000000000001")...]
Compiling architecture lut3_v of entity unisim.LUT3 [\LUT3(init="00001110")(0,7)\]
Compiling architecture structure of entity xil_defaultlib.mbv_system_fit_timer_0_0_Divide_part [mbv_system_fit_timer_0_0_divide_...]
Compiling architecture lut4_v of entity unisim.LUT4 [\LUT4(init="0010111100100000")(0...]
Compiling architecture structure of entity xil_defaultlib.\mbv_system_fit_timer_0_0_Divide_part__parameterized0\ [\mbv_system_fit_timer_0_0_Divide...]
Compiling architecture structure of entity xil_defaultlib.\mbv_system_fit_timer_0_0_Divide_part__parameterized0_0\ [\mbv_system_fit_timer_0_0_Divide...]
Compiling architecture structure of entity xil_defaultlib.\mbv_system_fit_timer_0_0_Divide_part__parameterized0_1\ [\mbv_system_fit_timer_0_0_Divide...]
Compiling architecture structure of entity xil_defaultlib.\mbv_system_fit_timer_0_0_Divide_part__parameterized1\ [\mbv_system_fit_timer_0_0_Divide...]
Compiling architecture structure of entity xil_defaultlib.mbv_system_fit_timer_0_0_FIT_timer [mbv_system_fit_timer_0_0_fit_tim...]
Compiling architecture structure of entity xil_defaultlib.mbv_system_fit_timer_0_0 [mbv_system_fit_timer_0_0_default]
Compiling architecture rb36_internal_vhdl_v of entity unisim.RB36_INTERNAL_VHDL [\RB36_INTERNAL_VHDL(init_00="000...]
Compiling architecture ramb36e1_v of entity unisim.RAMB36E1 [\RAMB36E1(init_00="0000000000000...]
Compiling architecture structure of entity xil_defaultlib.mbv_system_lmb_bram_1_blk_mem_gen_prim_wrapper [mbv_system_lmb_bram_1_blk_mem_ge...]
Compiling architecture structure of entity xil_defaultlib.mbv_system_lmb_bram_1_blk_mem_gen_prim_width [mbv_system_lmb_bram_1_blk_mem_ge...]
Compiling architecture rb36_internal_vhdl_v of entity unisim.RB36_INTERNAL_VHDL [\RB36_INTERNAL_VHDL(init_a="0000...]
Compiling architecture ramb36e1_v of entity unisim.RAMB36E1 [\RAMB36E1(read_width_a=1,read_wi...]
Compiling architecture structure of entity xil_defaultlib.\mbv_system_lmb_bram_1_blk_mem_gen_prim_wrapper__parameterized9\ [\mbv_system_lmb_bram_1_blk_mem_g...]
Compiling architecture structure of entity xil_defaultlib.\mbv_system_lmb_bram_1_blk_mem_gen_prim_width__parameterized9\ [\mbv_system_lmb_bram_1_blk_mem_g...]
Compiling architecture structure of entity xil_defaultlib.\mbv_system_lmb_bram_1_blk_mem_gen_prim_wrapper__parameterized10\ [\mbv_system_lmb_bram_1_blk_mem_g...]
Compiling architecture structure of entity xil_defaultlib.\mbv_system_lmb_bram_1_blk_mem_gen_prim_width__parameterized10\ [\mbv_system_lmb_bram_1_blk_mem_g...]
Compiling architecture structure of entity xil_defaultlib.\mbv_system_lmb_bram_1_blk_mem_gen_prim_wrapper__parameterized11\ [\mbv_system_lmb_bram_1_blk_mem_g...]
Compiling architecture structure of entity xil_defaultlib.\mbv_system_lmb_bram_1_blk_mem_gen_prim_width__parameterized11\ [\mbv_system_lmb_bram_1_blk_mem_g...]
Compiling architecture structure of entity xil_defaultlib.\mbv_system_lmb_bram_1_blk_mem_gen_prim_wrapper__parameterized12\ [\mbv_system_lmb_bram_1_blk_mem_g...]
Compiling architecture structure of entity xil_defaultlib.\mbv_system_lmb_bram_1_blk_mem_gen_prim_width__parameterized12\ [\mbv_system_lmb_bram_1_blk_mem_g...]
Compiling architecture structure of entity xil_defaultlib.\mbv_system_lmb_bram_1_blk_mem_gen_prim_wrapper__parameterized13\ [\mbv_system_lmb_bram_1_blk_mem_g...]
Compiling architecture structure of entity xil_defaultlib.\mbv_system_lmb_bram_1_blk_mem_gen_prim_width__parameterized13\ [\mbv_system_lmb_bram_1_blk_mem_g...]
Compiling architecture structure of entity xil_defaultlib.\mbv_system_lmb_bram_1_blk_mem_gen_prim_wrapper__parameterized14\ [\mbv_system_lmb_bram_1_blk_mem_g...]
Compiling architecture structure of entity xil_defaultlib.\mbv_system_lmb_bram_1_blk_mem_gen_prim_width__parameterized14\ [\mbv_system_lmb_bram_1_blk_mem_g...]
Compiling architecture structure of entity xil_defaultlib.\mbv_system_lmb_bram_1_blk_mem_gen_prim_wrapper__parameterized15\ [\mbv_system_lmb_bram_1_blk_mem_g...]
Compiling architecture structure of entity xil_defaultlib.\mbv_system_lmb_bram_1_blk_mem_gen_prim_width__parameterized15\ [\mbv_system_lmb_bram_1_blk_mem_g...]
Compiling architecture structure of entity xil_defaultlib.\mbv_system_lmb_bram_1_blk_mem_gen_prim_wrapper__parameterized16\ [\mbv_system_lmb_bram_1_blk_mem_g...]
Compiling architecture structure of entity xil_defaultlib.\mbv_system_lmb_bram_1_blk_mem_gen_prim_width__parameterized16\ [\mbv_system_lmb_bram_1_blk_mem_g...]
Compiling architecture structure of entity xil_defaultlib.\mbv_system_lmb_bram_1_blk_mem_gen_prim_wrapper__parameterized17\ [\mbv_system_lmb_bram_1_blk_mem_g...]
Compiling architecture structure of entity xil_defaultlib.\mbv_system_lmb_bram_1_blk_mem_gen_prim_width__parameterized17\ [\mbv_system_lmb_bram_1_blk_mem_g...]
Compiling architecture structure of entity xil_defaultlib.\mbv_system_lmb_bram_1_blk_mem_gen_prim_wrapper__parameterized18\ [\mbv_system_lmb_bram_1_blk_mem_g...]
Compiling architecture structure of entity xil_defaultlib.\mbv_system_lmb_bram_1_blk_mem_gen_prim_width__parameterized18\ [\mbv_system_lmb_bram_1_blk_mem_g...]
Compiling architecture structure of entity xil_defaultlib.\mbv_system_lmb_bram_1_blk_mem_gen_prim_wrapper__parameterized0\ [\mbv_system_lmb_bram_1_blk_mem_g...]
Compiling architecture structure of entity xil_defaultlib.\mbv_system_lmb_bram_1_blk_mem_gen_prim_width__parameterized0\ [\mbv_system_lmb_bram_1_blk_mem_g...]
Compiling architecture structure of entity xil_defaultlib.\mbv_system_lmb_bram_1_blk_mem_gen_prim_wrapper__parameterized19\ [\mbv_system_lmb_bram_1_blk_mem_g...]
Compiling architecture structure of entity xil_defaultlib.\mbv_system_lmb_bram_1_blk_mem_gen_prim_width__parameterized19\ [\mbv_system_lmb_bram_1_blk_mem_g...]
Compiling architecture structure of entity xil_defaultlib.\mbv_system_lmb_bram_1_blk_mem_gen_prim_wrapper__parameterized20\ [\mbv_system_lmb_bram_1_blk_mem_g...]
Compiling architecture structure of entity xil_defaultlib.\mbv_system_lmb_bram_1_blk_mem_gen_prim_width__parameterized20\ [\mbv_system_lmb_bram_1_blk_mem_g...]
Compiling architecture structure of entity xil_defaultlib.\mbv_system_lmb_bram_1_blk_mem_gen_prim_wrapper__parameterized21\ [\mbv_system_lmb_bram_1_blk_mem_g...]
Compiling architecture structure of entity xil_defaultlib.\mbv_system_lmb_bram_1_blk_mem_gen_prim_width__parameterized21\ [\mbv_system_lmb_bram_1_blk_mem_g...]
Compiling architecture structure of entity xil_defaultlib.\mbv_system_lmb_bram_1_blk_mem_gen_prim_wrapper__parameterized22\ [\mbv_system_lmb_bram_1_blk_mem_g...]
Compiling architecture structure of entity xil_defaultlib.\mbv_system_lmb_bram_1_blk_mem_gen_prim_width__parameterized22\ [\mbv_system_lmb_bram_1_blk_mem_g...]
Compiling architecture structure of entity xil_defaultlib.\mbv_system_lmb_bram_1_blk_mem_gen_prim_wrapper__parameterized23\ [\mbv_system_lmb_bram_1_blk_mem_g...]
Compiling architecture structure of entity xil_defaultlib.\mbv_system_lmb_bram_1_blk_mem_gen_prim_width__parameterized23\ [\mbv_system_lmb_bram_1_blk_mem_g...]
Compiling architecture structure of entity xil_defaultlib.\mbv_system_lmb_bram_1_blk_mem_gen_prim_wrapper__parameterized24\ [\mbv_system_lmb_bram_1_blk_mem_g...]
Compiling architecture structure of entity xil_defaultlib.\mbv_system_lmb_bram_1_blk_mem_gen_prim_width__parameterized24\ [\mbv_system_lmb_bram_1_blk_mem_g...]
Compiling architecture structure of entity xil_defaultlib.\mbv_system_lmb_bram_1_blk_mem_gen_prim_wrapper__parameterized25\ [\mbv_system_lmb_bram_1_blk_mem_g...]
Compiling architecture structure of entity xil_defaultlib.\mbv_system_lmb_bram_1_blk_mem_gen_prim_width__parameterized25\ [\mbv_system_lmb_bram_1_blk_mem_g...]
Compiling architecture structure of entity xil_defaultlib.\mbv_system_lmb_bram_1_blk_mem_gen_prim_wrapper__parameterized26\ [\mbv_system_lmb_bram_1_blk_mem_g...]
Compiling architecture structure of entity xil_defaultlib.\mbv_system_lmb_bram_1_blk_mem_gen_prim_width__parameterized26\ [\mbv_system_lmb_bram_1_blk_mem_g...]
Compiling architecture structure of entity xil_defaultlib.\mbv_system_lmb_bram_1_blk_mem_gen_prim_wrapper__parameterized27\ [\mbv_system_lmb_bram_1_blk_mem_g...]
Compiling architecture structure of entity xil_defaultlib.\mbv_system_lmb_bram_1_blk_mem_gen_prim_width__parameterized27\ [\mbv_system_lmb_bram_1_blk_mem_g...]
Compiling architecture structure of entity xil_defaultlib.\mbv_system_lmb_bram_1_blk_mem_gen_prim_wrapper__parameterized28\ [\mbv_system_lmb_bram_1_blk_mem_g...]
Compiling architecture structure of entity xil_defaultlib.\mbv_system_lmb_bram_1_blk_mem_gen_prim_width__parameterized28\ [\mbv_system_lmb_bram_1_blk_mem_g...]
Compiling architecture structure of entity xil_defaultlib.\mbv_system_lmb_bram_1_blk_mem_gen_prim_wrapper__parameterized1\ [\mbv_system_lmb_bram_1_blk_mem_g...]
Compiling architecture structure of entity xil_defaultlib.\mbv_system_lmb_bram_1_blk_mem_gen_prim_width__parameterized1\ [\mbv_system_lmb_bram_1_blk_mem_g...]
Compiling architecture structure of entity xil_defaultlib.\mbv_system_lmb_bram_1_blk_mem_gen_prim_wrapper__parameterized29\ [\mbv_system_lmb_bram_1_blk_mem_g...]
Compiling architecture structure of entity xil_defaultlib.\mbv_system_lmb_bram_1_blk_mem_gen_prim_width__parameterized29\ [\mbv_system_lmb_bram_1_blk_mem_g...]
Compiling architecture structure of entity xil_defaultlib.\mbv_system_lmb_bram_1_blk_mem_gen_prim_wrapper__parameterized30\ [\mbv_system_lmb_bram_1_blk_mem_g...]
Compiling architecture structure of entity xil_defaultlib.\mbv_system_lmb_bram_1_blk_mem_gen_prim_width__parameterized30\ [\mbv_system_lmb_bram_1_blk_mem_g...]
Compiling architecture structure of entity xil_defaultlib.\mbv_system_lmb_bram_1_blk_mem_gen_prim_wrapper__parameterized2\ [\mbv_system_lmb_bram_1_blk_mem_g...]
Compiling architecture structure of entity xil_defaultlib.\mbv_system_lmb_bram_1_blk_mem_gen_prim_width__parameterized2\ [\mbv_system_lmb_bram_1_blk_mem_g...]
Compiling architecture structure of entity xil_defaultlib.\mbv_system_lmb_bram_1_blk_mem_gen_prim_wrapper__parameterized3\ [\mbv_system_lmb_bram_1_blk_mem_g...]
Compiling architecture structure of entity xil_defaultlib.\mbv_system_lmb_bram_1_blk_mem_gen_prim_width__parameterized3\ [\mbv_system_lmb_bram_1_blk_mem_g...]
Compiling architecture structure of entity xil_defaultlib.\mbv_system_lmb_bram_1_blk_mem_gen_prim_wrapper__parameterized4\ [\mbv_system_lmb_bram_1_blk_mem_g...]
Compiling architecture structure of entity xil_defaultlib.\mbv_system_lmb_bram_1_blk_mem_gen_prim_width__parameterized4\ [\mbv_system_lmb_bram_1_blk_mem_g...]
Compiling architecture structure of entity xil_defaultlib.\mbv_system_lmb_bram_1_blk_mem_gen_prim_wrapper__parameterized5\ [\mbv_system_lmb_bram_1_blk_mem_g...]
Compiling architecture structure of entity xil_defaultlib.\mbv_system_lmb_bram_1_blk_mem_gen_prim_width__parameterized5\ [\mbv_system_lmb_bram_1_blk_mem_g...]
Compiling architecture structure of entity xil_defaultlib.\mbv_system_lmb_bram_1_blk_mem_gen_prim_wrapper__parameterized6\ [\mbv_system_lmb_bram_1_blk_mem_g...]
Compiling architecture structure of entity xil_defaultlib.\mbv_system_lmb_bram_1_blk_mem_gen_prim_width__parameterized6\ [\mbv_system_lmb_bram_1_blk_mem_g...]
Compiling architecture structure of entity xil_defaultlib.\mbv_system_lmb_bram_1_blk_mem_gen_prim_wrapper__parameterized7\ [\mbv_system_lmb_bram_1_blk_mem_g...]
Compiling architecture structure of entity xil_defaultlib.\mbv_system_lmb_bram_1_blk_mem_gen_prim_width__parameterized7\ [\mbv_system_lmb_bram_1_blk_mem_g...]
Compiling architecture structure of entity xil_defaultlib.\mbv_system_lmb_bram_1_blk_mem_gen_prim_wrapper__parameterized8\ [\mbv_system_lmb_bram_1_blk_mem_g...]
Compiling architecture structure of entity xil_defaultlib.\mbv_system_lmb_bram_1_blk_mem_gen_prim_width__parameterized8\ [\mbv_system_lmb_bram_1_blk_mem_g...]
Compiling architecture structure of entity xil_defaultlib.mbv_system_lmb_bram_1_blk_mem_gen_generic_cstr [mbv_system_lmb_bram_1_blk_mem_ge...]
Compiling architecture structure of entity xil_defaultlib.mbv_system_lmb_bram_1_blk_mem_gen_top [mbv_system_lmb_bram_1_blk_mem_ge...]
Compiling architecture structure of entity xil_defaultlib.mbv_system_lmb_bram_1_blk_mem_gen_v8_4_12_synth [mbv_system_lmb_bram_1_blk_mem_ge...]
Compiling architecture structure of entity xil_defaultlib.mbv_system_lmb_bram_1_blk_mem_gen_v8_4_12 [mbv_system_lmb_bram_1_blk_mem_ge...]
Compiling architecture structure of entity xil_defaultlib.mbv_system_lmb_bram_1 [mbv_system_lmb_bram_1_default]
Compiling architecture structure of entity xil_defaultlib.mbv_system_dlmb_bram_if_cntlr_1_lmb_bram_if_cntlr [mbv_system_dlmb_bram_if_cntlr_1_...]
Compiling architecture structure of entity xil_defaultlib.mbv_system_dlmb_bram_if_cntlr_1 [mbv_system_dlmb_bram_if_cntlr_1_...]
Compiling architecture structure of entity xil_defaultlib.mbv_system_dlmb_v10_1_lmb_v10 [mbv_system_dlmb_v10_1_lmb_v10_de...]
Compiling architecture structure of entity xil_defaultlib.mbv_system_dlmb_v10_1 [mbv_system_dlmb_v10_1_default]
Compiling architecture structure of entity xil_defaultlib.mbv_system_ilmb_bram_if_cntlr_1_lmb_bram_if_cntlr [mbv_system_ilmb_bram_if_cntlr_1_...]
Compiling architecture structure of entity xil_defaultlib.mbv_system_ilmb_bram_if_cntlr_1 [mbv_system_ilmb_bram_if_cntlr_1_...]
Compiling architecture structure of entity xil_defaultlib.mbv_system_ilmb_v10_1_lmb_v10 [mbv_system_ilmb_v10_1_lmb_v10_de...]
Compiling architecture structure of entity xil_defaultlib.mbv_system_ilmb_v10_1 [mbv_system_ilmb_v10_1_default]
Compiling architecture structure of entity xil_defaultlib.mbv_local_memory_imp_1NP638B [mbv_local_memory_imp_1np638b_def...]
Compiling architecture fdce_v of entity unisim.FDCE [fdce_default]
Compiling architecture lut6_v of entity unisim.LUT6 [\LUT6(init="11101110111011101110...]
Compiling architecture lut6_v of entity unisim.LUT6 [\LUT6(init="00000000000000000000...]
Compiling architecture lut6_v of entity unisim.LUT6 [\LUT6(init="00010010000000101111...]
Compiling architecture lut6_v of entity unisim.LUT6 [\LUT6(init="11111111111111011111...]
Compiling architecture lut6_v of entity unisim.LUT6 [\LUT6(init="11111111111111111111...]
Compiling architecture lut6_v of entity unisim.LUT6 [\LUT6(init="11111111111111111111...]
Compiling architecture lut6_v of entity unisim.LUT6 [\LUT6(init="11001100111111111100...]
Compiling architecture lut6_v of entity unisim.LUT6 [\LUT6(init="11111111111111110000...]
Compiling architecture lut4_v of entity unisim.LUT4 [\LUT4(init="1111110101010111")(0...]
Compiling architecture lut6_v of entity unisim.LUT6 [\LUT6(init="11011101000011011111...]
Compiling architecture lut5_v of entity unisim.LUT5 [\LUT5(init="11111111111111111110...]
Compiling architecture lut6_v of entity unisim.LUT6 [\LUT6(init="11111111111011110000...]
Compiling architecture lut4_v of entity unisim.LUT4 [\LUT4(init="0000001010000000")(0...]
Compiling architecture lut6_v of entity unisim.LUT6 [\LUT6(init="00000000000000000000...]
Compiling architecture lut4_v of entity unisim.LUT4 [\LUT4(init="1010101011100010")(0...]
Compiling architecture lut3_v of entity unisim.LUT3 [\LUT3(init="10101000")(0,7)\]
Compiling architecture lut3_v of entity unisim.LUT3 [\LUT3(init="01010100")(0,7)\]
Compiling architecture lut6_v of entity unisim.LUT6 [\LUT6(init="11001100000011001100...]
Compiling architecture lut5_v of entity unisim.LUT5 [\LUT5(init="11111111111101000100...]
Compiling architecture lut5_v of entity unisim.LUT5 [\LUT5(init="01001111010001000000...]
Compiling architecture lut4_v of entity unisim.LUT4 [\LUT4(init="1000101110111011")(0...]
Compiling architecture lut5_v of entity unisim.LUT5 [\LUT5(init="00001111000000000100...]
Compiling architecture lut6_v of entity unisim.LUT6 [\LUT6(init="11111110111111101111...]
Compiling architecture lut6_v of entity unisim.LUT6 [\LUT6(init="00000000000000000000...]
Compiling architecture lut4_v of entity unisim.LUT4 [\LUT4(init="1011100010001000")(0...]
Compiling architecture lut4_v of entity unisim.LUT4 [\LUT4(init="0000000011110010")(0...]
Compiling architecture lut6_v of entity unisim.LUT6 [\LUT6(init="01010101010101010101...]
Compiling architecture lut5_v of entity unisim.LUT5 [\LUT5(init="00000000000000000000...]
Compiling architecture lut5_v of entity unisim.LUT5 [\LUT5(init="11101110111011111111...]
Compiling architecture lut6_v of entity unisim.LUT6 [\LUT6(init="11111111111111111111...]
Compiling architecture lut6_v of entity unisim.LUT6 [\LUT6(init="01010101010101010101...]
Compiling architecture lut6_v of entity unisim.LUT6 [\LUT6(init="00000000100000000000...]
Compiling architecture lut6_v of entity unisim.LUT6 [\LUT6(init="10101010101010101010...]
Compiling architecture lut6_v of entity unisim.LUT6 [\LUT6(init="00000000000000000000...]
Compiling architecture lut6_v of entity unisim.LUT6 [\LUT6(init="00000000000000000000...]
Compiling architecture bufgctrl_v of entity unisim.BUFGCTRL [\BUFGCTRL(init_out=1,preselect_i...]
Compiling architecture structure of entity xil_defaultlib.mbv_system_mdm_1_1_MB_BUFGCE_1_82 [mbv_system_mdm_1_1_mb_bufgce_1_8...]
Compiling architecture structure of entity xil_defaultlib.mbv_system_mdm_1_1_MB_BUFG_83 [mbv_system_mdm_1_1_mb_bufg_83_de...]
Compiling architecture fdre_v of entity unisim.FDRE [\FDRE(is_c_inverted='1')\]
Compiling architecture lut6_v of entity unisim.LUT6 [\LUT6(init="10101010101010101010...]
Compiling architecture lut6_v of entity unisim.LUT6 [\LUT6(init="10001111100010001000...]
Compiling architecture lut6_v of entity unisim.LUT6 [\LUT6(init="11111111111111110000...]
Compiling architecture lut4_v of entity unisim.LUT4 [\LUT4(init="1100100000001000")(0...]
Compiling architecture lut5_v of entity unisim.LUT5 [\LUT5(init="10101110101010101010...]
Compiling architecture lut6_v of entity unisim.LUT6 [\LUT6(init="01001111010001001111...]
Compiling architecture lut5_v of entity unisim.LUT5 [\LUT5(init="00000000100000001111...]
Compiling architecture lut6_v of entity unisim.LUT6 [\LUT6(init="11001000000010001111...]
Compiling architecture lut4_v of entity unisim.LUT4 [\LUT4(init="1110101010101010")(0...]
Compiling architecture lut6_v of entity unisim.LUT6 [\LUT6(init="00000100010101011111...]
Compiling architecture lut6_v of entity unisim.LUT6 [\LUT6(init="11111111111111111111...]
Compiling architecture lut6_v of entity unisim.LUT6 [\LUT6(init="11111111110111111101...]
Compiling architecture lut6_v of entity unisim.LUT6 [\LUT6(init="11111111101010111010...]
Compiling architecture lut6_v of entity unisim.LUT6 [\LUT6(init="11111111111111111111...]
Compiling architecture lut6_v of entity unisim.LUT6 [\LUT6(init="00000000000000000000...]
Compiling architecture lut6_v of entity unisim.LUT6 [\LUT6(init="01010101010101010111...]
Compiling architecture lut6_v of entity unisim.LUT6 [\LUT6(init="11111111111111111111...]
Compiling architecture lut6_v of entity unisim.LUT6 [\LUT6(init="11101110111010101110...]
Compiling architecture lut6_v of entity unisim.LUT6 [\LUT6(init="11101110111011101110...]
Compiling architecture lut6_v of entity unisim.LUT6 [\LUT6(init="10101010101010101010...]
Compiling architecture lut6_v of entity unisim.LUT6 [\LUT6(init="00000000000001100010...]
Compiling architecture lut6_v of entity unisim.LUT6 [\LUT6(init="10101110111111110000...]
Compiling architecture lut5_v of entity unisim.LUT5 [\LUT5(init="00000000000000000000...]
Compiling architecture lut6_v of entity unisim.LUT6 [\LUT6(init="00000000000000000000...]
Compiling architecture lut4_v of entity unisim.LUT4 [\LUT4(init="0000000011010010")(0...]
Compiling architecture lut4_v of entity unisim.LUT4 [\LUT4(init="1111111111110111")(0...]
Compiling architecture lut6_v of entity unisim.LUT6 [\LUT6(init="11100000111000001110...]
Compiling architecture lut6_v of entity unisim.LUT6 [\LUT6(init="00110011001100111111...]
Compiling architecture lut6_v of entity unisim.LUT6 [\LUT6(init="01010101010101000101...]
Compiling architecture lut6_v of entity unisim.LUT6 [\LUT6(init="00110011000000000111...]
Compiling architecture lut4_v of entity unisim.LUT4 [\LUT4(init="1010101000001000")(0...]
Compiling architecture lut3_v of entity unisim.LUT3 [\LUT3(init="00010100")(0,7)\]
Compiling architecture lut6_v of entity unisim.LUT6 [\LUT6(init="00000000000000000000...]
Compiling architecture lut3_v of entity unisim.LUT3 [\LUT3(init="01010111")(0,7)\]
Compiling architecture structure of entity xil_defaultlib.mbv_system_mdm_1_1_JTAG_CONTROL [mbv_system_mdm_1_1_jtag_control_...]
Compiling architecture lut6_v of entity unisim.LUT6 [\LUT6(init="00000000000000000000...]
Compiling architecture lut6_v of entity unisim.LUT6 [\LUT6(init="11111111101010111111...]
Compiling architecture lut5_v of entity unisim.LUT5 [\LUT5(init="10101010111111101010...]
Compiling architecture lut6_v of entity unisim.LUT6 [\LUT6(init="01000100010001001111...]
Compiling architecture lut5_v of entity unisim.LUT5 [\LUT5(init="11111101110111011101...]
Compiling architecture lut5_v of entity unisim.LUT5 [\LUT5(init="01010011010100110101...]
Compiling architecture lut4_v of entity unisim.LUT4 [\LUT4(init="1110001011100000")(0...]
Compiling architecture lut4_v of entity unisim.LUT4 [\LUT4(init="0001001101110111")(0...]
Compiling architecture lut5_v of entity unisim.LUT5 [\LUT5(init="00000000011000000110...]
Compiling architecture lut6_v of entity unisim.LUT6 [\LUT6(init="00000000011000000110...]
Compiling architecture lut4_v of entity unisim.LUT4 [\LUT4(init="0101110101001101")(0...]
Compiling architecture lut5_v of entity unisim.LUT5 [\LUT5(init="00101000100010001000...]
Compiling architecture lut3_v of entity unisim.LUT3 [\LUT3(init="00101000")(0,7)\]
Compiling architecture structure of entity xil_defaultlib.mbv_system_mdm_1_1_MB_BUFG [mbv_system_mdm_1_1_mb_bufg_defau...]
Compiling architecture structure of entity xil_defaultlib.mbv_system_mdm_1_1_MB_BUFG_81 [mbv_system_mdm_1_1_mb_bufg_81_de...]
Compiling architecture plle2_adv_v of entity unisim.PLLE2_ADV [\PLLE2_ADV(clkfbout_mult=4,clkin...]
Compiling architecture structure of entity xil_defaultlib.mbv_system_mdm_1_1_MB_PLLE2_BASE [mbv_system_mdm_1_1_mb_plle2_base...]
Compiling architecture lut5_v of entity unisim.LUT5 [\LUT5(init="10101010101011101110...]
Compiling architecture lut6_v of entity unisim.LUT6 [\LUT6(init="00000000101010100000...]
Compiling architecture lut6_v of entity unisim.LUT6 [\LUT6(init="00000000000000000000...]
Compiling architecture lut6_v of entity unisim.LUT6 [\LUT6(init="00000000000000001111...]
Compiling architecture lut6_v of entity unisim.LUT6 [\LUT6(init="00000000101110100000...]
Compiling architecture lut6_v of entity unisim.LUT6 [\LUT6(init="00000100010000000100...]
Compiling architecture lut6_v of entity unisim.LUT6 [\LUT6(init="00100010001000000000...]
Compiling architecture lut5_v of entity unisim.LUT5 [\LUT5(init="11111111000000010000...]
Compiling architecture lut5_v of entity unisim.LUT5 [\LUT5(init="01110111111111110111...]
Compiling architecture lut6_v of entity unisim.LUT6 [\LUT6(init="11111100111111111110...]
Compiling architecture lut5_v of entity unisim.LUT5 [\LUT5(init="11111011101110111111...]
Compiling architecture lut6_v of entity unisim.LUT6 [\LUT6(init="00000000000100110000...]
Compiling architecture lut5_v of entity unisim.LUT5 [\LUT5(init="11111110111111100000...]
Compiling architecture structure of entity xil_defaultlib.mbv_system_mdm_1_1_MDM_Core [mbv_system_mdm_1_1_mdm_core_defa...]
Compiling architecture lut5_v of entity unisim.LUT5 [\LUT5(init="11000000001111001100...]
Compiling architecture lut3_v of entity unisim.LUT3 [\LUT3(init="10110100")(0,7)\]
Compiling architecture lut5_v of entity unisim.LUT5 [\LUT5(init="01000100010001001111...]
Compiling architecture lut3_v of entity unisim.LUT3 [\LUT3(init="01101110")(0,7)\]
Compiling architecture lut6_v of entity unisim.LUT6 [\LUT6(init="11111111000000001110...]
Compiling architecture lut3_v of entity unisim.LUT3 [\LUT3(init="10111100")(0,7)\]
Compiling architecture lut4_v of entity unisim.LUT4 [\LUT4(init="0000101110111011")(0...]
Compiling architecture lut4_v of entity unisim.LUT4 [\LUT4(init="1111011101010000")(0...]
Compiling architecture lut6_v of entity unisim.LUT6 [\LUT6(init="11111111111100001111...]
Compiling architecture lut6_v of entity unisim.LUT6 [\LUT6(init="11001100111111001100...]
Compiling architecture structure of entity xil_defaultlib.mbv_system_mdm_1_1_MB_FDRE_39 [mbv_system_mdm_1_1_mb_fdre_39_de...]
Compiling architecture structure of entity xil_defaultlib.mbv_system_mdm_1_1_MB_MUXCY_XORCY_40 [mbv_system_mdm_1_1_mb_muxcy_xorc...]
Compiling architecture lut6_v of entity unisim.LUT6 [\LUT6(init="10000000100010001000...]
Compiling architecture structure of entity xil_defaultlib.mbv_system_mdm_1_1_MB_FDRE_41 [mbv_system_mdm_1_1_mb_fdre_41_de...]
Compiling architecture structure of entity xil_defaultlib.mbv_system_mdm_1_1_MB_MUXCY_XORCY_42 [mbv_system_mdm_1_1_mb_muxcy_xorc...]
Compiling architecture lut5_v of entity unisim.LUT5 [\LUT5(init="11111111000011110000...]
Compiling architecture lut5_v of entity unisim.LUT5 [\LUT5(init="11111111111111111111...]
Compiling architecture structure of entity xil_defaultlib.mbv_system_mdm_1_1_MB_FDRE_43 [mbv_system_mdm_1_1_mb_fdre_43_de...]
Compiling architecture structure of entity xil_defaultlib.mbv_system_mdm_1_1_MB_MUXCY_XORCY_44 [mbv_system_mdm_1_1_mb_muxcy_xorc...]
Compiling architecture structure of entity xil_defaultlib.mbv_system_mdm_1_1_MB_FDRE_45 [mbv_system_mdm_1_1_mb_fdre_45_de...]
Compiling architecture structure of entity xil_defaultlib.mbv_system_mdm_1_1_MB_MUXCY_XORCY_46 [mbv_system_mdm_1_1_mb_muxcy_xorc...]
Compiling architecture structure of entity xil_defaultlib.mbv_system_mdm_1_1_MB_FDRE_47 [mbv_system_mdm_1_1_mb_fdre_47_de...]
Compiling architecture structure of entity xil_defaultlib.mbv_system_mdm_1_1_MB_XORCY_48 [mbv_system_mdm_1_1_mb_xorcy_48_d...]
Compiling architecture srlc32e_v of entity unisim.SRLC32E [\SRLC32E(0,31)\]
Compiling architecture structure of entity xil_defaultlib.mbv_system_mdm_1_1_MB_SRLC32E_49 [mbv_system_mdm_1_1_mb_srlc32e_49...]
Compiling architecture structure of entity xil_defaultlib.mbv_system_mdm_1_1_MB_SRLC32E_50 [mbv_system_mdm_1_1_mb_srlc32e_50...]
Compiling architecture structure of entity xil_defaultlib.mbv_system_mdm_1_1_MB_SRLC32E_51 [mbv_system_mdm_1_1_mb_srlc32e_51...]
Compiling architecture structure of entity xil_defaultlib.mbv_system_mdm_1_1_MB_SRLC32E_52 [mbv_system_mdm_1_1_mb_srlc32e_52...]
Compiling architecture structure of entity xil_defaultlib.mbv_system_mdm_1_1_MB_SRLC32E_53 [mbv_system_mdm_1_1_mb_srlc32e_53...]
Compiling architecture structure of entity xil_defaultlib.mbv_system_mdm_1_1_MB_SRLC32E_54 [mbv_system_mdm_1_1_mb_srlc32e_54...]
Compiling architecture structure of entity xil_defaultlib.mbv_system_mdm_1_1_MB_SRLC32E_55 [mbv_system_mdm_1_1_mb_srlc32e_55...]
Compiling architecture structure of entity xil_defaultlib.mbv_system_mdm_1_1_MB_SRLC32E_56 [mbv_system_mdm_1_1_mb_srlc32e_56...]
Compiling architecture structure of entity xil_defaultlib.mbv_system_mdm_1_1_MB_SRLC32E_57 [mbv_system_mdm_1_1_mb_srlc32e_57...]
Compiling architecture structure of entity xil_defaultlib.mbv_system_mdm_1_1_MB_SRLC32E_58 [mbv_system_mdm_1_1_mb_srlc32e_58...]
Compiling architecture structure of entity xil_defaultlib.mbv_system_mdm_1_1_MB_SRLC32E_59 [mbv_system_mdm_1_1_mb_srlc32e_59...]
Compiling architecture structure of entity xil_defaultlib.mbv_system_mdm_1_1_MB_SRLC32E_60 [mbv_system_mdm_1_1_mb_srlc32e_60...]
Compiling architecture structure of entity xil_defaultlib.mbv_system_mdm_1_1_MB_SRLC32E_61 [mbv_system_mdm_1_1_mb_srlc32e_61...]
Compiling architecture structure of entity xil_defaultlib.mbv_system_mdm_1_1_MB_SRLC32E_62 [mbv_system_mdm_1_1_mb_srlc32e_62...]
Compiling architecture structure of entity xil_defaultlib.mbv_system_mdm_1_1_MB_SRLC32E_63 [mbv_system_mdm_1_1_mb_srlc32e_63...]
Compiling architecture structure of entity xil_defaultlib.mbv_system_mdm_1_1_MB_SRLC32E_64 [mbv_system_mdm_1_1_mb_srlc32e_64...]
Compiling architecture structure of entity xil_defaultlib.mbv_system_mdm_1_1_MB_SRLC32E_65 [mbv_system_mdm_1_1_mb_srlc32e_65...]
Compiling architecture structure of entity xil_defaultlib.mbv_system_mdm_1_1_MB_SRLC32E_66 [mbv_system_mdm_1_1_mb_srlc32e_66...]
Compiling architecture structure of entity xil_defaultlib.mbv_system_mdm_1_1_MB_SRLC32E_67 [mbv_system_mdm_1_1_mb_srlc32e_67...]
Compiling architecture structure of entity xil_defaultlib.mbv_system_mdm_1_1_MB_SRLC32E_68 [mbv_system_mdm_1_1_mb_srlc32e_68...]
Compiling architecture structure of entity xil_defaultlib.mbv_system_mdm_1_1_MB_SRLC32E_69 [mbv_system_mdm_1_1_mb_srlc32e_69...]
Compiling architecture structure of entity xil_defaultlib.mbv_system_mdm_1_1_MB_SRLC32E_70 [mbv_system_mdm_1_1_mb_srlc32e_70...]
Compiling architecture structure of entity xil_defaultlib.mbv_system_mdm_1_1_MB_SRLC32E_71 [mbv_system_mdm_1_1_mb_srlc32e_71...]
Compiling architecture structure of entity xil_defaultlib.mbv_system_mdm_1_1_MB_SRLC32E_72 [mbv_system_mdm_1_1_mb_srlc32e_72...]
Compiling architecture structure of entity xil_defaultlib.mbv_system_mdm_1_1_MB_SRLC32E_73 [mbv_system_mdm_1_1_mb_srlc32e_73...]
Compiling architecture structure of entity xil_defaultlib.mbv_system_mdm_1_1_MB_SRLC32E_74 [mbv_system_mdm_1_1_mb_srlc32e_74...]
Compiling architecture structure of entity xil_defaultlib.mbv_system_mdm_1_1_MB_SRLC32E_75 [mbv_system_mdm_1_1_mb_srlc32e_75...]
Compiling architecture structure of entity xil_defaultlib.mbv_system_mdm_1_1_MB_SRLC32E_76 [mbv_system_mdm_1_1_mb_srlc32e_76...]
Compiling architecture structure of entity xil_defaultlib.mbv_system_mdm_1_1_MB_SRLC32E_77 [mbv_system_mdm_1_1_mb_srlc32e_77...]
Compiling architecture structure of entity xil_defaultlib.mbv_system_mdm_1_1_MB_SRLC32E_78 [mbv_system_mdm_1_1_mb_srlc32e_78...]
Compiling architecture structure of entity xil_defaultlib.mbv_system_mdm_1_1_MB_SRLC32E_79 [mbv_system_mdm_1_1_mb_srlc32e_79...]
Compiling architecture structure of entity xil_defaultlib.mbv_system_mdm_1_1_MB_SRLC32E_80 [mbv_system_mdm_1_1_mb_srlc32e_80...]
Compiling architecture structure of entity xil_defaultlib.mbv_system_mdm_1_1_SRL_FIFO [mbv_system_mdm_1_1_srl_fifo_defa...]
Compiling architecture structure of entity xil_defaultlib.mbv_system_mdm_1_1_MB_FDRE [mbv_system_mdm_1_1_mb_fdre_defau...]
Compiling architecture structure of entity xil_defaultlib.mbv_system_mdm_1_1_MB_MUXCY_XORCY [mbv_system_mdm_1_1_mb_muxcy_xorc...]
Compiling architecture structure of entity xil_defaultlib.mbv_system_mdm_1_1_MB_FDRE_1 [mbv_system_mdm_1_1_mb_fdre_1_def...]
Compiling architecture structure of entity xil_defaultlib.mbv_system_mdm_1_1_MB_MUXCY_XORCY_2 [mbv_system_mdm_1_1_mb_muxcy_xorc...]
Compiling architecture structure of entity xil_defaultlib.mbv_system_mdm_1_1_MB_FDRE_3 [mbv_system_mdm_1_1_mb_fdre_3_def...]
Compiling architecture structure of entity xil_defaultlib.mbv_system_mdm_1_1_MB_MUXCY_XORCY_4 [mbv_system_mdm_1_1_mb_muxcy_xorc...]
Compiling architecture lut6_v of entity unisim.LUT6 [\LUT6(init="11111111111111110100...]
Compiling architecture structure of entity xil_defaultlib.mbv_system_mdm_1_1_MB_FDRE_5 [mbv_system_mdm_1_1_mb_fdre_5_def...]
Compiling architecture structure of entity xil_defaultlib.mbv_system_mdm_1_1_MB_MUXCY_XORCY_6 [mbv_system_mdm_1_1_mb_muxcy_xorc...]
Compiling architecture lut6_v of entity unisim.LUT6 [\LUT6(init="00000000000000000000...]
Compiling architecture structure of entity xil_defaultlib.mbv_system_mdm_1_1_MB_FDRE_7 [mbv_system_mdm_1_1_mb_fdre_7_def...]
Compiling architecture structure of entity xil_defaultlib.mbv_system_mdm_1_1_MB_XORCY [mbv_system_mdm_1_1_mb_xorcy_defa...]
Compiling architecture structure of entity xil_defaultlib.mbv_system_mdm_1_1_MB_SRLC32E [mbv_system_mdm_1_1_mb_srlc32e_de...]
Compiling architecture structure of entity xil_defaultlib.mbv_system_mdm_1_1_MB_SRLC32E_8 [mbv_system_mdm_1_1_mb_srlc32e_8_...]
Compiling architecture structure of entity xil_defaultlib.mbv_system_mdm_1_1_MB_SRLC32E_9 [mbv_system_mdm_1_1_mb_srlc32e_9_...]
Compiling architecture structure of entity xil_defaultlib.mbv_system_mdm_1_1_MB_SRLC32E_10 [mbv_system_mdm_1_1_mb_srlc32e_10...]
Compiling architecture structure of entity xil_defaultlib.mbv_system_mdm_1_1_MB_SRLC32E_11 [mbv_system_mdm_1_1_mb_srlc32e_11...]
Compiling architecture structure of entity xil_defaultlib.mbv_system_mdm_1_1_MB_SRLC32E_12 [mbv_system_mdm_1_1_mb_srlc32e_12...]
Compiling architecture structure of entity xil_defaultlib.mbv_system_mdm_1_1_MB_SRLC32E_13 [mbv_system_mdm_1_1_mb_srlc32e_13...]
Compiling architecture structure of entity xil_defaultlib.mbv_system_mdm_1_1_MB_SRLC32E_14 [mbv_system_mdm_1_1_mb_srlc32e_14...]
Compiling architecture structure of entity xil_defaultlib.mbv_system_mdm_1_1_MB_SRLC32E_15 [mbv_system_mdm_1_1_mb_srlc32e_15...]
Compiling architecture structure of entity xil_defaultlib.mbv_system_mdm_1_1_MB_SRLC32E_16 [mbv_system_mdm_1_1_mb_srlc32e_16...]
Compiling architecture structure of entity xil_defaultlib.mbv_system_mdm_1_1_MB_SRLC32E_17 [mbv_system_mdm_1_1_mb_srlc32e_17...]
Compiling architecture structure of entity xil_defaultlib.mbv_system_mdm_1_1_MB_SRLC32E_18 [mbv_system_mdm_1_1_mb_srlc32e_18...]
Compiling architecture structure of entity xil_defaultlib.mbv_system_mdm_1_1_MB_SRLC32E_19 [mbv_system_mdm_1_1_mb_srlc32e_19...]
Compiling architecture structure of entity xil_defaultlib.mbv_system_mdm_1_1_MB_SRLC32E_20 [mbv_system_mdm_1_1_mb_srlc32e_20...]
Compiling architecture structure of entity xil_defaultlib.mbv_system_mdm_1_1_MB_SRLC32E_21 [mbv_system_mdm_1_1_mb_srlc32e_21...]
Compiling architecture structure of entity xil_defaultlib.mbv_system_mdm_1_1_MB_SRLC32E_22 [mbv_system_mdm_1_1_mb_srlc32e_22...]
Compiling architecture structure of entity xil_defaultlib.mbv_system_mdm_1_1_MB_SRLC32E_23 [mbv_system_mdm_1_1_mb_srlc32e_23...]
Compiling architecture structure of entity xil_defaultlib.mbv_system_mdm_1_1_MB_SRLC32E_24 [mbv_system_mdm_1_1_mb_srlc32e_24...]
Compiling architecture structure of entity xil_defaultlib.mbv_system_mdm_1_1_MB_SRLC32E_25 [mbv_system_mdm_1_1_mb_srlc32e_25...]
Compiling architecture structure of entity xil_defaultlib.mbv_system_mdm_1_1_MB_SRLC32E_26 [mbv_system_mdm_1_1_mb_srlc32e_26...]
Compiling architecture structure of entity xil_defaultlib.mbv_system_mdm_1_1_MB_SRLC32E_27 [mbv_system_mdm_1_1_mb_srlc32e_27...]
Compiling architecture structure of entity xil_defaultlib.mbv_system_mdm_1_1_MB_SRLC32E_28 [mbv_system_mdm_1_1_mb_srlc32e_28...]
Compiling architecture structure of entity xil_defaultlib.mbv_system_mdm_1_1_MB_SRLC32E_29 [mbv_system_mdm_1_1_mb_srlc32e_29...]
Compiling architecture structure of entity xil_defaultlib.mbv_system_mdm_1_1_MB_SRLC32E_30 [mbv_system_mdm_1_1_mb_srlc32e_30...]
Compiling architecture structure of entity xil_defaultlib.mbv_system_mdm_1_1_MB_SRLC32E_31 [mbv_system_mdm_1_1_mb_srlc32e_31...]
Compiling architecture structure of entity xil_defaultlib.mbv_system_mdm_1_1_MB_SRLC32E_32 [mbv_system_mdm_1_1_mb_srlc32e_32...]
Compiling architecture structure of entity xil_defaultlib.mbv_system_mdm_1_1_MB_SRLC32E_33 [mbv_system_mdm_1_1_mb_srlc32e_33...]
Compiling architecture structure of entity xil_defaultlib.mbv_system_mdm_1_1_MB_SRLC32E_34 [mbv_system_mdm_1_1_mb_srlc32e_34...]
Compiling architecture structure of entity xil_defaultlib.mbv_system_mdm_1_1_MB_SRLC32E_35 [mbv_system_mdm_1_1_mb_srlc32e_35...]
Compiling architecture structure of entity xil_defaultlib.mbv_system_mdm_1_1_MB_SRLC32E_36 [mbv_system_mdm_1_1_mb_srlc32e_36...]
Compiling architecture structure of entity xil_defaultlib.mbv_system_mdm_1_1_MB_SRLC32E_37 [mbv_system_mdm_1_1_mb_srlc32e_37...]
Compiling architecture structure of entity xil_defaultlib.mbv_system_mdm_1_1_MB_SRLC32E_38 [mbv_system_mdm_1_1_mb_srlc32e_38...]
Compiling architecture structure of entity xil_defaultlib.mbv_system_mdm_1_1_SRL_FIFO_0 [mbv_system_mdm_1_1_srl_fifo_0_de...]
Compiling architecture lut4_v of entity unisim.LUT4 [\LUT4(init="1111110100000001")(0...]
Compiling architecture lut6_v of entity unisim.LUT6 [\LUT6(init="10001010100010001111...]
Compiling architecture lut4_v of entity unisim.LUT4 [\LUT4(init="1100001000000010")(0...]
Compiling architecture lut5_v of entity unisim.LUT5 [\LUT5(init="01110111111111110000...]
Compiling architecture lut6_v of entity unisim.LUT6 [\LUT6(init="11111111111111111111...]
Compiling architecture lut4_v of entity unisim.LUT4 [\LUT4(init="1011111100100010")(0...]
Compiling architecture lut6_v of entity unisim.LUT6 [\LUT6(init="11111111111111111111...]
Compiling architecture lut4_v of entity unisim.LUT4 [\LUT4(init="1111101000001000")(0...]
Compiling architecture lut4_v of entity unisim.LUT4 [\LUT4(init="1111110000001000")(0...]
Compiling architecture lut3_v of entity unisim.LUT3 [\LUT3(init="10000010")(0,7)\]
Compiling architecture lut4_v of entity unisim.LUT4 [\LUT4(init="1010100000000010")(0...]
Compiling architecture lut5_v of entity unisim.LUT5 [\LUT5(init="10101010101010000000...]
Compiling architecture lut6_v of entity unisim.LUT6 [\LUT6(init="10101010101010101010...]
Compiling architecture lut6_v of entity unisim.LUT6 [\LUT6(init="10111111101111111100...]
Compiling architecture structure of entity xil_defaultlib.mbv_system_mdm_1_1_bus_master [mbv_system_mdm_1_1_bus_master_de...]
Compiling architecture lut4_v of entity unisim.LUT4 [\LUT4(init="0101010100010000")(0...]
Compiling architecture bscane2_v of entity unisim.BSCANE2 [\BSCANE2(jtag_chain=2)(1,5)\]
Compiling architecture lut5_v of entity unisim.LUT5 [\LUT5(init="10111011101111111000...]
Compiling architecture lut5_v of entity unisim.LUT5 [\LUT5(init="11111111111111111111...]
Compiling architecture lut4_v of entity unisim.LUT4 [\LUT4(init="1000100010000000")(0...]
Compiling architecture lut4_v of entity unisim.LUT4 [\LUT4(init="0100010011010100")(0...]
Compiling architecture lut5_v of entity unisim.LUT5 [\LUT5(init="11011111110111111101...]
Compiling architecture lut6_v of entity unisim.LUT6 [\LUT6(init="00000000000000000000...]
Compiling architecture lut5_v of entity unisim.LUT5 [\LUT5(init="00000000000000001011...]
Compiling architecture structure of entity xil_defaultlib.mbv_system_mdm_1_1_MB_BSCANE2 [mbv_system_mdm_1_1_mb_bscane2_de...]
Compiling architecture structure of entity xil_defaultlib.mbv_system_mdm_1_1_MB_LUT1 [mbv_system_mdm_1_1_mb_lut1_defau...]
Compiling architecture structure of entity xil_defaultlib.mbv_system_mdm_1_1_MB_BUFGCE_1 [mbv_system_mdm_1_1_mb_bufgce_1_d...]
Compiling architecture structure of entity xil_defaultlib.mbv_system_mdm_1_1_MDM_RISCV [mbv_system_mdm_1_1_mdm_riscv_def...]
Compiling architecture structure of entity xil_defaultlib.mbv_system_mdm_1_1 [mbv_system_mdm_1_1_default]
Compiling architecture lut6_2_v of entity unisim.LUT6_2 [\LUT6_2(init="001010000111101010...]
Compiling architecture structure of entity xil_defaultlib.mbv_system_microblaze_riscv_0_0_MB_LUT6_2_2274 [mbv_system_microblaze_riscv_0_0_...]
Compiling architecture structure of entity xil_defaultlib.mbv_system_microblaze_riscv_0_0_MB_MUXCY_XORCY_2275 [mbv_system_microblaze_riscv_0_0_...]
Compiling architecture structure of entity xil_defaultlib.mbv_system_microblaze_riscv_0_0_microblaze_riscv_v1_0_7_ALU_Bit [mbv_system_microblaze_riscv_0_0_...]
Compiling architecture structure of entity xil_defaultlib.mbv_system_microblaze_riscv_0_0_MB_LUT6_2_2272 [mbv_system_microblaze_riscv_0_0_...]
Compiling architecture structure of entity xil_defaultlib.mbv_system_microblaze_riscv_0_0_MB_MUXCY_XORCY_2273 [mbv_system_microblaze_riscv_0_0_...]
Compiling architecture structure of entity xil_defaultlib.mbv_system_microblaze_riscv_0_0_microblaze_riscv_v1_0_7_ALU_Bit_2182 [mbv_system_microblaze_riscv_0_0_...]
Compiling architecture structure of entity xil_defaultlib.mbv_system_microblaze_riscv_0_0_MB_LUT6_2_2270 [mbv_system_microblaze_riscv_0_0_...]
Compiling architecture structure of entity xil_defaultlib.mbv_system_microblaze_riscv_0_0_MB_MUXCY_XORCY_2271 [mbv_system_microblaze_riscv_0_0_...]
Compiling architecture structure of entity xil_defaultlib.mbv_system_microblaze_riscv_0_0_microblaze_riscv_v1_0_7_ALU_Bit_2183 [mbv_system_microblaze_riscv_0_0_...]
Compiling architecture structure of entity xil_defaultlib.mbv_system_microblaze_riscv_0_0_MB_LUT6_2_2268 [mbv_system_microblaze_riscv_0_0_...]
Compiling architecture structure of entity xil_defaultlib.mbv_system_microblaze_riscv_0_0_MB_MUXCY_XORCY_2269 [mbv_system_microblaze_riscv_0_0_...]
Compiling architecture structure of entity xil_defaultlib.mbv_system_microblaze_riscv_0_0_microblaze_riscv_v1_0_7_ALU_Bit_2184 [mbv_system_microblaze_riscv_0_0_...]
Compiling architecture structure of entity xil_defaultlib.mbv_system_microblaze_riscv_0_0_MB_LUT6_2_2266 [mbv_system_microblaze_riscv_0_0_...]
Compiling architecture structure of entity xil_defaultlib.mbv_system_microblaze_riscv_0_0_MB_MUXCY_XORCY_2267 [mbv_system_microblaze_riscv_0_0_...]
Compiling architecture structure of entity xil_defaultlib.mbv_system_microblaze_riscv_0_0_microblaze_riscv_v1_0_7_ALU_Bit_2185 [mbv_system_microblaze_riscv_0_0_...]
Compiling architecture structure of entity xil_defaultlib.mbv_system_microblaze_riscv_0_0_MB_LUT6_2_2264 [mbv_system_microblaze_riscv_0_0_...]
Compiling architecture structure of entity xil_defaultlib.mbv_system_microblaze_riscv_0_0_MB_MUXCY_XORCY_2265 [mbv_system_microblaze_riscv_0_0_...]
Compiling architecture structure of entity xil_defaultlib.mbv_system_microblaze_riscv_0_0_microblaze_riscv_v1_0_7_ALU_Bit_2186 [mbv_system_microblaze_riscv_0_0_...]
Compiling architecture structure of entity xil_defaultlib.mbv_system_microblaze_riscv_0_0_MB_LUT6_2_2262 [mbv_system_microblaze_riscv_0_0_...]
Compiling architecture structure of entity xil_defaultlib.mbv_system_microblaze_riscv_0_0_MB_MUXCY_XORCY_2263 [mbv_system_microblaze_riscv_0_0_...]
Compiling architecture structure of entity xil_defaultlib.mbv_system_microblaze_riscv_0_0_microblaze_riscv_v1_0_7_ALU_Bit_2187 [mbv_system_microblaze_riscv_0_0_...]
Compiling architecture structure of entity xil_defaultlib.mbv_system_microblaze_riscv_0_0_MB_LUT6_2_2260 [mbv_system_microblaze_riscv_0_0_...]
Compiling architecture structure of entity xil_defaultlib.mbv_system_microblaze_riscv_0_0_MB_MUXCY_XORCY_2261 [mbv_system_microblaze_riscv_0_0_...]
Compiling architecture structure of entity xil_defaultlib.mbv_system_microblaze_riscv_0_0_microblaze_riscv_v1_0_7_ALU_Bit_2188 [mbv_system_microblaze_riscv_0_0_...]
Compiling architecture structure of entity xil_defaultlib.mbv_system_microblaze_riscv_0_0_MB_LUT6_2_2258 [mbv_system_microblaze_riscv_0_0_...]
Compiling architecture lut6_v of entity unisim.LUT6 [\LUT6(init="00000000111111100000...]
Compiling architecture structure of entity xil_defaultlib.mbv_system_microblaze_riscv_0_0_MB_MUXCY_XORCY_2259 [mbv_system_microblaze_riscv_0_0_...]
Compiling architecture structure of entity xil_defaultlib.mbv_system_microblaze_riscv_0_0_microblaze_riscv_v1_0_7_ALU_Bit_2189 [mbv_system_microblaze_riscv_0_0_...]
Compiling architecture structure of entity xil_defaultlib.mbv_system_microblaze_riscv_0_0_MB_LUT6_2_2256 [mbv_system_microblaze_riscv_0_0_...]
Compiling architecture structure of entity xil_defaultlib.mbv_system_microblaze_riscv_0_0_MB_MUXCY_XORCY_2257 [mbv_system_microblaze_riscv_0_0_...]
Compiling architecture structure of entity xil_defaultlib.mbv_system_microblaze_riscv_0_0_microblaze_riscv_v1_0_7_ALU_Bit_2190 [mbv_system_microblaze_riscv_0_0_...]
Compiling architecture structure of entity xil_defaultlib.mbv_system_microblaze_riscv_0_0_MB_LUT6_2_2254 [mbv_system_microblaze_riscv_0_0_...]
Compiling architecture structure of entity xil_defaultlib.mbv_system_microblaze_riscv_0_0_MB_MUXCY_XORCY_2255 [mbv_system_microblaze_riscv_0_0_...]
Compiling architecture structure of entity xil_defaultlib.mbv_system_microblaze_riscv_0_0_microblaze_riscv_v1_0_7_ALU_Bit_2191 [mbv_system_microblaze_riscv_0_0_...]
Compiling architecture structure of entity xil_defaultlib.mbv_system_microblaze_riscv_0_0_MB_LUT6_2_2252 [mbv_system_microblaze_riscv_0_0_...]
Compiling architecture structure of entity xil_defaultlib.mbv_system_microblaze_riscv_0_0_MB_MUXCY_XORCY_2253 [mbv_system_microblaze_riscv_0_0_...]
Compiling architecture structure of entity xil_defaultlib.mbv_system_microblaze_riscv_0_0_microblaze_riscv_v1_0_7_ALU_Bit_2192 [mbv_system_microblaze_riscv_0_0_...]
Compiling architecture structure of entity xil_defaultlib.mbv_system_microblaze_riscv_0_0_MB_LUT6_2_2250 [mbv_system_microblaze_riscv_0_0_...]
Compiling architecture structure of entity xil_defaultlib.mbv_system_microblaze_riscv_0_0_MB_MUXCY_XORCY_2251 [mbv_system_microblaze_riscv_0_0_...]
Compiling architecture structure of entity xil_defaultlib.mbv_system_microblaze_riscv_0_0_microblaze_riscv_v1_0_7_ALU_Bit_2193 [mbv_system_microblaze_riscv_0_0_...]
Compiling architecture structure of entity xil_defaultlib.mbv_system_microblaze_riscv_0_0_MB_LUT6_2_2248 [mbv_system_microblaze_riscv_0_0_...]
Compiling architecture structure of entity xil_defaultlib.mbv_system_microblaze_riscv_0_0_MB_MUXCY_XORCY_2249 [mbv_system_microblaze_riscv_0_0_...]
Compiling architecture structure of entity xil_defaultlib.mbv_system_microblaze_riscv_0_0_microblaze_riscv_v1_0_7_ALU_Bit_2194 [mbv_system_microblaze_riscv_0_0_...]
Compiling architecture structure of entity xil_defaultlib.mbv_system_microblaze_riscv_0_0_MB_LUT6_2_2246 [mbv_system_microblaze_riscv_0_0_...]
Compiling architecture structure of entity xil_defaultlib.mbv_system_microblaze_riscv_0_0_MB_MUXCY_XORCY_2247 [mbv_system_microblaze_riscv_0_0_...]
Compiling architecture structure of entity xil_defaultlib.mbv_system_microblaze_riscv_0_0_microblaze_riscv_v1_0_7_ALU_Bit_2195 [mbv_system_microblaze_riscv_0_0_...]
Compiling architecture structure of entity xil_defaultlib.mbv_system_microblaze_riscv_0_0_MB_LUT6_2_2244 [mbv_system_microblaze_riscv_0_0_...]
Compiling architecture structure of entity xil_defaultlib.mbv_system_microblaze_riscv_0_0_MB_MUXCY_XORCY_2245 [mbv_system_microblaze_riscv_0_0_...]
Compiling architecture structure of entity xil_defaultlib.mbv_system_microblaze_riscv_0_0_microblaze_riscv_v1_0_7_ALU_Bit_2196 [mbv_system_microblaze_riscv_0_0_...]
Compiling architecture structure of entity xil_defaultlib.mbv_system_microblaze_riscv_0_0_MB_LUT6_2_2242 [mbv_system_microblaze_riscv_0_0_...]
Compiling architecture structure of entity xil_defaultlib.mbv_system_microblaze_riscv_0_0_MB_MUXCY_XORCY_2243 [mbv_system_microblaze_riscv_0_0_...]
Compiling architecture structure of entity xil_defaultlib.mbv_system_microblaze_riscv_0_0_microblaze_riscv_v1_0_7_ALU_Bit_2197 [mbv_system_microblaze_riscv_0_0_...]
Compiling architecture structure of entity xil_defaultlib.mbv_system_microblaze_riscv_0_0_MB_LUT6_2_2240 [mbv_system_microblaze_riscv_0_0_...]
Compiling architecture structure of entity xil_defaultlib.mbv_system_microblaze_riscv_0_0_MB_MUXCY_XORCY_2241 [mbv_system_microblaze_riscv_0_0_...]
Compiling architecture structure of entity xil_defaultlib.mbv_system_microblaze_riscv_0_0_microblaze_riscv_v1_0_7_ALU_Bit_2198 [mbv_system_microblaze_riscv_0_0_...]
Compiling architecture structure of entity xil_defaultlib.mbv_system_microblaze_riscv_0_0_MB_LUT6_2_2238 [mbv_system_microblaze_riscv_0_0_...]
Compiling architecture structure of entity xil_defaultlib.mbv_system_microblaze_riscv_0_0_MB_MUXCY_XORCY_2239 [mbv_system_microblaze_riscv_0_0_...]
Compiling architecture structure of entity xil_defaultlib.mbv_system_microblaze_riscv_0_0_microblaze_riscv_v1_0_7_ALU_Bit_2199 [mbv_system_microblaze_riscv_0_0_...]
Compiling architecture structure of entity xil_defaultlib.mbv_system_microblaze_riscv_0_0_MB_LUT6_2_2236 [mbv_system_microblaze_riscv_0_0_...]
Compiling architecture lut6_v of entity unisim.LUT6 [\LUT6(init="01010101001100000011...]
Compiling architecture structure of entity xil_defaultlib.mbv_system_microblaze_riscv_0_0_MB_MUXCY_XORCY_2237 [mbv_system_microblaze_riscv_0_0_...]
Compiling architecture structure of entity xil_defaultlib.mbv_system_microblaze_riscv_0_0_microblaze_riscv_v1_0_7_ALU_Bit_2200 [mbv_system_microblaze_riscv_0_0_...]
Compiling architecture structure of entity xil_defaultlib.mbv_system_microblaze_riscv_0_0_MB_LUT6_2_2234 [mbv_system_microblaze_riscv_0_0_...]
Compiling architecture lut5_v of entity unisim.LUT5 [\LUT5(init="00000000000000001110...]
Compiling architecture structure of entity xil_defaultlib.mbv_system_microblaze_riscv_0_0_MB_MUXCY_XORCY_2235 [mbv_system_microblaze_riscv_0_0_...]
Compiling architecture structure of entity xil_defaultlib.mbv_system_microblaze_riscv_0_0_microblaze_riscv_v1_0_7_ALU_Bit_2201 [mbv_system_microblaze_riscv_0_0_...]
Compiling architecture structure of entity xil_defaultlib.mbv_system_microblaze_riscv_0_0_MB_LUT6_2_2232 [mbv_system_microblaze_riscv_0_0_...]
Compiling architecture lut4_v of entity unisim.LUT4 [\LUT4(init="0100000100000000")(0...]
Compiling architecture lut4_v of entity unisim.LUT4 [\LUT4(init="0100010001001100")(0...]
Compiling architecture lut4_v of entity unisim.LUT4 [\LUT4(init="0100000001001100")(0...]
Compiling architecture lut6_v of entity unisim.LUT6 [\LUT6(init="00000000000000000000...]
Compiling architecture structure of entity xil_defaultlib.mbv_system_microblaze_riscv_0_0_MB_MUXCY_XORCY_2233 [mbv_system_microblaze_riscv_0_0_...]
Compiling architecture structure of entity xil_defaultlib.mbv_system_microblaze_riscv_0_0_microblaze_riscv_v1_0_7_ALU_Bit_2202 [mbv_system_microblaze_riscv_0_0_...]
Compiling architecture structure of entity xil_defaultlib.mbv_system_microblaze_riscv_0_0_MB_LUT6_2_2230 [mbv_system_microblaze_riscv_0_0_...]
Compiling architecture structure of entity xil_defaultlib.mbv_system_microblaze_riscv_0_0_MB_MUXCY_XORCY_2231 [mbv_system_microblaze_riscv_0_0_...]
Compiling architecture structure of entity xil_defaultlib.mbv_system_microblaze_riscv_0_0_microblaze_riscv_v1_0_7_ALU_Bit_2203 [mbv_system_microblaze_riscv_0_0_...]
Compiling architecture structure of entity xil_defaultlib.mbv_system_microblaze_riscv_0_0_MB_LUT6_2_2228 [mbv_system_microblaze_riscv_0_0_...]
Compiling architecture lut4_v of entity unisim.LUT4 [\LUT4(init="0000000001001100")(0...]
Compiling architecture lut4_v of entity unisim.LUT4 [\LUT4(init="0001111100000000")(0...]
Compiling architecture lut4_v of entity unisim.LUT4 [\LUT4(init="0010111100000000")(0...]
Compiling architecture structure of entity xil_defaultlib.mbv_system_microblaze_riscv_0_0_MB_MUXCY_XORCY_2229 [mbv_system_microblaze_riscv_0_0_...]
Compiling architecture structure of entity xil_defaultlib.mbv_system_microblaze_riscv_0_0_microblaze_riscv_v1_0_7_ALU_Bit_2204 [mbv_system_microblaze_riscv_0_0_...]
Compiling architecture structure of entity xil_defaultlib.mbv_system_microblaze_riscv_0_0_MB_LUT6_2_2226 [mbv_system_microblaze_riscv_0_0_...]
Compiling architecture lut4_v of entity unisim.LUT4 [\LUT4(init="1000000010111111")(0...]
Compiling architecture structure of entity xil_defaultlib.mbv_system_microblaze_riscv_0_0_MB_MUXCY_XORCY_2227 [mbv_system_microblaze_riscv_0_0_...]
Compiling architecture structure of entity xil_defaultlib.mbv_system_microblaze_riscv_0_0_microblaze_riscv_v1_0_7_ALU_Bit_2205 [mbv_system_microblaze_riscv_0_0_...]
Compiling architecture structure of entity xil_defaultlib.mbv_system_microblaze_riscv_0_0_MB_LUT6_2_2224 [mbv_system_microblaze_riscv_0_0_...]
Compiling architecture structure of entity xil_defaultlib.mbv_system_microblaze_riscv_0_0_MB_MUXCY_XORCY_2225 [mbv_system_microblaze_riscv_0_0_...]
Compiling architecture structure of entity xil_defaultlib.mbv_system_microblaze_riscv_0_0_microblaze_riscv_v1_0_7_ALU_Bit_2206 [mbv_system_microblaze_riscv_0_0_...]
Compiling architecture structure of entity xil_defaultlib.mbv_system_microblaze_riscv_0_0_MB_LUT6_2_2222 [mbv_system_microblaze_riscv_0_0_...]
Compiling architecture structure of entity xil_defaultlib.mbv_system_microblaze_riscv_0_0_MB_MUXCY_XORCY_2223 [mbv_system_microblaze_riscv_0_0_...]
Compiling architecture structure of entity xil_defaultlib.mbv_system_microblaze_riscv_0_0_microblaze_riscv_v1_0_7_ALU_Bit_2207 [mbv_system_microblaze_riscv_0_0_...]
Compiling architecture structure of entity xil_defaultlib.mbv_system_microblaze_riscv_0_0_MB_LUT6_2_2220 [mbv_system_microblaze_riscv_0_0_...]
Compiling architecture structure of entity xil_defaultlib.mbv_system_microblaze_riscv_0_0_MB_MUXCY_XORCY_2221 [mbv_system_microblaze_riscv_0_0_...]
Compiling architecture structure of entity xil_defaultlib.mbv_system_microblaze_riscv_0_0_microblaze_riscv_v1_0_7_ALU_Bit_2208 [mbv_system_microblaze_riscv_0_0_...]
Compiling architecture structure of entity xil_defaultlib.mbv_system_microblaze_riscv_0_0_MB_LUT6_2_2218 [mbv_system_microblaze_riscv_0_0_...]
Compiling architecture structure of entity xil_defaultlib.mbv_system_microblaze_riscv_0_0_MB_MUXCY_XORCY_2219 [mbv_system_microblaze_riscv_0_0_...]
Compiling architecture structure of entity xil_defaultlib.mbv_system_microblaze_riscv_0_0_microblaze_riscv_v1_0_7_ALU_Bit_2209 [mbv_system_microblaze_riscv_0_0_...]
Compiling architecture structure of entity xil_defaultlib.mbv_system_microblaze_riscv_0_0_MB_LUT6_2_2216 [mbv_system_microblaze_riscv_0_0_...]
Compiling architecture structure of entity xil_defaultlib.mbv_system_microblaze_riscv_0_0_MB_MUXCY_XORCY_2217 [mbv_system_microblaze_riscv_0_0_...]
Compiling architecture structure of entity xil_defaultlib.mbv_system_microblaze_riscv_0_0_microblaze_riscv_v1_0_7_ALU_Bit_2210 [mbv_system_microblaze_riscv_0_0_...]
Compiling architecture structure of entity xil_defaultlib.mbv_system_microblaze_riscv_0_0_MB_LUT6_2_2214 [mbv_system_microblaze_riscv_0_0_...]
Compiling architecture structure of entity xil_defaultlib.mbv_system_microblaze_riscv_0_0_MB_MUXCY_XORCY_2215 [mbv_system_microblaze_riscv_0_0_...]
Compiling architecture structure of entity xil_defaultlib.mbv_system_microblaze_riscv_0_0_microblaze_riscv_v1_0_7_ALU_Bit_2211 [mbv_system_microblaze_riscv_0_0_...]
Compiling architecture structure of entity xil_defaultlib.mbv_system_microblaze_riscv_0_0_MB_LUT6_2 [mbv_system_microblaze_riscv_0_0_...]
Compiling architecture structure of entity xil_defaultlib.mbv_system_microblaze_riscv_0_0_MB_MUXCY_XORCY_2213 [mbv_system_microblaze_riscv_0_0_...]
Compiling architecture structure of entity xil_defaultlib.mbv_system_microblaze_riscv_0_0_microblaze_riscv_v1_0_7_ALU_Bit_2212 [mbv_system_microblaze_riscv_0_0_...]
Compiling architecture lut6_v of entity unisim.LUT6 [\LUT6(init="00000000000000000000...]
Compiling architecture lut6_v of entity unisim.LUT6 [\LUT6(init="10101111101000001010...]
Compiling architecture structure of entity xil_defaultlib.mbv_system_microblaze_riscv_0_0_microblaze_riscv_v1_0_7_ALU [mbv_system_microblaze_riscv_0_0_...]
Compiling architecture structure of entity xil_defaultlib.mbv_system_microblaze_riscv_0_0_MB_MUXCY_XORCY_1321 [mbv_system_microblaze_riscv_0_0_...]
Compiling architecture structure of entity xil_defaultlib.mbv_system_microblaze_riscv_0_0_MB_MUXCY_XORCY_1322 [mbv_system_microblaze_riscv_0_0_...]
Compiling architecture structure of entity xil_defaultlib.mbv_system_microblaze_riscv_0_0_MB_MUXCY_XORCY_1323 [mbv_system_microblaze_riscv_0_0_...]
Compiling architecture structure of entity xil_defaultlib.mbv_system_microblaze_riscv_0_0_MB_MUXCY_XORCY_1324 [mbv_system_microblaze_riscv_0_0_...]
Compiling architecture structure of entity xil_defaultlib.mbv_system_microblaze_riscv_0_0_MB_MUXCY_XORCY_1325 [mbv_system_microblaze_riscv_0_0_...]
Compiling architecture structure of entity xil_defaultlib.mbv_system_microblaze_riscv_0_0_MB_MUXCY_XORCY_1326 [mbv_system_microblaze_riscv_0_0_...]
Compiling architecture structure of entity xil_defaultlib.mbv_system_microblaze_riscv_0_0_MB_MUXCY_XORCY_1327 [mbv_system_microblaze_riscv_0_0_...]
Compiling architecture structure of entity xil_defaultlib.mbv_system_microblaze_riscv_0_0_MB_MUXCY_XORCY_1328 [mbv_system_microblaze_riscv_0_0_...]
Compiling architecture structure of entity xil_defaultlib.mbv_system_microblaze_riscv_0_0_MB_MUXCY_XORCY_1329 [mbv_system_microblaze_riscv_0_0_...]
Compiling architecture structure of entity xil_defaultlib.mbv_system_microblaze_riscv_0_0_MB_MUXCY_XORCY_1330 [mbv_system_microblaze_riscv_0_0_...]
Compiling architecture structure of entity xil_defaultlib.mbv_system_microblaze_riscv_0_0_MB_MUXCY_XORCY_1331 [mbv_system_microblaze_riscv_0_0_...]
Compiling architecture structure of entity xil_defaultlib.mbv_system_microblaze_riscv_0_0_MB_MUXCY_XORCY_1332 [mbv_system_microblaze_riscv_0_0_...]
Compiling architecture structure of entity xil_defaultlib.mbv_system_microblaze_riscv_0_0_MB_MUXCY_XORCY_1333 [mbv_system_microblaze_riscv_0_0_...]
Compiling architecture structure of entity xil_defaultlib.mbv_system_microblaze_riscv_0_0_MB_MUXCY_XORCY_1334 [mbv_system_microblaze_riscv_0_0_...]
Compiling architecture structure of entity xil_defaultlib.mbv_system_microblaze_riscv_0_0_MB_MUXCY_XORCY_1335 [mbv_system_microblaze_riscv_0_0_...]
Compiling architecture structure of entity xil_defaultlib.mbv_system_microblaze_riscv_0_0_MB_MUXCY_XORCY_1336 [mbv_system_microblaze_riscv_0_0_...]
Compiling architecture structure of entity xil_defaultlib.mbv_system_microblaze_riscv_0_0_MB_MUXCY_XORCY_1337 [mbv_system_microblaze_riscv_0_0_...]
Compiling architecture structure of entity xil_defaultlib.mbv_system_microblaze_riscv_0_0_MB_MUXCY_XORCY_1338 [mbv_system_microblaze_riscv_0_0_...]
Compiling architecture structure of entity xil_defaultlib.mbv_system_microblaze_riscv_0_0_MB_MUXCY_XORCY_1339 [mbv_system_microblaze_riscv_0_0_...]
Compiling architecture structure of entity xil_defaultlib.mbv_system_microblaze_riscv_0_0_MB_MUXCY_XORCY_1340 [mbv_system_microblaze_riscv_0_0_...]
Compiling architecture structure of entity xil_defaultlib.mbv_system_microblaze_riscv_0_0_MB_MUXCY_XORCY_1341 [mbv_system_microblaze_riscv_0_0_...]
Compiling architecture structure of entity xil_defaultlib.mbv_system_microblaze_riscv_0_0_MB_MUXCY_XORCY_1342 [mbv_system_microblaze_riscv_0_0_...]
Compiling architecture structure of entity xil_defaultlib.mbv_system_microblaze_riscv_0_0_MB_MUXCY_XORCY_1343 [mbv_system_microblaze_riscv_0_0_...]
Compiling architecture structure of entity xil_defaultlib.mbv_system_microblaze_riscv_0_0_MB_MUXCY_XORCY_1344 [mbv_system_microblaze_riscv_0_0_...]
Compiling architecture structure of entity xil_defaultlib.mbv_system_microblaze_riscv_0_0_MB_MUXCY_XORCY_1345 [mbv_system_microblaze_riscv_0_0_...]
Compiling architecture structure of entity xil_defaultlib.mbv_system_microblaze_riscv_0_0_MB_MUXCY_XORCY_1346 [mbv_system_microblaze_riscv_0_0_...]
Compiling architecture structure of entity xil_defaultlib.mbv_system_microblaze_riscv_0_0_MB_MUXCY_XORCY_1347 [mbv_system_microblaze_riscv_0_0_...]
Compiling architecture structure of entity xil_defaultlib.mbv_system_microblaze_riscv_0_0_MB_MUXCY_XORCY_1348 [mbv_system_microblaze_riscv_0_0_...]
Compiling architecture structure of entity xil_defaultlib.mbv_system_microblaze_riscv_0_0_MB_MUXCY_XORCY_1349 [mbv_system_microblaze_riscv_0_0_...]
Compiling architecture structure of entity xil_defaultlib.mbv_system_microblaze_riscv_0_0_MB_MUXCY_XORCY_1350 [mbv_system_microblaze_riscv_0_0_...]
Compiling architecture structure of entity xil_defaultlib.mbv_system_microblaze_riscv_0_0_MB_MUXCY_XORCY_1351 [mbv_system_microblaze_riscv_0_0_...]
Compiling architecture structure of entity xil_defaultlib.mbv_system_microblaze_riscv_0_0_MB_MUXCY_XORCY_1352 [mbv_system_microblaze_riscv_0_0_...]
Compiling architecture lut6_v of entity unisim.LUT6 [\LUT6(init="10100110010101011010...]
Compiling architecture lut5_v of entity unisim.LUT5 [\LUT5(init="00000000000000001111...]
Compiling architecture lut4_v of entity unisim.LUT4 [\LUT4(init="1111111110101000")(0...]
Compiling architecture lut6_v of entity unisim.LUT6 [\LUT6(init="00101000001000000111...]
Compiling architecture lut5_v of entity unisim.LUT5 [\LUT5(init="00001010111010100000...]
Compiling architecture lut6_2_v of entity unisim.LUT6_2 [\LUT6_2(init="000000000000001000...]
Compiling architecture structure of entity xil_defaultlib.\mbv_system_microblaze_riscv_0_0_MB_LUT6_2__parameterized1\ [\mbv_system_microblaze_riscv_0_0...]
Compiling architecture lut6_2_v of entity unisim.LUT6_2 [\LUT6_2(init="000000000000100000...]
Compiling architecture structure of entity xil_defaultlib.\mbv_system_microblaze_riscv_0_0_MB_LUT6_2__parameterized3\ [\mbv_system_microblaze_riscv_0_0...]
Compiling architecture lut6_2_v of entity unisim.LUT6_2 [\LUT6_2(init="000000000010000000...]
Compiling architecture structure of entity xil_defaultlib.\mbv_system_microblaze_riscv_0_0_MB_LUT6_2__parameterized5\ [\mbv_system_microblaze_riscv_0_0...]
Compiling architecture lut6_2_v of entity unisim.LUT6_2 [\LUT6_2(init="000000001000000000...]
Compiling architecture structure of entity xil_defaultlib.\mbv_system_microblaze_riscv_0_0_MB_LUT6_2__parameterized7\ [\mbv_system_microblaze_riscv_0_0...]
Compiling architecture lut6_v of entity unisim.LUT6 [\LUT6(init="10101010101001101010...]
Compiling architecture lut5_v of entity unisim.LUT5 [\LUT5(init="11111111111111101111...]
Compiling architecture structure of entity xil_defaultlib.\mbv_system_microblaze_riscv_0_0_MB_LUT6__parameterized12\ [\mbv_system_microblaze_riscv_0_0...]
Compiling architecture lut6_v of entity unisim.LUT6 [\LUT6(init="10101010011010101010...]
Compiling architecture structure of entity xil_defaultlib.\mbv_system_microblaze_riscv_0_0_MB_LUT6__parameterized14\ [\mbv_system_microblaze_riscv_0_0...]
Compiling architecture lut6_v of entity unisim.LUT6 [\LUT6(init="10100110101010101010...]
Compiling architecture structure of entity xil_defaultlib.\mbv_system_microblaze_riscv_0_0_MB_LUT6__parameterized16\ [\mbv_system_microblaze_riscv_0_0...]
Compiling architecture lut6_v of entity unisim.LUT6 [\LUT6(init="01101010101010100010...]
Compiling architecture structure of entity xil_defaultlib.\mbv_system_microblaze_riscv_0_0_MB_LUT6__parameterized18\ [\mbv_system_microblaze_riscv_0_0...]
Compiling architecture structure of entity xil_defaultlib.\mbv_system_microblaze_riscv_0_0_MB_LUT6__parameterized12_2154\ [\mbv_system_microblaze_riscv_0_0...]
Compiling architecture structure of entity xil_defaultlib.\mbv_system_microblaze_riscv_0_0_MB_LUT6__parameterized14_2155\ [\mbv_system_microblaze_riscv_0_0...]
Compiling architecture structure of entity xil_defaultlib.\mbv_system_microblaze_riscv_0_0_MB_LUT6__parameterized16_2156\ [\mbv_system_microblaze_riscv_0_0...]
Compiling architecture structure of entity xil_defaultlib.\mbv_system_microblaze_riscv_0_0_MB_LUT6__parameterized18_2157\ [\mbv_system_microblaze_riscv_0_0...]
Compiling architecture structure of entity xil_defaultlib.\mbv_system_microblaze_riscv_0_0_MB_LUT6__parameterized12_2158\ [\mbv_system_microblaze_riscv_0_0...]
Compiling architecture structure of entity xil_defaultlib.\mbv_system_microblaze_riscv_0_0_MB_LUT6__parameterized14_2159\ [\mbv_system_microblaze_riscv_0_0...]
Compiling architecture structure of entity xil_defaultlib.\mbv_system_microblaze_riscv_0_0_MB_LUT6__parameterized16_2160\ [\mbv_system_microblaze_riscv_0_0...]
Compiling architecture structure of entity xil_defaultlib.\mbv_system_microblaze_riscv_0_0_MB_LUT6__parameterized18_2161\ [\mbv_system_microblaze_riscv_0_0...]
Compiling architecture structure of entity xil_defaultlib.\mbv_system_microblaze_riscv_0_0_MB_LUT6__parameterized12_2162\ [\mbv_system_microblaze_riscv_0_0...]
Compiling architecture structure of entity xil_defaultlib.\mbv_system_microblaze_riscv_0_0_MB_LUT6__parameterized14_2163\ [\mbv_system_microblaze_riscv_0_0...]
Compiling architecture structure of entity xil_defaultlib.\mbv_system_microblaze_riscv_0_0_MB_LUT6__parameterized16_2164\ [\mbv_system_microblaze_riscv_0_0...]
Compiling architecture structure of entity xil_defaultlib.\mbv_system_microblaze_riscv_0_0_MB_LUT6__parameterized18_2165\ [\mbv_system_microblaze_riscv_0_0...]
Compiling architecture structure of entity xil_defaultlib.\mbv_system_microblaze_riscv_0_0_MB_LUT6__parameterized12_2166\ [\mbv_system_microblaze_riscv_0_0...]
Compiling architecture structure of entity xil_defaultlib.\mbv_system_microblaze_riscv_0_0_MB_LUT6__parameterized14_2167\ [\mbv_system_microblaze_riscv_0_0...]
Compiling architecture structure of entity xil_defaultlib.\mbv_system_microblaze_riscv_0_0_MB_LUT6__parameterized16_2168\ [\mbv_system_microblaze_riscv_0_0...]
Compiling architecture structure of entity xil_defaultlib.\mbv_system_microblaze_riscv_0_0_MB_LUT6__parameterized18_2169\ [\mbv_system_microblaze_riscv_0_0...]
Compiling architecture structure of entity xil_defaultlib.\mbv_system_microblaze_riscv_0_0_MB_LUT6__parameterized12_2170\ [\mbv_system_microblaze_riscv_0_0...]
Compiling architecture structure of entity xil_defaultlib.\mbv_system_microblaze_riscv_0_0_MB_LUT6__parameterized14_2171\ [\mbv_system_microblaze_riscv_0_0...]
Compiling architecture structure of entity xil_defaultlib.\mbv_system_microblaze_riscv_0_0_MB_LUT6__parameterized16_2172\ [\mbv_system_microblaze_riscv_0_0...]
Compiling architecture structure of entity xil_defaultlib.\mbv_system_microblaze_riscv_0_0_MB_LUT6__parameterized18_2173\ [\mbv_system_microblaze_riscv_0_0...]
Compiling architecture structure of entity xil_defaultlib.\mbv_system_microblaze_riscv_0_0_MB_LUT6__parameterized12_2174\ [\mbv_system_microblaze_riscv_0_0...]
Compiling architecture structure of entity xil_defaultlib.\mbv_system_microblaze_riscv_0_0_MB_LUT6__parameterized14_2175\ [\mbv_system_microblaze_riscv_0_0...]
Compiling architecture structure of entity xil_defaultlib.\mbv_system_microblaze_riscv_0_0_MB_LUT6__parameterized16_2176\ [\mbv_system_microblaze_riscv_0_0...]
Compiling architecture structure of entity xil_defaultlib.\mbv_system_microblaze_riscv_0_0_MB_LUT6__parameterized18_2177\ [\mbv_system_microblaze_riscv_0_0...]
Compiling architecture structure of entity xil_defaultlib.\mbv_system_microblaze_riscv_0_0_MB_LUT6__parameterized12_2178\ [\mbv_system_microblaze_riscv_0_0...]
Compiling architecture structure of entity xil_defaultlib.\mbv_system_microblaze_riscv_0_0_MB_LUT6__parameterized14_2179\ [\mbv_system_microblaze_riscv_0_0...]
Compiling architecture structure of entity xil_defaultlib.\mbv_system_microblaze_riscv_0_0_MB_LUT6__parameterized16_2180\ [\mbv_system_microblaze_riscv_0_0...]
Compiling architecture structure of entity xil_defaultlib.\mbv_system_microblaze_riscv_0_0_MB_LUT6__parameterized18_2181\ [\mbv_system_microblaze_riscv_0_0...]
Compiling architecture structure of entity xil_defaultlib.mbv_system_microblaze_riscv_0_0_bitman [mbv_system_microblaze_riscv_0_0_...]
Compiling architecture structure of entity xil_defaultlib.mbv_system_microblaze_riscv_0_0_MB_MUXCY_2136 [mbv_system_microblaze_riscv_0_0_...]
Compiling architecture lut6_v of entity unisim.LUT6 [\LUT6(init="11000101110011111100...]
Compiling architecture structure of entity xil_defaultlib.mbv_system_microblaze_riscv_0_0_MB_MUXCY_2137 [mbv_system_microblaze_riscv_0_0_...]
Compiling architecture structure of entity xil_defaultlib.mbv_system_microblaze_riscv_0_0_MB_MUXCY_2138 [mbv_system_microblaze_riscv_0_0_...]
Compiling architecture structure of entity xil_defaultlib.mbv_system_microblaze_riscv_0_0_MB_MUXCY_2139 [mbv_system_microblaze_riscv_0_0_...]
Compiling architecture structure of entity xil_defaultlib.mbv_system_microblaze_riscv_0_0_MB_MUXCY_2140 [mbv_system_microblaze_riscv_0_0_...]
Compiling architecture structure of entity xil_defaultlib.mbv_system_microblaze_riscv_0_0_MB_MUXCY_2141 [mbv_system_microblaze_riscv_0_0_...]
Compiling architecture structure of entity xil_defaultlib.mbv_system_microblaze_riscv_0_0_MB_MUXCY_2142 [mbv_system_microblaze_riscv_0_0_...]
Compiling architecture structure of entity xil_defaultlib.mbv_system_microblaze_riscv_0_0_MB_MUXCY_2143 [mbv_system_microblaze_riscv_0_0_...]
Compiling architecture structure of entity xil_defaultlib.mbv_system_microblaze_riscv_0_0_MB_MUXCY_2144 [mbv_system_microblaze_riscv_0_0_...]
Compiling architecture structure of entity xil_defaultlib.mbv_system_microblaze_riscv_0_0_MB_MUXCY_2145 [mbv_system_microblaze_riscv_0_0_...]
Compiling architecture structure of entity xil_defaultlib.mbv_system_microblaze_riscv_0_0_MB_MUXCY_2146 [mbv_system_microblaze_riscv_0_0_...]
Compiling architecture structure of entity xil_defaultlib.mbv_system_microblaze_riscv_0_0_MB_MUXCY_2147 [mbv_system_microblaze_riscv_0_0_...]
Compiling architecture structure of entity xil_defaultlib.mbv_system_microblaze_riscv_0_0_MB_MUXCY_2148 [mbv_system_microblaze_riscv_0_0_...]
Compiling architecture structure of entity xil_defaultlib.mbv_system_microblaze_riscv_0_0_MB_MUXCY_2149 [mbv_system_microblaze_riscv_0_0_...]
Compiling architecture structure of entity xil_defaultlib.mbv_system_microblaze_riscv_0_0_MB_MUXCY_2150 [mbv_system_microblaze_riscv_0_0_...]
Compiling architecture structure of entity xil_defaultlib.mbv_system_microblaze_riscv_0_0_MB_MUXCY_2151 [mbv_system_microblaze_riscv_0_0_...]
Compiling architecture structure of entity xil_defaultlib.mbv_system_microblaze_riscv_0_0_MB_MUXCY_2152 [mbv_system_microblaze_riscv_0_0_...]
Compiling architecture structure of entity xil_defaultlib.mbv_system_microblaze_riscv_0_0_MB_MUXCY_2153 [mbv_system_microblaze_riscv_0_0_...]
Compiling architecture structure of entity xil_defaultlib.mbv_system_microblaze_riscv_0_0_Branch_Compare [mbv_system_microblaze_riscv_0_0_...]
Compiling architecture lut6_v of entity unisim.LUT6 [\LUT6(init="11101111010000001111...]
Compiling architecture structure of entity xil_defaultlib.mbv_system_microblaze_riscv_0_0_microblaze_riscv_v1_0_7_Byte_Doublet_Handle_gti [mbv_system_microblaze_riscv_0_0_...]
Compiling architecture structure of entity xil_defaultlib.mbv_system_microblaze_riscv_0_0_MB_FDRE_2104 [mbv_system_microblaze_riscv_0_0_...]
Compiling architecture structure of entity xil_defaultlib.mbv_system_microblaze_riscv_0_0_MB_FDRE_2105 [mbv_system_microblaze_riscv_0_0_...]
Compiling architecture structure of entity xil_defaultlib.mbv_system_microblaze_riscv_0_0_MB_FDRE_2106 [mbv_system_microblaze_riscv_0_0_...]
Compiling architecture structure of entity xil_defaultlib.mbv_system_microblaze_riscv_0_0_MB_FDRE_2107 [mbv_system_microblaze_riscv_0_0_...]
Compiling architecture structure of entity xil_defaultlib.mbv_system_microblaze_riscv_0_0_MB_FDRE_2108 [mbv_system_microblaze_riscv_0_0_...]
Compiling architecture structure of entity xil_defaultlib.mbv_system_microblaze_riscv_0_0_MB_FDRE_2109 [mbv_system_microblaze_riscv_0_0_...]
Compiling architecture structure of entity xil_defaultlib.mbv_system_microblaze_riscv_0_0_MB_FDRE_2110 [mbv_system_microblaze_riscv_0_0_...]
Compiling architecture structure of entity xil_defaultlib.mbv_system_microblaze_riscv_0_0_MB_FDRE_2111 [mbv_system_microblaze_riscv_0_0_...]
Compiling architecture structure of entity xil_defaultlib.mbv_system_microblaze_riscv_0_0_MB_FDRE_2112 [mbv_system_microblaze_riscv_0_0_...]
Compiling architecture structure of entity xil_defaultlib.mbv_system_microblaze_riscv_0_0_MB_FDRE_2113 [mbv_system_microblaze_riscv_0_0_...]
Compiling architecture structure of entity xil_defaultlib.mbv_system_microblaze_riscv_0_0_MB_FDRE_2114 [mbv_system_microblaze_riscv_0_0_...]
Compiling architecture structure of entity xil_defaultlib.mbv_system_microblaze_riscv_0_0_MB_FDRE_2115 [mbv_system_microblaze_riscv_0_0_...]
Compiling architecture structure of entity xil_defaultlib.mbv_system_microblaze_riscv_0_0_MB_FDRE_2116 [mbv_system_microblaze_riscv_0_0_...]
Compiling architecture structure of entity xil_defaultlib.mbv_system_microblaze_riscv_0_0_MB_FDRE_2117 [mbv_system_microblaze_riscv_0_0_...]
Compiling architecture structure of entity xil_defaultlib.mbv_system_microblaze_riscv_0_0_MB_FDRE_2118 [mbv_system_microblaze_riscv_0_0_...]
Compiling architecture structure of entity xil_defaultlib.mbv_system_microblaze_riscv_0_0_MB_FDRE_2119 [mbv_system_microblaze_riscv_0_0_...]
Compiling architecture structure of entity xil_defaultlib.mbv_system_microblaze_riscv_0_0_MB_FDRE_2120 [mbv_system_microblaze_riscv_0_0_...]
Compiling architecture structure of entity xil_defaultlib.mbv_system_microblaze_riscv_0_0_MB_FDRE_2121 [mbv_system_microblaze_riscv_0_0_...]
Compiling architecture structure of entity xil_defaultlib.mbv_system_microblaze_riscv_0_0_MB_FDRE_2122 [mbv_system_microblaze_riscv_0_0_...]
Compiling architecture structure of entity xil_defaultlib.mbv_system_microblaze_riscv_0_0_MB_FDRE_2123 [mbv_system_microblaze_riscv_0_0_...]
Compiling architecture structure of entity xil_defaultlib.mbv_system_microblaze_riscv_0_0_MB_FDRE_2124 [mbv_system_microblaze_riscv_0_0_...]
Compiling architecture structure of entity xil_defaultlib.mbv_system_microblaze_riscv_0_0_MB_FDRE_2125 [mbv_system_microblaze_riscv_0_0_...]
Compiling architecture structure of entity xil_defaultlib.mbv_system_microblaze_riscv_0_0_MB_FDRE_2126 [mbv_system_microblaze_riscv_0_0_...]
Compiling architecture structure of entity xil_defaultlib.mbv_system_microblaze_riscv_0_0_MB_FDRE_2127 [mbv_system_microblaze_riscv_0_0_...]
Compiling architecture structure of entity xil_defaultlib.mbv_system_microblaze_riscv_0_0_MB_FDRE_2128 [mbv_system_microblaze_riscv_0_0_...]
Compiling architecture structure of entity xil_defaultlib.mbv_system_microblaze_riscv_0_0_MB_FDRE_2129 [mbv_system_microblaze_riscv_0_0_...]
Compiling architecture structure of entity xil_defaultlib.mbv_system_microblaze_riscv_0_0_MB_FDRE_2130 [mbv_system_microblaze_riscv_0_0_...]
Compiling architecture structure of entity xil_defaultlib.mbv_system_microblaze_riscv_0_0_MB_FDRE_2131 [mbv_system_microblaze_riscv_0_0_...]
Compiling architecture structure of entity xil_defaultlib.mbv_system_microblaze_riscv_0_0_MB_FDRE_2132 [mbv_system_microblaze_riscv_0_0_...]
Compiling architecture structure of entity xil_defaultlib.mbv_system_microblaze_riscv_0_0_MB_FDRE_2133 [mbv_system_microblaze_riscv_0_0_...]
Compiling architecture structure of entity xil_defaultlib.mbv_system_microblaze_riscv_0_0_MB_FDRE_2134 [mbv_system_microblaze_riscv_0_0_...]
Compiling architecture structure of entity xil_defaultlib.mbv_system_microblaze_riscv_0_0_MB_FDRE_2135 [mbv_system_microblaze_riscv_0_0_...]
Compiling architecture structure of entity xil_defaultlib.mbv_system_microblaze_riscv_0_0_microblaze_riscv_v1_0_7_Data_Flow_Logic [mbv_system_microblaze_riscv_0_0_...]
Compiling architecture dsp48e1_v of entity unisim.DSP48E1 [\DSP48E1(acascreg=0,alumodereg=0...]
Compiling architecture structure of entity xil_defaultlib.mbv_system_microblaze_riscv_0_0_MB_DSP48E1 [mbv_system_microblaze_riscv_0_0_...]
Compiling architecture structure of entity xil_defaultlib.mbv_system_microblaze_riscv_0_0_dsp_module [mbv_system_microblaze_riscv_0_0_...]
Compiling architecture dsp48e1_v of entity unisim.DSP48E1 [\DSP48E1(acascreg=0,alumodereg=0...]
Compiling architecture structure of entity xil_defaultlib.\mbv_system_microblaze_riscv_0_0_MB_DSP48E1__parameterized1_2103\ [\mbv_system_microblaze_riscv_0_0...]
Compiling architecture structure of entity xil_defaultlib.\mbv_system_microblaze_riscv_0_0_dsp_module__parameterized1\ [\mbv_system_microblaze_riscv_0_0...]
Compiling architecture structure of entity xil_defaultlib.\mbv_system_microblaze_riscv_0_0_MB_DSP48E1__parameterized1\ [\mbv_system_microblaze_riscv_0_0...]
Compiling architecture structure of entity xil_defaultlib.\mbv_system_microblaze_riscv_0_0_dsp_module__parameterized3\ [\mbv_system_microblaze_riscv_0_0...]
Compiling architecture dsp48e1_v of entity unisim.DSP48E1 [\DSP48E1(acascreg=0,alumodereg=0...]
Compiling architecture structure of entity xil_defaultlib.\mbv_system_microblaze_riscv_0_0_MB_DSP48E1__parameterized3\ [\mbv_system_microblaze_riscv_0_0...]
Compiling architecture structure of entity xil_defaultlib.\mbv_system_microblaze_riscv_0_0_dsp_module__parameterized5\ [\mbv_system_microblaze_riscv_0_0...]
Compiling architecture lut6_v of entity unisim.LUT6 [\LUT6(init="00000000000000000000...]
Compiling architecture structure of entity xil_defaultlib.mbv_system_microblaze_riscv_0_0_microblaze_riscv_v1_0_7_mul_unit [mbv_system_microblaze_riscv_0_0_...]
Compiling architecture lut6_v of entity unisim.LUT6 [\LUT6(init="00110001000100010001...]
Compiling architecture lut6_v of entity unisim.LUT6 [\LUT6(init="11110001000100010001...]
Compiling architecture lut6_v of entity unisim.LUT6 [\LUT6(init="00011111111100110011...]
Compiling architecture lut6_v of entity unisim.LUT6 [\LUT6(init="00010011001111111111...]
Compiling architecture lut6_v of entity unisim.LUT6 [\LUT6(init="10101110101010101010...]
Compiling architecture lut6_v of entity unisim.LUT6 [\LUT6(init="00000000000000000000...]
Compiling architecture lut5_v of entity unisim.LUT5 [\LUT5(init="00000000000000001110...]
Compiling architecture lut6_v of entity unisim.LUT6 [\LUT6(init="11111111111111111111...]
Compiling architecture lut4_v of entity unisim.LUT4 [\LUT4(init="1111111100100011")(0...]
Compiling architecture lut6_v of entity unisim.LUT6 [\LUT6(init="00001000000010001010...]
Compiling architecture lut6_v of entity unisim.LUT6 [\LUT6(init="00100010111100101111...]
Compiling architecture lut5_v of entity unisim.LUT5 [\LUT5(init="11101111111011101110...]
Compiling architecture lut6_v of entity unisim.LUT6 [\LUT6(init="10101010001000001111...]
Compiling architecture lut6_v of entity unisim.LUT6 [\LUT6(init="11101111111111111110...]
Compiling architecture lut6_v of entity unisim.LUT6 [\LUT6(init="11111111111111111111...]
Compiling architecture lut5_v of entity unisim.LUT5 [\LUT5(init="11111111111111110010...]
Compiling architecture lut5_v of entity unisim.LUT5 [\LUT5(init="11111111111111111111...]
Compiling architecture lut6_v of entity unisim.LUT6 [\LUT6(init="11110100111101001111...]
Compiling architecture lut4_v of entity unisim.LUT4 [\LUT4(init="1010101001011001")(0...]
Compiling architecture lut6_v of entity unisim.LUT6 [\LUT6(init="10101010101010101010...]
Compiling architecture lut5_v of entity unisim.LUT5 [\LUT5(init="10101010101010100101...]
Compiling architecture lut4_v of entity unisim.LUT4 [\LUT4(init="1010101001010110")(0...]
Compiling architecture lut3_v of entity unisim.LUT3 [\LUT3(init="10011100")(0,7)\]
Compiling architecture lut6_v of entity unisim.LUT6 [\LUT6(init="00000000000000000000...]
Compiling architecture lut6_v of entity unisim.LUT6 [\LUT6(init="00000000000000000000...]
Compiling architecture lut6_v of entity unisim.LUT6 [\LUT6(init="00000000000000000000...]
Compiling architecture lut6_v of entity unisim.LUT6 [\LUT6(init="11111000100010001111...]
Compiling architecture lut5_v of entity unisim.LUT5 [\LUT5(init="11111111111111111011...]
Compiling architecture lut6_v of entity unisim.LUT6 [\LUT6(init="11111111111111111000...]
Compiling architecture lut6_v of entity unisim.LUT6 [\LUT6(init="00000000000000000000...]
Compiling architecture lut6_v of entity unisim.LUT6 [\LUT6(init="10011001100101011001...]
Compiling architecture lut6_v of entity unisim.LUT6 [\LUT6(init="00000010001000101111...]
Compiling architecture lut6_v of entity unisim.LUT6 [\LUT6(init="00000000000000110000...]
Compiling architecture lut6_v of entity unisim.LUT6 [\LUT6(init="00000000000000000000...]
Compiling architecture lut6_v of entity unisim.LUT6 [\LUT6(init="00000000010000000000...]
Compiling architecture lut6_v of entity unisim.LUT6 [\LUT6(init="11111111000000001111...]
Compiling architecture lut6_v of entity unisim.LUT6 [\LUT6(init="11111111111111111111...]
Compiling architecture lut6_v of entity unisim.LUT6 [\LUT6(init="10101010101110101111...]
Compiling architecture lut6_v of entity unisim.LUT6 [\LUT6(init="11110000000000001111...]
Compiling architecture lut6_v of entity unisim.LUT6 [\LUT6(init="00000000000000000000...]
Compiling architecture lut6_v of entity unisim.LUT6 [\LUT6(init="11111010111111111111...]
Compiling architecture structure of entity xil_defaultlib.\mbv_system_microblaze_riscv_0_0_MB_LUT6__parameterized10_2102\ [\mbv_system_microblaze_riscv_0_0...]
Compiling architecture structure of entity xil_defaultlib.mbv_system_microblaze_riscv_0_0_microblaze_riscv_v1_0_7_Mux4 [mbv_system_microblaze_riscv_0_0_...]
Compiling architecture structure of entity xil_defaultlib.\mbv_system_microblaze_riscv_0_0_MB_LUT6__parameterized10_2101\ [\mbv_system_microblaze_riscv_0_0...]
Compiling architecture structure of entity xil_defaultlib.mbv_system_microblaze_riscv_0_0_microblaze_riscv_v1_0_7_Mux4_1977 [mbv_system_microblaze_riscv_0_0_...]
Compiling architecture structure of entity xil_defaultlib.\mbv_system_microblaze_riscv_0_0_MB_LUT6__parameterized10_2100\ [\mbv_system_microblaze_riscv_0_0...]
Compiling architecture structure of entity xil_defaultlib.mbv_system_microblaze_riscv_0_0_microblaze_riscv_v1_0_7_Mux4_1978 [mbv_system_microblaze_riscv_0_0_...]
Compiling architecture structure of entity xil_defaultlib.\mbv_system_microblaze_riscv_0_0_MB_LUT6__parameterized10_2099\ [\mbv_system_microblaze_riscv_0_0...]
Compiling architecture structure of entity xil_defaultlib.mbv_system_microblaze_riscv_0_0_microblaze_riscv_v1_0_7_Mux4_1979 [mbv_system_microblaze_riscv_0_0_...]
Compiling architecture structure of entity xil_defaultlib.\mbv_system_microblaze_riscv_0_0_MB_LUT6__parameterized10_2098\ [\mbv_system_microblaze_riscv_0_0...]
Compiling architecture structure of entity xil_defaultlib.mbv_system_microblaze_riscv_0_0_microblaze_riscv_v1_0_7_Mux4_1980 [mbv_system_microblaze_riscv_0_0_...]
Compiling architecture structure of entity xil_defaultlib.\mbv_system_microblaze_riscv_0_0_MB_LUT6__parameterized10_2097\ [\mbv_system_microblaze_riscv_0_0...]
Compiling architecture structure of entity xil_defaultlib.mbv_system_microblaze_riscv_0_0_microblaze_riscv_v1_0_7_Mux4_1981 [mbv_system_microblaze_riscv_0_0_...]
Compiling architecture structure of entity xil_defaultlib.\mbv_system_microblaze_riscv_0_0_MB_LUT6__parameterized10_2096\ [\mbv_system_microblaze_riscv_0_0...]
Compiling architecture structure of entity xil_defaultlib.mbv_system_microblaze_riscv_0_0_microblaze_riscv_v1_0_7_Mux4_1982 [mbv_system_microblaze_riscv_0_0_...]
Compiling architecture structure of entity xil_defaultlib.\mbv_system_microblaze_riscv_0_0_MB_LUT6__parameterized10_2095\ [\mbv_system_microblaze_riscv_0_0...]
Compiling architecture structure of entity xil_defaultlib.mbv_system_microblaze_riscv_0_0_microblaze_riscv_v1_0_7_Mux4_1983 [mbv_system_microblaze_riscv_0_0_...]
Compiling architecture structure of entity xil_defaultlib.\mbv_system_microblaze_riscv_0_0_MB_LUT6__parameterized10_2094\ [\mbv_system_microblaze_riscv_0_0...]
Compiling architecture structure of entity xil_defaultlib.mbv_system_microblaze_riscv_0_0_microblaze_riscv_v1_0_7_Mux4_1984 [mbv_system_microblaze_riscv_0_0_...]
Compiling architecture structure of entity xil_defaultlib.\mbv_system_microblaze_riscv_0_0_MB_LUT6__parameterized10_2093\ [\mbv_system_microblaze_riscv_0_0...]
Compiling architecture structure of entity xil_defaultlib.mbv_system_microblaze_riscv_0_0_microblaze_riscv_v1_0_7_Mux4_1985 [mbv_system_microblaze_riscv_0_0_...]
Compiling architecture structure of entity xil_defaultlib.\mbv_system_microblaze_riscv_0_0_MB_LUT6__parameterized10_2092\ [\mbv_system_microblaze_riscv_0_0...]
Compiling architecture structure of entity xil_defaultlib.mbv_system_microblaze_riscv_0_0_microblaze_riscv_v1_0_7_Mux4_1986 [mbv_system_microblaze_riscv_0_0_...]
Compiling architecture structure of entity xil_defaultlib.\mbv_system_microblaze_riscv_0_0_MB_LUT6__parameterized10_2091\ [\mbv_system_microblaze_riscv_0_0...]
Compiling architecture structure of entity xil_defaultlib.mbv_system_microblaze_riscv_0_0_microblaze_riscv_v1_0_7_Mux4_1987 [mbv_system_microblaze_riscv_0_0_...]
Compiling architecture structure of entity xil_defaultlib.\mbv_system_microblaze_riscv_0_0_MB_LUT6__parameterized10_2090\ [\mbv_system_microblaze_riscv_0_0...]
Compiling architecture structure of entity xil_defaultlib.mbv_system_microblaze_riscv_0_0_microblaze_riscv_v1_0_7_Mux4_1988 [mbv_system_microblaze_riscv_0_0_...]
Compiling architecture structure of entity xil_defaultlib.\mbv_system_microblaze_riscv_0_0_MB_LUT6__parameterized10_2089\ [\mbv_system_microblaze_riscv_0_0...]
Compiling architecture structure of entity xil_defaultlib.mbv_system_microblaze_riscv_0_0_microblaze_riscv_v1_0_7_Mux4_1989 [mbv_system_microblaze_riscv_0_0_...]
Compiling architecture structure of entity xil_defaultlib.\mbv_system_microblaze_riscv_0_0_MB_LUT6__parameterized10_2088\ [\mbv_system_microblaze_riscv_0_0...]
Compiling architecture structure of entity xil_defaultlib.mbv_system_microblaze_riscv_0_0_microblaze_riscv_v1_0_7_Mux4_1990 [mbv_system_microblaze_riscv_0_0_...]
Compiling architecture structure of entity xil_defaultlib.\mbv_system_microblaze_riscv_0_0_MB_LUT6__parameterized10_2087\ [\mbv_system_microblaze_riscv_0_0...]
Compiling architecture structure of entity xil_defaultlib.mbv_system_microblaze_riscv_0_0_microblaze_riscv_v1_0_7_Mux4_1991 [mbv_system_microblaze_riscv_0_0_...]
Compiling architecture structure of entity xil_defaultlib.\mbv_system_microblaze_riscv_0_0_MB_LUT6__parameterized10_2086\ [\mbv_system_microblaze_riscv_0_0...]
Compiling architecture structure of entity xil_defaultlib.mbv_system_microblaze_riscv_0_0_microblaze_riscv_v1_0_7_Mux4_1992 [mbv_system_microblaze_riscv_0_0_...]
Compiling architecture structure of entity xil_defaultlib.\mbv_system_microblaze_riscv_0_0_MB_LUT6__parameterized10_2085\ [\mbv_system_microblaze_riscv_0_0...]
Compiling architecture structure of entity xil_defaultlib.mbv_system_microblaze_riscv_0_0_microblaze_riscv_v1_0_7_Mux4_1993 [mbv_system_microblaze_riscv_0_0_...]
Compiling architecture structure of entity xil_defaultlib.\mbv_system_microblaze_riscv_0_0_MB_LUT6__parameterized10_2084\ [\mbv_system_microblaze_riscv_0_0...]
Compiling architecture structure of entity xil_defaultlib.mbv_system_microblaze_riscv_0_0_microblaze_riscv_v1_0_7_Mux4_1994 [mbv_system_microblaze_riscv_0_0_...]
Compiling architecture structure of entity xil_defaultlib.\mbv_system_microblaze_riscv_0_0_MB_LUT6__parameterized10_2083\ [\mbv_system_microblaze_riscv_0_0...]
Compiling architecture structure of entity xil_defaultlib.mbv_system_microblaze_riscv_0_0_microblaze_riscv_v1_0_7_Mux4_1995 [mbv_system_microblaze_riscv_0_0_...]
Compiling architecture structure of entity xil_defaultlib.\mbv_system_microblaze_riscv_0_0_MB_LUT6__parameterized10_2082\ [\mbv_system_microblaze_riscv_0_0...]
Compiling architecture structure of entity xil_defaultlib.mbv_system_microblaze_riscv_0_0_microblaze_riscv_v1_0_7_Mux4_1996 [mbv_system_microblaze_riscv_0_0_...]
Compiling architecture structure of entity xil_defaultlib.\mbv_system_microblaze_riscv_0_0_MB_LUT6__parameterized10_2081\ [\mbv_system_microblaze_riscv_0_0...]
Compiling architecture structure of entity xil_defaultlib.mbv_system_microblaze_riscv_0_0_microblaze_riscv_v1_0_7_Mux4_1997 [mbv_system_microblaze_riscv_0_0_...]
Compiling architecture structure of entity xil_defaultlib.\mbv_system_microblaze_riscv_0_0_MB_LUT6__parameterized10_2080\ [\mbv_system_microblaze_riscv_0_0...]
Compiling architecture structure of entity xil_defaultlib.mbv_system_microblaze_riscv_0_0_microblaze_riscv_v1_0_7_Mux4_1998 [mbv_system_microblaze_riscv_0_0_...]
Compiling architecture structure of entity xil_defaultlib.\mbv_system_microblaze_riscv_0_0_MB_LUT6__parameterized10_2079\ [\mbv_system_microblaze_riscv_0_0...]
Compiling architecture structure of entity xil_defaultlib.mbv_system_microblaze_riscv_0_0_microblaze_riscv_v1_0_7_Mux4_1999 [mbv_system_microblaze_riscv_0_0_...]
Compiling architecture structure of entity xil_defaultlib.\mbv_system_microblaze_riscv_0_0_MB_LUT6__parameterized10_2078\ [\mbv_system_microblaze_riscv_0_0...]
Compiling architecture structure of entity xil_defaultlib.mbv_system_microblaze_riscv_0_0_microblaze_riscv_v1_0_7_Mux4_2000 [mbv_system_microblaze_riscv_0_0_...]
Compiling architecture structure of entity xil_defaultlib.\mbv_system_microblaze_riscv_0_0_MB_LUT6__parameterized10_2077\ [\mbv_system_microblaze_riscv_0_0...]
Compiling architecture structure of entity xil_defaultlib.mbv_system_microblaze_riscv_0_0_microblaze_riscv_v1_0_7_Mux4_2001 [mbv_system_microblaze_riscv_0_0_...]
Compiling architecture structure of entity xil_defaultlib.\mbv_system_microblaze_riscv_0_0_MB_LUT6__parameterized10_2076\ [\mbv_system_microblaze_riscv_0_0...]
Compiling architecture structure of entity xil_defaultlib.mbv_system_microblaze_riscv_0_0_microblaze_riscv_v1_0_7_Mux4_2002 [mbv_system_microblaze_riscv_0_0_...]
Compiling architecture structure of entity xil_defaultlib.\mbv_system_microblaze_riscv_0_0_MB_LUT6__parameterized10_2075\ [\mbv_system_microblaze_riscv_0_0...]
Compiling architecture structure of entity xil_defaultlib.mbv_system_microblaze_riscv_0_0_microblaze_riscv_v1_0_7_Mux4_2003 [mbv_system_microblaze_riscv_0_0_...]
Compiling architecture structure of entity xil_defaultlib.\mbv_system_microblaze_riscv_0_0_MB_LUT6__parameterized10_2074\ [\mbv_system_microblaze_riscv_0_0...]
Compiling architecture structure of entity xil_defaultlib.mbv_system_microblaze_riscv_0_0_microblaze_riscv_v1_0_7_Mux4_2004 [mbv_system_microblaze_riscv_0_0_...]
Compiling architecture structure of entity xil_defaultlib.\mbv_system_microblaze_riscv_0_0_MB_LUT6__parameterized10_2073\ [\mbv_system_microblaze_riscv_0_0...]
Compiling architecture structure of entity xil_defaultlib.mbv_system_microblaze_riscv_0_0_microblaze_riscv_v1_0_7_Mux4_2005 [mbv_system_microblaze_riscv_0_0_...]
Compiling architecture structure of entity xil_defaultlib.\mbv_system_microblaze_riscv_0_0_MB_LUT6__parameterized10_2072\ [\mbv_system_microblaze_riscv_0_0...]
Compiling architecture structure of entity xil_defaultlib.mbv_system_microblaze_riscv_0_0_microblaze_riscv_v1_0_7_Mux4_2006 [mbv_system_microblaze_riscv_0_0_...]
Compiling architecture structure of entity xil_defaultlib.\mbv_system_microblaze_riscv_0_0_MB_LUT6__parameterized10_2071\ [\mbv_system_microblaze_riscv_0_0...]
Compiling architecture structure of entity xil_defaultlib.mbv_system_microblaze_riscv_0_0_microblaze_riscv_v1_0_7_Mux4_2007 [mbv_system_microblaze_riscv_0_0_...]
Compiling architecture structure of entity xil_defaultlib.\mbv_system_microblaze_riscv_0_0_MB_LUT6__parameterized10_2070\ [\mbv_system_microblaze_riscv_0_0...]
Compiling architecture structure of entity xil_defaultlib.mbv_system_microblaze_riscv_0_0_microblaze_riscv_v1_0_7_Mux4_2008 [mbv_system_microblaze_riscv_0_0_...]
Compiling architecture lut5_v of entity unisim.LUT5 [\LUT5(init="10101010101111111010...]
Compiling architecture structure of entity xil_defaultlib.\mbv_system_microblaze_riscv_0_0_MB_LUT6__parameterized10_2069\ [\mbv_system_microblaze_riscv_0_0...]
Compiling architecture structure of entity xil_defaultlib.mbv_system_microblaze_riscv_0_0_microblaze_riscv_v1_0_7_Mux4_2009 [mbv_system_microblaze_riscv_0_0_...]
Compiling architecture structure of entity xil_defaultlib.\mbv_system_microblaze_riscv_0_0_MB_LUT6__parameterized10_2068\ [\mbv_system_microblaze_riscv_0_0...]
Compiling architecture structure of entity xil_defaultlib.mbv_system_microblaze_riscv_0_0_microblaze_riscv_v1_0_7_Mux4_2010 [mbv_system_microblaze_riscv_0_0_...]
Compiling architecture lut6_v of entity unisim.LUT6 [\LUT6(init="10101010101010101011...]
Compiling architecture structure of entity xil_defaultlib.\mbv_system_microblaze_riscv_0_0_MB_LUT6__parameterized10_2067\ [\mbv_system_microblaze_riscv_0_0...]
Compiling architecture structure of entity xil_defaultlib.mbv_system_microblaze_riscv_0_0_microblaze_riscv_v1_0_7_Mux4_2011 [mbv_system_microblaze_riscv_0_0_...]
Compiling architecture structure of entity xil_defaultlib.\mbv_system_microblaze_riscv_0_0_MB_LUT6__parameterized10_2066\ [\mbv_system_microblaze_riscv_0_0...]
Compiling architecture structure of entity xil_defaultlib.mbv_system_microblaze_riscv_0_0_microblaze_riscv_v1_0_7_Mux4_2012 [mbv_system_microblaze_riscv_0_0_...]
Compiling architecture structure of entity xil_defaultlib.\mbv_system_microblaze_riscv_0_0_MB_LUT6__parameterized10_2065\ [\mbv_system_microblaze_riscv_0_0...]
Compiling architecture structure of entity xil_defaultlib.mbv_system_microblaze_riscv_0_0_microblaze_riscv_v1_0_7_Mux4_2013 [mbv_system_microblaze_riscv_0_0_...]
Compiling architecture structure of entity xil_defaultlib.\mbv_system_microblaze_riscv_0_0_MB_LUT6__parameterized10_2064\ [\mbv_system_microblaze_riscv_0_0...]
Compiling architecture structure of entity xil_defaultlib.mbv_system_microblaze_riscv_0_0_microblaze_riscv_v1_0_7_Mux4_2014 [mbv_system_microblaze_riscv_0_0_...]
Compiling architecture lut6_v of entity unisim.LUT6 [\LUT6(init="11111111111111111111...]
Compiling architecture lut6_v of entity unisim.LUT6 [\LUT6(init="10101010101010111111...]
Compiling architecture structure of entity xil_defaultlib.\mbv_system_microblaze_riscv_0_0_MB_LUT6__parameterized10_2063\ [\mbv_system_microblaze_riscv_0_0...]
Compiling architecture structure of entity xil_defaultlib.mbv_system_microblaze_riscv_0_0_microblaze_riscv_v1_0_7_Mux4_2015 [mbv_system_microblaze_riscv_0_0_...]
Compiling architecture structure of entity xil_defaultlib.\mbv_system_microblaze_riscv_0_0_MB_LUT6__parameterized10_2062\ [\mbv_system_microblaze_riscv_0_0...]
Compiling architecture structure of entity xil_defaultlib.mbv_system_microblaze_riscv_0_0_microblaze_riscv_v1_0_7_Mux4_2016 [mbv_system_microblaze_riscv_0_0_...]
Compiling architecture lut5_v of entity unisim.LUT5 [\LUT5(init="10101011111111111010...]
Compiling architecture structure of entity xil_defaultlib.\mbv_system_microblaze_riscv_0_0_MB_LUT6__parameterized10_2061\ [\mbv_system_microblaze_riscv_0_0...]
Compiling architecture structure of entity xil_defaultlib.mbv_system_microblaze_riscv_0_0_microblaze_riscv_v1_0_7_Mux4_2017 [mbv_system_microblaze_riscv_0_0_...]
Compiling architecture structure of entity xil_defaultlib.\mbv_system_microblaze_riscv_0_0_MB_LUT6__parameterized10_2060\ [\mbv_system_microblaze_riscv_0_0...]
Compiling architecture structure of entity xil_defaultlib.mbv_system_microblaze_riscv_0_0_microblaze_riscv_v1_0_7_Mux4_2018 [mbv_system_microblaze_riscv_0_0_...]
Compiling architecture structure of entity xil_defaultlib.\mbv_system_microblaze_riscv_0_0_MB_LUT6__parameterized10_2059\ [\mbv_system_microblaze_riscv_0_0...]
Compiling architecture structure of entity xil_defaultlib.mbv_system_microblaze_riscv_0_0_microblaze_riscv_v1_0_7_Mux4_2019 [mbv_system_microblaze_riscv_0_0_...]
Compiling architecture lut6_v of entity unisim.LUT6 [\LUT6(init="10101011101110111111...]
Compiling architecture structure of entity xil_defaultlib.\mbv_system_microblaze_riscv_0_0_MB_LUT6__parameterized10_2058\ [\mbv_system_microblaze_riscv_0_0...]
Compiling architecture structure of entity xil_defaultlib.mbv_system_microblaze_riscv_0_0_microblaze_riscv_v1_0_7_Mux4_2020 [mbv_system_microblaze_riscv_0_0_...]
Compiling architecture structure of entity xil_defaultlib.\mbv_system_microblaze_riscv_0_0_MB_LUT6__parameterized10_2057\ [\mbv_system_microblaze_riscv_0_0...]
Compiling architecture structure of entity xil_defaultlib.mbv_system_microblaze_riscv_0_0_microblaze_riscv_v1_0_7_Mux4_2021 [mbv_system_microblaze_riscv_0_0_...]
Compiling architecture structure of entity xil_defaultlib.\mbv_system_microblaze_riscv_0_0_MB_LUT6__parameterized10_2056\ [\mbv_system_microblaze_riscv_0_0...]
Compiling architecture structure of entity xil_defaultlib.mbv_system_microblaze_riscv_0_0_microblaze_riscv_v1_0_7_Mux4_2022 [mbv_system_microblaze_riscv_0_0_...]
Compiling architecture lut6_v of entity unisim.LUT6 [\LUT6(init="10100000110011001010...]
Compiling architecture structure of entity xil_defaultlib.\mbv_system_microblaze_riscv_0_0_MB_LUT6__parameterized10_2055\ [\mbv_system_microblaze_riscv_0_0...]
Compiling architecture structure of entity xil_defaultlib.mbv_system_microblaze_riscv_0_0_microblaze_riscv_v1_0_7_Mux4_2023 [mbv_system_microblaze_riscv_0_0_...]
Compiling architecture lut6_v of entity unisim.LUT6 [\LUT6(init="10111111101111111011...]
Compiling architecture structure of entity xil_defaultlib.\mbv_system_microblaze_riscv_0_0_MB_LUT6__parameterized10_2054\ [\mbv_system_microblaze_riscv_0_0...]
Compiling architecture structure of entity xil_defaultlib.mbv_system_microblaze_riscv_0_0_microblaze_riscv_v1_0_7_Mux4_2024 [mbv_system_microblaze_riscv_0_0_...]
Compiling architecture structure of entity xil_defaultlib.\mbv_system_microblaze_riscv_0_0_MB_LUT6__parameterized10_2053\ [\mbv_system_microblaze_riscv_0_0...]
Compiling architecture structure of entity xil_defaultlib.mbv_system_microblaze_riscv_0_0_microblaze_riscv_v1_0_7_Mux4_2025 [mbv_system_microblaze_riscv_0_0_...]
Compiling architecture lut5_v of entity unisim.LUT5 [\LUT5(init="10111111111111111000...]
Compiling architecture structure of entity xil_defaultlib.\mbv_system_microblaze_riscv_0_0_MB_LUT6__parameterized10_2052\ [\mbv_system_microblaze_riscv_0_0...]
Compiling architecture structure of entity xil_defaultlib.mbv_system_microblaze_riscv_0_0_microblaze_riscv_v1_0_7_Mux4_2026 [mbv_system_microblaze_riscv_0_0_...]
Compiling architecture lut6_v of entity unisim.LUT6 [\LUT6(init="01000000000000000000...]
Compiling architecture lut6_v of entity unisim.LUT6 [\LUT6(init="01111110111010001110...]
Compiling architecture structure of entity xil_defaultlib.\mbv_system_microblaze_riscv_0_0_MB_LUT6__parameterized10_2051\ [\mbv_system_microblaze_riscv_0_0...]
Compiling architecture structure of entity xil_defaultlib.mbv_system_microblaze_riscv_0_0_microblaze_riscv_v1_0_7_Mux4_2027 [mbv_system_microblaze_riscv_0_0_...]
Compiling architecture lut6_v of entity unisim.LUT6 [\LUT6(init="10111111111111111111...]
Compiling architecture lut6_v of entity unisim.LUT6 [\LUT6(init="11111111111111111111...]
Compiling architecture structure of entity xil_defaultlib.\mbv_system_microblaze_riscv_0_0_MB_LUT6__parameterized10_2050\ [\mbv_system_microblaze_riscv_0_0...]
Compiling architecture structure of entity xil_defaultlib.mbv_system_microblaze_riscv_0_0_microblaze_riscv_v1_0_7_Mux4_2028 [mbv_system_microblaze_riscv_0_0_...]
Compiling architecture lut6_v of entity unisim.LUT6 [\LUT6(init="00000000000000000000...]
Compiling architecture lut5_v of entity unisim.LUT5 [\LUT5(init="11100000111011111110...]
Compiling architecture lut3_v of entity unisim.LUT3 [\LUT3(init="10001110")(0,7)\]
Compiling architecture lut5_v of entity unisim.LUT5 [\LUT5(init="01011111110111111101...]
Compiling architecture structure of entity xil_defaultlib.\mbv_system_microblaze_riscv_0_0_MB_LUT6__parameterized10_2049\ [\mbv_system_microblaze_riscv_0_0...]
Compiling architecture structure of entity xil_defaultlib.mbv_system_microblaze_riscv_0_0_microblaze_riscv_v1_0_7_Mux4_2029 [mbv_system_microblaze_riscv_0_0_...]
Compiling architecture lut5_v of entity unisim.LUT5 [\LUT5(init="10101010101010111010...]
Compiling architecture structure of entity xil_defaultlib.\mbv_system_microblaze_riscv_0_0_MB_LUT6__parameterized10_2048\ [\mbv_system_microblaze_riscv_0_0...]
Compiling architecture structure of entity xil_defaultlib.mbv_system_microblaze_riscv_0_0_microblaze_riscv_v1_0_7_Mux4_2030 [mbv_system_microblaze_riscv_0_0_...]
Compiling architecture lut6_v of entity unisim.LUT6 [\LUT6(init="10101011101010101010...]
Compiling architecture lut6_v of entity unisim.LUT6 [\LUT6(init="11111111111111101111...]
Compiling architecture lut6_v of entity unisim.LUT6 [\LUT6(init="00000101011000110100...]
Compiling architecture lut6_v of entity unisim.LUT6 [\LUT6(init="00010101010101000101...]
Compiling architecture lut6_v of entity unisim.LUT6 [\LUT6(init="00000000011100000000...]
Compiling architecture lut6_v of entity unisim.LUT6 [\LUT6(init="00000110010000000100...]
Compiling architecture lut6_v of entity unisim.LUT6 [\LUT6(init="00010100000000000100...]
Compiling architecture lut6_v of entity unisim.LUT6 [\LUT6(init="00010101010101000101...]
Compiling architecture lut6_v of entity unisim.LUT6 [\LUT6(init="00000101010000000100...]
Compiling architecture structure of entity xil_defaultlib.\mbv_system_microblaze_riscv_0_0_MB_LUT6__parameterized10_2047\ [\mbv_system_microblaze_riscv_0_0...]
Compiling architecture structure of entity xil_defaultlib.mbv_system_microblaze_riscv_0_0_microblaze_riscv_v1_0_7_Mux4_2031 [mbv_system_microblaze_riscv_0_0_...]
Compiling architecture lut6_v of entity unisim.LUT6 [\LUT6(init="11111111111111100000...]
Compiling architecture structure of entity xil_defaultlib.\mbv_system_microblaze_riscv_0_0_MB_LUT6__parameterized10_2046\ [\mbv_system_microblaze_riscv_0_0...]
Compiling architecture structure of entity xil_defaultlib.mbv_system_microblaze_riscv_0_0_microblaze_riscv_v1_0_7_Mux4_2032 [mbv_system_microblaze_riscv_0_0_...]
Compiling architecture structure of entity xil_defaultlib.\mbv_system_microblaze_riscv_0_0_MB_LUT6__parameterized10_2045\ [\mbv_system_microblaze_riscv_0_0...]
Compiling architecture structure of entity xil_defaultlib.mbv_system_microblaze_riscv_0_0_microblaze_riscv_v1_0_7_Mux4_2033 [mbv_system_microblaze_riscv_0_0_...]
Compiling architecture lut6_v of entity unisim.LUT6 [\LUT6(init="10101010101010101010...]
Compiling architecture structure of entity xil_defaultlib.\mbv_system_microblaze_riscv_0_0_MB_LUT6__parameterized10_2044\ [\mbv_system_microblaze_riscv_0_0...]
Compiling architecture structure of entity xil_defaultlib.mbv_system_microblaze_riscv_0_0_microblaze_riscv_v1_0_7_Mux4_2034 [mbv_system_microblaze_riscv_0_0_...]
Compiling architecture structure of entity xil_defaultlib.\mbv_system_microblaze_riscv_0_0_MB_LUT6__parameterized10_2043\ [\mbv_system_microblaze_riscv_0_0...]
Compiling architecture structure of entity xil_defaultlib.mbv_system_microblaze_riscv_0_0_microblaze_riscv_v1_0_7_Mux4_2035 [mbv_system_microblaze_riscv_0_0_...]
Compiling architecture structure of entity xil_defaultlib.\mbv_system_microblaze_riscv_0_0_MB_LUT6__parameterized10_2042\ [\mbv_system_microblaze_riscv_0_0...]
Compiling architecture structure of entity xil_defaultlib.mbv_system_microblaze_riscv_0_0_microblaze_riscv_v1_0_7_Mux4_2036 [mbv_system_microblaze_riscv_0_0_...]
Compiling architecture structure of entity xil_defaultlib.\mbv_system_microblaze_riscv_0_0_MB_LUT6__parameterized10_2041\ [\mbv_system_microblaze_riscv_0_0...]
Compiling architecture structure of entity xil_defaultlib.mbv_system_microblaze_riscv_0_0_microblaze_riscv_v1_0_7_Mux4_2037 [mbv_system_microblaze_riscv_0_0_...]
Compiling architecture lut6_v of entity unisim.LUT6 [\LUT6(init="10101010101010101011...]
Compiling architecture lut6_v of entity unisim.LUT6 [\LUT6(init="01010101001100110101...]
Compiling architecture structure of entity xil_defaultlib.\mbv_system_microblaze_riscv_0_0_MB_LUT6__parameterized10_2040\ [\mbv_system_microblaze_riscv_0_0...]
Compiling architecture structure of entity xil_defaultlib.mbv_system_microblaze_riscv_0_0_microblaze_riscv_v1_0_7_Mux4_2038 [mbv_system_microblaze_riscv_0_0_...]
Compiling architecture structure of entity xil_defaultlib.\mbv_system_microblaze_riscv_0_0_MB_LUT6__parameterized10\ [\mbv_system_microblaze_riscv_0_0...]
Compiling architecture structure of entity xil_defaultlib.mbv_system_microblaze_riscv_0_0_microblaze_riscv_v1_0_7_Mux4_2039 [mbv_system_microblaze_riscv_0_0_...]
Compiling architecture lut5_v of entity unisim.LUT5 [\LUT5(init="00000111100011111111...]
Compiling architecture lut6_v of entity unisim.LUT6 [\LUT6(init="00110000001111110101...]
Compiling architecture lut6_v of entity unisim.LUT6 [\LUT6(init="00011111111100011111...]
Compiling architecture lut3_v of entity unisim.LUT3 [\LUT3(init="10011111")(0,7)\]
Compiling architecture lut4_v of entity unisim.LUT4 [\LUT4(init="1000011101111000")(0...]
Compiling architecture lut6_v of entity unisim.LUT6 [\LUT6(init="00010000000100000001...]
Compiling architecture lut6_v of entity unisim.LUT6 [\LUT6(init="11101110111011101110...]
Compiling architecture lut6_v of entity unisim.LUT6 [\LUT6(init="01010101010101010000...]
Compiling architecture lut6_v of entity unisim.LUT6 [\LUT6(init="11111110111111110000...]
Compiling architecture lut6_v of entity unisim.LUT6 [\LUT6(init="10001000100010001000...]
Compiling architecture lut5_v of entity unisim.LUT5 [\LUT5(init="00000000000000010000...]
Compiling architecture lut6_v of entity unisim.LUT6 [\LUT6(init="00000000000000010000...]
Compiling architecture lut6_v of entity unisim.LUT6 [\LUT6(init="11011101000011011101...]
Compiling architecture lut6_v of entity unisim.LUT6 [\LUT6(init="10101010011010101010...]
Compiling architecture lut5_v of entity unisim.LUT5 [\LUT5(init="10011010101010100110...]
Compiling architecture lut4_v of entity unisim.LUT4 [\LUT4(init="1010011001011001")(0...]
Compiling architecture lut5_v of entity unisim.LUT5 [\LUT5(init="10101010101010101010...]
Compiling architecture lut6_v of entity unisim.LUT6 [\LUT6(init="11111110111011100000...]
Compiling architecture lut6_v of entity unisim.LUT6 [\LUT6(init="00000000000000000000...]
Compiling architecture lut6_v of entity unisim.LUT6 [\LUT6(init="11101110111111111110...]
Compiling architecture lut6_v of entity unisim.LUT6 [\LUT6(init="01000000010001000100...]
Compiling architecture lut6_v of entity unisim.LUT6 [\LUT6(init="00000000000000000000...]
Compiling architecture lut5_v of entity unisim.LUT5 [\LUT5(init="11111111111111111111...]
Compiling architecture lut6_v of entity unisim.LUT6 [\LUT6(init="11111111111111111111...]
Compiling architecture lut5_v of entity unisim.LUT5 [\LUT5(init="01101001100101101001...]
Compiling architecture lut6_v of entity unisim.LUT6 [\LUT6(init="00000000000000001000...]
Compiling architecture lut5_v of entity unisim.LUT5 [\LUT5(init="00000110111111110000...]
Compiling architecture lut6_v of entity unisim.LUT6 [\LUT6(init="11111000111111111111...]
Compiling architecture lut5_v of entity unisim.LUT5 [\LUT5(init="11111111111111111111...]
Compiling architecture structure of entity xil_defaultlib.mbv_system_microblaze_riscv_0_0_microblaze_riscv_v1_0_7_Operand_Select_gti [mbv_system_microblaze_riscv_0_0_...]
Compiling architecture structure of entity xil_defaultlib.mbv_system_microblaze_riscv_0_0_MB_RAM32M_1961 [mbv_system_microblaze_riscv_0_0_...]
Compiling architecture structure of entity xil_defaultlib.mbv_system_microblaze_riscv_0_0_MB_RAM32M_1962 [mbv_system_microblaze_riscv_0_0_...]
Compiling architecture structure of entity xil_defaultlib.mbv_system_microblaze_riscv_0_0_MB_RAM32M_1963 [mbv_system_microblaze_riscv_0_0_...]
Compiling architecture structure of entity xil_defaultlib.mbv_system_microblaze_riscv_0_0_MB_RAM32M_1964 [mbv_system_microblaze_riscv_0_0_...]
Compiling architecture structure of entity xil_defaultlib.mbv_system_microblaze_riscv_0_0_MB_RAM32M_1965 [mbv_system_microblaze_riscv_0_0_...]
Compiling architecture structure of entity xil_defaultlib.mbv_system_microblaze_riscv_0_0_MB_RAM32M_1966 [mbv_system_microblaze_riscv_0_0_...]
Compiling architecture structure of entity xil_defaultlib.mbv_system_microblaze_riscv_0_0_MB_RAM32M_1967 [mbv_system_microblaze_riscv_0_0_...]
Compiling architecture structure of entity xil_defaultlib.mbv_system_microblaze_riscv_0_0_MB_RAM32M_1968 [mbv_system_microblaze_riscv_0_0_...]
Compiling architecture structure of entity xil_defaultlib.mbv_system_microblaze_riscv_0_0_MB_RAM32M_1969 [mbv_system_microblaze_riscv_0_0_...]
Compiling architecture structure of entity xil_defaultlib.mbv_system_microblaze_riscv_0_0_MB_RAM32M_1970 [mbv_system_microblaze_riscv_0_0_...]
Compiling architecture structure of entity xil_defaultlib.mbv_system_microblaze_riscv_0_0_MB_RAM32M_1971 [mbv_system_microblaze_riscv_0_0_...]
Compiling architecture structure of entity xil_defaultlib.mbv_system_microblaze_riscv_0_0_MB_RAM32M_1972 [mbv_system_microblaze_riscv_0_0_...]
Compiling architecture structure of entity xil_defaultlib.mbv_system_microblaze_riscv_0_0_MB_RAM32M_1973 [mbv_system_microblaze_riscv_0_0_...]
Compiling architecture structure of entity xil_defaultlib.mbv_system_microblaze_riscv_0_0_MB_RAM32M_1974 [mbv_system_microblaze_riscv_0_0_...]
Compiling architecture structure of entity xil_defaultlib.mbv_system_microblaze_riscv_0_0_MB_RAM32M_1975 [mbv_system_microblaze_riscv_0_0_...]
Compiling architecture structure of entity xil_defaultlib.mbv_system_microblaze_riscv_0_0_MB_RAM32M_1976 [mbv_system_microblaze_riscv_0_0_...]
Compiling architecture structure of entity xil_defaultlib.mbv_system_microblaze_riscv_0_0_microblaze_riscv_v1_0_7_Register_File_gti [mbv_system_microblaze_riscv_0_0_...]
Compiling architecture structure of entity xil_defaultlib.mbv_system_microblaze_riscv_0_0_MB_MUXCY_XORCY_1740 [mbv_system_microblaze_riscv_0_0_...]
Compiling architecture structure of entity xil_defaultlib.mbv_system_microblaze_riscv_0_0_MB_MUXCY_XORCY_1741 [mbv_system_microblaze_riscv_0_0_...]
Compiling architecture structure of entity xil_defaultlib.mbv_system_microblaze_riscv_0_0_MB_MUXCY_XORCY_1742 [mbv_system_microblaze_riscv_0_0_...]
Compiling architecture structure of entity xil_defaultlib.mbv_system_microblaze_riscv_0_0_MB_MUXCY_XORCY_1743 [mbv_system_microblaze_riscv_0_0_...]
Compiling architecture structure of entity xil_defaultlib.mbv_system_microblaze_riscv_0_0_MB_MUXCY_XORCY_1744 [mbv_system_microblaze_riscv_0_0_...]
Compiling architecture structure of entity xil_defaultlib.mbv_system_microblaze_riscv_0_0_MB_MUXCY_XORCY_1745 [mbv_system_microblaze_riscv_0_0_...]
Compiling architecture structure of entity xil_defaultlib.mbv_system_microblaze_riscv_0_0_MB_MUXCY_XORCY_1746 [mbv_system_microblaze_riscv_0_0_...]
Compiling architecture lut6_v of entity unisim.LUT6 [\LUT6(init="00010001000100010001...]
Compiling architecture structure of entity xil_defaultlib.mbv_system_microblaze_riscv_0_0_MB_MUXCY_XORCY_1747 [mbv_system_microblaze_riscv_0_0_...]
Compiling architecture structure of entity xil_defaultlib.mbv_system_microblaze_riscv_0_0_MB_MUXCY_XORCY_1748 [mbv_system_microblaze_riscv_0_0_...]
Compiling architecture structure of entity xil_defaultlib.mbv_system_microblaze_riscv_0_0_MB_MUXCY_XORCY_1749 [mbv_system_microblaze_riscv_0_0_...]
Compiling architecture structure of entity xil_defaultlib.mbv_system_microblaze_riscv_0_0_MB_MUXCY_XORCY_1750 [mbv_system_microblaze_riscv_0_0_...]
Compiling architecture structure of entity xil_defaultlib.mbv_system_microblaze_riscv_0_0_MB_MUXCY_XORCY_1751 [mbv_system_microblaze_riscv_0_0_...]
Compiling architecture structure of entity xil_defaultlib.mbv_system_microblaze_riscv_0_0_MB_MUXCY_XORCY_1752 [mbv_system_microblaze_riscv_0_0_...]
Compiling architecture structure of entity xil_defaultlib.mbv_system_microblaze_riscv_0_0_MB_MUXCY_XORCY_1753 [mbv_system_microblaze_riscv_0_0_...]
Compiling architecture structure of entity xil_defaultlib.mbv_system_microblaze_riscv_0_0_MB_MUXCY_XORCY_1754 [mbv_system_microblaze_riscv_0_0_...]
Compiling architecture structure of entity xil_defaultlib.mbv_system_microblaze_riscv_0_0_MB_MUXCY_XORCY_1755 [mbv_system_microblaze_riscv_0_0_...]
Compiling architecture structure of entity xil_defaultlib.mbv_system_microblaze_riscv_0_0_MB_MUXCY_XORCY_1756 [mbv_system_microblaze_riscv_0_0_...]
Compiling architecture structure of entity xil_defaultlib.mbv_system_microblaze_riscv_0_0_MB_MUXCY_XORCY_1757 [mbv_system_microblaze_riscv_0_0_...]
Compiling architecture structure of entity xil_defaultlib.mbv_system_microblaze_riscv_0_0_MB_MUXCY_XORCY_1758 [mbv_system_microblaze_riscv_0_0_...]
Compiling architecture structure of entity xil_defaultlib.mbv_system_microblaze_riscv_0_0_MB_MUXCY_XORCY_1759 [mbv_system_microblaze_riscv_0_0_...]
Compiling architecture structure of entity xil_defaultlib.mbv_system_microblaze_riscv_0_0_MB_MUXCY_XORCY_1760 [mbv_system_microblaze_riscv_0_0_...]
Compiling architecture structure of entity xil_defaultlib.mbv_system_microblaze_riscv_0_0_MB_MUXCY_XORCY_1761 [mbv_system_microblaze_riscv_0_0_...]
Compiling architecture structure of entity xil_defaultlib.mbv_system_microblaze_riscv_0_0_MB_MUXCY_XORCY_1762 [mbv_system_microblaze_riscv_0_0_...]
Compiling architecture structure of entity xil_defaultlib.mbv_system_microblaze_riscv_0_0_MB_MUXCY_XORCY_1763 [mbv_system_microblaze_riscv_0_0_...]
Compiling architecture structure of entity xil_defaultlib.mbv_system_microblaze_riscv_0_0_MB_MUXCY_XORCY_1764 [mbv_system_microblaze_riscv_0_0_...]
Compiling architecture structure of entity xil_defaultlib.mbv_system_microblaze_riscv_0_0_MB_MUXCY_XORCY_1765 [mbv_system_microblaze_riscv_0_0_...]
Compiling architecture structure of entity xil_defaultlib.mbv_system_microblaze_riscv_0_0_MB_MUXCY_XORCY_1766 [mbv_system_microblaze_riscv_0_0_...]
Compiling architecture structure of entity xil_defaultlib.mbv_system_microblaze_riscv_0_0_MB_MUXCY_XORCY_1767 [mbv_system_microblaze_riscv_0_0_...]
Compiling architecture lut5_v of entity unisim.LUT5 [\LUT5(init="01110000011100110111...]
Compiling architecture lut6_v of entity unisim.LUT6 [\LUT6(init="00000000111000010000...]
Compiling architecture structure of entity xil_defaultlib.mbv_system_microblaze_riscv_0_0_MB_MUXCY_XORCY_1768 [mbv_system_microblaze_riscv_0_0_...]
Compiling architecture structure of entity xil_defaultlib.mbv_system_microblaze_riscv_0_0_MB_MUXCY_XORCY_1769 [mbv_system_microblaze_riscv_0_0_...]
Compiling architecture lut6_v of entity unisim.LUT6 [\LUT6(init="00000000000000000000...]
Compiling architecture lut6_v of entity unisim.LUT6 [\LUT6(init="11111111010001110000...]
Compiling architecture lut6_v of entity unisim.LUT6 [\LUT6(init="11010000110111011101...]
Compiling architecture lut5_v of entity unisim.LUT5 [\LUT5(init="11111000111110111111...]
Compiling architecture lut6_v of entity unisim.LUT6 [\LUT6(init="10101010000010001010...]
Compiling architecture lut5_v of entity unisim.LUT5 [\LUT5(init="00100000111111110010...]
Compiling architecture lut6_v of entity unisim.LUT6 [\LUT6(init="10101010101010101010...]
Compiling architecture lut6_v of entity unisim.LUT6 [\LUT6(init="00000000000000000000...]
Compiling architecture lut6_v of entity unisim.LUT6 [\LUT6(init="10111111100000001011...]
Compiling architecture lut6_v of entity unisim.LUT6 [\LUT6(init="00000000000000000000...]
Compiling architecture structure of entity xil_defaultlib.mbv_system_microblaze_riscv_0_0_MB_MUXCY_XORCY_1770 [mbv_system_microblaze_riscv_0_0_...]
Compiling architecture structure of entity xil_defaultlib.mbv_system_microblaze_riscv_0_0_MB_MUXCY_XORCY_1771 [mbv_system_microblaze_riscv_0_0_...]
Compiling architecture lut6_v of entity unisim.LUT6 [\LUT6(init="10001000101010001010...]
Compiling architecture lut6_v of entity unisim.LUT6 [\LUT6(init="10101111101011101010...]
Compiling architecture structure of entity xil_defaultlib.mbv_system_microblaze_riscv_0_0_MB_MUXCY_XORCY_1772 [mbv_system_microblaze_riscv_0_0_...]
Compiling architecture lut4_v of entity unisim.LUT4 [\LUT4(init="0011110001011010")(0...]
Compiling architecture structure of entity xil_defaultlib.mbv_system_microblaze_riscv_0_0_MB_LUT4 [mbv_system_microblaze_riscv_0_0_...]
Compiling architecture structure of entity xil_defaultlib.mbv_system_microblaze_riscv_0_0_MB_MUXCY_XORCY_1773 [mbv_system_microblaze_riscv_0_0_...]
Compiling architecture structure of entity xil_defaultlib.mbv_system_microblaze_riscv_0_0_MB_LUT4_1774 [mbv_system_microblaze_riscv_0_0_...]
Compiling architecture structure of entity xil_defaultlib.mbv_system_microblaze_riscv_0_0_MB_MUXCY_XORCY_1775 [mbv_system_microblaze_riscv_0_0_...]
Compiling architecture structure of entity xil_defaultlib.mbv_system_microblaze_riscv_0_0_MB_LUT4_1776 [mbv_system_microblaze_riscv_0_0_...]
Compiling architecture structure of entity xil_defaultlib.mbv_system_microblaze_riscv_0_0_MB_MUXCY_XORCY_1777 [mbv_system_microblaze_riscv_0_0_...]
Compiling architecture structure of entity xil_defaultlib.mbv_system_microblaze_riscv_0_0_MB_LUT4_1778 [mbv_system_microblaze_riscv_0_0_...]
Compiling architecture structure of entity xil_defaultlib.mbv_system_microblaze_riscv_0_0_MB_MUXCY_XORCY_1779 [mbv_system_microblaze_riscv_0_0_...]
Compiling architecture structure of entity xil_defaultlib.mbv_system_microblaze_riscv_0_0_MB_LUT4_1780 [mbv_system_microblaze_riscv_0_0_...]
Compiling architecture structure of entity xil_defaultlib.mbv_system_microblaze_riscv_0_0_MB_MUXCY_XORCY_1781 [mbv_system_microblaze_riscv_0_0_...]
Compiling architecture structure of entity xil_defaultlib.mbv_system_microblaze_riscv_0_0_MB_LUT4_1782 [mbv_system_microblaze_riscv_0_0_...]
Compiling architecture structure of entity xil_defaultlib.mbv_system_microblaze_riscv_0_0_MB_MUXCY_XORCY_1783 [mbv_system_microblaze_riscv_0_0_...]
Compiling architecture structure of entity xil_defaultlib.mbv_system_microblaze_riscv_0_0_MB_LUT4_1784 [mbv_system_microblaze_riscv_0_0_...]
Compiling architecture structure of entity xil_defaultlib.mbv_system_microblaze_riscv_0_0_MB_MUXCY_XORCY_1785 [mbv_system_microblaze_riscv_0_0_...]
Compiling architecture structure of entity xil_defaultlib.mbv_system_microblaze_riscv_0_0_MB_LUT4_1786 [mbv_system_microblaze_riscv_0_0_...]
Compiling architecture lut6_v of entity unisim.LUT6 [\LUT6(init="10001111100000001111...]
Compiling architecture structure of entity xil_defaultlib.mbv_system_microblaze_riscv_0_0_MB_MUXCY_XORCY_1787 [mbv_system_microblaze_riscv_0_0_...]
Compiling architecture structure of entity xil_defaultlib.mbv_system_microblaze_riscv_0_0_MB_LUT4_1788 [mbv_system_microblaze_riscv_0_0_...]
Compiling architecture structure of entity xil_defaultlib.mbv_system_microblaze_riscv_0_0_MB_MUXCY_XORCY_1789 [mbv_system_microblaze_riscv_0_0_...]
Compiling architecture structure of entity xil_defaultlib.mbv_system_microblaze_riscv_0_0_MB_LUT4_1790 [mbv_system_microblaze_riscv_0_0_...]
Compiling architecture structure of entity xil_defaultlib.mbv_system_microblaze_riscv_0_0_MB_MUXCY_XORCY_1791 [mbv_system_microblaze_riscv_0_0_...]
Compiling architecture structure of entity xil_defaultlib.mbv_system_microblaze_riscv_0_0_MB_LUT4_1792 [mbv_system_microblaze_riscv_0_0_...]
Compiling architecture structure of entity xil_defaultlib.mbv_system_microblaze_riscv_0_0_MB_MUXCY_XORCY_1793 [mbv_system_microblaze_riscv_0_0_...]
Compiling architecture structure of entity xil_defaultlib.mbv_system_microblaze_riscv_0_0_MB_LUT4_1794 [mbv_system_microblaze_riscv_0_0_...]
Compiling architecture structure of entity xil_defaultlib.mbv_system_microblaze_riscv_0_0_MB_MUXCY_XORCY_1795 [mbv_system_microblaze_riscv_0_0_...]
Compiling architecture structure of entity xil_defaultlib.mbv_system_microblaze_riscv_0_0_MB_LUT4_1796 [mbv_system_microblaze_riscv_0_0_...]
Compiling architecture lut6_v of entity unisim.LUT6 [\LUT6(init="01110000011111111111...]
Compiling architecture structure of entity xil_defaultlib.mbv_system_microblaze_riscv_0_0_MB_MUXCY_XORCY_1797 [mbv_system_microblaze_riscv_0_0_...]
Compiling architecture structure of entity xil_defaultlib.mbv_system_microblaze_riscv_0_0_MB_LUT4_1798 [mbv_system_microblaze_riscv_0_0_...]
Compiling architecture structure of entity xil_defaultlib.mbv_system_microblaze_riscv_0_0_MB_MUXCY_XORCY_1799 [mbv_system_microblaze_riscv_0_0_...]
Compiling architecture structure of entity xil_defaultlib.mbv_system_microblaze_riscv_0_0_MB_LUT4_1800 [mbv_system_microblaze_riscv_0_0_...]
Compiling architecture structure of entity xil_defaultlib.mbv_system_microblaze_riscv_0_0_MB_MUXCY_XORCY_1801 [mbv_system_microblaze_riscv_0_0_...]
Compiling architecture structure of entity xil_defaultlib.mbv_system_microblaze_riscv_0_0_MB_LUT4_1802 [mbv_system_microblaze_riscv_0_0_...]
Compiling architecture structure of entity xil_defaultlib.mbv_system_microblaze_riscv_0_0_MB_MUXCY_XORCY_1803 [mbv_system_microblaze_riscv_0_0_...]
Compiling architecture structure of entity xil_defaultlib.mbv_system_microblaze_riscv_0_0_MB_LUT4_1804 [mbv_system_microblaze_riscv_0_0_...]
Compiling architecture structure of entity xil_defaultlib.mbv_system_microblaze_riscv_0_0_MB_MUXCY_XORCY_1805 [mbv_system_microblaze_riscv_0_0_...]
Compiling architecture structure of entity xil_defaultlib.mbv_system_microblaze_riscv_0_0_MB_LUT4_1806 [mbv_system_microblaze_riscv_0_0_...]
Compiling architecture structure of entity xil_defaultlib.mbv_system_microblaze_riscv_0_0_MB_MUXCY_XORCY_1807 [mbv_system_microblaze_riscv_0_0_...]
Compiling architecture structure of entity xil_defaultlib.mbv_system_microblaze_riscv_0_0_MB_LUT4_1808 [mbv_system_microblaze_riscv_0_0_...]
Compiling architecture structure of entity xil_defaultlib.mbv_system_microblaze_riscv_0_0_MB_MUXCY_XORCY_1809 [mbv_system_microblaze_riscv_0_0_...]
Compiling architecture structure of entity xil_defaultlib.mbv_system_microblaze_riscv_0_0_MB_LUT4_1810 [mbv_system_microblaze_riscv_0_0_...]
Compiling architecture structure of entity xil_defaultlib.mbv_system_microblaze_riscv_0_0_MB_MUXCY_XORCY_1811 [mbv_system_microblaze_riscv_0_0_...]
Compiling architecture structure of entity xil_defaultlib.mbv_system_microblaze_riscv_0_0_MB_LUT4_1812 [mbv_system_microblaze_riscv_0_0_...]
Compiling architecture structure of entity xil_defaultlib.mbv_system_microblaze_riscv_0_0_MB_MUXCY_XORCY_1813 [mbv_system_microblaze_riscv_0_0_...]
Compiling architecture structure of entity xil_defaultlib.mbv_system_microblaze_riscv_0_0_MB_LUT4_1814 [mbv_system_microblaze_riscv_0_0_...]
Compiling architecture structure of entity xil_defaultlib.mbv_system_microblaze_riscv_0_0_MB_MUXCY_XORCY_1815 [mbv_system_microblaze_riscv_0_0_...]
Compiling architecture structure of entity xil_defaultlib.mbv_system_microblaze_riscv_0_0_MB_LUT4_1816 [mbv_system_microblaze_riscv_0_0_...]
Compiling architecture structure of entity xil_defaultlib.mbv_system_microblaze_riscv_0_0_MB_MUXCY_XORCY_1817 [mbv_system_microblaze_riscv_0_0_...]
Compiling architecture structure of entity xil_defaultlib.mbv_system_microblaze_riscv_0_0_MB_LUT4_1818 [mbv_system_microblaze_riscv_0_0_...]
Compiling architecture lut5_v of entity unisim.LUT5 [\LUT5(init="10001000111110001000...]
Compiling architecture structure of entity xil_defaultlib.mbv_system_microblaze_riscv_0_0_MB_MUXCY_XORCY_1819 [mbv_system_microblaze_riscv_0_0_...]
Compiling architecture structure of entity xil_defaultlib.mbv_system_microblaze_riscv_0_0_MB_LUT4_1820 [mbv_system_microblaze_riscv_0_0_...]
Compiling architecture structure of entity xil_defaultlib.mbv_system_microblaze_riscv_0_0_MB_MUXCY_XORCY_1821 [mbv_system_microblaze_riscv_0_0_...]
Compiling architecture structure of entity xil_defaultlib.mbv_system_microblaze_riscv_0_0_MB_LUT4_1822 [mbv_system_microblaze_riscv_0_0_...]
Compiling architecture structure of entity xil_defaultlib.mbv_system_microblaze_riscv_0_0_MB_MUXCY_XORCY_1823 [mbv_system_microblaze_riscv_0_0_...]
Compiling architecture structure of entity xil_defaultlib.mbv_system_microblaze_riscv_0_0_MB_LUT4_1824 [mbv_system_microblaze_riscv_0_0_...]
Compiling architecture structure of entity xil_defaultlib.mbv_system_microblaze_riscv_0_0_MB_MUXCY_XORCY_1825 [mbv_system_microblaze_riscv_0_0_...]
Compiling architecture structure of entity xil_defaultlib.mbv_system_microblaze_riscv_0_0_MB_LUT4_1826 [mbv_system_microblaze_riscv_0_0_...]
Compiling architecture structure of entity xil_defaultlib.mbv_system_microblaze_riscv_0_0_MB_MUXCY_XORCY_1827 [mbv_system_microblaze_riscv_0_0_...]
Compiling architecture structure of entity xil_defaultlib.mbv_system_microblaze_riscv_0_0_MB_LUT4_1828 [mbv_system_microblaze_riscv_0_0_...]
Compiling architecture structure of entity xil_defaultlib.mbv_system_microblaze_riscv_0_0_MB_MUXCY_XORCY_1829 [mbv_system_microblaze_riscv_0_0_...]
Compiling architecture structure of entity xil_defaultlib.mbv_system_microblaze_riscv_0_0_MB_LUT4_1830 [mbv_system_microblaze_riscv_0_0_...]
Compiling architecture structure of entity xil_defaultlib.mbv_system_microblaze_riscv_0_0_MB_MUXCY_XORCY_1831 [mbv_system_microblaze_riscv_0_0_...]
Compiling architecture structure of entity xil_defaultlib.mbv_system_microblaze_riscv_0_0_MB_LUT4_1832 [mbv_system_microblaze_riscv_0_0_...]
Compiling architecture structure of entity xil_defaultlib.mbv_system_microblaze_riscv_0_0_MB_MUXCY_XORCY_1833 [mbv_system_microblaze_riscv_0_0_...]
Compiling architecture structure of entity xil_defaultlib.mbv_system_microblaze_riscv_0_0_MB_LUT4_1834 [mbv_system_microblaze_riscv_0_0_...]
Compiling architecture lut2_v of entity unisim.LUT2 [\LUT2(init="0100")(0,3)\]
Compiling architecture lut6_v of entity unisim.LUT6 [\LUT6(init="00000000000000000000...]
Compiling architecture lut6_v of entity unisim.LUT6 [\LUT6(init="11111111111111111111...]
Compiling architecture lut5_v of entity unisim.LUT5 [\LUT5(init="10101000100010000000...]
Compiling architecture structure of entity xil_defaultlib.mbv_system_microblaze_riscv_0_0_MB_MUXCY_XORCY_1835 [mbv_system_microblaze_riscv_0_0_...]
Compiling architecture structure of entity xil_defaultlib.mbv_system_microblaze_riscv_0_0_MB_LUT2 [mbv_system_microblaze_riscv_0_0_...]
Compiling architecture lut6_2_v of entity unisim.LUT6_2 [\LUT6_2(init="000000000000000000...]
Compiling architecture structure of entity xil_defaultlib.\mbv_system_microblaze_riscv_0_0_MB_LUT6_2__parameterized9\ [\mbv_system_microblaze_riscv_0_0...]
Compiling architecture lut6_v of entity unisim.LUT6 [\LUT6(init="00001111000011111110...]
Compiling architecture structure of entity xil_defaultlib.mbv_system_microblaze_riscv_0_0_MB_MUXCY_XORCY_1836 [mbv_system_microblaze_riscv_0_0_...]
Compiling architecture structure of entity xil_defaultlib.mbv_system_microblaze_riscv_0_0_MB_MUXCY_XORCY_1837 [mbv_system_microblaze_riscv_0_0_...]
Compiling architecture structure of entity xil_defaultlib.mbv_system_microblaze_riscv_0_0_MB_LUT2_1838 [mbv_system_microblaze_riscv_0_0_...]
Compiling architecture structure of entity xil_defaultlib.\mbv_system_microblaze_riscv_0_0_MB_LUT6_2__parameterized9_1839\ [\mbv_system_microblaze_riscv_0_0...]
Compiling architecture structure of entity xil_defaultlib.mbv_system_microblaze_riscv_0_0_MB_MUXCY_XORCY_1840 [mbv_system_microblaze_riscv_0_0_...]
Compiling architecture structure of entity xil_defaultlib.mbv_system_microblaze_riscv_0_0_MB_MUXCY_XORCY_1841 [mbv_system_microblaze_riscv_0_0_...]
Compiling architecture structure of entity xil_defaultlib.mbv_system_microblaze_riscv_0_0_MB_LUT2_1842 [mbv_system_microblaze_riscv_0_0_...]
Compiling architecture structure of entity xil_defaultlib.\mbv_system_microblaze_riscv_0_0_MB_LUT6_2__parameterized9_1843\ [\mbv_system_microblaze_riscv_0_0...]
Compiling architecture structure of entity xil_defaultlib.mbv_system_microblaze_riscv_0_0_MB_MUXCY_XORCY_1844 [mbv_system_microblaze_riscv_0_0_...]
Compiling architecture structure of entity xil_defaultlib.mbv_system_microblaze_riscv_0_0_MB_MUXCY_XORCY_1845 [mbv_system_microblaze_riscv_0_0_...]
Compiling architecture structure of entity xil_defaultlib.mbv_system_microblaze_riscv_0_0_MB_LUT2_1846 [mbv_system_microblaze_riscv_0_0_...]
Compiling architecture structure of entity xil_defaultlib.\mbv_system_microblaze_riscv_0_0_MB_LUT6_2__parameterized9_1847\ [\mbv_system_microblaze_riscv_0_0...]
Compiling architecture structure of entity xil_defaultlib.mbv_system_microblaze_riscv_0_0_MB_MUXCY_XORCY_1848 [mbv_system_microblaze_riscv_0_0_...]
Compiling architecture structure of entity xil_defaultlib.mbv_system_microblaze_riscv_0_0_MB_MUXCY_XORCY_1849 [mbv_system_microblaze_riscv_0_0_...]
Compiling architecture structure of entity xil_defaultlib.mbv_system_microblaze_riscv_0_0_MB_LUT2_1850 [mbv_system_microblaze_riscv_0_0_...]
Compiling architecture structure of entity xil_defaultlib.\mbv_system_microblaze_riscv_0_0_MB_LUT6_2__parameterized9_1851\ [\mbv_system_microblaze_riscv_0_0...]
Compiling architecture structure of entity xil_defaultlib.mbv_system_microblaze_riscv_0_0_MB_MUXCY_XORCY_1852 [mbv_system_microblaze_riscv_0_0_...]
Compiling architecture structure of entity xil_defaultlib.mbv_system_microblaze_riscv_0_0_MB_MUXCY_XORCY_1853 [mbv_system_microblaze_riscv_0_0_...]
Compiling architecture structure of entity xil_defaultlib.mbv_system_microblaze_riscv_0_0_MB_LUT2_1854 [mbv_system_microblaze_riscv_0_0_...]
Compiling architecture structure of entity xil_defaultlib.\mbv_system_microblaze_riscv_0_0_MB_LUT6_2__parameterized9_1855\ [\mbv_system_microblaze_riscv_0_0...]
Compiling architecture structure of entity xil_defaultlib.mbv_system_microblaze_riscv_0_0_MB_MUXCY_XORCY_1856 [mbv_system_microblaze_riscv_0_0_...]
Compiling architecture structure of entity xil_defaultlib.mbv_system_microblaze_riscv_0_0_MB_MUXCY_XORCY_1857 [mbv_system_microblaze_riscv_0_0_...]
Compiling architecture structure of entity xil_defaultlib.mbv_system_microblaze_riscv_0_0_MB_LUT2_1858 [mbv_system_microblaze_riscv_0_0_...]
Compiling architecture structure of entity xil_defaultlib.\mbv_system_microblaze_riscv_0_0_MB_LUT6_2__parameterized9_1859\ [\mbv_system_microblaze_riscv_0_0...]
Compiling architecture structure of entity xil_defaultlib.mbv_system_microblaze_riscv_0_0_MB_MUXCY_XORCY_1860 [mbv_system_microblaze_riscv_0_0_...]
Compiling architecture structure of entity xil_defaultlib.mbv_system_microblaze_riscv_0_0_MB_MUXCY_XORCY_1861 [mbv_system_microblaze_riscv_0_0_...]
Compiling architecture structure of entity xil_defaultlib.mbv_system_microblaze_riscv_0_0_MB_LUT2_1862 [mbv_system_microblaze_riscv_0_0_...]
Compiling architecture structure of entity xil_defaultlib.\mbv_system_microblaze_riscv_0_0_MB_LUT6_2__parameterized9_1863\ [\mbv_system_microblaze_riscv_0_0...]
Compiling architecture structure of entity xil_defaultlib.mbv_system_microblaze_riscv_0_0_MB_MUXCY_XORCY_1864 [mbv_system_microblaze_riscv_0_0_...]
Compiling architecture structure of entity xil_defaultlib.mbv_system_microblaze_riscv_0_0_MB_MUXCY_XORCY_1865 [mbv_system_microblaze_riscv_0_0_...]
Compiling architecture structure of entity xil_defaultlib.mbv_system_microblaze_riscv_0_0_MB_LUT2_1866 [mbv_system_microblaze_riscv_0_0_...]
Compiling architecture structure of entity xil_defaultlib.\mbv_system_microblaze_riscv_0_0_MB_LUT6_2__parameterized9_1867\ [\mbv_system_microblaze_riscv_0_0...]
Compiling architecture structure of entity xil_defaultlib.mbv_system_microblaze_riscv_0_0_MB_MUXCY_XORCY_1868 [mbv_system_microblaze_riscv_0_0_...]
Compiling architecture structure of entity xil_defaultlib.mbv_system_microblaze_riscv_0_0_MB_MUXCY_XORCY_1869 [mbv_system_microblaze_riscv_0_0_...]
Compiling architecture structure of entity xil_defaultlib.mbv_system_microblaze_riscv_0_0_MB_LUT2_1870 [mbv_system_microblaze_riscv_0_0_...]
Compiling architecture structure of entity xil_defaultlib.\mbv_system_microblaze_riscv_0_0_MB_LUT6_2__parameterized9_1871\ [\mbv_system_microblaze_riscv_0_0...]
Compiling architecture structure of entity xil_defaultlib.mbv_system_microblaze_riscv_0_0_MB_MUXCY_XORCY_1872 [mbv_system_microblaze_riscv_0_0_...]
Compiling architecture structure of entity xil_defaultlib.mbv_system_microblaze_riscv_0_0_MB_MUXCY_XORCY_1873 [mbv_system_microblaze_riscv_0_0_...]
Compiling architecture structure of entity xil_defaultlib.mbv_system_microblaze_riscv_0_0_MB_LUT2_1874 [mbv_system_microblaze_riscv_0_0_...]
Compiling architecture structure of entity xil_defaultlib.\mbv_system_microblaze_riscv_0_0_MB_LUT6_2__parameterized9_1875\ [\mbv_system_microblaze_riscv_0_0...]
Compiling architecture structure of entity xil_defaultlib.mbv_system_microblaze_riscv_0_0_MB_MUXCY_XORCY_1876 [mbv_system_microblaze_riscv_0_0_...]
Compiling architecture structure of entity xil_defaultlib.mbv_system_microblaze_riscv_0_0_MB_MUXCY_XORCY_1877 [mbv_system_microblaze_riscv_0_0_...]
Compiling architecture structure of entity xil_defaultlib.mbv_system_microblaze_riscv_0_0_MB_LUT2_1878 [mbv_system_microblaze_riscv_0_0_...]
Compiling architecture structure of entity xil_defaultlib.\mbv_system_microblaze_riscv_0_0_MB_LUT6_2__parameterized9_1879\ [\mbv_system_microblaze_riscv_0_0...]
Compiling architecture structure of entity xil_defaultlib.mbv_system_microblaze_riscv_0_0_MB_MUXCY_XORCY_1880 [mbv_system_microblaze_riscv_0_0_...]
Compiling architecture structure of entity xil_defaultlib.mbv_system_microblaze_riscv_0_0_MB_MUXCY_XORCY_1881 [mbv_system_microblaze_riscv_0_0_...]
Compiling architecture structure of entity xil_defaultlib.mbv_system_microblaze_riscv_0_0_MB_LUT2_1882 [mbv_system_microblaze_riscv_0_0_...]
Compiling architecture structure of entity xil_defaultlib.\mbv_system_microblaze_riscv_0_0_MB_LUT6_2__parameterized9_1883\ [\mbv_system_microblaze_riscv_0_0...]
Compiling architecture structure of entity xil_defaultlib.mbv_system_microblaze_riscv_0_0_MB_MUXCY_XORCY_1884 [mbv_system_microblaze_riscv_0_0_...]
Compiling architecture structure of entity xil_defaultlib.mbv_system_microblaze_riscv_0_0_MB_MUXCY_XORCY_1885 [mbv_system_microblaze_riscv_0_0_...]
Compiling architecture structure of entity xil_defaultlib.mbv_system_microblaze_riscv_0_0_MB_LUT2_1886 [mbv_system_microblaze_riscv_0_0_...]
Compiling architecture structure of entity xil_defaultlib.\mbv_system_microblaze_riscv_0_0_MB_LUT6_2__parameterized9_1887\ [\mbv_system_microblaze_riscv_0_0...]
Compiling architecture structure of entity xil_defaultlib.mbv_system_microblaze_riscv_0_0_MB_MUXCY_XORCY_1888 [mbv_system_microblaze_riscv_0_0_...]
Compiling architecture structure of entity xil_defaultlib.mbv_system_microblaze_riscv_0_0_MB_MUXCY_XORCY_1889 [mbv_system_microblaze_riscv_0_0_...]
Compiling architecture structure of entity xil_defaultlib.mbv_system_microblaze_riscv_0_0_MB_LUT2_1890 [mbv_system_microblaze_riscv_0_0_...]
Compiling architecture structure of entity xil_defaultlib.\mbv_system_microblaze_riscv_0_0_MB_LUT6_2__parameterized9_1891\ [\mbv_system_microblaze_riscv_0_0...]
Compiling architecture structure of entity xil_defaultlib.mbv_system_microblaze_riscv_0_0_MB_MUXCY_XORCY_1892 [mbv_system_microblaze_riscv_0_0_...]
Compiling architecture structure of entity xil_defaultlib.mbv_system_microblaze_riscv_0_0_MB_MUXCY_XORCY_1893 [mbv_system_microblaze_riscv_0_0_...]
Compiling architecture structure of entity xil_defaultlib.mbv_system_microblaze_riscv_0_0_MB_LUT2_1894 [mbv_system_microblaze_riscv_0_0_...]
Compiling architecture structure of entity xil_defaultlib.\mbv_system_microblaze_riscv_0_0_MB_LUT6_2__parameterized9_1895\ [\mbv_system_microblaze_riscv_0_0...]
Compiling architecture structure of entity xil_defaultlib.mbv_system_microblaze_riscv_0_0_MB_MUXCY_XORCY_1896 [mbv_system_microblaze_riscv_0_0_...]
Compiling architecture structure of entity xil_defaultlib.mbv_system_microblaze_riscv_0_0_MB_MUXCY_XORCY_1897 [mbv_system_microblaze_riscv_0_0_...]
Compiling architecture structure of entity xil_defaultlib.mbv_system_microblaze_riscv_0_0_MB_LUT2_1898 [mbv_system_microblaze_riscv_0_0_...]
Compiling architecture structure of entity xil_defaultlib.\mbv_system_microblaze_riscv_0_0_MB_LUT6_2__parameterized9_1899\ [\mbv_system_microblaze_riscv_0_0...]
Compiling architecture structure of entity xil_defaultlib.mbv_system_microblaze_riscv_0_0_MB_MUXCY_XORCY_1900 [mbv_system_microblaze_riscv_0_0_...]
Compiling architecture structure of entity xil_defaultlib.mbv_system_microblaze_riscv_0_0_MB_MUXCY_XORCY_1901 [mbv_system_microblaze_riscv_0_0_...]
Compiling architecture structure of entity xil_defaultlib.mbv_system_microblaze_riscv_0_0_MB_LUT2_1902 [mbv_system_microblaze_riscv_0_0_...]
Compiling architecture structure of entity xil_defaultlib.\mbv_system_microblaze_riscv_0_0_MB_LUT6_2__parameterized9_1903\ [\mbv_system_microblaze_riscv_0_0...]
Compiling architecture structure of entity xil_defaultlib.mbv_system_microblaze_riscv_0_0_MB_MUXCY_XORCY_1904 [mbv_system_microblaze_riscv_0_0_...]
Compiling architecture structure of entity xil_defaultlib.mbv_system_microblaze_riscv_0_0_MB_MUXCY_XORCY_1905 [mbv_system_microblaze_riscv_0_0_...]
Compiling architecture structure of entity xil_defaultlib.mbv_system_microblaze_riscv_0_0_MB_LUT2_1906 [mbv_system_microblaze_riscv_0_0_...]
Compiling architecture structure of entity xil_defaultlib.\mbv_system_microblaze_riscv_0_0_MB_LUT6_2__parameterized9_1907\ [\mbv_system_microblaze_riscv_0_0...]
Compiling architecture structure of entity xil_defaultlib.mbv_system_microblaze_riscv_0_0_MB_MUXCY_XORCY_1908 [mbv_system_microblaze_riscv_0_0_...]
Compiling architecture structure of entity xil_defaultlib.mbv_system_microblaze_riscv_0_0_MB_MUXCY_XORCY_1909 [mbv_system_microblaze_riscv_0_0_...]
Compiling architecture structure of entity xil_defaultlib.mbv_system_microblaze_riscv_0_0_MB_LUT2_1910 [mbv_system_microblaze_riscv_0_0_...]
Compiling architecture structure of entity xil_defaultlib.\mbv_system_microblaze_riscv_0_0_MB_LUT6_2__parameterized9_1911\ [\mbv_system_microblaze_riscv_0_0...]
Compiling architecture structure of entity xil_defaultlib.mbv_system_microblaze_riscv_0_0_MB_MUXCY_XORCY_1912 [mbv_system_microblaze_riscv_0_0_...]
Compiling architecture structure of entity xil_defaultlib.mbv_system_microblaze_riscv_0_0_MB_MUXCY_XORCY_1913 [mbv_system_microblaze_riscv_0_0_...]
Compiling architecture structure of entity xil_defaultlib.mbv_system_microblaze_riscv_0_0_MB_LUT2_1914 [mbv_system_microblaze_riscv_0_0_...]
Compiling architecture structure of entity xil_defaultlib.\mbv_system_microblaze_riscv_0_0_MB_LUT6_2__parameterized9_1915\ [\mbv_system_microblaze_riscv_0_0...]
Compiling architecture structure of entity xil_defaultlib.mbv_system_microblaze_riscv_0_0_MB_MUXCY_XORCY_1916 [mbv_system_microblaze_riscv_0_0_...]
Compiling architecture structure of entity xil_defaultlib.mbv_system_microblaze_riscv_0_0_MB_MUXCY_XORCY_1917 [mbv_system_microblaze_riscv_0_0_...]
Compiling architecture structure of entity xil_defaultlib.mbv_system_microblaze_riscv_0_0_MB_LUT2_1918 [mbv_system_microblaze_riscv_0_0_...]
Compiling architecture structure of entity xil_defaultlib.\mbv_system_microblaze_riscv_0_0_MB_LUT6_2__parameterized9_1919\ [\mbv_system_microblaze_riscv_0_0...]
Compiling architecture structure of entity xil_defaultlib.mbv_system_microblaze_riscv_0_0_MB_MUXCY_XORCY_1920 [mbv_system_microblaze_riscv_0_0_...]
Compiling architecture structure of entity xil_defaultlib.mbv_system_microblaze_riscv_0_0_MB_MUXCY_XORCY_1921 [mbv_system_microblaze_riscv_0_0_...]
Compiling architecture structure of entity xil_defaultlib.mbv_system_microblaze_riscv_0_0_MB_LUT2_1922 [mbv_system_microblaze_riscv_0_0_...]
Compiling architecture structure of entity xil_defaultlib.\mbv_system_microblaze_riscv_0_0_MB_LUT6_2__parameterized9_1923\ [\mbv_system_microblaze_riscv_0_0...]
Compiling architecture structure of entity xil_defaultlib.mbv_system_microblaze_riscv_0_0_MB_MUXCY_XORCY_1924 [mbv_system_microblaze_riscv_0_0_...]
Compiling architecture structure of entity xil_defaultlib.mbv_system_microblaze_riscv_0_0_MB_MUXCY_XORCY_1925 [mbv_system_microblaze_riscv_0_0_...]
Compiling architecture structure of entity xil_defaultlib.mbv_system_microblaze_riscv_0_0_MB_LUT2_1926 [mbv_system_microblaze_riscv_0_0_...]
Compiling architecture structure of entity xil_defaultlib.\mbv_system_microblaze_riscv_0_0_MB_LUT6_2__parameterized9_1927\ [\mbv_system_microblaze_riscv_0_0...]
Compiling architecture structure of entity xil_defaultlib.mbv_system_microblaze_riscv_0_0_MB_MUXCY_XORCY_1928 [mbv_system_microblaze_riscv_0_0_...]
Compiling architecture structure of entity xil_defaultlib.mbv_system_microblaze_riscv_0_0_MB_MUXCY_XORCY_1929 [mbv_system_microblaze_riscv_0_0_...]
Compiling architecture structure of entity xil_defaultlib.mbv_system_microblaze_riscv_0_0_MB_LUT2_1930 [mbv_system_microblaze_riscv_0_0_...]
Compiling architecture structure of entity xil_defaultlib.\mbv_system_microblaze_riscv_0_0_MB_LUT6_2__parameterized9_1931\ [\mbv_system_microblaze_riscv_0_0...]
Compiling architecture structure of entity xil_defaultlib.mbv_system_microblaze_riscv_0_0_MB_MUXCY_XORCY_1932 [mbv_system_microblaze_riscv_0_0_...]
Compiling architecture structure of entity xil_defaultlib.mbv_system_microblaze_riscv_0_0_MB_MUXCY_XORCY_1933 [mbv_system_microblaze_riscv_0_0_...]
Compiling architecture structure of entity xil_defaultlib.mbv_system_microblaze_riscv_0_0_MB_LUT2_1934 [mbv_system_microblaze_riscv_0_0_...]
Compiling architecture structure of entity xil_defaultlib.\mbv_system_microblaze_riscv_0_0_MB_LUT6_2__parameterized9_1935\ [\mbv_system_microblaze_riscv_0_0...]
Compiling architecture structure of entity xil_defaultlib.mbv_system_microblaze_riscv_0_0_MB_MUXCY_XORCY_1936 [mbv_system_microblaze_riscv_0_0_...]
Compiling architecture structure of entity xil_defaultlib.mbv_system_microblaze_riscv_0_0_MB_MUXCY_XORCY_1937 [mbv_system_microblaze_riscv_0_0_...]
Compiling architecture structure of entity xil_defaultlib.mbv_system_microblaze_riscv_0_0_MB_LUT2_1938 [mbv_system_microblaze_riscv_0_0_...]
Compiling architecture structure of entity xil_defaultlib.\mbv_system_microblaze_riscv_0_0_MB_LUT6_2__parameterized9_1939\ [\mbv_system_microblaze_riscv_0_0...]
Compiling architecture structure of entity xil_defaultlib.mbv_system_microblaze_riscv_0_0_MB_MUXCY_XORCY_1940 [mbv_system_microblaze_riscv_0_0_...]
Compiling architecture structure of entity xil_defaultlib.mbv_system_microblaze_riscv_0_0_MB_MUXCY_XORCY_1941 [mbv_system_microblaze_riscv_0_0_...]
Compiling architecture structure of entity xil_defaultlib.mbv_system_microblaze_riscv_0_0_MB_LUT2_1942 [mbv_system_microblaze_riscv_0_0_...]
Compiling architecture structure of entity xil_defaultlib.\mbv_system_microblaze_riscv_0_0_MB_LUT6_2__parameterized9_1943\ [\mbv_system_microblaze_riscv_0_0...]
Compiling architecture structure of entity xil_defaultlib.mbv_system_microblaze_riscv_0_0_MB_MUXCY_XORCY_1944 [mbv_system_microblaze_riscv_0_0_...]
Compiling architecture structure of entity xil_defaultlib.mbv_system_microblaze_riscv_0_0_MB_MUXCY_XORCY_1945 [mbv_system_microblaze_riscv_0_0_...]
Compiling architecture structure of entity xil_defaultlib.mbv_system_microblaze_riscv_0_0_MB_LUT2_1946 [mbv_system_microblaze_riscv_0_0_...]
Compiling architecture structure of entity xil_defaultlib.\mbv_system_microblaze_riscv_0_0_MB_LUT6_2__parameterized9_1947\ [\mbv_system_microblaze_riscv_0_0...]
Compiling architecture structure of entity xil_defaultlib.mbv_system_microblaze_riscv_0_0_MB_MUXCY_XORCY_1948 [mbv_system_microblaze_riscv_0_0_...]
Compiling architecture structure of entity xil_defaultlib.mbv_system_microblaze_riscv_0_0_MB_MUXCY_XORCY_1949 [mbv_system_microblaze_riscv_0_0_...]
Compiling architecture structure of entity xil_defaultlib.mbv_system_microblaze_riscv_0_0_MB_LUT2_1950 [mbv_system_microblaze_riscv_0_0_...]
Compiling architecture structure of entity xil_defaultlib.\mbv_system_microblaze_riscv_0_0_MB_LUT6_2__parameterized9_1951\ [\mbv_system_microblaze_riscv_0_0...]
Compiling architecture structure of entity xil_defaultlib.mbv_system_microblaze_riscv_0_0_MB_MUXCY_XORCY_1952 [mbv_system_microblaze_riscv_0_0_...]
Compiling architecture structure of entity xil_defaultlib.mbv_system_microblaze_riscv_0_0_MB_MUXCY_XORCY_1953 [mbv_system_microblaze_riscv_0_0_...]
Compiling architecture structure of entity xil_defaultlib.mbv_system_microblaze_riscv_0_0_MB_LUT2_1954 [mbv_system_microblaze_riscv_0_0_...]
Compiling architecture structure of entity xil_defaultlib.\mbv_system_microblaze_riscv_0_0_MB_LUT6_2__parameterized9_1955\ [\mbv_system_microblaze_riscv_0_0...]
Compiling architecture structure of entity xil_defaultlib.mbv_system_microblaze_riscv_0_0_MB_MUXCY_XORCY_1956 [mbv_system_microblaze_riscv_0_0_...]
Compiling architecture structure of entity xil_defaultlib.mbv_system_microblaze_riscv_0_0_MB_MUXCY_XORCY_1957 [mbv_system_microblaze_riscv_0_0_...]
Compiling architecture structure of entity xil_defaultlib.mbv_system_microblaze_riscv_0_0_MB_LUT2_1958 [mbv_system_microblaze_riscv_0_0_...]
Compiling architecture structure of entity xil_defaultlib.\mbv_system_microblaze_riscv_0_0_MB_LUT6_2__parameterized9_1959\ [\mbv_system_microblaze_riscv_0_0...]
Compiling architecture structure of entity xil_defaultlib.mbv_system_microblaze_riscv_0_0_MB_MUXCY_XORCY_1960 [mbv_system_microblaze_riscv_0_0_...]
Compiling architecture lut6_v of entity unisim.LUT6 [\LUT6(init="00000000000000000000...]
Compiling architecture lut6_v of entity unisim.LUT6 [\LUT6(init="00000000000000000000...]
Compiling architecture lut4_v of entity unisim.LUT4 [\LUT4(init="0101010101111111")(0...]
Compiling architecture lut6_v of entity unisim.LUT6 [\LUT6(init="00000000000000000000...]
Compiling architecture lut5_v of entity unisim.LUT5 [\LUT5(init="11111111111111111111...]
Compiling architecture structure of entity xil_defaultlib.mbv_system_microblaze_riscv_0_0_microblaze_riscv_v1_0_7_Div_unit_gti [mbv_system_microblaze_riscv_0_0_...]
Compiling architecture lut6_v of entity unisim.LUT6 [\LUT6(init="10111011101110111011...]
Compiling architecture lut5_v of entity unisim.LUT5 [\LUT5(init="10111011101110111011...]
Compiling architecture lut4_v of entity unisim.LUT4 [\LUT4(init="1011101110111000")(0...]
Compiling architecture lut6_v of entity unisim.LUT6 [\LUT6(init="11111111111111111111...]
Compiling architecture lut6_v of entity unisim.LUT6 [\LUT6(init="11111111111111111111...]
Compiling architecture lut6_v of entity unisim.LUT6 [\LUT6(init="11101110111111111110...]
Compiling architecture lut4_v of entity unisim.LUT4 [\LUT4(init="1110101000000000")(0...]
Compiling architecture lut6_v of entity unisim.LUT6 [\LUT6(init="11111111111111111111...]
Compiling architecture lut6_v of entity unisim.LUT6 [\LUT6(init="00000000000000000000...]
Compiling architecture lut6_v of entity unisim.LUT6 [\LUT6(init="00001111000000000010...]
Compiling architecture lut6_v of entity unisim.LUT6 [\LUT6(init="11111111111111111111...]
Compiling architecture lut6_v of entity unisim.LUT6 [\LUT6(init="11111111111111111111...]
Compiling architecture lut6_v of entity unisim.LUT6 [\LUT6(init="00110011111000100000...]
Compiling architecture lut6_v of entity unisim.LUT6 [\LUT6(init="11111111111111111111...]
Compiling architecture lut6_v of entity unisim.LUT6 [\LUT6(init="11111010111111101010...]
Compiling architecture lut6_v of entity unisim.LUT6 [\LUT6(init="11111111111111111110...]
Compiling architecture lut6_v of entity unisim.LUT6 [\LUT6(init="10001111100000001000...]
Compiling architecture lut6_v of entity unisim.LUT6 [\LUT6(init="11111111111111111111...]
Compiling architecture lut6_v of entity unisim.LUT6 [\LUT6(init="11111111111111111110...]
Compiling architecture lut6_v of entity unisim.LUT6 [\LUT6(init="11110000111111111010...]
Compiling architecture lut5_v of entity unisim.LUT5 [\LUT5(init="11111110101010101010...]
Compiling architecture lut6_v of entity unisim.LUT6 [\LUT6(init="10101000000010001111...]
Compiling architecture lut5_v of entity unisim.LUT5 [\LUT5(init="11001101110011001100...]
Compiling architecture lut5_v of entity unisim.LUT5 [\LUT5(init="11111111000000001111...]
Compiling architecture lut5_v of entity unisim.LUT5 [\LUT5(init="00000000111111110000...]
Compiling architecture lut5_v of entity unisim.LUT5 [\LUT5(init="11001111110011111100...]
Compiling architecture lut4_v of entity unisim.LUT4 [\LUT4(init="1011101010111011")(0...]
Compiling architecture lut6_v of entity unisim.LUT6 [\LUT6(init="11111110111111101111...]
Compiling architecture lut6_v of entity unisim.LUT6 [\LUT6(init="00010001000100010001...]
Compiling architecture lut4_v of entity unisim.LUT4 [\LUT4(init="1110111011001110")(0...]
Compiling architecture lut6_v of entity unisim.LUT6 [\LUT6(init="10111000101110001011...]
Compiling architecture lut6_v of entity unisim.LUT6 [\LUT6(init="00000000111000101111...]
Compiling architecture lut6_v of entity unisim.LUT6 [\LUT6(init="00001011111111111111...]
Compiling architecture lut6_v of entity unisim.LUT6 [\LUT6(init="10001000100010001000...]
Compiling architecture lut5_v of entity unisim.LUT5 [\LUT5(init="10101111110000001010...]
Compiling architecture lut5_v of entity unisim.LUT5 [\LUT5(init="10111000001100111011...]
Compiling architecture lut5_v of entity unisim.LUT5 [\LUT5(init="11111111111110001100...]
Compiling architecture lut6_v of entity unisim.LUT6 [\LUT6(init="11111111111111111111...]
Compiling architecture lut6_v of entity unisim.LUT6 [\LUT6(init="11111111111111111111...]
Compiling architecture lut5_v of entity unisim.LUT5 [\LUT5(init="11111111111111111110...]
Compiling architecture lut4_v of entity unisim.LUT4 [\LUT4(init="0000100010101010")(0...]
Compiling architecture lut4_v of entity unisim.LUT4 [\LUT4(init="1010100000001000")(0...]
Compiling architecture lut6_v of entity unisim.LUT6 [\LUT6(init="00110000000000001011...]
Compiling architecture lut4_v of entity unisim.LUT4 [\LUT4(init="0000111000000010")(0...]
Compiling architecture lut6_v of entity unisim.LUT6 [\LUT6(init="00001110000000101111...]
Compiling architecture lut5_v of entity unisim.LUT5 [\LUT5(init="00000010111111110000...]
Compiling architecture lut5_v of entity unisim.LUT5 [\LUT5(init="00001010111111000000...]
Compiling architecture structure of entity xil_defaultlib.mbv_system_microblaze_riscv_0_0_microblaze_riscv_v1_0_7_FPU_ADDSUB [mbv_system_microblaze_riscv_0_0_...]
Compiling architecture lut5_v of entity unisim.LUT5 [\LUT5(init="11000011001111001010...]
Compiling architecture lut5_v of entity unisim.LUT5 [\LUT5(init="10000000111111111000...]
Compiling architecture lut6_v of entity unisim.LUT6 [\LUT6(init="11111111111111111111...]
Compiling architecture structure of entity xil_defaultlib.mbv_system_microblaze_riscv_0_0_MB_MUXCY_XORCY_1714 [mbv_system_microblaze_riscv_0_0_...]
Compiling architecture lut6_v of entity unisim.LUT6 [\LUT6(init="11111111111111111111...]
Compiling architecture structure of entity xil_defaultlib.mbv_system_microblaze_riscv_0_0_MB_MUXCY_XORCY_1715 [mbv_system_microblaze_riscv_0_0_...]
Compiling architecture structure of entity xil_defaultlib.mbv_system_microblaze_riscv_0_0_MB_MUXCY_XORCY_1716 [mbv_system_microblaze_riscv_0_0_...]
Compiling architecture structure of entity xil_defaultlib.mbv_system_microblaze_riscv_0_0_MB_MUXCY_XORCY_1717 [mbv_system_microblaze_riscv_0_0_...]
Compiling architecture structure of entity xil_defaultlib.mbv_system_microblaze_riscv_0_0_MB_MUXCY_XORCY_1718 [mbv_system_microblaze_riscv_0_0_...]
Compiling architecture structure of entity xil_defaultlib.mbv_system_microblaze_riscv_0_0_MB_MUXCY_XORCY_1719 [mbv_system_microblaze_riscv_0_0_...]
Compiling architecture structure of entity xil_defaultlib.mbv_system_microblaze_riscv_0_0_MB_MUXCY_XORCY_1720 [mbv_system_microblaze_riscv_0_0_...]
Compiling architecture structure of entity xil_defaultlib.mbv_system_microblaze_riscv_0_0_MB_MUXCY_XORCY_1721 [mbv_system_microblaze_riscv_0_0_...]
Compiling architecture structure of entity xil_defaultlib.mbv_system_microblaze_riscv_0_0_MB_MUXCY_XORCY_1722 [mbv_system_microblaze_riscv_0_0_...]
Compiling architecture structure of entity xil_defaultlib.mbv_system_microblaze_riscv_0_0_MB_MUXCY_XORCY_1723 [mbv_system_microblaze_riscv_0_0_...]
Compiling architecture structure of entity xil_defaultlib.mbv_system_microblaze_riscv_0_0_MB_MUXCY_XORCY_1724 [mbv_system_microblaze_riscv_0_0_...]
Compiling architecture structure of entity xil_defaultlib.mbv_system_microblaze_riscv_0_0_MB_MUXCY_XORCY_1725 [mbv_system_microblaze_riscv_0_0_...]
Compiling architecture structure of entity xil_defaultlib.mbv_system_microblaze_riscv_0_0_MB_MUXCY_XORCY_1726 [mbv_system_microblaze_riscv_0_0_...]
Compiling architecture structure of entity xil_defaultlib.mbv_system_microblaze_riscv_0_0_MB_MUXCY_XORCY_1727 [mbv_system_microblaze_riscv_0_0_...]
Compiling architecture structure of entity xil_defaultlib.mbv_system_microblaze_riscv_0_0_MB_MUXCY_XORCY_1728 [mbv_system_microblaze_riscv_0_0_...]
Compiling architecture structure of entity xil_defaultlib.mbv_system_microblaze_riscv_0_0_MB_MUXCY_XORCY_1729 [mbv_system_microblaze_riscv_0_0_...]
Compiling architecture structure of entity xil_defaultlib.mbv_system_microblaze_riscv_0_0_MB_MUXCY_XORCY_1730 [mbv_system_microblaze_riscv_0_0_...]
Compiling architecture lut4_v of entity unisim.LUT4 [\LUT4(init="1110111111100000")(0...]
Compiling architecture lut6_v of entity unisim.LUT6 [\LUT6(init="11111111111111111111...]
Compiling architecture structure of entity xil_defaultlib.mbv_system_microblaze_riscv_0_0_MB_MUXCY_XORCY_1731 [mbv_system_microblaze_riscv_0_0_...]
Compiling architecture lut5_v of entity unisim.LUT5 [\LUT5(init="11000000101000001010...]
Compiling architecture structure of entity xil_defaultlib.mbv_system_microblaze_riscv_0_0_MB_MUXCY_XORCY_1732 [mbv_system_microblaze_riscv_0_0_...]
Compiling architecture structure of entity xil_defaultlib.mbv_system_microblaze_riscv_0_0_MB_MUXCY_XORCY_1733 [mbv_system_microblaze_riscv_0_0_...]
Compiling architecture structure of entity xil_defaultlib.mbv_system_microblaze_riscv_0_0_MB_MUXCY_XORCY_1734 [mbv_system_microblaze_riscv_0_0_...]
Compiling architecture structure of entity xil_defaultlib.mbv_system_microblaze_riscv_0_0_MB_MUXCY_XORCY_1735 [mbv_system_microblaze_riscv_0_0_...]
Compiling architecture structure of entity xil_defaultlib.mbv_system_microblaze_riscv_0_0_MB_MUXCY_XORCY_1736 [mbv_system_microblaze_riscv_0_0_...]
Compiling architecture structure of entity xil_defaultlib.mbv_system_microblaze_riscv_0_0_MB_MUXCY_XORCY_1737 [mbv_system_microblaze_riscv_0_0_...]
Compiling architecture structure of entity xil_defaultlib.mbv_system_microblaze_riscv_0_0_MB_MUXCY_XORCY_1738 [mbv_system_microblaze_riscv_0_0_...]
Compiling architecture lut4_v of entity unisim.LUT4 [\LUT4(init="1010100010001000")(0...]
Compiling architecture structure of entity xil_defaultlib.mbv_system_microblaze_riscv_0_0_MB_MUXCY_XORCY_1739 [mbv_system_microblaze_riscv_0_0_...]
Compiling architecture lut3_v of entity unisim.LUT3 [\LUT3(init="11110001")(0,7)\]
Compiling architecture lut5_v of entity unisim.LUT5 [\LUT5(init="11111001100111110000...]
Compiling architecture lut6_v of entity unisim.LUT6 [\LUT6(init="11111111101010001111...]
Compiling architecture lut6_v of entity unisim.LUT6 [\LUT6(init="11111111111111001111...]
Compiling architecture lut6_v of entity unisim.LUT6 [\LUT6(init="11111111111111111111...]
Compiling architecture lut5_v of entity unisim.LUT5 [\LUT5(init="01110000100000000111...]
Compiling architecture lut5_v of entity unisim.LUT5 [\LUT5(init="00010101111111111111...]
Compiling architecture lut4_v of entity unisim.LUT4 [\LUT4(init="0101011111110111")(0...]
Compiling architecture lut6_v of entity unisim.LUT6 [\LUT6(init="01011010010110100101...]
Compiling architecture lut5_v of entity unisim.LUT5 [\LUT5(init="11000000000000001010...]
Compiling architecture lut5_v of entity unisim.LUT5 [\LUT5(init="11111001110010011100...]
Compiling architecture lut6_v of entity unisim.LUT6 [\LUT6(init="11000011100110011111...]
Compiling architecture lut6_v of entity unisim.LUT6 [\LUT6(init="11001010001101011100...]
Compiling architecture lut6_v of entity unisim.LUT6 [\LUT6(init="11001010001101010011...]
Compiling architecture lut4_v of entity unisim.LUT4 [\LUT4(init="1000110111011101")(0...]
Compiling architecture lut4_v of entity unisim.LUT4 [\LUT4(init="0000111110001000")(0...]
Compiling architecture lut5_v of entity unisim.LUT5 [\LUT5(init="11110000011110000000...]
Compiling architecture lut6_v of entity unisim.LUT6 [\LUT6(init="10101010101010100010...]
Compiling architecture lut6_v of entity unisim.LUT6 [\LUT6(init="00000000000000000000...]
Compiling architecture lut3_v of entity unisim.LUT3 [\LUT3(init="00000111")(0,7)\]
Compiling architecture lut5_v of entity unisim.LUT5 [\LUT5(init="11101111111111111110...]
Compiling architecture lut6_v of entity unisim.LUT6 [\LUT6(init="10101010101010101010...]
Compiling architecture lut5_v of entity unisim.LUT5 [\LUT5(init="11111111111011111111...]
Compiling architecture lut6_v of entity unisim.LUT6 [\LUT6(init="00000000000000000000...]
Compiling architecture lut6_v of entity unisim.LUT6 [\LUT6(init="11111000111111111111...]
Compiling architecture lut5_v of entity unisim.LUT5 [\LUT5(init="11111111111111111000...]
Compiling architecture lut5_v of entity unisim.LUT5 [\LUT5(init="11111111101011101010...]
Compiling architecture lut3_v of entity unisim.LUT3 [\LUT3(init="01110000")(0,7)\]
Compiling architecture lut5_v of entity unisim.LUT5 [\LUT5(init="00000010000000000000...]
Compiling architecture lut6_v of entity unisim.LUT6 [\LUT6(init="01010101010101010100...]
Compiling architecture lut5_v of entity unisim.LUT5 [\LUT5(init="00000000000000000000...]
Compiling architecture lut5_v of entity unisim.LUT5 [\LUT5(init="10001010100010001000...]
Compiling architecture structure of entity xil_defaultlib.mbv_system_microblaze_riscv_0_0_FPU_DIV_SQRT [mbv_system_microblaze_riscv_0_0_...]
Compiling architecture structure of entity xil_defaultlib.\mbv_system_microblaze_riscv_0_0_MB_LUT6__parameterized20\ [\mbv_system_microblaze_riscv_0_0...]
Compiling architecture structure of entity xil_defaultlib.mbv_system_microblaze_riscv_0_0_MB_MUXCY_1545 [mbv_system_microblaze_riscv_0_0_...]
Compiling architecture structure of entity xil_defaultlib.\mbv_system_microblaze_riscv_0_0_MB_LUT6__parameterized20_1546\ [\mbv_system_microblaze_riscv_0_0...]
Compiling architecture structure of entity xil_defaultlib.mbv_system_microblaze_riscv_0_0_MB_MUXCY_1547 [mbv_system_microblaze_riscv_0_0_...]
Compiling architecture structure of entity xil_defaultlib.\mbv_system_microblaze_riscv_0_0_MB_LUT6__parameterized20_1548\ [\mbv_system_microblaze_riscv_0_0...]
Compiling architecture structure of entity xil_defaultlib.mbv_system_microblaze_riscv_0_0_MB_MUXCY_1549 [mbv_system_microblaze_riscv_0_0_...]
Compiling architecture structure of entity xil_defaultlib.\mbv_system_microblaze_riscv_0_0_MB_LUT6__parameterized20_1550\ [\mbv_system_microblaze_riscv_0_0...]
Compiling architecture structure of entity xil_defaultlib.mbv_system_microblaze_riscv_0_0_MB_MUXCY_1551 [mbv_system_microblaze_riscv_0_0_...]
Compiling architecture structure of entity xil_defaultlib.\mbv_system_microblaze_riscv_0_0_MB_LUT6__parameterized20_1552\ [\mbv_system_microblaze_riscv_0_0...]
Compiling architecture structure of entity xil_defaultlib.mbv_system_microblaze_riscv_0_0_MB_MUXCY_1553 [mbv_system_microblaze_riscv_0_0_...]
Compiling architecture structure of entity xil_defaultlib.\mbv_system_microblaze_riscv_0_0_MB_LUT6__parameterized20_1554\ [\mbv_system_microblaze_riscv_0_0...]
Compiling architecture structure of entity xil_defaultlib.mbv_system_microblaze_riscv_0_0_MB_MUXCY_1555 [mbv_system_microblaze_riscv_0_0_...]
Compiling architecture structure of entity xil_defaultlib.\mbv_system_microblaze_riscv_0_0_MB_LUT6__parameterized20_1556\ [\mbv_system_microblaze_riscv_0_0...]
Compiling architecture structure of entity xil_defaultlib.mbv_system_microblaze_riscv_0_0_MB_MUXCY_1557 [mbv_system_microblaze_riscv_0_0_...]
Compiling architecture structure of entity xil_defaultlib.\mbv_system_microblaze_riscv_0_0_MB_LUT6__parameterized20_1558\ [\mbv_system_microblaze_riscv_0_0...]
Compiling architecture structure of entity xil_defaultlib.mbv_system_microblaze_riscv_0_0_MB_MUXCY_1559 [mbv_system_microblaze_riscv_0_0_...]
Compiling architecture structure of entity xil_defaultlib.\mbv_system_microblaze_riscv_0_0_MB_LUT6__parameterized20_1560\ [\mbv_system_microblaze_riscv_0_0...]
Compiling architecture structure of entity xil_defaultlib.mbv_system_microblaze_riscv_0_0_MB_MUXCY_1561 [mbv_system_microblaze_riscv_0_0_...]
Compiling architecture structure of entity xil_defaultlib.\mbv_system_microblaze_riscv_0_0_MB_LUT6__parameterized20_1562\ [\mbv_system_microblaze_riscv_0_0...]
Compiling architecture structure of entity xil_defaultlib.mbv_system_microblaze_riscv_0_0_MB_MUXCY_1563 [mbv_system_microblaze_riscv_0_0_...]
Compiling architecture structure of entity xil_defaultlib.\mbv_system_microblaze_riscv_0_0_MB_LUT6__parameterized20_1564\ [\mbv_system_microblaze_riscv_0_0...]
Compiling architecture structure of entity xil_defaultlib.mbv_system_microblaze_riscv_0_0_MB_MUXCY_1565 [mbv_system_microblaze_riscv_0_0_...]
Compiling architecture structure of entity xil_defaultlib.mbv_system_microblaze_riscv_0_0_MB_MUXCY_XORCY_1566 [mbv_system_microblaze_riscv_0_0_...]
Compiling architecture structure of entity xil_defaultlib.mbv_system_microblaze_riscv_0_0_MB_MUXCY_XORCY_1567 [mbv_system_microblaze_riscv_0_0_...]
Compiling architecture structure of entity xil_defaultlib.mbv_system_microblaze_riscv_0_0_MB_MUXCY_XORCY_1568 [mbv_system_microblaze_riscv_0_0_...]
Compiling architecture structure of entity xil_defaultlib.mbv_system_microblaze_riscv_0_0_MB_MUXCY_XORCY_1569 [mbv_system_microblaze_riscv_0_0_...]
Compiling architecture structure of entity xil_defaultlib.mbv_system_microblaze_riscv_0_0_MB_MUXCY_XORCY_1570 [mbv_system_microblaze_riscv_0_0_...]
Compiling architecture lut6_v of entity unisim.LUT6 [\LUT6(init="11110000101010101111...]
Compiling architecture structure of entity xil_defaultlib.mbv_system_microblaze_riscv_0_0_MB_MUXCY_XORCY_1571 [mbv_system_microblaze_riscv_0_0_...]
Compiling architecture structure of entity xil_defaultlib.mbv_system_microblaze_riscv_0_0_MB_MUXCY_XORCY_1572 [mbv_system_microblaze_riscv_0_0_...]
Compiling architecture lut4_v of entity unisim.LUT4 [\LUT4(init="1011000010000000")(0...]
Compiling architecture structure of entity xil_defaultlib.mbv_system_microblaze_riscv_0_0_MB_MUXCY_XORCY_1573 [mbv_system_microblaze_riscv_0_0_...]
Compiling architecture structure of entity xil_defaultlib.mbv_system_microblaze_riscv_0_0_MB_MUXCY_XORCY_1574 [mbv_system_microblaze_riscv_0_0_...]
Compiling architecture structure of entity xil_defaultlib.mbv_system_microblaze_riscv_0_0_MB_MUXCY_XORCY_1575 [mbv_system_microblaze_riscv_0_0_...]
Compiling architecture structure of entity xil_defaultlib.mbv_system_microblaze_riscv_0_0_MB_MUXCY_XORCY_1576 [mbv_system_microblaze_riscv_0_0_...]
Compiling architecture structure of entity xil_defaultlib.mbv_system_microblaze_riscv_0_0_MB_MUXCY_XORCY_1577 [mbv_system_microblaze_riscv_0_0_...]
Compiling architecture structure of entity xil_defaultlib.mbv_system_microblaze_riscv_0_0_MB_MUXCY_XORCY_1578 [mbv_system_microblaze_riscv_0_0_...]
Compiling architecture structure of entity xil_defaultlib.mbv_system_microblaze_riscv_0_0_MB_MUXCY_XORCY_1579 [mbv_system_microblaze_riscv_0_0_...]
Compiling architecture structure of entity xil_defaultlib.mbv_system_microblaze_riscv_0_0_MB_MUXCY_XORCY_1580 [mbv_system_microblaze_riscv_0_0_...]
Compiling architecture structure of entity xil_defaultlib.mbv_system_microblaze_riscv_0_0_MB_MUXCY_XORCY_1581 [mbv_system_microblaze_riscv_0_0_...]
Compiling architecture structure of entity xil_defaultlib.mbv_system_microblaze_riscv_0_0_MB_MUXCY_XORCY_1582 [mbv_system_microblaze_riscv_0_0_...]
Compiling architecture structure of entity xil_defaultlib.mbv_system_microblaze_riscv_0_0_MB_MUXCY_XORCY_1583 [mbv_system_microblaze_riscv_0_0_...]
Compiling architecture structure of entity xil_defaultlib.mbv_system_microblaze_riscv_0_0_MB_MUXCY_XORCY_1584 [mbv_system_microblaze_riscv_0_0_...]
Compiling architecture structure of entity xil_defaultlib.mbv_system_microblaze_riscv_0_0_MB_MUXCY_XORCY_1585 [mbv_system_microblaze_riscv_0_0_...]
Compiling architecture structure of entity xil_defaultlib.mbv_system_microblaze_riscv_0_0_MB_MUXCY_XORCY_1586 [mbv_system_microblaze_riscv_0_0_...]
Compiling architecture structure of entity xil_defaultlib.mbv_system_microblaze_riscv_0_0_MB_MUXCY_XORCY_1587 [mbv_system_microblaze_riscv_0_0_...]
Compiling architecture structure of entity xil_defaultlib.mbv_system_microblaze_riscv_0_0_MB_MUXCY_XORCY_1588 [mbv_system_microblaze_riscv_0_0_...]
Compiling architecture structure of entity xil_defaultlib.mbv_system_microblaze_riscv_0_0_MB_MUXCY_XORCY_1589 [mbv_system_microblaze_riscv_0_0_...]
Compiling architecture structure of entity xil_defaultlib.mbv_system_microblaze_riscv_0_0_MB_MUXCY_XORCY_1590 [mbv_system_microblaze_riscv_0_0_...]
Compiling architecture structure of entity xil_defaultlib.mbv_system_microblaze_riscv_0_0_MB_MUXCY_XORCY_1591 [mbv_system_microblaze_riscv_0_0_...]
Compiling architecture structure of entity xil_defaultlib.mbv_system_microblaze_riscv_0_0_MB_MUXCY_XORCY_1592 [mbv_system_microblaze_riscv_0_0_...]
Compiling architecture structure of entity xil_defaultlib.mbv_system_microblaze_riscv_0_0_MB_MUXCY_XORCY_1593 [mbv_system_microblaze_riscv_0_0_...]
Compiling architecture structure of entity xil_defaultlib.mbv_system_microblaze_riscv_0_0_MB_MUXCY_XORCY_1594 [mbv_system_microblaze_riscv_0_0_...]
Compiling architecture structure of entity xil_defaultlib.mbv_system_microblaze_riscv_0_0_MB_MUXCY_XORCY_1595 [mbv_system_microblaze_riscv_0_0_...]
Compiling architecture structure of entity xil_defaultlib.mbv_system_microblaze_riscv_0_0_MB_MUXCY_XORCY_1596 [mbv_system_microblaze_riscv_0_0_...]
Compiling architecture structure of entity xil_defaultlib.mbv_system_microblaze_riscv_0_0_MB_MUXCY_XORCY_1597 [mbv_system_microblaze_riscv_0_0_...]
Compiling architecture structure of entity xil_defaultlib.mbv_system_microblaze_riscv_0_0_MB_MUXCY_XORCY_1598 [mbv_system_microblaze_riscv_0_0_...]
Compiling architecture structure of entity xil_defaultlib.mbv_system_microblaze_riscv_0_0_MB_MUXCY_XORCY_1599 [mbv_system_microblaze_riscv_0_0_...]
Compiling architecture structure of entity xil_defaultlib.mbv_system_microblaze_riscv_0_0_MB_MUXCY_XORCY_1600 [mbv_system_microblaze_riscv_0_0_...]
Compiling architecture structure of entity xil_defaultlib.mbv_system_microblaze_riscv_0_0_MB_MUXCY_XORCY_1601 [mbv_system_microblaze_riscv_0_0_...]
Compiling architecture structure of entity xil_defaultlib.mbv_system_microblaze_riscv_0_0_MB_MUXCY_XORCY_1602 [mbv_system_microblaze_riscv_0_0_...]
Compiling architecture structure of entity xil_defaultlib.mbv_system_microblaze_riscv_0_0_MB_MUXCY_XORCY_1603 [mbv_system_microblaze_riscv_0_0_...]
Compiling architecture structure of entity xil_defaultlib.mbv_system_microblaze_riscv_0_0_MB_MUXCY_XORCY_1604 [mbv_system_microblaze_riscv_0_0_...]
Compiling architecture structure of entity xil_defaultlib.mbv_system_microblaze_riscv_0_0_MB_MUXCY_XORCY_1605 [mbv_system_microblaze_riscv_0_0_...]
Compiling architecture structure of entity xil_defaultlib.mbv_system_microblaze_riscv_0_0_MB_MUXCY_XORCY_1606 [mbv_system_microblaze_riscv_0_0_...]
Compiling architecture structure of entity xil_defaultlib.mbv_system_microblaze_riscv_0_0_MB_MUXCY_XORCY_1607 [mbv_system_microblaze_riscv_0_0_...]
Compiling architecture structure of entity xil_defaultlib.mbv_system_microblaze_riscv_0_0_MB_MUXCY_XORCY_1608 [mbv_system_microblaze_riscv_0_0_...]
Compiling architecture structure of entity xil_defaultlib.mbv_system_microblaze_riscv_0_0_MB_MUXCY_XORCY_1609 [mbv_system_microblaze_riscv_0_0_...]
Compiling architecture structure of entity xil_defaultlib.mbv_system_microblaze_riscv_0_0_MB_MUXCY_XORCY_1610 [mbv_system_microblaze_riscv_0_0_...]
Compiling architecture structure of entity xil_defaultlib.mbv_system_microblaze_riscv_0_0_MB_MUXCY_XORCY_1611 [mbv_system_microblaze_riscv_0_0_...]
Compiling architecture structure of entity xil_defaultlib.mbv_system_microblaze_riscv_0_0_MB_MUXCY_XORCY_1612 [mbv_system_microblaze_riscv_0_0_...]
Compiling architecture structure of entity xil_defaultlib.mbv_system_microblaze_riscv_0_0_MB_MUXCY_XORCY_1613 [mbv_system_microblaze_riscv_0_0_...]
Compiling architecture structure of entity xil_defaultlib.mbv_system_microblaze_riscv_0_0_MB_MUXCY_XORCY_1614 [mbv_system_microblaze_riscv_0_0_...]
Compiling architecture structure of entity xil_defaultlib.mbv_system_microblaze_riscv_0_0_MB_MUXCY_XORCY_1615 [mbv_system_microblaze_riscv_0_0_...]
Compiling architecture structure of entity xil_defaultlib.mbv_system_microblaze_riscv_0_0_MB_MUXCY_XORCY_1616 [mbv_system_microblaze_riscv_0_0_...]
Compiling architecture structure of entity xil_defaultlib.mbv_system_microblaze_riscv_0_0_MB_MUXCY_XORCY_1617 [mbv_system_microblaze_riscv_0_0_...]
Compiling architecture structure of entity xil_defaultlib.mbv_system_microblaze_riscv_0_0_MB_MUXCY_1618 [mbv_system_microblaze_riscv_0_0_...]
Compiling architecture lut6_v of entity unisim.LUT6 [\LUT6(init="00000000000000000000...]
Compiling architecture structure of entity xil_defaultlib.\mbv_system_microblaze_riscv_0_0_MB_LUT6__parameterized24\ [\mbv_system_microblaze_riscv_0_0...]
Compiling architecture lut6_v of entity unisim.LUT6 [\LUT6(init="11111111111111111111...]
Compiling architecture structure of entity xil_defaultlib.\mbv_system_microblaze_riscv_0_0_MB_LUT6__parameterized22\ [\mbv_system_microblaze_riscv_0_0...]
Compiling architecture lut6_v of entity unisim.LUT6 [\LUT6(init="11110000111100001111...]
Compiling architecture lut3_v of entity unisim.LUT3 [\LUT3(init="00010000")(0,7)\]
Compiling architecture lut6_v of entity unisim.LUT6 [\LUT6(init="11111110110011101111...]
Compiling architecture structure of entity xil_defaultlib.\mbv_system_microblaze_riscv_0_0_MB_LUT6__parameterized26\ [\mbv_system_microblaze_riscv_0_0...]
Compiling architecture lut6_v of entity unisim.LUT6 [\LUT6(init="11111111000000001111...]
Compiling architecture lut5_v of entity unisim.LUT5 [\LUT5(init="00111110000011100011...]
Compiling architecture lut4_v of entity unisim.LUT4 [\LUT4(init="0011001000000010")(0...]
Compiling architecture structure of entity xil_defaultlib.\mbv_system_microblaze_riscv_0_0_MB_LUT6__parameterized28\ [\mbv_system_microblaze_riscv_0_0...]
Compiling architecture structure of entity xil_defaultlib.\mbv_system_microblaze_riscv_0_0_MB_LUT6__parameterized24_1619\ [\mbv_system_microblaze_riscv_0_0...]
Compiling architecture structure of entity xil_defaultlib.\mbv_system_microblaze_riscv_0_0_MB_LUT6__parameterized22_1620\ [\mbv_system_microblaze_riscv_0_0...]
Compiling architecture structure of entity xil_defaultlib.\mbv_system_microblaze_riscv_0_0_MB_LUT6__parameterized26_1621\ [\mbv_system_microblaze_riscv_0_0...]
Compiling architecture lut6_v of entity unisim.LUT6 [\LUT6(init="00111110000011100011...]
Compiling architecture lut6_v of entity unisim.LUT6 [\LUT6(init="00000000000000000000...]
Compiling architecture structure of entity xil_defaultlib.\mbv_system_microblaze_riscv_0_0_MB_LUT6__parameterized28_1622\ [\mbv_system_microblaze_riscv_0_0...]
Compiling architecture structure of entity xil_defaultlib.\mbv_system_microblaze_riscv_0_0_MB_LUT6__parameterized26_1623\ [\mbv_system_microblaze_riscv_0_0...]
Compiling architecture lut6_v of entity unisim.LUT6 [\LUT6(init="00110010000000000000...]
Compiling architecture structure of entity xil_defaultlib.\mbv_system_microblaze_riscv_0_0_MB_LUT6__parameterized28_1624\ [\mbv_system_microblaze_riscv_0_0...]
Compiling architecture lut6_v of entity unisim.LUT6 [\LUT6(init="00000000000000000000...]
Compiling architecture lut6_v of entity unisim.LUT6 [\LUT6(init="10111011101111111011...]
Compiling architecture lut6_v of entity unisim.LUT6 [\LUT6(init="11111111111111111111...]
Compiling architecture lut5_v of entity unisim.LUT5 [\LUT5(init="10101100101011111010...]
Compiling architecture lut6_v of entity unisim.LUT6 [\LUT6(init="11111111111111111111...]
Compiling architecture lut6_v of entity unisim.LUT6 [\LUT6(init="00000000000000010000...]
Compiling architecture lut6_v of entity unisim.LUT6 [\LUT6(init="00000000000000010000...]
Compiling architecture lut6_v of entity unisim.LUT6 [\LUT6(init="00010011000100110000...]
Compiling architecture lut4_v of entity unisim.LUT4 [\LUT4(init="0001010000000100")(0...]
Compiling architecture lut6_v of entity unisim.LUT6 [\LUT6(init="11111110111100100000...]
Compiling architecture lut6_v of entity unisim.LUT6 [\LUT6(init="11111111111111111111...]
Compiling architecture lut6_v of entity unisim.LUT6 [\LUT6(init="10101010101010001010...]
Compiling architecture lut6_v of entity unisim.LUT6 [\LUT6(init="11111111111111101111...]
Compiling architecture lut5_v of entity unisim.LUT5 [\LUT5(init="11111111111110000000...]
Compiling architecture lut5_v of entity unisim.LUT5 [\LUT5(init="00000000000001111111...]
Compiling architecture lut6_v of entity unisim.LUT6 [\LUT6(init="00000000000000000000...]
Compiling architecture lut6_v of entity unisim.LUT6 [\LUT6(init="01100000000001100000...]
Compiling architecture lut6_v of entity unisim.LUT6 [\LUT6(init="11111111111111111111...]
Compiling architecture lut4_v of entity unisim.LUT4 [\LUT4(init="1111111110011111")(0...]
Compiling architecture dsp48e1_v of entity unisim.DSP48E1 [\DSP48E1(acascreg=0,alumodereg=0...]
Compiling architecture structure of entity xil_defaultlib.\mbv_system_microblaze_riscv_0_0_MB_DSP48E1__parameterized5\ [\mbv_system_microblaze_riscv_0_0...]
Compiling architecture structure of entity xil_defaultlib.\mbv_system_microblaze_riscv_0_0_dsp_module__parameterized7\ [\mbv_system_microblaze_riscv_0_0...]
Compiling architecture lut4_v of entity unisim.LUT4 [\LUT4(init="1010111011111111")(0...]
Compiling architecture lut6_v of entity unisim.LUT6 [\LUT6(init="11111111100000001111...]
Compiling architecture lut6_v of entity unisim.LUT6 [\LUT6(init="00000000000000000000...]
Compiling architecture lut6_v of entity unisim.LUT6 [\LUT6(init="00000010000000101000...]
Compiling architecture lut5_v of entity unisim.LUT5 [\LUT5(init="10111000101110001111...]
Compiling architecture lut6_v of entity unisim.LUT6 [\LUT6(init="00000000011111110000...]
Compiling architecture lut6_v of entity unisim.LUT6 [\LUT6(init="00000000000000000000...]
Compiling architecture lut6_v of entity unisim.LUT6 [\LUT6(init="00000000000000000000...]
Compiling architecture lut6_v of entity unisim.LUT6 [\LUT6(init="11111111111111111111...]
Compiling architecture lut5_v of entity unisim.LUT5 [\LUT5(init="00000111000001110000...]
Compiling architecture lut5_v of entity unisim.LUT5 [\LUT5(init="11111000111110001111...]
Compiling architecture lut6_v of entity unisim.LUT6 [\LUT6(init="00000000000000000000...]
Compiling architecture lut6_v of entity unisim.LUT6 [\LUT6(init="00000000110011110000...]
Compiling architecture lut4_v of entity unisim.LUT4 [\LUT4(init="1111010011110111")(0...]
Compiling architecture lut6_v of entity unisim.LUT6 [\LUT6(init="11111111001100001111...]
Compiling architecture lut5_v of entity unisim.LUT5 [\LUT5(init="11001010110010101111...]
Compiling architecture lut6_v of entity unisim.LUT6 [\LUT6(init="00000000000011010000...]
Compiling architecture lut6_v of entity unisim.LUT6 [\LUT6(init="11111110111111111111...]
Compiling architecture lut6_v of entity unisim.LUT6 [\LUT6(init="10111000111111111011...]
Compiling architecture lut5_v of entity unisim.LUT5 [\LUT5(init="11111111111101111111...]
Compiling architecture lut6_v of entity unisim.LUT6 [\LUT6(init="11111111111111111111...]
Compiling architecture lut4_v of entity unisim.LUT4 [\LUT4(init="0101010101000101")(0...]
Compiling architecture lut6_v of entity unisim.LUT6 [\LUT6(init="10001111111111111111...]
Compiling architecture lut6_v of entity unisim.LUT6 [\LUT6(init="00010000010101010000...]
Compiling architecture lut6_v of entity unisim.LUT6 [\LUT6(init="11111111111111101111...]
Compiling architecture lut6_v of entity unisim.LUT6 [\LUT6(init="11111111111111101111...]
Compiling architecture lut6_v of entity unisim.LUT6 [\LUT6(init="01010111010101110101...]
Compiling architecture lut6_v of entity unisim.LUT6 [\LUT6(init="10101010101010101010...]
Compiling architecture lut6_v of entity unisim.LUT6 [\LUT6(init="11111111111111111111...]
Compiling architecture lut6_v of entity unisim.LUT6 [\LUT6(init="11111111111111111111...]
Compiling architecture lut6_v of entity unisim.LUT6 [\LUT6(init="00000000010001110000...]
Compiling architecture lut5_v of entity unisim.LUT5 [\LUT5(init="10101010111111111111...]
Compiling architecture dsp48e1_v of entity unisim.DSP48E1 [\DSP48E1(acascreg=0,alumodereg=0...]
Compiling architecture lut4_v of entity unisim.LUT4 [\LUT4(init="0110100110011001")(0...]
Compiling architecture lut4_v of entity unisim.LUT4 [\LUT4(init="0000000010111000")(0...]
Compiling architecture lut4_v of entity unisim.LUT4 [\LUT4(init="1000100000110000")(0...]
Compiling architecture lut6_v of entity unisim.LUT6 [\LUT6(init="00100010001000100010...]
Compiling architecture lut4_v of entity unisim.LUT4 [\LUT4(init="0010001000101010")(0...]
Compiling architecture lut6_v of entity unisim.LUT6 [\LUT6(init="00100010001000100010...]
Compiling architecture lut5_v of entity unisim.LUT5 [\LUT5(init="00100010001000100010...]
Compiling architecture lut5_v of entity unisim.LUT5 [\LUT5(init="00000000000000000000...]
Compiling architecture lut6_v of entity unisim.LUT6 [\LUT6(init="00000000000000000000...]
Compiling architecture lut6_v of entity unisim.LUT6 [\LUT6(init="00100010001000100010...]
Compiling architecture lut6_v of entity unisim.LUT6 [\LUT6(init="00000000000000000000...]
Compiling architecture lut6_v of entity unisim.LUT6 [\LUT6(init="00000000000000000000...]
Compiling architecture lut5_v of entity unisim.LUT5 [\LUT5(init="00100010001000100010...]
Compiling architecture lut6_v of entity unisim.LUT6 [\LUT6(init="00100010001000100010...]
Compiling architecture lut6_v of entity unisim.LUT6 [\LUT6(init="00000000000000000000...]
Compiling architecture lut6_v of entity unisim.LUT6 [\LUT6(init="00100010101010101010...]
Compiling architecture lut6_v of entity unisim.LUT6 [\LUT6(init="00100010001000100010...]
Compiling architecture lut5_v of entity unisim.LUT5 [\LUT5(init="00101010101010101010...]
Compiling architecture lut5_v of entity unisim.LUT5 [\LUT5(init="00000010001000100010...]
Compiling architecture lut6_v of entity unisim.LUT6 [\LUT6(init="00000000001000100010...]
Compiling architecture lut4_v of entity unisim.LUT4 [\LUT4(init="0000001000100010")(0...]
Compiling architecture lut6_v of entity unisim.LUT6 [\LUT6(init="00000010001000100010...]
Compiling architecture lut6_v of entity unisim.LUT6 [\LUT6(init="00000000000000000000...]
Compiling architecture lut5_v of entity unisim.LUT5 [\LUT5(init="00100010001010101010...]
Compiling architecture lut5_v of entity unisim.LUT5 [\LUT5(init="00000000000000100010...]
Compiling architecture lut6_v of entity unisim.LUT6 [\LUT6(init="00100010001000100010...]
Compiling architecture lut6_v of entity unisim.LUT6 [\LUT6(init="00011110111100001111...]
Compiling architecture lut6_v of entity unisim.LUT6 [\LUT6(init="10011100011000110011...]
Compiling architecture lut3_v of entity unisim.LUT3 [\LUT3(init="11111001")(0,7)\]
Compiling architecture lut6_v of entity unisim.LUT6 [\LUT6(init="00111100110000110011...]
Compiling architecture lut5_v of entity unisim.LUT5 [\LUT5(init="00111100100101100011...]
Compiling architecture structure of entity xil_defaultlib.\mbv_system_microblaze_riscv_0_0_MB_DSP48E1__parameterized7\ [\mbv_system_microblaze_riscv_0_0...]
Compiling architecture structure of entity xil_defaultlib.\mbv_system_microblaze_riscv_0_0_dsp_module__parameterized9\ [\mbv_system_microblaze_riscv_0_0...]
Compiling architecture structure of entity xil_defaultlib.mbv_system_microblaze_riscv_0_0_MB_MUXCY_1713 [mbv_system_microblaze_riscv_0_0_...]
Compiling architecture structure of entity xil_defaultlib.\mbv_system_microblaze_riscv_0_0_clz_part__parameterized36\ [\mbv_system_microblaze_riscv_0_0...]
Compiling architecture lut5_v of entity unisim.LUT5 [\LUT5(init="10111010101110111011...]
Compiling architecture structure of entity xil_defaultlib.mbv_system_microblaze_riscv_0_0_MB_MUXCY_1712 [mbv_system_microblaze_riscv_0_0_...]
Compiling architecture structure of entity xil_defaultlib.\mbv_system_microblaze_riscv_0_0_clz_part__parameterized38\ [\mbv_system_microblaze_riscv_0_0...]
Compiling architecture structure of entity xil_defaultlib.mbv_system_microblaze_riscv_0_0_MB_MUXCY_1711 [mbv_system_microblaze_riscv_0_0_...]
Compiling architecture structure of entity xil_defaultlib.\mbv_system_microblaze_riscv_0_0_clz_part__parameterized36_1625\ [\mbv_system_microblaze_riscv_0_0...]
Compiling architecture structure of entity xil_defaultlib.mbv_system_microblaze_riscv_0_0_MB_MUXCY_1710 [mbv_system_microblaze_riscv_0_0_...]
Compiling architecture structure of entity xil_defaultlib.\mbv_system_microblaze_riscv_0_0_clz_part__parameterized38_1626\ [\mbv_system_microblaze_riscv_0_0...]
Compiling architecture structure of entity xil_defaultlib.mbv_system_microblaze_riscv_0_0_MB_MUXCY_1709 [mbv_system_microblaze_riscv_0_0_...]
Compiling architecture structure of entity xil_defaultlib.\mbv_system_microblaze_riscv_0_0_clz_part__parameterized36_1627\ [\mbv_system_microblaze_riscv_0_0...]
Compiling architecture structure of entity xil_defaultlib.mbv_system_microblaze_riscv_0_0_MB_MUXCY_1708 [mbv_system_microblaze_riscv_0_0_...]
Compiling architecture structure of entity xil_defaultlib.\mbv_system_microblaze_riscv_0_0_clz_part__parameterized38_1628\ [\mbv_system_microblaze_riscv_0_0...]
Compiling architecture structure of entity xil_defaultlib.mbv_system_microblaze_riscv_0_0_MB_MUXCY_1707 [mbv_system_microblaze_riscv_0_0_...]
Compiling architecture structure of entity xil_defaultlib.\mbv_system_microblaze_riscv_0_0_clz_part__parameterized36_1629\ [\mbv_system_microblaze_riscv_0_0...]
Compiling architecture structure of entity xil_defaultlib.mbv_system_microblaze_riscv_0_0_MB_MUXCY_1706 [mbv_system_microblaze_riscv_0_0_...]
Compiling architecture structure of entity xil_defaultlib.\mbv_system_microblaze_riscv_0_0_clz_part__parameterized38_1630\ [\mbv_system_microblaze_riscv_0_0...]
Compiling architecture structure of entity xil_defaultlib.mbv_system_microblaze_riscv_0_0_MB_MUXCY_1705 [mbv_system_microblaze_riscv_0_0_...]
Compiling architecture structure of entity xil_defaultlib.\mbv_system_microblaze_riscv_0_0_clz_part__parameterized36_1631\ [\mbv_system_microblaze_riscv_0_0...]
Compiling architecture structure of entity xil_defaultlib.mbv_system_microblaze_riscv_0_0_MB_MUXCY_1704 [mbv_system_microblaze_riscv_0_0_...]
Compiling architecture structure of entity xil_defaultlib.\mbv_system_microblaze_riscv_0_0_clz_part__parameterized40\ [\mbv_system_microblaze_riscv_0_0...]
Compiling architecture structure of entity xil_defaultlib.mbv_system_microblaze_riscv_0_0_MB_MUXCY_1632 [mbv_system_microblaze_riscv_0_0_...]
Compiling architecture structure of entity xil_defaultlib.mbv_system_microblaze_riscv_0_0_MB_MUXCY_1703 [mbv_system_microblaze_riscv_0_0_...]
Compiling architecture structure of entity xil_defaultlib.\mbv_system_microblaze_riscv_0_0_clz_part__parameterized26\ [\mbv_system_microblaze_riscv_0_0...]
Compiling architecture structure of entity xil_defaultlib.mbv_system_microblaze_riscv_0_0_MB_MUXCY_1702 [mbv_system_microblaze_riscv_0_0_...]
Compiling architecture structure of entity xil_defaultlib.\mbv_system_microblaze_riscv_0_0_clz_part__parameterized28\ [\mbv_system_microblaze_riscv_0_0...]
Compiling architecture lut5_v of entity unisim.LUT5 [\LUT5(init="11101110111011101110...]
Compiling architecture structure of entity xil_defaultlib.mbv_system_microblaze_riscv_0_0_MB_MUXCY_1701 [mbv_system_microblaze_riscv_0_0_...]
Compiling architecture structure of entity xil_defaultlib.\mbv_system_microblaze_riscv_0_0_clz_part__parameterized30\ [\mbv_system_microblaze_riscv_0_0...]
Compiling architecture lut5_v of entity unisim.LUT5 [\LUT5(init="10101010101010101011...]
Compiling architecture structure of entity xil_defaultlib.mbv_system_microblaze_riscv_0_0_MB_MUXCY_1700 [mbv_system_microblaze_riscv_0_0_...]
Compiling architecture structure of entity xil_defaultlib.\mbv_system_microblaze_riscv_0_0_clz_part__parameterized32\ [\mbv_system_microblaze_riscv_0_0...]
Compiling architecture structure of entity xil_defaultlib.mbv_system_microblaze_riscv_0_0_MB_MUXCY_1699 [mbv_system_microblaze_riscv_0_0_...]
Compiling architecture structure of entity xil_defaultlib.\mbv_system_microblaze_riscv_0_0_clz_part__parameterized26_1633\ [\mbv_system_microblaze_riscv_0_0...]
Compiling architecture structure of entity xil_defaultlib.mbv_system_microblaze_riscv_0_0_MB_MUXCY_1698 [mbv_system_microblaze_riscv_0_0_...]
Compiling architecture structure of entity xil_defaultlib.\mbv_system_microblaze_riscv_0_0_clz_part__parameterized28_1634\ [\mbv_system_microblaze_riscv_0_0...]
Compiling architecture structure of entity xil_defaultlib.mbv_system_microblaze_riscv_0_0_MB_MUXCY_1697 [mbv_system_microblaze_riscv_0_0_...]
Compiling architecture structure of entity xil_defaultlib.\mbv_system_microblaze_riscv_0_0_clz_part__parameterized30_1635\ [\mbv_system_microblaze_riscv_0_0...]
Compiling architecture structure of entity xil_defaultlib.mbv_system_microblaze_riscv_0_0_MB_MUXCY_1696 [mbv_system_microblaze_riscv_0_0_...]
Compiling architecture structure of entity xil_defaultlib.\mbv_system_microblaze_riscv_0_0_clz_part__parameterized32_1636\ [\mbv_system_microblaze_riscv_0_0...]
Compiling architecture structure of entity xil_defaultlib.mbv_system_microblaze_riscv_0_0_MB_MUXCY_1695 [mbv_system_microblaze_riscv_0_0_...]
Compiling architecture structure of entity xil_defaultlib.\mbv_system_microblaze_riscv_0_0_clz_part__parameterized26_1637\ [\mbv_system_microblaze_riscv_0_0...]
Compiling architecture structure of entity xil_defaultlib.mbv_system_microblaze_riscv_0_0_MB_MUXCY_1694 [mbv_system_microblaze_riscv_0_0_...]
Compiling architecture structure of entity xil_defaultlib.\mbv_system_microblaze_riscv_0_0_clz_part__parameterized34\ [\mbv_system_microblaze_riscv_0_0...]
Compiling architecture lut4_v of entity unisim.LUT4 [\LUT4(init="0010101100001010")(0...]
Compiling architecture structure of entity xil_defaultlib.mbv_system_microblaze_riscv_0_0_MB_MUXCY_1638 [mbv_system_microblaze_riscv_0_0_...]
Compiling architecture structure of entity xil_defaultlib.mbv_system_microblaze_riscv_0_0_MB_MUXCY_1693 [mbv_system_microblaze_riscv_0_0_...]
Compiling architecture structure of entity xil_defaultlib.\mbv_system_microblaze_riscv_0_0_clz_part__parameterized4\ [\mbv_system_microblaze_riscv_0_0...]
Compiling architecture structure of entity xil_defaultlib.mbv_system_microblaze_riscv_0_0_MB_MUXCY_1692 [mbv_system_microblaze_riscv_0_0_...]
Compiling architecture structure of entity xil_defaultlib.\mbv_system_microblaze_riscv_0_0_clz_part__parameterized8\ [\mbv_system_microblaze_riscv_0_0...]
Compiling architecture structure of entity xil_defaultlib.mbv_system_microblaze_riscv_0_0_MB_MUXCY_1691 [mbv_system_microblaze_riscv_0_0_...]
Compiling architecture structure of entity xil_defaultlib.\mbv_system_microblaze_riscv_0_0_clz_part__parameterized10\ [\mbv_system_microblaze_riscv_0_0...]
Compiling architecture structure of entity xil_defaultlib.mbv_system_microblaze_riscv_0_0_MB_MUXCY_1690 [mbv_system_microblaze_riscv_0_0_...]
Compiling architecture structure of entity xil_defaultlib.\mbv_system_microblaze_riscv_0_0_clz_part__parameterized14\ [\mbv_system_microblaze_riscv_0_0...]
Compiling architecture structure of entity xil_defaultlib.mbv_system_microblaze_riscv_0_0_MB_MUXCY_1689 [mbv_system_microblaze_riscv_0_0_...]
Compiling architecture structure of entity xil_defaultlib.\mbv_system_microblaze_riscv_0_0_clz_part__parameterized16\ [\mbv_system_microblaze_riscv_0_0...]
Compiling architecture lut5_v of entity unisim.LUT5 [\LUT5(init="00000000000000000001...]
Compiling architecture structure of entity xil_defaultlib.mbv_system_microblaze_riscv_0_0_MB_MUXCY_1688 [mbv_system_microblaze_riscv_0_0_...]
Compiling architecture structure of entity xil_defaultlib.\mbv_system_microblaze_riscv_0_0_clz_part__parameterized18\ [\mbv_system_microblaze_riscv_0_0...]
Compiling architecture structure of entity xil_defaultlib.mbv_system_microblaze_riscv_0_0_MB_MUXCY_1687 [mbv_system_microblaze_riscv_0_0_...]
Compiling architecture structure of entity xil_defaultlib.\mbv_system_microblaze_riscv_0_0_clz_part__parameterized20\ [\mbv_system_microblaze_riscv_0_0...]
Compiling architecture structure of entity xil_defaultlib.mbv_system_microblaze_riscv_0_0_MB_MUXCY_1686 [mbv_system_microblaze_riscv_0_0_...]
Compiling architecture structure of entity xil_defaultlib.\mbv_system_microblaze_riscv_0_0_clz_part__parameterized22\ [\mbv_system_microblaze_riscv_0_0...]
Compiling architecture structure of entity xil_defaultlib.mbv_system_microblaze_riscv_0_0_MB_MUXCY_1685 [mbv_system_microblaze_riscv_0_0_...]
Compiling architecture structure of entity xil_defaultlib.\mbv_system_microblaze_riscv_0_0_clz_part__parameterized24\ [\mbv_system_microblaze_riscv_0_0...]
Compiling architecture structure of entity xil_defaultlib.mbv_system_microblaze_riscv_0_0_MB_MUXCY_1639 [mbv_system_microblaze_riscv_0_0_...]
Compiling architecture structure of entity xil_defaultlib.mbv_system_microblaze_riscv_0_0_MB_MUXCY_1684 [mbv_system_microblaze_riscv_0_0_...]
Compiling architecture structure of entity xil_defaultlib.mbv_system_microblaze_riscv_0_0_clz_part [mbv_system_microblaze_riscv_0_0_...]
Compiling architecture structure of entity xil_defaultlib.mbv_system_microblaze_riscv_0_0_MB_MUXCY_1683 [mbv_system_microblaze_riscv_0_0_...]
Compiling architecture structure of entity xil_defaultlib.\mbv_system_microblaze_riscv_0_0_clz_part__parameterized10_1640\ [\mbv_system_microblaze_riscv_0_0...]
Compiling architecture structure of entity xil_defaultlib.mbv_system_microblaze_riscv_0_0_MB_MUXCY_1682 [mbv_system_microblaze_riscv_0_0_...]
Compiling architecture structure of entity xil_defaultlib.\mbv_system_microblaze_riscv_0_0_clz_part__parameterized12\ [\mbv_system_microblaze_riscv_0_0...]
Compiling architecture structure of entity xil_defaultlib.mbv_system_microblaze_riscv_0_0_MB_MUXCY_1681 [mbv_system_microblaze_riscv_0_0_...]
Compiling architecture structure of entity xil_defaultlib.mbv_system_microblaze_riscv_0_0_clz_part_1641 [mbv_system_microblaze_riscv_0_0_...]
Compiling architecture structure of entity xil_defaultlib.mbv_system_microblaze_riscv_0_0_MB_MUXCY_1680 [mbv_system_microblaze_riscv_0_0_...]
Compiling architecture structure of entity xil_defaultlib.\mbv_system_microblaze_riscv_0_0_clz_part__parameterized10_1642\ [\mbv_system_microblaze_riscv_0_0...]
Compiling architecture structure of entity xil_defaultlib.mbv_system_microblaze_riscv_0_0_MB_MUXCY_1679 [mbv_system_microblaze_riscv_0_0_...]
Compiling architecture structure of entity xil_defaultlib.\mbv_system_microblaze_riscv_0_0_clz_part__parameterized12_1643\ [\mbv_system_microblaze_riscv_0_0...]
Compiling architecture structure of entity xil_defaultlib.mbv_system_microblaze_riscv_0_0_MB_MUXCY_1678 [mbv_system_microblaze_riscv_0_0_...]
Compiling architecture structure of entity xil_defaultlib.mbv_system_microblaze_riscv_0_0_clz_part_1644 [mbv_system_microblaze_riscv_0_0_...]
Compiling architecture structure of entity xil_defaultlib.mbv_system_microblaze_riscv_0_0_MB_MUXCY_1677 [mbv_system_microblaze_riscv_0_0_...]
Compiling architecture structure of entity xil_defaultlib.\mbv_system_microblaze_riscv_0_0_clz_part__parameterized2\ [\mbv_system_microblaze_riscv_0_0...]
Compiling architecture structure of entity xil_defaultlib.mbv_system_microblaze_riscv_0_0_MB_MUXCY_1645 [mbv_system_microblaze_riscv_0_0_...]
Compiling architecture structure of entity xil_defaultlib.mbv_system_microblaze_riscv_0_0_MB_MUXCY_1676 [mbv_system_microblaze_riscv_0_0_...]
Compiling architecture structure of entity xil_defaultlib.mbv_system_microblaze_riscv_0_0_clz_part_1646 [mbv_system_microblaze_riscv_0_0_...]
Compiling architecture structure of entity xil_defaultlib.mbv_system_microblaze_riscv_0_0_MB_MUXCY_1675 [mbv_system_microblaze_riscv_0_0_...]
Compiling architecture structure of entity xil_defaultlib.mbv_system_microblaze_riscv_0_0_clz_part_1647 [mbv_system_microblaze_riscv_0_0_...]
Compiling architecture structure of entity xil_defaultlib.mbv_system_microblaze_riscv_0_0_MB_MUXCY_1674 [mbv_system_microblaze_riscv_0_0_...]
Compiling architecture structure of entity xil_defaultlib.\mbv_system_microblaze_riscv_0_0_clz_part__parameterized4_1648\ [\mbv_system_microblaze_riscv_0_0...]
Compiling architecture structure of entity xil_defaultlib.mbv_system_microblaze_riscv_0_0_MB_MUXCY_1673 [mbv_system_microblaze_riscv_0_0_...]
Compiling architecture structure of entity xil_defaultlib.\mbv_system_microblaze_riscv_0_0_clz_part__parameterized6\ [\mbv_system_microblaze_riscv_0_0...]
Compiling architecture structure of entity xil_defaultlib.mbv_system_microblaze_riscv_0_0_MB_MUXCY_1672 [mbv_system_microblaze_riscv_0_0_...]
Compiling architecture structure of entity xil_defaultlib.\mbv_system_microblaze_riscv_0_0_clz_part__parameterized6_1649\ [\mbv_system_microblaze_riscv_0_0...]
Compiling architecture structure of entity xil_defaultlib.mbv_system_microblaze_riscv_0_0_MB_MUXCY_1671 [mbv_system_microblaze_riscv_0_0_...]
Compiling architecture structure of entity xil_defaultlib.\mbv_system_microblaze_riscv_0_0_clz_part__parameterized8_1650\ [\mbv_system_microblaze_riscv_0_0...]
Compiling architecture structure of entity xil_defaultlib.mbv_system_microblaze_riscv_0_0_MB_MUXCY_1670 [mbv_system_microblaze_riscv_0_0_...]
Compiling architecture structure of entity xil_defaultlib.mbv_system_microblaze_riscv_0_0_clz_part_1651 [mbv_system_microblaze_riscv_0_0_...]
Compiling architecture structure of entity xil_defaultlib.mbv_system_microblaze_riscv_0_0_MB_MUXCY_1669 [mbv_system_microblaze_riscv_0_0_...]
Compiling architecture structure of entity xil_defaultlib.mbv_system_microblaze_riscv_0_0_clz_part_1652 [mbv_system_microblaze_riscv_0_0_...]
Compiling architecture structure of entity xil_defaultlib.mbv_system_microblaze_riscv_0_0_MB_MUXCY_1668 [mbv_system_microblaze_riscv_0_0_...]
Compiling architecture structure of entity xil_defaultlib.\mbv_system_microblaze_riscv_0_0_clz_part__parameterized2_1653\ [\mbv_system_microblaze_riscv_0_0...]
Compiling architecture structure of entity xil_defaultlib.mbv_system_microblaze_riscv_0_0_MB_MUXCY_1654 [mbv_system_microblaze_riscv_0_0_...]
Compiling architecture structure of entity xil_defaultlib.mbv_system_microblaze_riscv_0_0_MB_MUXCY_1667 [mbv_system_microblaze_riscv_0_0_...]
Compiling architecture structure of entity xil_defaultlib.mbv_system_microblaze_riscv_0_0_clz_part_1655 [mbv_system_microblaze_riscv_0_0_...]
Compiling architecture structure of entity xil_defaultlib.mbv_system_microblaze_riscv_0_0_MB_MUXCY_1666 [mbv_system_microblaze_riscv_0_0_...]
Compiling architecture structure of entity xil_defaultlib.mbv_system_microblaze_riscv_0_0_clz_part_1656 [mbv_system_microblaze_riscv_0_0_...]
Compiling architecture structure of entity xil_defaultlib.mbv_system_microblaze_riscv_0_0_MB_MUXCY_1665 [mbv_system_microblaze_riscv_0_0_...]
Compiling architecture structure of entity xil_defaultlib.mbv_system_microblaze_riscv_0_0_clz_part_1657 [mbv_system_microblaze_riscv_0_0_...]
Compiling architecture structure of entity xil_defaultlib.mbv_system_microblaze_riscv_0_0_MB_MUXCY_1664 [mbv_system_microblaze_riscv_0_0_...]
Compiling architecture structure of entity xil_defaultlib.mbv_system_microblaze_riscv_0_0_clz_part_1658 [mbv_system_microblaze_riscv_0_0_...]
Compiling architecture structure of entity xil_defaultlib.mbv_system_microblaze_riscv_0_0_MB_MUXCY_1663 [mbv_system_microblaze_riscv_0_0_...]
Compiling architecture structure of entity xil_defaultlib.mbv_system_microblaze_riscv_0_0_clz_part_1659 [mbv_system_microblaze_riscv_0_0_...]
Compiling architecture structure of entity xil_defaultlib.mbv_system_microblaze_riscv_0_0_MB_MUXCY_1662 [mbv_system_microblaze_riscv_0_0_...]
Compiling architecture structure of entity xil_defaultlib.\mbv_system_microblaze_riscv_0_0_clz_part__parameterized2_1660\ [\mbv_system_microblaze_riscv_0_0...]
Compiling architecture structure of entity xil_defaultlib.mbv_system_microblaze_riscv_0_0_MB_MUXCY_1661 [mbv_system_microblaze_riscv_0_0_...]
Compiling architecture structure of entity xil_defaultlib.mbv_system_microblaze_riscv_0_0_clz [mbv_system_microblaze_riscv_0_0_...]
Compiling architecture lut4_v of entity unisim.LUT4 [\LUT4(init="0000001000100000")(0...]
Compiling architecture lut5_v of entity unisim.LUT5 [\LUT5(init="00000000000000100010...]
Compiling architecture lut6_v of entity unisim.LUT6 [\LUT6(init="00000000000000000000...]
Compiling architecture lut4_v of entity unisim.LUT4 [\LUT4(init="1010101010000010")(0...]
Compiling architecture lut5_v of entity unisim.LUT5 [\LUT5(init="10101010101010100010...]
Compiling architecture lut6_v of entity unisim.LUT6 [\LUT6(init="01111111111111110111...]
Compiling architecture lut5_v of entity unisim.LUT5 [\LUT5(init="10001000100010001000...]
Compiling architecture lut5_v of entity unisim.LUT5 [\LUT5(init="00110000000010000000...]
Compiling architecture lut5_v of entity unisim.LUT5 [\LUT5(init="10111000100010001000...]
Compiling architecture lut6_v of entity unisim.LUT6 [\LUT6(init="00110000001100000011...]
Compiling architecture lut6_v of entity unisim.LUT6 [\LUT6(init="10101010101010101000...]
Compiling architecture lut6_v of entity unisim.LUT6 [\LUT6(init="00001111110000000000...]
Compiling architecture lut6_v of entity unisim.LUT6 [\LUT6(init="10100000101000001100...]
Compiling architecture lut5_v of entity unisim.LUT5 [\LUT5(init="00100000001000100010...]
Compiling architecture lut6_v of entity unisim.LUT6 [\LUT6(init="10001111100000000000...]
Compiling architecture lut6_v of entity unisim.LUT6 [\LUT6(init="10111000101110111011...]
Compiling architecture lut6_v of entity unisim.LUT6 [\LUT6(init="11111111111111111111...]
Compiling architecture lut5_v of entity unisim.LUT5 [\LUT5(init="11100010001000100000...]
Compiling architecture lut6_v of entity unisim.LUT6 [\LUT6(init="11111111111000100000...]
Compiling architecture lut6_v of entity unisim.LUT6 [\LUT6(init="11001100111000100000...]
Compiling architecture lut6_v of entity unisim.LUT6 [\LUT6(init="00000000000000001111...]
Compiling architecture lut4_v of entity unisim.LUT4 [\LUT4(init="1011100010100000")(0...]
Compiling architecture lut6_v of entity unisim.LUT6 [\LUT6(init="10101111101011111110...]
Compiling architecture lut4_v of entity unisim.LUT4 [\LUT4(init="1111000010100100")(0...]
Compiling architecture lut4_v of entity unisim.LUT4 [\LUT4(init="1111000000001110")(0...]
Compiling architecture lut5_v of entity unisim.LUT5 [\LUT5(init="11111110000000011111...]
Compiling architecture lut5_v of entity unisim.LUT5 [\LUT5(init="11100001111000011110...]
Compiling architecture lut5_v of entity unisim.LUT5 [\LUT5(init="10011001100110011001...]
Compiling architecture lut5_v of entity unisim.LUT5 [\LUT5(init="00110011001100110011...]
Compiling architecture lut5_v of entity unisim.LUT5 [\LUT5(init="11111010111010100000...]
Compiling architecture lut4_v of entity unisim.LUT4 [\LUT4(init="1111111111101010")(0...]
Compiling architecture lut5_v of entity unisim.LUT5 [\LUT5(init="11111111111111111000...]
Compiling architecture lut5_v of entity unisim.LUT5 [\LUT5(init="11111111111111111010...]
Compiling architecture lut5_v of entity unisim.LUT5 [\LUT5(init="11111110111011100000...]
Compiling architecture lut5_v of entity unisim.LUT5 [\LUT5(init="11111111111111111100...]
Compiling architecture lut5_v of entity unisim.LUT5 [\LUT5(init="10101010101010000000...]
Compiling architecture lut5_v of entity unisim.LUT5 [\LUT5(init="11111111111111100000...]
Compiling architecture lut5_v of entity unisim.LUT5 [\LUT5(init="11111111111111111111...]
Compiling architecture lut5_v of entity unisim.LUT5 [\LUT5(init="11101010101010100000...]
Compiling architecture lut5_v of entity unisim.LUT5 [\LUT5(init="11000000100000000000...]
Compiling architecture lut5_v of entity unisim.LUT5 [\LUT5(init="11111111111111111010...]
Compiling architecture lut4_v of entity unisim.LUT4 [\LUT4(init="1010100000000000")(0...]
Compiling architecture structure of entity xil_defaultlib.mbv_system_microblaze_riscv_0_0_microblaze_riscv_v1_0_7_FPU_MUL [mbv_system_microblaze_riscv_0_0_...]
Compiling architecture structure of entity xil_defaultlib.mbv_system_microblaze_riscv_0_0_MB_MULT_AND [mbv_system_microblaze_riscv_0_0_...]
Compiling architecture lut4_v of entity unisim.LUT4 [\LUT4(init="0110101010100110")(0...]
Compiling architecture structure of entity xil_defaultlib.\mbv_system_microblaze_riscv_0_0_MB_LUT4__parameterized2\ [\mbv_system_microblaze_riscv_0_0...]
Compiling architecture lut6_v of entity unisim.LUT6 [\LUT6(init="11101111111011110100...]
Compiling architecture lut6_v of entity unisim.LUT6 [\LUT6(init="01011001101001101010...]
Compiling architecture structure of entity xil_defaultlib.mbv_system_microblaze_riscv_0_0_MB_MUXCY_XORCY_1397 [mbv_system_microblaze_riscv_0_0_...]
Compiling architecture structure of entity xil_defaultlib.\mbv_system_microblaze_riscv_0_0_MB_LUT4__parameterized2_1398\ [\mbv_system_microblaze_riscv_0_0...]
Compiling architecture structure of entity xil_defaultlib.mbv_system_microblaze_riscv_0_0_MB_MUXCY_XORCY_1399 [mbv_system_microblaze_riscv_0_0_...]
Compiling architecture structure of entity xil_defaultlib.mbv_system_microblaze_riscv_0_0_MB_MULT_AND_1400 [mbv_system_microblaze_riscv_0_0_...]
Compiling architecture structure of entity xil_defaultlib.\mbv_system_microblaze_riscv_0_0_MB_LUT4__parameterized2_1401\ [\mbv_system_microblaze_riscv_0_0...]
Compiling architecture lut5_v of entity unisim.LUT5 [\LUT5(init="10001111100011001000...]
Compiling architecture structure of entity xil_defaultlib.mbv_system_microblaze_riscv_0_0_MB_MUXCY_XORCY_1402 [mbv_system_microblaze_riscv_0_0_...]
Compiling architecture structure of entity xil_defaultlib.mbv_system_microblaze_riscv_0_0_MB_MULT_AND_1403 [mbv_system_microblaze_riscv_0_0_...]
Compiling architecture structure of entity xil_defaultlib.\mbv_system_microblaze_riscv_0_0_MB_LUT4__parameterized2_1404\ [\mbv_system_microblaze_riscv_0_0...]
Compiling architecture lut5_v of entity unisim.LUT5 [\LUT5(init="00000100111101111111...]
Compiling architecture lut5_v of entity unisim.LUT5 [\LUT5(init="11111011000010000000...]
Compiling architecture lut4_v of entity unisim.LUT4 [\LUT4(init="0000000010101000")(0...]
Compiling architecture lut6_v of entity unisim.LUT6 [\LUT6(init="00100000001000000010...]
Compiling architecture structure of entity xil_defaultlib.mbv_system_microblaze_riscv_0_0_MB_MUXCY_XORCY_1405 [mbv_system_microblaze_riscv_0_0_...]
Compiling architecture structure of entity xil_defaultlib.mbv_system_microblaze_riscv_0_0_MB_MULT_AND_1406 [mbv_system_microblaze_riscv_0_0_...]
Compiling architecture structure of entity xil_defaultlib.\mbv_system_microblaze_riscv_0_0_MB_LUT4__parameterized2_1407\ [\mbv_system_microblaze_riscv_0_0...]
Compiling architecture lut5_v of entity unisim.LUT5 [\LUT5(init="11110011111100011111...]
Compiling architecture lut6_v of entity unisim.LUT6 [\LUT6(init="00001111000000000000...]
Compiling architecture lut6_v of entity unisim.LUT6 [\LUT6(init="11101111111000001110...]
Compiling architecture lut6_v of entity unisim.LUT6 [\LUT6(init="11111101010111011111...]
Compiling architecture lut6_v of entity unisim.LUT6 [\LUT6(init="00000000000000001111...]
Compiling architecture lut5_v of entity unisim.LUT5 [\LUT5(init="11011101110111011101...]
Compiling architecture structure of entity xil_defaultlib.mbv_system_microblaze_riscv_0_0_MB_MUXCY_XORCY_1408 [mbv_system_microblaze_riscv_0_0_...]
Compiling architecture structure of entity xil_defaultlib.mbv_system_microblaze_riscv_0_0_MB_MULT_AND_1409 [mbv_system_microblaze_riscv_0_0_...]
Compiling architecture structure of entity xil_defaultlib.\mbv_system_microblaze_riscv_0_0_MB_LUT4__parameterized2_1410\ [\mbv_system_microblaze_riscv_0_0...]
Compiling architecture structure of entity xil_defaultlib.mbv_system_microblaze_riscv_0_0_MB_MUXCY_XORCY_1411 [mbv_system_microblaze_riscv_0_0_...]
Compiling architecture structure of entity xil_defaultlib.mbv_system_microblaze_riscv_0_0_MB_MULT_AND_1412 [mbv_system_microblaze_riscv_0_0_...]
Compiling architecture structure of entity xil_defaultlib.\mbv_system_microblaze_riscv_0_0_MB_LUT4__parameterized2_1413\ [\mbv_system_microblaze_riscv_0_0...]
Compiling architecture lut6_v of entity unisim.LUT6 [\LUT6(init="01010101010101011001...]
Compiling architecture structure of entity xil_defaultlib.mbv_system_microblaze_riscv_0_0_MB_MUXCY_XORCY_1414 [mbv_system_microblaze_riscv_0_0_...]
Compiling architecture structure of entity xil_defaultlib.mbv_system_microblaze_riscv_0_0_MB_MULT_AND_1415 [mbv_system_microblaze_riscv_0_0_...]
Compiling architecture structure of entity xil_defaultlib.\mbv_system_microblaze_riscv_0_0_MB_LUT4__parameterized2_1416\ [\mbv_system_microblaze_riscv_0_0...]
Compiling architecture lut5_v of entity unisim.LUT5 [\LUT5(init="00000000000000000000...]
Compiling architecture lut6_v of entity unisim.LUT6 [\LUT6(init="01100110111111110110...]
Compiling architecture lut5_v of entity unisim.LUT5 [\LUT5(init="11111111111111111111...]
Compiling architecture lut5_v of entity unisim.LUT5 [\LUT5(init="10100000101010001000...]
Compiling architecture lut5_v of entity unisim.LUT5 [\LUT5(init="00000000000000010001...]
Compiling architecture lut6_v of entity unisim.LUT6 [\LUT6(init="11111111101011110111...]
Compiling architecture lut5_v of entity unisim.LUT5 [\LUT5(init="11111111111111111111...]
Compiling architecture lut5_v of entity unisim.LUT5 [\LUT5(init="00000000000000000000...]
Compiling architecture structure of entity xil_defaultlib.mbv_system_microblaze_riscv_0_0_MB_MUXCY_XORCY_1417 [mbv_system_microblaze_riscv_0_0_...]
Compiling architecture structure of entity xil_defaultlib.mbv_system_microblaze_riscv_0_0_MB_MULT_AND_1418 [mbv_system_microblaze_riscv_0_0_...]
Compiling architecture structure of entity xil_defaultlib.\mbv_system_microblaze_riscv_0_0_MB_LUT4__parameterized2_1419\ [\mbv_system_microblaze_riscv_0_0...]
Compiling architecture structure of entity xil_defaultlib.mbv_system_microblaze_riscv_0_0_MB_MUXCY_XORCY_1420 [mbv_system_microblaze_riscv_0_0_...]
Compiling architecture structure of entity xil_defaultlib.mbv_system_microblaze_riscv_0_0_MB_MULT_AND_1421 [mbv_system_microblaze_riscv_0_0_...]
Compiling architecture structure of entity xil_defaultlib.\mbv_system_microblaze_riscv_0_0_MB_LUT4__parameterized2_1422\ [\mbv_system_microblaze_riscv_0_0...]
Compiling architecture lut6_v of entity unisim.LUT6 [\LUT6(init="01010101010101011001...]
Compiling architecture structure of entity xil_defaultlib.mbv_system_microblaze_riscv_0_0_MB_MUXCY_XORCY_1423 [mbv_system_microblaze_riscv_0_0_...]
Compiling architecture structure of entity xil_defaultlib.mbv_system_microblaze_riscv_0_0_MB_MUXCY_1424 [mbv_system_microblaze_riscv_0_0_...]
Compiling architecture lut4_v of entity unisim.LUT4 [\LUT4(init="0001000000000001")(0...]
Compiling architecture lut6_v of entity unisim.LUT6 [\LUT6(init="00000000000000000100...]
Compiling architecture lut4_v of entity unisim.LUT4 [\LUT4(init="1110111101000000")(0...]
Compiling architecture lut6_v of entity unisim.LUT6 [\LUT6(init="11111111111111111011...]
Compiling architecture structure of entity xil_defaultlib.mbv_system_microblaze_riscv_0_0_MB_MUXCY_1425 [mbv_system_microblaze_riscv_0_0_...]
Compiling architecture structure of entity xil_defaultlib.mbv_system_microblaze_riscv_0_0_MB_MUXCY_1426 [mbv_system_microblaze_riscv_0_0_...]
Compiling architecture lut5_v of entity unisim.LUT5 [\LUT5(init="00010000000100000001...]
Compiling architecture lut6_v of entity unisim.LUT6 [\LUT6(init="11111111111111110100...]
Compiling architecture structure of entity xil_defaultlib.mbv_system_microblaze_riscv_0_0_MB_MUXCY_1427 [mbv_system_microblaze_riscv_0_0_...]
Compiling architecture structure of entity xil_defaultlib.mbv_system_microblaze_riscv_0_0_MB_FDR_1428 [mbv_system_microblaze_riscv_0_0_...]
Compiling architecture lut6_v of entity unisim.LUT6 [\LUT6(init="00000000110000001100...]
Compiling architecture lut5_v of entity unisim.LUT5 [\LUT5(init="11111111111111111111...]
Compiling architecture structure of entity xil_defaultlib.mbv_system_microblaze_riscv_0_0_MB_FDR_1429 [mbv_system_microblaze_riscv_0_0_...]
Compiling architecture lut6_v of entity unisim.LUT6 [\LUT6(init="11111111111111111111...]
Compiling architecture structure of entity xil_defaultlib.mbv_system_microblaze_riscv_0_0_MB_FDR_1430 [mbv_system_microblaze_riscv_0_0_...]
Compiling architecture structure of entity xil_defaultlib.mbv_system_microblaze_riscv_0_0_MB_FDR_1431 [mbv_system_microblaze_riscv_0_0_...]
Compiling architecture structure of entity xil_defaultlib.mbv_system_microblaze_riscv_0_0_MB_FDR_1432 [mbv_system_microblaze_riscv_0_0_...]
Compiling architecture lut6_v of entity unisim.LUT6 [\LUT6(init="10111011101110111011...]
Compiling architecture lut6_v of entity unisim.LUT6 [\LUT6(init="11110111111101111111...]
Compiling architecture lut6_v of entity unisim.LUT6 [\LUT6(init="10001000100010001000...]
Compiling architecture lut4_v of entity unisim.LUT4 [\LUT4(init="1111100111111111")(0...]
Compiling architecture lut4_v of entity unisim.LUT4 [\LUT4(init="0000000001111101")(0...]
Compiling architecture structure of entity xil_defaultlib.mbv_system_microblaze_riscv_0_0_MB_MUXCY_1544 [mbv_system_microblaze_riscv_0_0_...]
Compiling architecture structure of entity xil_defaultlib.mbv_system_microblaze_riscv_0_0_carry_and_1529 [mbv_system_microblaze_riscv_0_0_...]
Compiling architecture structure of entity xil_defaultlib.mbv_system_microblaze_riscv_0_0_MB_MUXCY_1543 [mbv_system_microblaze_riscv_0_0_...]
Compiling architecture structure of entity xil_defaultlib.mbv_system_microblaze_riscv_0_0_carry_and_1530 [mbv_system_microblaze_riscv_0_0_...]
Compiling architecture structure of entity xil_defaultlib.mbv_system_microblaze_riscv_0_0_MB_MUXCY_1542 [mbv_system_microblaze_riscv_0_0_...]
Compiling architecture structure of entity xil_defaultlib.mbv_system_microblaze_riscv_0_0_carry_and_1531 [mbv_system_microblaze_riscv_0_0_...]
Compiling architecture structure of entity xil_defaultlib.mbv_system_microblaze_riscv_0_0_MB_MUXCY_1541 [mbv_system_microblaze_riscv_0_0_...]
Compiling architecture structure of entity xil_defaultlib.mbv_system_microblaze_riscv_0_0_carry_and_1532 [mbv_system_microblaze_riscv_0_0_...]
Compiling architecture structure of entity xil_defaultlib.mbv_system_microblaze_riscv_0_0_MB_MUXCY_1540 [mbv_system_microblaze_riscv_0_0_...]
Compiling architecture structure of entity xil_defaultlib.mbv_system_microblaze_riscv_0_0_carry_and_1533 [mbv_system_microblaze_riscv_0_0_...]
Compiling architecture structure of entity xil_defaultlib.mbv_system_microblaze_riscv_0_0_MB_MUXCY_1539 [mbv_system_microblaze_riscv_0_0_...]
Compiling architecture structure of entity xil_defaultlib.mbv_system_microblaze_riscv_0_0_carry_and_1534 [mbv_system_microblaze_riscv_0_0_...]
Compiling architecture structure of entity xil_defaultlib.mbv_system_microblaze_riscv_0_0_MB_MUXCY_1538 [mbv_system_microblaze_riscv_0_0_...]
Compiling architecture structure of entity xil_defaultlib.mbv_system_microblaze_riscv_0_0_carry_and_1535 [mbv_system_microblaze_riscv_0_0_...]
Compiling architecture structure of entity xil_defaultlib.mbv_system_microblaze_riscv_0_0_MB_MUXCY_1537 [mbv_system_microblaze_riscv_0_0_...]
Compiling architecture structure of entity xil_defaultlib.mbv_system_microblaze_riscv_0_0_carry_and_1536 [mbv_system_microblaze_riscv_0_0_...]
Compiling architecture structure of entity xil_defaultlib.\mbv_system_microblaze_riscv_0_0_carry_compare__parameterized1\ [\mbv_system_microblaze_riscv_0_0...]
Compiling architecture structure of entity xil_defaultlib.mbv_system_microblaze_riscv_0_0_MB_MUXCY_1528 [mbv_system_microblaze_riscv_0_0_...]
Compiling architecture structure of entity xil_defaultlib.mbv_system_microblaze_riscv_0_0_carry_and_1523 [mbv_system_microblaze_riscv_0_0_...]
Compiling architecture structure of entity xil_defaultlib.mbv_system_microblaze_riscv_0_0_MB_MUXCY_1527 [mbv_system_microblaze_riscv_0_0_...]
Compiling architecture structure of entity xil_defaultlib.mbv_system_microblaze_riscv_0_0_carry_and_1524 [mbv_system_microblaze_riscv_0_0_...]
Compiling architecture structure of entity xil_defaultlib.mbv_system_microblaze_riscv_0_0_MB_MUXCY_1526 [mbv_system_microblaze_riscv_0_0_...]
Compiling architecture structure of entity xil_defaultlib.mbv_system_microblaze_riscv_0_0_carry_and_1525 [mbv_system_microblaze_riscv_0_0_...]
Compiling architecture structure of entity xil_defaultlib.mbv_system_microblaze_riscv_0_0_carry_compare_1433 [mbv_system_microblaze_riscv_0_0_...]
Compiling architecture structure of entity xil_defaultlib.mbv_system_microblaze_riscv_0_0_MB_MUXCY_1522 [mbv_system_microblaze_riscv_0_0_...]
Compiling architecture structure of entity xil_defaultlib.mbv_system_microblaze_riscv_0_0_carry_and_1511 [mbv_system_microblaze_riscv_0_0_...]
Compiling architecture structure of entity xil_defaultlib.mbv_system_microblaze_riscv_0_0_MB_MUXCY_1521 [mbv_system_microblaze_riscv_0_0_...]
Compiling architecture structure of entity xil_defaultlib.mbv_system_microblaze_riscv_0_0_carry_and_1512 [mbv_system_microblaze_riscv_0_0_...]
Compiling architecture structure of entity xil_defaultlib.mbv_system_microblaze_riscv_0_0_MB_MUXCY_1520 [mbv_system_microblaze_riscv_0_0_...]
Compiling architecture structure of entity xil_defaultlib.mbv_system_microblaze_riscv_0_0_carry_and_1513 [mbv_system_microblaze_riscv_0_0_...]
Compiling architecture structure of entity xil_defaultlib.mbv_system_microblaze_riscv_0_0_MB_MUXCY_1519 [mbv_system_microblaze_riscv_0_0_...]
Compiling architecture structure of entity xil_defaultlib.mbv_system_microblaze_riscv_0_0_carry_and_1514 [mbv_system_microblaze_riscv_0_0_...]
Compiling architecture structure of entity xil_defaultlib.mbv_system_microblaze_riscv_0_0_MB_MUXCY_1518 [mbv_system_microblaze_riscv_0_0_...]
Compiling architecture structure of entity xil_defaultlib.mbv_system_microblaze_riscv_0_0_carry_and_1515 [mbv_system_microblaze_riscv_0_0_...]
Compiling architecture structure of entity xil_defaultlib.mbv_system_microblaze_riscv_0_0_MB_MUXCY_1517 [mbv_system_microblaze_riscv_0_0_...]
Compiling architecture structure of entity xil_defaultlib.mbv_system_microblaze_riscv_0_0_carry_and_1516 [mbv_system_microblaze_riscv_0_0_...]
Compiling architecture structure of entity xil_defaultlib.mbv_system_microblaze_riscv_0_0_carry_compare_const [mbv_system_microblaze_riscv_0_0_...]
Compiling architecture lut6_v of entity unisim.LUT6 [\LUT6(init="11111111111111111111...]
Compiling architecture structure of entity xil_defaultlib.mbv_system_microblaze_riscv_0_0_MB_MUXCY_1510 [mbv_system_microblaze_riscv_0_0_...]
Compiling architecture structure of entity xil_defaultlib.mbv_system_microblaze_riscv_0_0_carry_and_1499 [mbv_system_microblaze_riscv_0_0_...]
Compiling architecture structure of entity xil_defaultlib.mbv_system_microblaze_riscv_0_0_MB_MUXCY_1509 [mbv_system_microblaze_riscv_0_0_...]
Compiling architecture structure of entity xil_defaultlib.mbv_system_microblaze_riscv_0_0_carry_and_1500 [mbv_system_microblaze_riscv_0_0_...]
Compiling architecture structure of entity xil_defaultlib.mbv_system_microblaze_riscv_0_0_MB_MUXCY_1508 [mbv_system_microblaze_riscv_0_0_...]
Compiling architecture structure of entity xil_defaultlib.mbv_system_microblaze_riscv_0_0_carry_and_1501 [mbv_system_microblaze_riscv_0_0_...]
Compiling architecture structure of entity xil_defaultlib.mbv_system_microblaze_riscv_0_0_MB_MUXCY_1507 [mbv_system_microblaze_riscv_0_0_...]
Compiling architecture structure of entity xil_defaultlib.mbv_system_microblaze_riscv_0_0_carry_and_1502 [mbv_system_microblaze_riscv_0_0_...]
Compiling architecture structure of entity xil_defaultlib.mbv_system_microblaze_riscv_0_0_MB_MUXCY_1506 [mbv_system_microblaze_riscv_0_0_...]
Compiling architecture structure of entity xil_defaultlib.mbv_system_microblaze_riscv_0_0_carry_and_1503 [mbv_system_microblaze_riscv_0_0_...]
Compiling architecture structure of entity xil_defaultlib.mbv_system_microblaze_riscv_0_0_MB_MUXCY_1505 [mbv_system_microblaze_riscv_0_0_...]
Compiling architecture structure of entity xil_defaultlib.mbv_system_microblaze_riscv_0_0_carry_and_1504 [mbv_system_microblaze_riscv_0_0_...]
Compiling architecture structure of entity xil_defaultlib.mbv_system_microblaze_riscv_0_0_carry_compare_const_1434 [mbv_system_microblaze_riscv_0_0_...]
Compiling architecture structure of entity xil_defaultlib.mbv_system_microblaze_riscv_0_0_MB_MUXCY_XORCY_1435 [mbv_system_microblaze_riscv_0_0_...]
Compiling architecture structure of entity xil_defaultlib.mbv_system_microblaze_riscv_0_0_MB_MUXCY_XORCY_1436 [mbv_system_microblaze_riscv_0_0_...]
Compiling architecture structure of entity xil_defaultlib.mbv_system_microblaze_riscv_0_0_MB_MUXCY_XORCY_1437 [mbv_system_microblaze_riscv_0_0_...]
Compiling architecture structure of entity xil_defaultlib.mbv_system_microblaze_riscv_0_0_MB_MUXCY_XORCY_1438 [mbv_system_microblaze_riscv_0_0_...]
Compiling architecture structure of entity xil_defaultlib.mbv_system_microblaze_riscv_0_0_MB_MUXCY_XORCY_1439 [mbv_system_microblaze_riscv_0_0_...]
Compiling architecture structure of entity xil_defaultlib.mbv_system_microblaze_riscv_0_0_MB_MUXCY_XORCY_1440 [mbv_system_microblaze_riscv_0_0_...]
Compiling architecture structure of entity xil_defaultlib.mbv_system_microblaze_riscv_0_0_MB_MUXCY_XORCY_1441 [mbv_system_microblaze_riscv_0_0_...]
Compiling architecture structure of entity xil_defaultlib.mbv_system_microblaze_riscv_0_0_MB_MUXCY_XORCY_1442 [mbv_system_microblaze_riscv_0_0_...]
Compiling architecture structure of entity xil_defaultlib.mbv_system_microblaze_riscv_0_0_MB_MUXCY_XORCY_1443 [mbv_system_microblaze_riscv_0_0_...]
Compiling architecture structure of entity xil_defaultlib.mbv_system_microblaze_riscv_0_0_MB_MUXCY_XORCY_1444 [mbv_system_microblaze_riscv_0_0_...]
Compiling architecture structure of entity xil_defaultlib.mbv_system_microblaze_riscv_0_0_MB_MUXCY_XORCY_1445 [mbv_system_microblaze_riscv_0_0_...]
Compiling architecture structure of entity xil_defaultlib.mbv_system_microblaze_riscv_0_0_MB_MUXCY_XORCY_1446 [mbv_system_microblaze_riscv_0_0_...]
Compiling architecture structure of entity xil_defaultlib.mbv_system_microblaze_riscv_0_0_MB_MUXCY_XORCY_1447 [mbv_system_microblaze_riscv_0_0_...]
Compiling architecture structure of entity xil_defaultlib.mbv_system_microblaze_riscv_0_0_MB_MUXCY_XORCY_1448 [mbv_system_microblaze_riscv_0_0_...]
Compiling architecture structure of entity xil_defaultlib.mbv_system_microblaze_riscv_0_0_MB_MUXCY_XORCY_1449 [mbv_system_microblaze_riscv_0_0_...]
Compiling architecture structure of entity xil_defaultlib.mbv_system_microblaze_riscv_0_0_MB_MUXCY_XORCY_1450 [mbv_system_microblaze_riscv_0_0_...]
Compiling architecture structure of entity xil_defaultlib.mbv_system_microblaze_riscv_0_0_MB_MUXCY_XORCY_1451 [mbv_system_microblaze_riscv_0_0_...]
Compiling architecture structure of entity xil_defaultlib.mbv_system_microblaze_riscv_0_0_MB_MUXCY_XORCY_1452 [mbv_system_microblaze_riscv_0_0_...]
Compiling architecture structure of entity xil_defaultlib.mbv_system_microblaze_riscv_0_0_MB_MUXCY_XORCY_1453 [mbv_system_microblaze_riscv_0_0_...]
Compiling architecture structure of entity xil_defaultlib.mbv_system_microblaze_riscv_0_0_MB_MUXCY_XORCY_1454 [mbv_system_microblaze_riscv_0_0_...]
Compiling architecture structure of entity xil_defaultlib.mbv_system_microblaze_riscv_0_0_MB_MUXCY_XORCY_1455 [mbv_system_microblaze_riscv_0_0_...]
Compiling architecture structure of entity xil_defaultlib.mbv_system_microblaze_riscv_0_0_MB_MUXCY_XORCY_1456 [mbv_system_microblaze_riscv_0_0_...]
Compiling architecture structure of entity xil_defaultlib.mbv_system_microblaze_riscv_0_0_MB_MUXCY_XORCY_1457 [mbv_system_microblaze_riscv_0_0_...]
Compiling architecture structure of entity xil_defaultlib.mbv_system_microblaze_riscv_0_0_MB_MUXCY_XORCY_1458 [mbv_system_microblaze_riscv_0_0_...]
Compiling architecture lut6_v of entity unisim.LUT6 [\LUT6(init="00000000000000010000...]
Compiling architecture structure of entity xil_defaultlib.mbv_system_microblaze_riscv_0_0_MB_MUXCY_XORCY_1459 [mbv_system_microblaze_riscv_0_0_...]
Compiling architecture structure of entity xil_defaultlib.mbv_system_microblaze_riscv_0_0_MB_MUXCY_XORCY_1460 [mbv_system_microblaze_riscv_0_0_...]
Compiling architecture structure of entity xil_defaultlib.mbv_system_microblaze_riscv_0_0_MB_MUXCY_XORCY_1461 [mbv_system_microblaze_riscv_0_0_...]
Compiling architecture structure of entity xil_defaultlib.mbv_system_microblaze_riscv_0_0_MB_MUXCY_XORCY_1462 [mbv_system_microblaze_riscv_0_0_...]
Compiling architecture structure of entity xil_defaultlib.mbv_system_microblaze_riscv_0_0_MB_MUXCY_XORCY_1463 [mbv_system_microblaze_riscv_0_0_...]
Compiling architecture structure of entity xil_defaultlib.mbv_system_microblaze_riscv_0_0_MB_MUXCY_XORCY_1464 [mbv_system_microblaze_riscv_0_0_...]
Compiling architecture structure of entity xil_defaultlib.mbv_system_microblaze_riscv_0_0_MB_MUXCY_XORCY_1465 [mbv_system_microblaze_riscv_0_0_...]
Compiling architecture structure of entity xil_defaultlib.mbv_system_microblaze_riscv_0_0_MB_MUXCY_XORCY_1466 [mbv_system_microblaze_riscv_0_0_...]
Compiling architecture lut5_v of entity unisim.LUT5 [\LUT5(init="11011101110110001000...]
Compiling architecture lut5_v of entity unisim.LUT5 [\LUT5(init="11111111111000100000...]
Compiling architecture lut5_v of entity unisim.LUT5 [\LUT5(init="00000000111111110100...]
Compiling architecture lut5_v of entity unisim.LUT5 [\LUT5(init="01000111010001000100...]
Compiling architecture lut6_v of entity unisim.LUT6 [\LUT6(init="10011001100110101001...]
Compiling architecture lut6_v of entity unisim.LUT6 [\LUT6(init="11111111111111111111...]
Compiling architecture lut6_v of entity unisim.LUT6 [\LUT6(init="11111111111111111111...]
Compiling architecture lut5_v of entity unisim.LUT5 [\LUT5(init="11111111111110001000...]
Compiling architecture lut6_v of entity unisim.LUT6 [\LUT6(init="00001101111111111111...]
Compiling architecture lut6_v of entity unisim.LUT6 [\LUT6(init="00000000000000000000...]
Compiling architecture lut6_v of entity unisim.LUT6 [\LUT6(init="10101010101010101010...]
Compiling architecture lut6_v of entity unisim.LUT6 [\LUT6(init="01000000000000000100...]
Compiling architecture lut6_v of entity unisim.LUT6 [\LUT6(init="10100000101010001010...]
Compiling architecture lut6_v of entity unisim.LUT6 [\LUT6(init="00000000000000001101...]
Compiling architecture lut6_v of entity unisim.LUT6 [\LUT6(init="00000000000000000000...]
Compiling architecture lut6_v of entity unisim.LUT6 [\LUT6(init="11111111111111111111...]
Compiling architecture lut6_v of entity unisim.LUT6 [\LUT6(init="10000000100010000000...]
Compiling architecture lut6_v of entity unisim.LUT6 [\LUT6(init="10111111101111111010...]
Compiling architecture lut5_v of entity unisim.LUT5 [\LUT5(init="10000000000010001010...]
Compiling architecture lut6_v of entity unisim.LUT6 [\LUT6(init="10101010101010101010...]
Compiling architecture lut6_v of entity unisim.LUT6 [\LUT6(init="00000000000000000000...]
Compiling architecture lut6_v of entity unisim.LUT6 [\LUT6(init="11110010000000001111...]
Compiling architecture structure of entity xil_defaultlib.mbv_system_microblaze_riscv_0_0_MB_MUXCY_XORCY_1467 [mbv_system_microblaze_riscv_0_0_...]
Compiling architecture structure of entity xil_defaultlib.mbv_system_microblaze_riscv_0_0_MB_MUXCY_XORCY_1468 [mbv_system_microblaze_riscv_0_0_...]
Compiling architecture structure of entity xil_defaultlib.mbv_system_microblaze_riscv_0_0_MB_MUXCY_XORCY_1469 [mbv_system_microblaze_riscv_0_0_...]
Compiling architecture structure of entity xil_defaultlib.mbv_system_microblaze_riscv_0_0_MB_MUXCY_XORCY_1470 [mbv_system_microblaze_riscv_0_0_...]
Compiling architecture structure of entity xil_defaultlib.mbv_system_microblaze_riscv_0_0_MB_MUXCY_XORCY_1471 [mbv_system_microblaze_riscv_0_0_...]
Compiling architecture structure of entity xil_defaultlib.mbv_system_microblaze_riscv_0_0_MB_MUXCY_XORCY_1472 [mbv_system_microblaze_riscv_0_0_...]
Compiling architecture structure of entity xil_defaultlib.mbv_system_microblaze_riscv_0_0_MB_MUXCY_XORCY_1473 [mbv_system_microblaze_riscv_0_0_...]
Compiling architecture structure of entity xil_defaultlib.mbv_system_microblaze_riscv_0_0_MB_MUXCY_XORCY_1474 [mbv_system_microblaze_riscv_0_0_...]
Compiling architecture structure of entity xil_defaultlib.mbv_system_microblaze_riscv_0_0_MB_MUXCY_XORCY_1475 [mbv_system_microblaze_riscv_0_0_...]
Compiling architecture structure of entity xil_defaultlib.mbv_system_microblaze_riscv_0_0_MB_MUXCY_XORCY_1476 [mbv_system_microblaze_riscv_0_0_...]
Compiling architecture structure of entity xil_defaultlib.mbv_system_microblaze_riscv_0_0_MB_MUXCY_XORCY_1477 [mbv_system_microblaze_riscv_0_0_...]
Compiling architecture structure of entity xil_defaultlib.mbv_system_microblaze_riscv_0_0_MB_MUXCY_XORCY_1478 [mbv_system_microblaze_riscv_0_0_...]
Compiling architecture structure of entity xil_defaultlib.mbv_system_microblaze_riscv_0_0_MB_MUXCY_XORCY_1479 [mbv_system_microblaze_riscv_0_0_...]
Compiling architecture structure of entity xil_defaultlib.mbv_system_microblaze_riscv_0_0_MB_MUXCY_XORCY_1480 [mbv_system_microblaze_riscv_0_0_...]
Compiling architecture structure of entity xil_defaultlib.mbv_system_microblaze_riscv_0_0_MB_MUXCY_XORCY_1481 [mbv_system_microblaze_riscv_0_0_...]
Compiling architecture structure of entity xil_defaultlib.mbv_system_microblaze_riscv_0_0_MB_MUXCY_XORCY_1482 [mbv_system_microblaze_riscv_0_0_...]
Compiling architecture structure of entity xil_defaultlib.mbv_system_microblaze_riscv_0_0_MB_MUXCY_XORCY_1483 [mbv_system_microblaze_riscv_0_0_...]
Compiling architecture structure of entity xil_defaultlib.mbv_system_microblaze_riscv_0_0_MB_MUXCY_XORCY_1484 [mbv_system_microblaze_riscv_0_0_...]
Compiling architecture structure of entity xil_defaultlib.mbv_system_microblaze_riscv_0_0_MB_MUXCY_XORCY_1485 [mbv_system_microblaze_riscv_0_0_...]
Compiling architecture structure of entity xil_defaultlib.mbv_system_microblaze_riscv_0_0_MB_MUXCY_XORCY_1486 [mbv_system_microblaze_riscv_0_0_...]
Compiling architecture structure of entity xil_defaultlib.mbv_system_microblaze_riscv_0_0_MB_MUXCY_XORCY_1487 [mbv_system_microblaze_riscv_0_0_...]
Compiling architecture structure of entity xil_defaultlib.mbv_system_microblaze_riscv_0_0_MB_MUXCY_XORCY_1488 [mbv_system_microblaze_riscv_0_0_...]
Compiling architecture structure of entity xil_defaultlib.mbv_system_microblaze_riscv_0_0_MB_MUXCY_XORCY_1489 [mbv_system_microblaze_riscv_0_0_...]
Compiling architecture structure of entity xil_defaultlib.mbv_system_microblaze_riscv_0_0_MB_MUXCY_XORCY_1490 [mbv_system_microblaze_riscv_0_0_...]
Compiling architecture structure of entity xil_defaultlib.mbv_system_microblaze_riscv_0_0_MB_MUXCY_XORCY_1491 [mbv_system_microblaze_riscv_0_0_...]
Compiling architecture structure of entity xil_defaultlib.mbv_system_microblaze_riscv_0_0_MB_MUXCY_XORCY_1492 [mbv_system_microblaze_riscv_0_0_...]
Compiling architecture structure of entity xil_defaultlib.mbv_system_microblaze_riscv_0_0_MB_MUXCY_XORCY_1493 [mbv_system_microblaze_riscv_0_0_...]
Compiling architecture structure of entity xil_defaultlib.mbv_system_microblaze_riscv_0_0_MB_MUXCY_XORCY_1494 [mbv_system_microblaze_riscv_0_0_...]
Compiling architecture structure of entity xil_defaultlib.mbv_system_microblaze_riscv_0_0_MB_MUXCY_XORCY_1495 [mbv_system_microblaze_riscv_0_0_...]
Compiling architecture structure of entity xil_defaultlib.mbv_system_microblaze_riscv_0_0_MB_MUXCY_XORCY_1496 [mbv_system_microblaze_riscv_0_0_...]
Compiling architecture structure of entity xil_defaultlib.mbv_system_microblaze_riscv_0_0_MB_MUXCY_XORCY_1497 [mbv_system_microblaze_riscv_0_0_...]
Compiling architecture structure of entity xil_defaultlib.mbv_system_microblaze_riscv_0_0_MB_MUXCY_XORCY_1498 [mbv_system_microblaze_riscv_0_0_...]
Compiling architecture lut6_v of entity unisim.LUT6 [\LUT6(init="00111010111111110011...]
Compiling architecture lut6_v of entity unisim.LUT6 [\LUT6(init="00110011010101010000...]
Compiling architecture lut6_v of entity unisim.LUT6 [\LUT6(init="11001010111111111100...]
Compiling architecture lut6_v of entity unisim.LUT6 [\LUT6(init="00000000001100110000...]
Compiling architecture lut6_v of entity unisim.LUT6 [\LUT6(init="00110011010101010000...]
Compiling architecture lut6_v of entity unisim.LUT6 [\LUT6(init="01010000001100000101...]
Compiling architecture lut6_v of entity unisim.LUT6 [\LUT6(init="10101111001111111010...]
Compiling architecture lut6_v of entity unisim.LUT6 [\LUT6(init="00000000010101010000...]
Compiling architecture lut6_v of entity unisim.LUT6 [\LUT6(init="00000000000000000000...]
Compiling architecture lut6_v of entity unisim.LUT6 [\LUT6(init="10101010101010101110...]
Compiling architecture lut6_v of entity unisim.LUT6 [\LUT6(init="00010000000100010001...]
Compiling architecture lut6_v of entity unisim.LUT6 [\LUT6(init="00000000000101011111...]
Compiling architecture lut6_v of entity unisim.LUT6 [\LUT6(init="00000000000000000000...]
Compiling architecture lut5_v of entity unisim.LUT5 [\LUT5(init="00000000000011110000...]
Compiling architecture lut6_v of entity unisim.LUT6 [\LUT6(init="00000000000000000100...]
Compiling architecture lut5_v of entity unisim.LUT5 [\LUT5(init="11111111111111110001...]
Compiling architecture lut5_v of entity unisim.LUT5 [\LUT5(init="10101011101010111010...]
Compiling architecture lut6_v of entity unisim.LUT6 [\LUT6(init="00000000011100000101...]
Compiling architecture lut6_v of entity unisim.LUT6 [\LUT6(init="11101010111010101110...]
Compiling architecture lut6_v of entity unisim.LUT6 [\LUT6(init="01010101111111110101...]
Compiling architecture lut6_v of entity unisim.LUT6 [\LUT6(init="00000000000000000000...]
Compiling architecture lut6_v of entity unisim.LUT6 [\LUT6(init="01000100000000000100...]
Compiling architecture lut6_v of entity unisim.LUT6 [\LUT6(init="11111111111111111111...]
Compiling architecture lut6_v of entity unisim.LUT6 [\LUT6(init="11101110111011111111...]
Compiling architecture lut6_v of entity unisim.LUT6 [\LUT6(init="00010001000100010001...]
Compiling architecture lut6_v of entity unisim.LUT6 [\LUT6(init="00000000000000000000...]
Compiling architecture lut6_v of entity unisim.LUT6 [\LUT6(init="00000000000000000000...]
Compiling architecture lut5_v of entity unisim.LUT5 [\LUT5(init="00000000000000001111...]
Compiling architecture lut6_v of entity unisim.LUT6 [\LUT6(init="11000101111111111100...]
Compiling architecture lut6_v of entity unisim.LUT6 [\LUT6(init="00000000000000000000...]
Compiling architecture lut6_v of entity unisim.LUT6 [\LUT6(init="00000000000000000000...]
Compiling architecture lut6_v of entity unisim.LUT6 [\LUT6(init="00000000000000000000...]
Compiling architecture lut5_v of entity unisim.LUT5 [\LUT5(init="00000000000000001111...]
Compiling architecture lut6_v of entity unisim.LUT6 [\LUT6(init="00000000000000000000...]
Compiling architecture lut6_v of entity unisim.LUT6 [\LUT6(init="00000000000000000000...]
Compiling architecture lut6_v of entity unisim.LUT6 [\LUT6(init="00000000000000000000...]
Compiling architecture lut6_v of entity unisim.LUT6 [\LUT6(init="11001100101010101111...]
Compiling architecture lut6_v of entity unisim.LUT6 [\LUT6(init="00000000000000000000...]
Compiling architecture lut6_v of entity unisim.LUT6 [\LUT6(init="00000000000000000000...]
Compiling architecture lut6_v of entity unisim.LUT6 [\LUT6(init="00000000000000000000...]
Compiling architecture lut6_v of entity unisim.LUT6 [\LUT6(init="00000000000000000000...]
Compiling architecture lut6_v of entity unisim.LUT6 [\LUT6(init="00000000000000000000...]
Compiling architecture lut6_v of entity unisim.LUT6 [\LUT6(init="00000000000000000000...]
Compiling architecture lut6_v of entity unisim.LUT6 [\LUT6(init="00000000000000000000...]
Compiling architecture lut6_v of entity unisim.LUT6 [\LUT6(init="00000000000000000000...]
Compiling architecture lut5_v of entity unisim.LUT5 [\LUT5(init="00000000000000001110...]
Compiling architecture lut6_v of entity unisim.LUT6 [\LUT6(init="00000000000000000000...]
Compiling architecture lut6_v of entity unisim.LUT6 [\LUT6(init="10101111111111001010...]
Compiling architecture lut6_v of entity unisim.LUT6 [\LUT6(init="00000000000000000000...]
Compiling architecture lut6_v of entity unisim.LUT6 [\LUT6(init="00000000000000000000...]
Compiling architecture lut5_v of entity unisim.LUT5 [\LUT5(init="00001100000000000000...]
Compiling architecture lut6_v of entity unisim.LUT6 [\LUT6(init="01000100010001000101...]
Compiling architecture lut6_v of entity unisim.LUT6 [\LUT6(init="11111111111111111111...]
Compiling architecture lut6_v of entity unisim.LUT6 [\LUT6(init="00000000000000000000...]
Compiling architecture lut6_v of entity unisim.LUT6 [\LUT6(init="10111010101110111011...]
Compiling architecture lut5_v of entity unisim.LUT5 [\LUT5(init="11111111111111110100...]
Compiling architecture lut6_v of entity unisim.LUT6 [\LUT6(init="10111011101110101011...]
Compiling architecture lut5_v of entity unisim.LUT5 [\LUT5(init="00110000001100010011...]
Compiling architecture lut5_v of entity unisim.LUT5 [\LUT5(init="00010000000100010001...]
Compiling architecture lut6_v of entity unisim.LUT6 [\LUT6(init="00000011000000110000...]
Compiling architecture lut6_v of entity unisim.LUT6 [\LUT6(init="11101110111000001110...]
Compiling architecture lut6_v of entity unisim.LUT6 [\LUT6(init="00000000000000000000...]
Compiling architecture lut6_v of entity unisim.LUT6 [\LUT6(init="01010101010001010101...]
Compiling architecture lut6_v of entity unisim.LUT6 [\LUT6(init="00000000000000001111...]
Compiling architecture lut6_v of entity unisim.LUT6 [\LUT6(init="00000000000000000000...]
Compiling architecture lut5_v of entity unisim.LUT5 [\LUT5(init="11111111111111111111...]
Compiling architecture lut6_v of entity unisim.LUT6 [\LUT6(init="00000000000000000000...]
Compiling architecture lut6_v of entity unisim.LUT6 [\LUT6(init="00000000000000000000...]
Compiling architecture lut6_v of entity unisim.LUT6 [\LUT6(init="11111111111111111111...]
Compiling architecture lut5_v of entity unisim.LUT5 [\LUT5(init="10101011111111111010...]
Compiling architecture lut6_v of entity unisim.LUT6 [\LUT6(init="01010110000000000101...]
Compiling architecture lut6_v of entity unisim.LUT6 [\LUT6(init="11111111111111111111...]
Compiling architecture lut5_v of entity unisim.LUT5 [\LUT5(init="01110111011101000100...]
Compiling architecture lut5_v of entity unisim.LUT5 [\LUT5(init="10111000101110001011...]
Compiling architecture lut5_v of entity unisim.LUT5 [\LUT5(init="10111011101110001000...]
Compiling architecture structure of entity xil_defaultlib.mbv_system_microblaze_riscv_0_0_microblaze_riscv_v1_0_7_fpu_conv [mbv_system_microblaze_riscv_0_0_...]
Compiling architecture lut6_v of entity unisim.LUT6 [\LUT6(init="00000000000000000000...]
Compiling architecture lut6_v of entity unisim.LUT6 [\LUT6(init="11010010000000001101...]
Compiling architecture lut4_v of entity unisim.LUT4 [\LUT4(init="1011111100001011")(0...]
Compiling architecture lut5_v of entity unisim.LUT5 [\LUT5(init="10010000100111110110...]
Compiling architecture lut4_v of entity unisim.LUT4 [\LUT4(init="1111100010000000")(0...]
Compiling architecture lut6_v of entity unisim.LUT6 [\LUT6(init="11111111111111111111...]
Compiling architecture lut6_v of entity unisim.LUT6 [\LUT6(init="00000000000000000000...]
Compiling architecture lut5_v of entity unisim.LUT5 [\LUT5(init="10101010101010000000...]
Compiling architecture lut6_v of entity unisim.LUT6 [\LUT6(init="00000000101000000000...]
Compiling architecture lut6_v of entity unisim.LUT6 [\LUT6(init="00101111001000000010...]
Compiling architecture lut6_v of entity unisim.LUT6 [\LUT6(init="00000000000000000000...]
Compiling architecture lut6_v of entity unisim.LUT6 [\LUT6(init="00000100000001000000...]
Compiling architecture lut6_v of entity unisim.LUT6 [\LUT6(init="00000000000000000111...]
Compiling architecture lut6_v of entity unisim.LUT6 [\LUT6(init="00000000000000000000...]
Compiling architecture lut6_v of entity unisim.LUT6 [\LUT6(init="10001000100010001000...]
Compiling architecture lut6_v of entity unisim.LUT6 [\LUT6(init="00000000000000000000...]
Compiling architecture lut6_v of entity unisim.LUT6 [\LUT6(init="00010001000111010001...]
Compiling architecture lut6_v of entity unisim.LUT6 [\LUT6(init="11111111000000001111...]
Compiling architecture lut6_v of entity unisim.LUT6 [\LUT6(init="01000000010000000100...]
Compiling architecture lut6_v of entity unisim.LUT6 [\LUT6(init="11111111000000001111...]
Compiling architecture lut6_v of entity unisim.LUT6 [\LUT6(init="10101000100010001010...]
Compiling architecture lut6_v of entity unisim.LUT6 [\LUT6(init="00000100000001000000...]
Compiling architecture lut3_v of entity unisim.LUT3 [\LUT3(init="00011101")(0,7)\]
Compiling architecture lut4_v of entity unisim.LUT4 [\LUT4(init="0111010001110111")(0...]
Compiling architecture lut4_v of entity unisim.LUT4 [\LUT4(init="0000101111111011")(0...]
Compiling architecture lut6_v of entity unisim.LUT6 [\LUT6(init="01000100010001000100...]
Compiling architecture lut5_v of entity unisim.LUT5 [\LUT5(init="00000000000000000000...]
Compiling architecture lut5_v of entity unisim.LUT5 [\LUT5(init="00000000000000000000...]
Compiling architecture lut6_v of entity unisim.LUT6 [\LUT6(init="00010000011111110000...]
Compiling architecture lut5_v of entity unisim.LUT5 [\LUT5(init="11111111110000001110...]
Compiling architecture lut5_v of entity unisim.LUT5 [\LUT5(init="10111111101010101010...]
Compiling architecture lut3_v of entity unisim.LUT3 [\LUT3(init="11001110")(0,7)\]
Compiling architecture lut6_v of entity unisim.LUT6 [\LUT6(init="01110101010101010101...]
Compiling architecture lut6_v of entity unisim.LUT6 [\LUT6(init="00101000001000100010...]
Compiling architecture lut6_v of entity unisim.LUT6 [\LUT6(init="01010101111100110101...]
Compiling architecture lut4_v of entity unisim.LUT4 [\LUT4(init="0000100000001010")(0...]
Compiling architecture lut6_v of entity unisim.LUT6 [\LUT6(init="00000000000000100000...]
Compiling architecture lut6_v of entity unisim.LUT6 [\LUT6(init="00000001000000000000...]
Compiling architecture lut6_v of entity unisim.LUT6 [\LUT6(init="11111111101010111111...]
Compiling architecture lut6_v of entity unisim.LUT6 [\LUT6(init="11111111111111111111...]
Compiling architecture lut4_v of entity unisim.LUT4 [\LUT4(init="1010101010101110")(0...]
Compiling architecture lut6_v of entity unisim.LUT6 [\LUT6(init="00000000000000000000...]
Compiling architecture lut6_v of entity unisim.LUT6 [\LUT6(init="11111111111111111111...]
Compiling architecture lut6_v of entity unisim.LUT6 [\LUT6(init="10101010111010101111...]
Compiling architecture lut6_v of entity unisim.LUT6 [\LUT6(init="11111111111111111111...]
Compiling architecture lut5_v of entity unisim.LUT5 [\LUT5(init="00000000000000000000...]
Compiling architecture lut5_v of entity unisim.LUT5 [\LUT5(init="11111111000000001000...]
Compiling architecture lut6_v of entity unisim.LUT6 [\LUT6(init="00000000000000000000...]
Compiling architecture lut5_v of entity unisim.LUT5 [\LUT5(init="10000010001010001000...]
Compiling architecture lut6_v of entity unisim.LUT6 [\LUT6(init="11111111100010001111...]
Compiling architecture lut6_v of entity unisim.LUT6 [\LUT6(init="11111000110010001111...]
Compiling architecture lut6_v of entity unisim.LUT6 [\LUT6(init="11111111111111111111...]
Compiling architecture lut6_v of entity unisim.LUT6 [\LUT6(init="00001100100010000000...]
Compiling architecture lut4_v of entity unisim.LUT4 [\LUT4(init="1100010111110101")(0...]
Compiling architecture lut5_v of entity unisim.LUT5 [\LUT5(init="11111111000000000100...]
Compiling architecture lut6_v of entity unisim.LUT6 [\LUT6(init="00000010000000001111...]
Compiling architecture lut6_v of entity unisim.LUT6 [\LUT6(init="10111011101110001011...]
Compiling architecture lut6_v of entity unisim.LUT6 [\LUT6(init="11010000010100001111...]
Compiling architecture lut3_v of entity unisim.LUT3 [\LUT3(init="10110010")(0,7)\]
Compiling architecture lut3_v of entity unisim.LUT3 [\LUT3(init="11101000")(0,7)\]
Compiling architecture lut6_v of entity unisim.LUT6 [\LUT6(init="10111111000010111111...]
Compiling architecture lut6_v of entity unisim.LUT6 [\LUT6(init="11111111111111111111...]
Compiling architecture lut6_v of entity unisim.LUT6 [\LUT6(init="01101011011010110110...]
Compiling architecture lut6_v of entity unisim.LUT6 [\LUT6(init="11111111111111110100...]
Compiling architecture lut6_v of entity unisim.LUT6 [\LUT6(init="00001100000000000000...]
Compiling architecture lut5_v of entity unisim.LUT5 [\LUT5(init="00010001000111111111...]
Compiling architecture lut6_v of entity unisim.LUT6 [\LUT6(init="10101000101010101010...]
Compiling architecture lut6_v of entity unisim.LUT6 [\LUT6(init="11111111111111111111...]
Compiling architecture lut5_v of entity unisim.LUT5 [\LUT5(init="00000100111111110000...]
Compiling architecture lut6_v of entity unisim.LUT6 [\LUT6(init="01010101000100000101...]
Compiling architecture lut4_v of entity unisim.LUT4 [\LUT4(init="1111000001111111")(0...]
Compiling architecture lut6_v of entity unisim.LUT6 [\LUT6(init="11111111111111110111...]
Compiling architecture lut6_v of entity unisim.LUT6 [\LUT6(init="11111111111111111111...]
Compiling architecture lut6_v of entity unisim.LUT6 [\LUT6(init="00000000000000000000...]
Compiling architecture lut6_v of entity unisim.LUT6 [\LUT6(init="11111111111110001111...]
Compiling architecture lut6_v of entity unisim.LUT6 [\LUT6(init="11111111111111111111...]
Compiling architecture structure of entity xil_defaultlib.mbv_system_microblaze_riscv_0_0_microblaze_riscv_v1_0_7_Fpu [mbv_system_microblaze_riscv_0_0_...]
Compiling architecture structure of entity xil_defaultlib.mbv_system_microblaze_riscv_0_0_MB_RAM32M [mbv_system_microblaze_riscv_0_0_...]
Compiling architecture structure of entity xil_defaultlib.mbv_system_microblaze_riscv_0_0_MB_RAM32M_1382 [mbv_system_microblaze_riscv_0_0_...]
Compiling architecture structure of entity xil_defaultlib.mbv_system_microblaze_riscv_0_0_MB_RAM32M_1383 [mbv_system_microblaze_riscv_0_0_...]
Compiling architecture structure of entity xil_defaultlib.mbv_system_microblaze_riscv_0_0_MB_RAM32M_1384 [mbv_system_microblaze_riscv_0_0_...]
Compiling architecture structure of entity xil_defaultlib.mbv_system_microblaze_riscv_0_0_MB_RAM32M_1385 [mbv_system_microblaze_riscv_0_0_...]
Compiling architecture structure of entity xil_defaultlib.mbv_system_microblaze_riscv_0_0_MB_RAM32M_1386 [mbv_system_microblaze_riscv_0_0_...]
Compiling architecture structure of entity xil_defaultlib.mbv_system_microblaze_riscv_0_0_MB_RAM32M_1387 [mbv_system_microblaze_riscv_0_0_...]
Compiling architecture structure of entity xil_defaultlib.mbv_system_microblaze_riscv_0_0_MB_RAM32M_1388 [mbv_system_microblaze_riscv_0_0_...]
Compiling architecture structure of entity xil_defaultlib.mbv_system_microblaze_riscv_0_0_MB_RAM32M_1389 [mbv_system_microblaze_riscv_0_0_...]
Compiling architecture structure of entity xil_defaultlib.mbv_system_microblaze_riscv_0_0_MB_RAM32M_1390 [mbv_system_microblaze_riscv_0_0_...]
Compiling architecture structure of entity xil_defaultlib.mbv_system_microblaze_riscv_0_0_MB_RAM32M_1391 [mbv_system_microblaze_riscv_0_0_...]
Compiling architecture structure of entity xil_defaultlib.mbv_system_microblaze_riscv_0_0_MB_RAM32M_1392 [mbv_system_microblaze_riscv_0_0_...]
Compiling architecture structure of entity xil_defaultlib.mbv_system_microblaze_riscv_0_0_MB_RAM32M_1393 [mbv_system_microblaze_riscv_0_0_...]
Compiling architecture structure of entity xil_defaultlib.mbv_system_microblaze_riscv_0_0_MB_RAM32M_1394 [mbv_system_microblaze_riscv_0_0_...]
Compiling architecture structure of entity xil_defaultlib.mbv_system_microblaze_riscv_0_0_MB_RAM32M_1395 [mbv_system_microblaze_riscv_0_0_...]
Compiling architecture structure of entity xil_defaultlib.mbv_system_microblaze_riscv_0_0_MB_RAM32M_1396 [mbv_system_microblaze_riscv_0_0_...]
Compiling architecture structure of entity xil_defaultlib.\mbv_system_microblaze_riscv_0_0_microblaze_riscv_v1_0_7_Register_File_gti__parameterized0\ [\mbv_system_microblaze_riscv_0_0...]
Compiling architecture lut5_v of entity unisim.LUT5 [\LUT5(init="11111111111111111110...]
Compiling architecture structure of entity xil_defaultlib.\mbv_system_microblaze_riscv_0_0_WB_Mux_Bit__parameterized4\ [\mbv_system_microblaze_riscv_0_0...]
Compiling architecture structure of entity xil_defaultlib.\mbv_system_microblaze_riscv_0_0_WB_Mux_Bit__parameterized4_1353\ [\mbv_system_microblaze_riscv_0_0...]
Compiling architecture structure of entity xil_defaultlib.\mbv_system_microblaze_riscv_0_0_WB_Mux_Bit__parameterized4_1354\ [\mbv_system_microblaze_riscv_0_0...]
Compiling architecture structure of entity xil_defaultlib.\mbv_system_microblaze_riscv_0_0_WB_Mux_Bit__parameterized4_1355\ [\mbv_system_microblaze_riscv_0_0...]
Compiling architecture structure of entity xil_defaultlib.\mbv_system_microblaze_riscv_0_0_WB_Mux_Bit__parameterized4_1356\ [\mbv_system_microblaze_riscv_0_0...]
Compiling architecture structure of entity xil_defaultlib.\mbv_system_microblaze_riscv_0_0_WB_Mux_Bit__parameterized4_1357\ [\mbv_system_microblaze_riscv_0_0...]
Compiling architecture structure of entity xil_defaultlib.\mbv_system_microblaze_riscv_0_0_WB_Mux_Bit__parameterized4_1358\ [\mbv_system_microblaze_riscv_0_0...]
Compiling architecture structure of entity xil_defaultlib.\mbv_system_microblaze_riscv_0_0_WB_Mux_Bit__parameterized4_1359\ [\mbv_system_microblaze_riscv_0_0...]
Compiling architecture structure of entity xil_defaultlib.\mbv_system_microblaze_riscv_0_0_WB_Mux_Bit__parameterized4_1360\ [\mbv_system_microblaze_riscv_0_0...]
Compiling architecture structure of entity xil_defaultlib.\mbv_system_microblaze_riscv_0_0_WB_Mux_Bit__parameterized2\ [\mbv_system_microblaze_riscv_0_0...]
Compiling architecture structure of entity xil_defaultlib.\mbv_system_microblaze_riscv_0_0_WB_Mux_Bit__parameterized2_1361\ [\mbv_system_microblaze_riscv_0_0...]
Compiling architecture structure of entity xil_defaultlib.\mbv_system_microblaze_riscv_0_0_WB_Mux_Bit__parameterized4_1362\ [\mbv_system_microblaze_riscv_0_0...]
Compiling architecture structure of entity xil_defaultlib.\mbv_system_microblaze_riscv_0_0_WB_Mux_Bit__parameterized2_1363\ [\mbv_system_microblaze_riscv_0_0...]
Compiling architecture structure of entity xil_defaultlib.\mbv_system_microblaze_riscv_0_0_WB_Mux_Bit__parameterized2_1364\ [\mbv_system_microblaze_riscv_0_0...]
Compiling architecture structure of entity xil_defaultlib.\mbv_system_microblaze_riscv_0_0_WB_Mux_Bit__parameterized2_1365\ [\mbv_system_microblaze_riscv_0_0...]
Compiling architecture structure of entity xil_defaultlib.\mbv_system_microblaze_riscv_0_0_WB_Mux_Bit__parameterized2_1366\ [\mbv_system_microblaze_riscv_0_0...]
Compiling architecture lut6_v of entity unisim.LUT6 [\LUT6(init="11111111111111111111...]
Compiling architecture structure of entity xil_defaultlib.\mbv_system_microblaze_riscv_0_0_WB_Mux_Bit__parameterized2_1367\ [\mbv_system_microblaze_riscv_0_0...]
Compiling architecture structure of entity xil_defaultlib.\mbv_system_microblaze_riscv_0_0_WB_Mux_Bit__parameterized2_1368\ [\mbv_system_microblaze_riscv_0_0...]
Compiling architecture structure of entity xil_defaultlib.\mbv_system_microblaze_riscv_0_0_WB_Mux_Bit__parameterized2_1369\ [\mbv_system_microblaze_riscv_0_0...]
Compiling architecture structure of entity xil_defaultlib.mbv_system_microblaze_riscv_0_0_WB_Mux_Bit [mbv_system_microblaze_riscv_0_0_...]
Compiling architecture structure of entity xil_defaultlib.mbv_system_microblaze_riscv_0_0_WB_Mux_Bit_1370 [mbv_system_microblaze_riscv_0_0_...]
Compiling architecture structure of entity xil_defaultlib.mbv_system_microblaze_riscv_0_0_WB_Mux_Bit_1371 [mbv_system_microblaze_riscv_0_0_...]
Compiling architecture structure of entity xil_defaultlib.\mbv_system_microblaze_riscv_0_0_WB_Mux_Bit__parameterized4_1372\ [\mbv_system_microblaze_riscv_0_0...]
Compiling architecture structure of entity xil_defaultlib.mbv_system_microblaze_riscv_0_0_WB_Mux_Bit_1373 [mbv_system_microblaze_riscv_0_0_...]
Compiling architecture lut6_v of entity unisim.LUT6 [\LUT6(init="11111111111111111111...]
Compiling architecture structure of entity xil_defaultlib.mbv_system_microblaze_riscv_0_0_WB_Mux_Bit_1374 [mbv_system_microblaze_riscv_0_0_...]
Compiling architecture structure of entity xil_defaultlib.\mbv_system_microblaze_riscv_0_0_WB_Mux_Bit__parameterized4_1375\ [\mbv_system_microblaze_riscv_0_0...]
Compiling architecture structure of entity xil_defaultlib.\mbv_system_microblaze_riscv_0_0_WB_Mux_Bit__parameterized4_1376\ [\mbv_system_microblaze_riscv_0_0...]
Compiling architecture structure of entity xil_defaultlib.\mbv_system_microblaze_riscv_0_0_WB_Mux_Bit__parameterized4_1377\ [\mbv_system_microblaze_riscv_0_0...]
Compiling architecture structure of entity xil_defaultlib.\mbv_system_microblaze_riscv_0_0_WB_Mux_Bit__parameterized4_1378\ [\mbv_system_microblaze_riscv_0_0...]
Compiling architecture structure of entity xil_defaultlib.\mbv_system_microblaze_riscv_0_0_WB_Mux_Bit__parameterized4_1379\ [\mbv_system_microblaze_riscv_0_0...]
Compiling architecture structure of entity xil_defaultlib.\mbv_system_microblaze_riscv_0_0_WB_Mux_Bit__parameterized4_1380\ [\mbv_system_microblaze_riscv_0_0...]
Compiling architecture structure of entity xil_defaultlib.\mbv_system_microblaze_riscv_0_0_WB_Mux_Bit__parameterized4_1381\ [\mbv_system_microblaze_riscv_0_0...]
Compiling architecture structure of entity xil_defaultlib.mbv_system_microblaze_riscv_0_0_WB_Mux [mbv_system_microblaze_riscv_0_0_...]
Compiling architecture lut6_v of entity unisim.LUT6 [\LUT6(init="01110111011101110000...]
Compiling architecture lut6_v of entity unisim.LUT6 [\LUT6(init="01010000010111110111...]
Compiling architecture lut6_v of entity unisim.LUT6 [\LUT6(init="10101111101000001000...]
Compiling architecture lut6_v of entity unisim.LUT6 [\LUT6(init="01010001010100010101...]
Compiling architecture lut4_v of entity unisim.LUT4 [\LUT4(init="0101010101010111")(0...]
Compiling architecture lut6_v of entity unisim.LUT6 [\LUT6(init="11111111111111111111...]
Compiling architecture lut6_v of entity unisim.LUT6 [\LUT6(init="00110000011100000011...]
Compiling architecture lut5_v of entity unisim.LUT5 [\LUT5(init="11011111010101011101...]
Compiling architecture lut5_v of entity unisim.LUT5 [\LUT5(init="10100010101000101000...]
Compiling architecture lut6_v of entity unisim.LUT6 [\LUT6(init="00000000111100000000...]
Compiling architecture lut6_v of entity unisim.LUT6 [\LUT6(init="11101110111010101010...]
Compiling architecture lut6_v of entity unisim.LUT6 [\LUT6(init="11111111111111111111...]
Compiling architecture lut6_v of entity unisim.LUT6 [\LUT6(init="01010000111100001111...]
Compiling architecture lut6_v of entity unisim.LUT6 [\LUT6(init="00110000111111110000...]
Compiling architecture lut5_v of entity unisim.LUT5 [\LUT5(init="00100000001000000010...]
Compiling architecture lut5_v of entity unisim.LUT5 [\LUT5(init="00010000000100000001...]
Compiling architecture lut6_v of entity unisim.LUT6 [\LUT6(init="11100000000000001111...]
Compiling architecture lut6_v of entity unisim.LUT6 [\LUT6(init="11111111000000001111...]
Compiling architecture lut5_v of entity unisim.LUT5 [\LUT5(init="00000000111110000000...]
Compiling architecture lut6_v of entity unisim.LUT6 [\LUT6(init="11111111000010001110...]
Compiling architecture lut4_v of entity unisim.LUT4 [\LUT4(init="1011100000110011")(0...]
Compiling architecture lut6_v of entity unisim.LUT6 [\LUT6(init="11111111111111110010...]
Compiling architecture lut6_v of entity unisim.LUT6 [\LUT6(init="11111101110011011111...]
Compiling architecture lut6_v of entity unisim.LUT6 [\LUT6(init="10101010101011111010...]
Compiling architecture lut4_v of entity unisim.LUT4 [\LUT4(init="1010101011000000")(0...]
Compiling architecture lut6_v of entity unisim.LUT6 [\LUT6(init="11111111111111111110...]
Compiling architecture lut6_v of entity unisim.LUT6 [\LUT6(init="11111111111111111111...]
Compiling architecture lut6_v of entity unisim.LUT6 [\LUT6(init="11111111111010101110...]
Compiling architecture lut6_v of entity unisim.LUT6 [\LUT6(init="11111111111111111111...]
Compiling architecture lut6_v of entity unisim.LUT6 [\LUT6(init="11111111111111111111...]
Compiling architecture lut6_v of entity unisim.LUT6 [\LUT6(init="00000000000000001010...]
Compiling architecture lut6_v of entity unisim.LUT6 [\LUT6(init="00011101000011000001...]
Compiling architecture lut5_v of entity unisim.LUT5 [\LUT5(init="10001000100010001111...]
Compiling architecture lut6_v of entity unisim.LUT6 [\LUT6(init="11111111111111111111...]
Compiling architecture lut6_v of entity unisim.LUT6 [\LUT6(init="10101010101010110000...]
Compiling architecture lut6_v of entity unisim.LUT6 [\LUT6(init="11111010111111111100...]
Compiling architecture lut6_v of entity unisim.LUT6 [\LUT6(init="01001111010000001111...]
Compiling architecture lut6_v of entity unisim.LUT6 [\LUT6(init="01000100010001000000...]
Compiling architecture lut6_v of entity unisim.LUT6 [\LUT6(init="10101010110011111100...]
Compiling architecture lut6_v of entity unisim.LUT6 [\LUT6(init="00001100000011111010...]
Compiling architecture structure of entity xil_defaultlib.mbv_system_microblaze_riscv_0_0_csr [mbv_system_microblaze_riscv_0_0_...]
Compiling architecture lut4_v of entity unisim.LUT4 [\LUT4(init="1100110001101100")(0...]
Compiling architecture lut5_v of entity unisim.LUT5 [\LUT5(init="00000000011111110000...]
Compiling architecture lut6_v of entity unisim.LUT6 [\LUT6(init="11111111111111111111...]
Compiling architecture lut6_v of entity unisim.LUT6 [\LUT6(init="00000000000000000001...]
Compiling architecture lut5_v of entity unisim.LUT5 [\LUT5(init="11111111111110000000...]
Compiling architecture lut4_v of entity unisim.LUT4 [\LUT4(init="0000011100000000")(0...]
Compiling architecture lut6_v of entity unisim.LUT6 [\LUT6(init="11111111111111111111...]
Compiling architecture lut5_v of entity unisim.LUT5 [\LUT5(init="11111111111111111110...]
Compiling architecture lut6_v of entity unisim.LUT6 [\LUT6(init="00000000000000000000...]
Compiling architecture lut5_v of entity unisim.LUT5 [\LUT5(init="00000000000111110000...]
Compiling architecture lut6_v of entity unisim.LUT6 [\LUT6(init="11111111111111111111...]
Compiling architecture lut5_v of entity unisim.LUT5 [\LUT5(init="11111111111111111111...]
Compiling architecture lut6_v of entity unisim.LUT6 [\LUT6(init="00000000000000000000...]
Compiling architecture lut4_v of entity unisim.LUT4 [\LUT4(init="1111111111100000")(0...]
Compiling architecture lut6_v of entity unisim.LUT6 [\LUT6(init="11111111111111111111...]
Compiling architecture lut6_v of entity unisim.LUT6 [\LUT6(init="00000000000000000000...]
Compiling architecture lut6_v of entity unisim.LUT6 [\LUT6(init="11111111111111111111...]
Compiling architecture lut5_v of entity unisim.LUT5 [\LUT5(init="00000000000001110000...]
Compiling architecture lut6_v of entity unisim.LUT6 [\LUT6(init="00000000000000000000...]
Compiling architecture lut4_v of entity unisim.LUT4 [\LUT4(init="1001001101101100")(0...]
Compiling architecture lut5_v of entity unisim.LUT5 [\LUT5(init="11111111111111111000...]
Compiling architecture lut5_v of entity unisim.LUT5 [\LUT5(init="10001000001010000000...]
Compiling architecture lut5_v of entity unisim.LUT5 [\LUT5(init="11111110000000000000...]
Compiling architecture lut6_v of entity unisim.LUT6 [\LUT6(init="00000000011111111111...]
Compiling architecture lut3_v of entity unisim.LUT3 [\LUT3(init="00011110")(0,7)\]
Compiling architecture lut6_v of entity unisim.LUT6 [\LUT6(init="11111111111111111111...]
Compiling architecture lut6_v of entity unisim.LUT6 [\LUT6(init="00000000000000000000...]
Compiling architecture lut6_v of entity unisim.LUT6 [\LUT6(init="11111111100000001111...]
Compiling architecture lut6_v of entity unisim.LUT6 [\LUT6(init="00000000000000000000...]
Compiling architecture lut6_v of entity unisim.LUT6 [\LUT6(init="11111111111111111111...]
Compiling architecture lut5_v of entity unisim.LUT5 [\LUT5(init="11111111111111111111...]
Compiling architecture lut6_v of entity unisim.LUT6 [\LUT6(init="11100001110000111000...]
Compiling architecture lut6_v of entity unisim.LUT6 [\LUT6(init="11111111111111111111...]
Compiling architecture lut5_v of entity unisim.LUT5 [\LUT5(init="00000111111111110000...]
Compiling architecture lut6_v of entity unisim.LUT6 [\LUT6(init="11111111111111111000...]
Compiling architecture lut4_v of entity unisim.LUT4 [\LUT4(init="0000000111111110")(0...]
Compiling architecture lut6_v of entity unisim.LUT6 [\LUT6(init="11111110111111001111...]
Compiling architecture lut5_v of entity unisim.LUT5 [\LUT5(init="11111111100000000000...]
Compiling architecture lut6_v of entity unisim.LUT6 [\LUT6(init="00000000000111111111...]
Compiling architecture lut5_v of entity unisim.LUT5 [\LUT5(init="00000000000000011111...]
Compiling architecture lut6_v of entity unisim.LUT6 [\LUT6(init="11111111111111111110...]
Compiling architecture lut5_v of entity unisim.LUT5 [\LUT5(init="11111111111000000000...]
Compiling architecture lut6_v of entity unisim.LUT6 [\LUT6(init="00000000000001111111...]
Compiling architecture lut5_v of entity unisim.LUT5 [\LUT5(init="00000001111111110000...]
Compiling architecture lut6_v of entity unisim.LUT6 [\LUT6(init="11111111111111111111...]
Compiling architecture lut6_v of entity unisim.LUT6 [\LUT6(init="00000000000000011111...]
Compiling architecture lut6_v of entity unisim.LUT6 [\LUT6(init="11111111111111111111...]
Compiling architecture lut6_v of entity unisim.LUT6 [\LUT6(init="00000000000000000111...]
Compiling architecture lut6_v of entity unisim.LUT6 [\LUT6(init="01010101010101010000...]
Compiling architecture lut5_v of entity unisim.LUT5 [\LUT5(init="01010001000000010000...]
Compiling architecture lut5_v of entity unisim.LUT5 [\LUT5(init="00000000000000000100...]
Compiling architecture lut5_v of entity unisim.LUT5 [\LUT5(init="00111111011110001100...]
Compiling architecture lut6_v of entity unisim.LUT6 [\LUT6(init="00000000000000000000...]
Compiling architecture lut5_v of entity unisim.LUT5 [\LUT5(init="01010001010101010101...]
Compiling architecture lut5_v of entity unisim.LUT5 [\LUT5(init="00000000000011101111...]
Compiling architecture lut4_v of entity unisim.LUT4 [\LUT4(init="0000100011111000")(0...]
Compiling architecture lut6_v of entity unisim.LUT6 [\LUT6(init="11111111111111111111...]
Compiling architecture lut6_v of entity unisim.LUT6 [\LUT6(init="00000000000000000000...]
Compiling architecture lut6_v of entity unisim.LUT6 [\LUT6(init="11111110111111101111...]
Compiling architecture lut6_v of entity unisim.LUT6 [\LUT6(init="00000101000001010000...]
Compiling architecture lut5_v of entity unisim.LUT5 [\LUT5(init="11111111111111111000...]
Compiling architecture lut5_v of entity unisim.LUT5 [\LUT5(init="11101110111011001110...]
Compiling architecture lut4_v of entity unisim.LUT4 [\LUT4(init="0000011111111000")(0...]
Compiling architecture lut6_v of entity unisim.LUT6 [\LUT6(init="10111111111111111111...]
Compiling architecture lut6_v of entity unisim.LUT6 [\LUT6(init="10101010101010110000...]
Compiling architecture lut6_v of entity unisim.LUT6 [\LUT6(init="11111111111111111111...]
Compiling architecture lut6_v of entity unisim.LUT6 [\LUT6(init="11111111101111110000...]
Compiling architecture lut5_v of entity unisim.LUT5 [\LUT5(init="01010110010101010101...]
Compiling architecture lut6_v of entity unisim.LUT6 [\LUT6(init="10110100010010110000...]
Compiling architecture lut6_v of entity unisim.LUT6 [\LUT6(init="10101000101010000010...]
Compiling architecture lut6_v of entity unisim.LUT6 [\LUT6(init="01110111010001110000...]
Compiling architecture lut6_v of entity unisim.LUT6 [\LUT6(init="00000000100000000000...]
Compiling architecture lut6_v of entity unisim.LUT6 [\LUT6(init="01010101010101000101...]
Compiling architecture lut6_v of entity unisim.LUT6 [\LUT6(init="10001000100010001000...]
Compiling architecture lut4_v of entity unisim.LUT4 [\LUT4(init="1100100100111001")(0...]
Compiling architecture lut3_v of entity unisim.LUT3 [\LUT3(init="10000111")(0,7)\]
Compiling architecture lut4_v of entity unisim.LUT4 [\LUT4(init="1000000001111111")(0...]
Compiling architecture lut5_v of entity unisim.LUT5 [\LUT5(init="10000000000000000111...]
Compiling architecture lut4_v of entity unisim.LUT4 [\LUT4(init="0010111100100010")(0...]
Compiling architecture lut5_v of entity unisim.LUT5 [\LUT5(init="00100010111100100010...]
Compiling architecture lut5_v of entity unisim.LUT5 [\LUT5(init="00001000101010100000...]
Compiling architecture lut4_v of entity unisim.LUT4 [\LUT4(init="0000000011011111")(0...]
Compiling architecture lut6_v of entity unisim.LUT6 [\LUT6(init="00000000000000000001...]
Compiling architecture lut6_v of entity unisim.LUT6 [\LUT6(init="11100100111001001111...]
Compiling architecture lut3_v of entity unisim.LUT3 [\LUT3(init="10001111")(0,7)\]
Compiling architecture lut6_v of entity unisim.LUT6 [\LUT6(init="11111111111111111111...]
Compiling architecture lut6_v of entity unisim.LUT6 [\LUT6(init="00000000000000000000...]
Compiling architecture lut6_v of entity unisim.LUT6 [\LUT6(init="11011101110111011101...]
Compiling architecture lut6_v of entity unisim.LUT6 [\LUT6(init="11111111000011111111...]
Compiling architecture lut4_v of entity unisim.LUT4 [\LUT4(init="1111000000100010")(0...]
Compiling architecture lut6_v of entity unisim.LUT6 [\LUT6(init="11110000111100001111...]
Compiling architecture lut6_v of entity unisim.LUT6 [\LUT6(init="11111111111010101110...]
Compiling architecture lut5_v of entity unisim.LUT5 [\LUT5(init="11100000000010110000...]
Compiling architecture lut5_v of entity unisim.LUT5 [\LUT5(init="01010101000000010000...]
Compiling architecture lut6_v of entity unisim.LUT6 [\LUT6(init="00010000000100000001...]
Compiling architecture lut6_v of entity unisim.LUT6 [\LUT6(init="11111111111111111110...]
Compiling architecture lut6_v of entity unisim.LUT6 [\LUT6(init="11111111111111110000...]
Compiling architecture lut6_v of entity unisim.LUT6 [\LUT6(init="11111111000000001111...]
Compiling architecture lut6_v of entity unisim.LUT6 [\LUT6(init="10101010101010001010...]
Compiling architecture lut6_v of entity unisim.LUT6 [\LUT6(init="01010101010101110101...]
Compiling architecture lut4_v of entity unisim.LUT4 [\LUT4(init="0100010011000000")(0...]
Compiling architecture lut6_v of entity unisim.LUT6 [\LUT6(init="10101000000000001010...]
Compiling architecture lut4_v of entity unisim.LUT4 [\LUT4(init="1010100001010111")(0...]
Compiling architecture lut5_v of entity unisim.LUT5 [\LUT5(init="11111111000000001011...]
Compiling architecture lut6_v of entity unisim.LUT6 [\LUT6(init="00110111110010001100...]
Compiling architecture lut6_v of entity unisim.LUT6 [\LUT6(init="00000000000000000000...]
Compiling architecture lut6_v of entity unisim.LUT6 [\LUT6(init="00000000000000000000...]
Compiling architecture lut5_v of entity unisim.LUT5 [\LUT5(init="00000000000000001011...]
Compiling architecture lut6_v of entity unisim.LUT6 [\LUT6(init="00000000000000000000...]
Compiling architecture lut5_v of entity unisim.LUT5 [\LUT5(init="10111000101110000011...]
Compiling architecture lut6_v of entity unisim.LUT6 [\LUT6(init="11001100101110000000...]
Compiling architecture lut5_v of entity unisim.LUT5 [\LUT5(init="11110011110000000010...]
Compiling architecture lut5_v of entity unisim.LUT5 [\LUT5(init="00000000000000001000...]
Compiling architecture lut6_v of entity unisim.LUT6 [\LUT6(init="11111111001100111100...]
Compiling architecture lut6_v of entity unisim.LUT6 [\LUT6(init="10111000111111111011...]
Compiling architecture lut4_v of entity unisim.LUT4 [\LUT4(init="1111000010001000")(0...]
Compiling architecture lut4_v of entity unisim.LUT4 [\LUT4(init="0101000010001000")(0...]
Compiling architecture lut5_v of entity unisim.LUT5 [\LUT5(init="10001111100001011000...]
Compiling architecture lut6_v of entity unisim.LUT6 [\LUT6(init="00000000000000000000...]
Compiling architecture lut6_v of entity unisim.LUT6 [\LUT6(init="10001000100010001111...]
Compiling architecture lut5_v of entity unisim.LUT5 [\LUT5(init="00000000001000000010...]
Compiling architecture lut5_v of entity unisim.LUT5 [\LUT5(init="11101111000000100000...]
Compiling architecture lut6_v of entity unisim.LUT6 [\LUT6(init="00000000010001110000...]
Compiling architecture lut6_v of entity unisim.LUT6 [\LUT6(init="01000111000000000100...]
Compiling architecture lut4_v of entity unisim.LUT4 [\LUT4(init="1000101100000000")(0...]
Compiling architecture lut4_v of entity unisim.LUT4 [\LUT4(init="0000000010001011")(0...]
Compiling architecture lut5_v of entity unisim.LUT5 [\LUT5(init="01010101010001010000...]
Compiling architecture lut5_v of entity unisim.LUT5 [\LUT5(init="00000000000000001101...]
Compiling architecture lut5_v of entity unisim.LUT5 [\LUT5(init="11011101110111011111...]
Compiling architecture lut2_v of entity unisim.LUT2 [\LUT2(init="1101")(0,3)\]
Compiling architecture lut5_v of entity unisim.LUT5 [\LUT5(init="00000000000000000000...]
Compiling architecture lut5_v of entity unisim.LUT5 [\LUT5(init="00000000000000001000...]
Compiling architecture lut6_v of entity unisim.LUT6 [\LUT6(init="00000000000011110000...]
Compiling architecture lut5_v of entity unisim.LUT5 [\LUT5(init="00000000000010110000...]
Compiling architecture lut5_v of entity unisim.LUT5 [\LUT5(init="00000000000000001110...]
Compiling architecture lut6_v of entity unisim.LUT6 [\LUT6(init="11111111111111110000...]
Compiling architecture lut6_v of entity unisim.LUT6 [\LUT6(init="01010110111111110101...]
Compiling architecture lut4_v of entity unisim.LUT4 [\LUT4(init="1111111100011110")(0...]
Compiling architecture lut5_v of entity unisim.LUT5 [\LUT5(init="11111111111111110000...]
Compiling architecture lut6_v of entity unisim.LUT6 [\LUT6(init="10110000000000000100...]
Compiling architecture lut6_v of entity unisim.LUT6 [\LUT6(init="11111111111111111111...]
Compiling architecture lut6_v of entity unisim.LUT6 [\LUT6(init="11111111111111110001...]
Compiling architecture lut6_v of entity unisim.LUT6 [\LUT6(init="00000000000000001110...]
Compiling architecture lut5_v of entity unisim.LUT5 [\LUT5(init="00000010111111110000...]
Compiling architecture lut6_v of entity unisim.LUT6 [\LUT6(init="11111111111111111111...]
Compiling architecture lut6_v of entity unisim.LUT6 [\LUT6(init="00000000000000000000...]
Compiling architecture lut6_v of entity unisim.LUT6 [\LUT6(init="00010000101100000101...]
Compiling architecture lut6_v of entity unisim.LUT6 [\LUT6(init="11101110111111100100...]
Compiling architecture lut4_v of entity unisim.LUT4 [\LUT4(init="0111000001000000")(0...]
Compiling architecture lut5_v of entity unisim.LUT5 [\LUT5(init="00001111000000001000...]
Compiling architecture lut6_v of entity unisim.LUT6 [\LUT6(init="11110000111100001111...]
Compiling architecture lut5_v of entity unisim.LUT5 [\LUT5(init="00001101000011011111...]
Compiling architecture lut5_v of entity unisim.LUT5 [\LUT5(init="11110010111100100000...]
Compiling architecture lut6_v of entity unisim.LUT6 [\LUT6(init="10010110011010010110...]
Compiling architecture lut5_v of entity unisim.LUT5 [\LUT5(init="00000000000000000101...]
Compiling architecture lut4_v of entity unisim.LUT4 [\LUT4(init="0000000100000100")(0...]
Compiling architecture lut4_v of entity unisim.LUT4 [\LUT4(init="1001011010011001")(0...]
Compiling architecture lut5_v of entity unisim.LUT5 [\LUT5(init="00000000000000011111...]
Compiling architecture lut6_v of entity unisim.LUT6 [\LUT6(init="10101010101010100011...]
Compiling architecture lut5_v of entity unisim.LUT5 [\LUT5(init="01110111000011111000...]
Compiling architecture lut4_v of entity unisim.LUT4 [\LUT4(init="0110101001010101")(0...]
Compiling architecture structure of entity xil_defaultlib.mbv_system_microblaze_riscv_0_0_microblaze_riscv_v1_0_7_Data_Flow_gti [mbv_system_microblaze_riscv_0_0_...]
Compiling architecture lut5_v of entity unisim.LUT5 [\LUT5(init="00000000000000000000...]
Compiling architecture lut6_v of entity unisim.LUT6 [\LUT6(init="00000000111001001111...]
Compiling architecture lut6_v of entity unisim.LUT6 [\LUT6(init="11111111111111111111...]
Compiling architecture lut6_v of entity unisim.LUT6 [\LUT6(init="11111111111111111111...]
Compiling architecture lut6_v of entity unisim.LUT6 [\LUT6(init="10101010101000101010...]
Compiling architecture lut5_v of entity unisim.LUT5 [\LUT5(init="11111111111111111111...]
Compiling architecture lut5_v of entity unisim.LUT5 [\LUT5(init="11111111111111110000...]
Compiling architecture lut6_v of entity unisim.LUT6 [\LUT6(init="01000000010001000100...]
Compiling architecture lut6_v of entity unisim.LUT6 [\LUT6(init="00110010001100100000...]
Compiling architecture lut6_v of entity unisim.LUT6 [\LUT6(init="01000100010101010100...]
Compiling architecture lut6_v of entity unisim.LUT6 [\LUT6(init="00000000000000000000...]
Compiling architecture lut6_v of entity unisim.LUT6 [\LUT6(init="00000000010000000000...]
Compiling architecture lut6_v of entity unisim.LUT6 [\LUT6(init="00000000000000000100...]
Compiling architecture lut6_v of entity unisim.LUT6 [\LUT6(init="00000000000000000000...]
Compiling architecture lut6_v of entity unisim.LUT6 [\LUT6(init="00001011000010110000...]
Compiling architecture lut6_v of entity unisim.LUT6 [\LUT6(init="11110010000000100000...]
Compiling architecture lut6_v of entity unisim.LUT6 [\LUT6(init="11111111111111111111...]
Compiling architecture lut6_v of entity unisim.LUT6 [\LUT6(init="11111110111111111111...]
Compiling architecture lut5_v of entity unisim.LUT5 [\LUT5(init="00000000000000001011...]
Compiling architecture lut5_v of entity unisim.LUT5 [\LUT5(init="11111111111111011111...]
Compiling architecture lut6_v of entity unisim.LUT6 [\LUT6(init="00000000000000000000...]
Compiling architecture lut5_v of entity unisim.LUT5 [\LUT5(init="10101010101110101010...]
Compiling architecture lut6_v of entity unisim.LUT6 [\LUT6(init="11110101111111111111...]
Compiling architecture lut6_v of entity unisim.LUT6 [\LUT6(init="00000000000000000000...]
Compiling architecture lut6_v of entity unisim.LUT6 [\LUT6(init="00000000000000000000...]
Compiling architecture lut6_v of entity unisim.LUT6 [\LUT6(init="10111011101110111011...]
Compiling architecture lut5_v of entity unisim.LUT5 [\LUT5(init="11011101111111011111...]
Compiling architecture lut6_v of entity unisim.LUT6 [\LUT6(init="00000000000000000000...]
Compiling architecture lut6_v of entity unisim.LUT6 [\LUT6(init="11101111111111111111...]
Compiling architecture lut6_v of entity unisim.LUT6 [\LUT6(init="00000000100000001010...]
Compiling architecture lut6_v of entity unisim.LUT6 [\LUT6(init="00000000000000000000...]
Compiling architecture lut5_v of entity unisim.LUT5 [\LUT5(init="00000000111000100000...]
Compiling architecture lut6_v of entity unisim.LUT6 [\LUT6(init="11111010111111111010...]
Compiling architecture lut6_v of entity unisim.LUT6 [\LUT6(init="11111111111111111111...]
Compiling architecture lut6_v of entity unisim.LUT6 [\LUT6(init="11110000111111110000...]
Compiling architecture lut6_v of entity unisim.LUT6 [\LUT6(init="00000000000000000000...]
Compiling architecture lut6_v of entity unisim.LUT6 [\LUT6(init="00000000000000000000...]
Compiling architecture lut6_v of entity unisim.LUT6 [\LUT6(init="01011111001100110101...]
Compiling architecture lut6_v of entity unisim.LUT6 [\LUT6(init="00000010000000000000...]
Compiling architecture lut6_v of entity unisim.LUT6 [\LUT6(init="01010011010100001111...]
Compiling architecture lut6_v of entity unisim.LUT6 [\LUT6(init="00000000000000000000...]
Compiling architecture lut6_v of entity unisim.LUT6 [\LUT6(init="11111111111111111111...]
Compiling architecture lut6_v of entity unisim.LUT6 [\LUT6(init="11111111111111111111...]
Compiling architecture lut6_v of entity unisim.LUT6 [\LUT6(init="01000100010001110100...]
Compiling architecture lut6_v of entity unisim.LUT6 [\LUT6(init="01000111010001110111...]
Compiling architecture lut4_v of entity unisim.LUT4 [\LUT4(init="0100111001000100")(0...]
Compiling architecture lut5_v of entity unisim.LUT5 [\LUT5(init="11100100111011101110...]
Compiling architecture lut6_v of entity unisim.LUT6 [\LUT6(init="10101010101011101010...]
Compiling architecture lut5_v of entity unisim.LUT5 [\LUT5(init="00000000000000001110...]
Compiling architecture lut6_v of entity unisim.LUT6 [\LUT6(init="00000000000000000000...]
Compiling architecture lut6_v of entity unisim.LUT6 [\LUT6(init="10001111111111111000...]
Compiling architecture lut4_v of entity unisim.LUT4 [\LUT4(init="0010001000100011")(0...]
Compiling architecture lut6_v of entity unisim.LUT6 [\LUT6(init="10101010101010101010...]
Compiling architecture lut6_v of entity unisim.LUT6 [\LUT6(init="00000000000000001000...]
Compiling architecture lut6_v of entity unisim.LUT6 [\LUT6(init="00000000000000000100...]
Compiling architecture lut6_v of entity unisim.LUT6 [\LUT6(init="10111011101110001011...]
Compiling architecture lut6_v of entity unisim.LUT6 [\LUT6(init="10101010101010101111...]
Compiling architecture lut6_v of entity unisim.LUT6 [\LUT6(init="10111000101110111011...]
Compiling architecture lut4_v of entity unisim.LUT4 [\LUT4(init="0101010100111111")(0...]
Compiling architecture lut6_v of entity unisim.LUT6 [\LUT6(init="01010101010101010101...]
Compiling architecture lut6_v of entity unisim.LUT6 [\LUT6(init="11011111110101011101...]
Compiling architecture lut6_v of entity unisim.LUT6 [\LUT6(init="11111010111111111111...]
Compiling architecture lut6_v of entity unisim.LUT6 [\LUT6(init="11101110111011101111...]
Compiling architecture lut5_v of entity unisim.LUT5 [\LUT5(init="00000100000001000000...]
Compiling architecture lut6_v of entity unisim.LUT6 [\LUT6(init="11011101110111011111...]
Compiling architecture lut6_v of entity unisim.LUT6 [\LUT6(init="00000000000000001010...]
Compiling architecture lut6_v of entity unisim.LUT6 [\LUT6(init="00000111111101110000...]
Compiling architecture lut6_v of entity unisim.LUT6 [\LUT6(init="10000000100010001000...]
Compiling architecture lut5_v of entity unisim.LUT5 [\LUT5(init="10111010101011111010...]
Compiling architecture lut5_v of entity unisim.LUT5 [\LUT5(init="00000000000000000000...]
Compiling architecture lut5_v of entity unisim.LUT5 [\LUT5(init="11111000000010001111...]
Compiling architecture lut6_v of entity unisim.LUT6 [\LUT6(init="11111111111111111111...]
Compiling architecture lut6_v of entity unisim.LUT6 [\LUT6(init="11111111111111111111...]
Compiling architecture lut6_v of entity unisim.LUT6 [\LUT6(init="11111111111111110000...]
Compiling architecture lut6_v of entity unisim.LUT6 [\LUT6(init="01000101010101001111...]
Compiling architecture lut6_v of entity unisim.LUT6 [\LUT6(init="10101100101011111111...]
Compiling architecture lut6_v of entity unisim.LUT6 [\LUT6(init="00100000001000100010...]
Compiling architecture lut6_v of entity unisim.LUT6 [\LUT6(init="00000010000000000000...]
Compiling architecture lut5_v of entity unisim.LUT5 [\LUT5(init="00001000111111110000...]
Compiling architecture lut5_v of entity unisim.LUT5 [\LUT5(init="00000000100011110000...]
Compiling architecture lut6_v of entity unisim.LUT6 [\LUT6(init="00000000000000000000...]
Compiling architecture lut6_v of entity unisim.LUT6 [\LUT6(init="10101010101010101100...]
Compiling architecture structure of entity xil_defaultlib.mbv_system_microblaze_riscv_0_0_Compression [mbv_system_microblaze_riscv_0_0_...]
Compiling architecture structure of entity xil_defaultlib.mbv_system_microblaze_riscv_0_0_MB_FDRE_1168 [mbv_system_microblaze_riscv_0_0_...]
Compiling architecture structure of entity xil_defaultlib.mbv_system_microblaze_riscv_0_0_MB_FDRE_1169 [mbv_system_microblaze_riscv_0_0_...]
Compiling architecture structure of entity xil_defaultlib.mbv_system_microblaze_riscv_0_0_MB_FDRE_1170 [mbv_system_microblaze_riscv_0_0_...]
Compiling architecture lut4_v of entity unisim.LUT4 [\LUT4(init="1000101010101010")(0...]
Compiling architecture structure of entity xil_defaultlib.mbv_system_microblaze_riscv_0_0_MB_FDRE_1171 [mbv_system_microblaze_riscv_0_0_...]
Compiling architecture structure of entity xil_defaultlib.mbv_system_microblaze_riscv_0_0_MB_FDRE_1172 [mbv_system_microblaze_riscv_0_0_...]
Compiling architecture lut6_v of entity unisim.LUT6 [\LUT6(init="11111111111111111110...]
Compiling architecture structure of entity xil_defaultlib.mbv_system_microblaze_riscv_0_0_MB_FDRE_1173 [mbv_system_microblaze_riscv_0_0_...]
Compiling architecture structure of entity xil_defaultlib.mbv_system_microblaze_riscv_0_0_MB_FDRE_1174 [mbv_system_microblaze_riscv_0_0_...]
Compiling architecture structure of entity xil_defaultlib.mbv_system_microblaze_riscv_0_0_MB_FDRE_1175 [mbv_system_microblaze_riscv_0_0_...]
Compiling architecture structure of entity xil_defaultlib.mbv_system_microblaze_riscv_0_0_MB_FDRE_1176 [mbv_system_microblaze_riscv_0_0_...]
Compiling architecture structure of entity xil_defaultlib.mbv_system_microblaze_riscv_0_0_MB_FDRE_1177 [mbv_system_microblaze_riscv_0_0_...]
Compiling architecture structure of entity xil_defaultlib.mbv_system_microblaze_riscv_0_0_MB_FDRE_1178 [mbv_system_microblaze_riscv_0_0_...]
Compiling architecture structure of entity xil_defaultlib.mbv_system_microblaze_riscv_0_0_MB_FDRE_1179 [mbv_system_microblaze_riscv_0_0_...]
Compiling architecture lut6_v of entity unisim.LUT6 [\LUT6(init="00000000000000001011...]
Compiling architecture structure of entity xil_defaultlib.mbv_system_microblaze_riscv_0_0_MB_FDRE_1180 [mbv_system_microblaze_riscv_0_0_...]
Compiling architecture structure of entity xil_defaultlib.mbv_system_microblaze_riscv_0_0_MB_FDRE_1181 [mbv_system_microblaze_riscv_0_0_...]
Compiling architecture structure of entity xil_defaultlib.mbv_system_microblaze_riscv_0_0_MB_FDRE_1182 [mbv_system_microblaze_riscv_0_0_...]
Compiling architecture structure of entity xil_defaultlib.mbv_system_microblaze_riscv_0_0_MB_FDRE_1183 [mbv_system_microblaze_riscv_0_0_...]
Compiling architecture structure of entity xil_defaultlib.mbv_system_microblaze_riscv_0_0_MB_FDRE_1184 [mbv_system_microblaze_riscv_0_0_...]
Compiling architecture structure of entity xil_defaultlib.mbv_system_microblaze_riscv_0_0_MB_FDRE_1185 [mbv_system_microblaze_riscv_0_0_...]
Compiling architecture structure of entity xil_defaultlib.mbv_system_microblaze_riscv_0_0_MB_FDRE_1186 [mbv_system_microblaze_riscv_0_0_...]
Compiling architecture lut6_v of entity unisim.LUT6 [\LUT6(init="11111011111110001111...]
Compiling architecture lut6_v of entity unisim.LUT6 [\LUT6(init="00000000000000000000...]
Compiling architecture structure of entity xil_defaultlib.mbv_system_microblaze_riscv_0_0_MB_FDRE_1187 [mbv_system_microblaze_riscv_0_0_...]
Compiling architecture lut6_v of entity unisim.LUT6 [\LUT6(init="10000000100010001010...]
Compiling architecture lut5_v of entity unisim.LUT5 [\LUT5(init="00000000000010000000...]
Compiling architecture lut6_v of entity unisim.LUT6 [\LUT6(init="11111111111111111111...]
Compiling architecture lut4_v of entity unisim.LUT4 [\LUT4(init="1101001111111111")(0...]
Compiling architecture lut6_v of entity unisim.LUT6 [\LUT6(init="00000000000000000000...]
Compiling architecture structure of entity xil_defaultlib.mbv_system_microblaze_riscv_0_0_MB_FDRE_1188 [mbv_system_microblaze_riscv_0_0_...]
Compiling architecture lut6_v of entity unisim.LUT6 [\LUT6(init="00000000000000000000...]
Compiling architecture lut6_v of entity unisim.LUT6 [\LUT6(init="00000000000000000000...]
Compiling architecture lut6_v of entity unisim.LUT6 [\LUT6(init="00000000000000000000...]
Compiling architecture lut6_v of entity unisim.LUT6 [\LUT6(init="11111111111111111011...]
Compiling architecture lut6_v of entity unisim.LUT6 [\LUT6(init="11111111111111110000...]
Compiling architecture structure of entity xil_defaultlib.mbv_system_microblaze_riscv_0_0_MB_FDRE_1189 [mbv_system_microblaze_riscv_0_0_...]
Compiling architecture structure of entity xil_defaultlib.mbv_system_microblaze_riscv_0_0_MB_FDRE_1190 [mbv_system_microblaze_riscv_0_0_...]
Compiling architecture lut6_v of entity unisim.LUT6 [\LUT6(init="00000000000000000000...]
Compiling architecture lut6_v of entity unisim.LUT6 [\LUT6(init="00001000000010000000...]
Compiling architecture lut6_v of entity unisim.LUT6 [\LUT6(init="11111111111111111111...]
Compiling architecture lut6_v of entity unisim.LUT6 [\LUT6(init="11101110111011101110...]
Compiling architecture lut5_v of entity unisim.LUT5 [\LUT5(init="01000100000000000100...]
Compiling architecture lut6_v of entity unisim.LUT6 [\LUT6(init="00000001000000010000...]
Compiling architecture lut6_v of entity unisim.LUT6 [\LUT6(init="00000000000000000000...]
Compiling architecture lut6_v of entity unisim.LUT6 [\LUT6(init="00000000000011001010...]
Compiling architecture lut6_v of entity unisim.LUT6 [\LUT6(init="01000000010000000100...]
Compiling architecture lut5_v of entity unisim.LUT5 [\LUT5(init="11111111000111111111...]
Compiling architecture lut6_v of entity unisim.LUT6 [\LUT6(init="01000000000000000000...]
Compiling architecture lut6_v of entity unisim.LUT6 [\LUT6(init="00000000000000000100...]
Compiling architecture structure of entity xil_defaultlib.mbv_system_microblaze_riscv_0_0_MB_FDRE_1191 [mbv_system_microblaze_riscv_0_0_...]
Compiling architecture structure of entity xil_defaultlib.mbv_system_microblaze_riscv_0_0_MB_FDRE_1192 [mbv_system_microblaze_riscv_0_0_...]
Compiling architecture lut6_v of entity unisim.LUT6 [\LUT6(init="00101000100000101000...]
Compiling architecture structure of entity xil_defaultlib.mbv_system_microblaze_riscv_0_0_MB_FDRE_1193 [mbv_system_microblaze_riscv_0_0_...]
Compiling architecture structure of entity xil_defaultlib.mbv_system_microblaze_riscv_0_0_MB_FDRE_1194 [mbv_system_microblaze_riscv_0_0_...]
Compiling architecture structure of entity xil_defaultlib.mbv_system_microblaze_riscv_0_0_MB_FDRE_1195 [mbv_system_microblaze_riscv_0_0_...]
Compiling architecture structure of entity xil_defaultlib.mbv_system_microblaze_riscv_0_0_MB_FDRE_1196 [mbv_system_microblaze_riscv_0_0_...]
Compiling architecture structure of entity xil_defaultlib.mbv_system_microblaze_riscv_0_0_MB_FDRE_1197 [mbv_system_microblaze_riscv_0_0_...]
Compiling architecture structure of entity xil_defaultlib.mbv_system_microblaze_riscv_0_0_MB_FDRE_1198 [mbv_system_microblaze_riscv_0_0_...]
Compiling architecture structure of entity xil_defaultlib.mbv_system_microblaze_riscv_0_0_MB_FDRE_1199 [mbv_system_microblaze_riscv_0_0_...]
Compiling architecture lut6_v of entity unisim.LUT6 [\LUT6(init="00000000000001000000...]
Compiling architecture lut4_v of entity unisim.LUT4 [\LUT4(init="1111111110101110")(0...]
Compiling architecture lut6_v of entity unisim.LUT6 [\LUT6(init="00000000000000000000...]
Compiling architecture lut6_v of entity unisim.LUT6 [\LUT6(init="00000000000010000000...]
Compiling architecture lut6_v of entity unisim.LUT6 [\LUT6(init="00000000001000000000...]
Compiling architecture lut5_v of entity unisim.LUT5 [\LUT5(init="00110000001000000000...]
Compiling architecture lut6_v of entity unisim.LUT6 [\LUT6(init="00000000000000000000...]
Compiling architecture lut6_v of entity unisim.LUT6 [\LUT6(init="00000000000000000000...]
Compiling architecture lut6_v of entity unisim.LUT6 [\LUT6(init="11111111111111111111...]
Compiling architecture lut5_v of entity unisim.LUT5 [\LUT5(init="00000000000000000000...]
Compiling architecture lut5_v of entity unisim.LUT5 [\LUT5(init="00000000000000000000...]
Compiling architecture lut6_v of entity unisim.LUT6 [\LUT6(init="10101010101010101010...]
Compiling architecture lut5_v of entity unisim.LUT5 [\LUT5(init="11111111111111111111...]
Compiling architecture lut6_v of entity unisim.LUT6 [\LUT6(init="00000100000001000000...]
Compiling architecture lut5_v of entity unisim.LUT5 [\LUT5(init="11111111000000001110...]
Compiling architecture lut6_v of entity unisim.LUT6 [\LUT6(init="00000100000001000000...]
Compiling architecture structure of entity xil_defaultlib.mbv_system_microblaze_riscv_0_0_MB_FDRE_1200 [mbv_system_microblaze_riscv_0_0_...]
Compiling architecture lut6_v of entity unisim.LUT6 [\LUT6(init="11111111111111111111...]
Compiling architecture lut6_v of entity unisim.LUT6 [\LUT6(init="10111011101110001000...]
Compiling architecture lut6_v of entity unisim.LUT6 [\LUT6(init="00000000000000000000...]
Compiling architecture structure of entity xil_defaultlib.mbv_system_microblaze_riscv_0_0_MB_FDRE_1201 [mbv_system_microblaze_riscv_0_0_...]
Compiling architecture lut5_v of entity unisim.LUT5 [\LUT5(init="10101010111111001010...]
Compiling architecture lut6_v of entity unisim.LUT6 [\LUT6(init="11111111111111111100...]
Compiling architecture lut6_v of entity unisim.LUT6 [\LUT6(init="01000000000000000100...]
Compiling architecture lut6_v of entity unisim.LUT6 [\LUT6(init="00000000000000000100...]
Compiling architecture lut6_v of entity unisim.LUT6 [\LUT6(init="00000000000000000000...]
Compiling architecture structure of entity xil_defaultlib.mbv_system_microblaze_riscv_0_0_MB_FDRE_1202 [mbv_system_microblaze_riscv_0_0_...]
Compiling architecture lut6_v of entity unisim.LUT6 [\LUT6(init="10101010101010101010...]
Compiling architecture lut6_v of entity unisim.LUT6 [\LUT6(init="00000000000000000000...]
Compiling architecture structure of entity xil_defaultlib.mbv_system_microblaze_riscv_0_0_MB_FDRE_1203 [mbv_system_microblaze_riscv_0_0_...]
Compiling architecture lut6_v of entity unisim.LUT6 [\LUT6(init="10101010101010101010...]
Compiling architecture lut6_v of entity unisim.LUT6 [\LUT6(init="01000000010001001111...]
Compiling architecture lut6_v of entity unisim.LUT6 [\LUT6(init="00000000000000000000...]
Compiling architecture lut6_v of entity unisim.LUT6 [\LUT6(init="01000000010001000000...]
Compiling architecture lut6_v of entity unisim.LUT6 [\LUT6(init="00000000000000000001...]
Compiling architecture lut5_v of entity unisim.LUT5 [\LUT5(init="00000000100000000000...]
Compiling architecture lut6_v of entity unisim.LUT6 [\LUT6(init="00000000000000000000...]
Compiling architecture structure of entity xil_defaultlib.mbv_system_microblaze_riscv_0_0_MB_FDRE_1204 [mbv_system_microblaze_riscv_0_0_...]
Compiling architecture structure of entity xil_defaultlib.mbv_system_microblaze_riscv_0_0_MB_FDR_1272 [mbv_system_microblaze_riscv_0_0_...]
Compiling architecture structure of entity xil_defaultlib.mbv_system_microblaze_riscv_0_0_MB_MUXF7_1273 [mbv_system_microblaze_riscv_0_0_...]
Compiling architecture structure of entity xil_defaultlib.mbv_system_microblaze_riscv_0_0_MB_FDR_1274 [mbv_system_microblaze_riscv_0_0_...]
Compiling architecture structure of entity xil_defaultlib.mbv_system_microblaze_riscv_0_0_MB_MUXF7_1275 [mbv_system_microblaze_riscv_0_0_...]
Compiling architecture structure of entity xil_defaultlib.mbv_system_microblaze_riscv_0_0_MB_FDR_1276 [mbv_system_microblaze_riscv_0_0_...]
Compiling architecture structure of entity xil_defaultlib.mbv_system_microblaze_riscv_0_0_MB_MUXF7_1277 [mbv_system_microblaze_riscv_0_0_...]
Compiling architecture structure of entity xil_defaultlib.mbv_system_microblaze_riscv_0_0_MB_FDR_1278 [mbv_system_microblaze_riscv_0_0_...]
Compiling architecture structure of entity xil_defaultlib.mbv_system_microblaze_riscv_0_0_MB_MUXF7_1279 [mbv_system_microblaze_riscv_0_0_...]
Compiling architecture structure of entity xil_defaultlib.mbv_system_microblaze_riscv_0_0_MB_FDR_1280 [mbv_system_microblaze_riscv_0_0_...]
Compiling architecture structure of entity xil_defaultlib.mbv_system_microblaze_riscv_0_0_MB_MUXF7_1281 [mbv_system_microblaze_riscv_0_0_...]
Compiling architecture structure of entity xil_defaultlib.mbv_system_microblaze_riscv_0_0_MB_FDR_1282 [mbv_system_microblaze_riscv_0_0_...]
Compiling architecture structure of entity xil_defaultlib.mbv_system_microblaze_riscv_0_0_MB_MUXF7_1283 [mbv_system_microblaze_riscv_0_0_...]
Compiling architecture structure of entity xil_defaultlib.mbv_system_microblaze_riscv_0_0_MB_FDR_1284 [mbv_system_microblaze_riscv_0_0_...]
Compiling architecture structure of entity xil_defaultlib.mbv_system_microblaze_riscv_0_0_MB_MUXF7_1285 [mbv_system_microblaze_riscv_0_0_...]
Compiling architecture structure of entity xil_defaultlib.mbv_system_microblaze_riscv_0_0_MB_FDR_1286 [mbv_system_microblaze_riscv_0_0_...]
Compiling architecture structure of entity xil_defaultlib.mbv_system_microblaze_riscv_0_0_MB_MUXF7_1287 [mbv_system_microblaze_riscv_0_0_...]
Compiling architecture structure of entity xil_defaultlib.mbv_system_microblaze_riscv_0_0_MB_FDR_1288 [mbv_system_microblaze_riscv_0_0_...]
Compiling architecture structure of entity xil_defaultlib.mbv_system_microblaze_riscv_0_0_MB_MUXF7_1289 [mbv_system_microblaze_riscv_0_0_...]
Compiling architecture structure of entity xil_defaultlib.mbv_system_microblaze_riscv_0_0_MB_FDR_1290 [mbv_system_microblaze_riscv_0_0_...]
Compiling architecture structure of entity xil_defaultlib.mbv_system_microblaze_riscv_0_0_MB_MUXF7_1291 [mbv_system_microblaze_riscv_0_0_...]
Compiling architecture structure of entity xil_defaultlib.mbv_system_microblaze_riscv_0_0_MB_FDR_1292 [mbv_system_microblaze_riscv_0_0_...]
Compiling architecture structure of entity xil_defaultlib.mbv_system_microblaze_riscv_0_0_MB_MUXF7_1293 [mbv_system_microblaze_riscv_0_0_...]
Compiling architecture structure of entity xil_defaultlib.mbv_system_microblaze_riscv_0_0_MB_FDR_1294 [mbv_system_microblaze_riscv_0_0_...]
Compiling architecture structure of entity xil_defaultlib.mbv_system_microblaze_riscv_0_0_MB_MUXF7_1295 [mbv_system_microblaze_riscv_0_0_...]
Compiling architecture structure of entity xil_defaultlib.mbv_system_microblaze_riscv_0_0_MB_FDR_1296 [mbv_system_microblaze_riscv_0_0_...]
Compiling architecture structure of entity xil_defaultlib.mbv_system_microblaze_riscv_0_0_MB_MUXF7_1297 [mbv_system_microblaze_riscv_0_0_...]
Compiling architecture structure of entity xil_defaultlib.mbv_system_microblaze_riscv_0_0_MB_FDR_1298 [mbv_system_microblaze_riscv_0_0_...]
Compiling architecture structure of entity xil_defaultlib.mbv_system_microblaze_riscv_0_0_MB_MUXF7_1299 [mbv_system_microblaze_riscv_0_0_...]
Compiling architecture structure of entity xil_defaultlib.mbv_system_microblaze_riscv_0_0_MB_FDR_1300 [mbv_system_microblaze_riscv_0_0_...]
Compiling architecture structure of entity xil_defaultlib.mbv_system_microblaze_riscv_0_0_MB_MUXF7_1301 [mbv_system_microblaze_riscv_0_0_...]
Compiling architecture lut6_v of entity unisim.LUT6 [\LUT6(init="10010000100110011001...]
Compiling architecture lut4_v of entity unisim.LUT4 [\LUT4(init="1110111111101100")(0...]
Compiling architecture structure of entity xil_defaultlib.mbv_system_microblaze_riscv_0_0_MB_FDR_1302 [mbv_system_microblaze_riscv_0_0_...]
Compiling architecture structure of entity xil_defaultlib.mbv_system_microblaze_riscv_0_0_MB_MUXF7_1303 [mbv_system_microblaze_riscv_0_0_...]
Compiling architecture structure of entity xil_defaultlib.mbv_system_microblaze_riscv_0_0_MB_FDR_1304 [mbv_system_microblaze_riscv_0_0_...]
Compiling architecture structure of entity xil_defaultlib.mbv_system_microblaze_riscv_0_0_MB_MUXF7_1305 [mbv_system_microblaze_riscv_0_0_...]
Compiling architecture lut6_v of entity unisim.LUT6 [\LUT6(init="00001111000000001110...]
Compiling architecture structure of entity xil_defaultlib.mbv_system_microblaze_riscv_0_0_MB_MUXCY_XORCY_1306 [mbv_system_microblaze_riscv_0_0_...]
Compiling architecture structure of entity xil_defaultlib.mbv_system_microblaze_riscv_0_0_MB_MUXCY_XORCY_1307 [mbv_system_microblaze_riscv_0_0_...]
Compiling architecture structure of entity xil_defaultlib.mbv_system_microblaze_riscv_0_0_MB_MUXCY_XORCY_1308 [mbv_system_microblaze_riscv_0_0_...]
Compiling architecture structure of entity xil_defaultlib.mbv_system_microblaze_riscv_0_0_MB_MUXCY_XORCY_1309 [mbv_system_microblaze_riscv_0_0_...]
Compiling architecture structure of entity xil_defaultlib.mbv_system_microblaze_riscv_0_0_MB_MUXCY_XORCY_1310 [mbv_system_microblaze_riscv_0_0_...]
Compiling architecture structure of entity xil_defaultlib.mbv_system_microblaze_riscv_0_0_MB_MUXCY_XORCY_1311 [mbv_system_microblaze_riscv_0_0_...]
Compiling architecture structure of entity xil_defaultlib.mbv_system_microblaze_riscv_0_0_MB_MUXCY_XORCY_1312 [mbv_system_microblaze_riscv_0_0_...]
Compiling architecture structure of entity xil_defaultlib.mbv_system_microblaze_riscv_0_0_MB_MUXCY_XORCY_1313 [mbv_system_microblaze_riscv_0_0_...]
Compiling architecture structure of entity xil_defaultlib.mbv_system_microblaze_riscv_0_0_MB_MUXCY_XORCY_1314 [mbv_system_microblaze_riscv_0_0_...]
Compiling architecture structure of entity xil_defaultlib.mbv_system_microblaze_riscv_0_0_MB_MUXCY_XORCY_1315 [mbv_system_microblaze_riscv_0_0_...]
Compiling architecture structure of entity xil_defaultlib.mbv_system_microblaze_riscv_0_0_MB_MUXCY_XORCY_1316 [mbv_system_microblaze_riscv_0_0_...]
Compiling architecture structure of entity xil_defaultlib.mbv_system_microblaze_riscv_0_0_MB_MUXCY_XORCY_1317 [mbv_system_microblaze_riscv_0_0_...]
Compiling architecture structure of entity xil_defaultlib.mbv_system_microblaze_riscv_0_0_MB_MUXCY_XORCY_1318 [mbv_system_microblaze_riscv_0_0_...]
Compiling architecture structure of entity xil_defaultlib.mbv_system_microblaze_riscv_0_0_MB_MUXCY_XORCY_1319 [mbv_system_microblaze_riscv_0_0_...]
Compiling architecture structure of entity xil_defaultlib.mbv_system_microblaze_riscv_0_0_MB_MUXCY_XORCY_1320 [mbv_system_microblaze_riscv_0_0_...]
Compiling architecture structure of entity xil_defaultlib.mbv_system_microblaze_riscv_0_0_microblaze_riscv_v1_0_7_PC_Module_gti [mbv_system_microblaze_riscv_0_0_...]
Compiling architecture lut6_v of entity unisim.LUT6 [\LUT6(init="00000000000000000000...]
Compiling architecture lut6_v of entity unisim.LUT6 [\LUT6(init="10101010101010101110...]
Compiling architecture lut6_v of entity unisim.LUT6 [\LUT6(init="00001000000010000000...]
Compiling architecture lut6_v of entity unisim.LUT6 [\LUT6(init="00000000000000000000...]
Compiling architecture lut4_v of entity unisim.LUT4 [\LUT4(init="1111110100001101")(0...]
Compiling architecture lut6_v of entity unisim.LUT6 [\LUT6(init="11111111111111111111...]
Compiling architecture lut5_v of entity unisim.LUT5 [\LUT5(init="11111110111111111111...]
Compiling architecture lut6_v of entity unisim.LUT6 [\LUT6(init="11111111111111110000...]
Compiling architecture lut6_v of entity unisim.LUT6 [\LUT6(init="10101010101010001010...]
Compiling architecture lut6_v of entity unisim.LUT6 [\LUT6(init="11111111111111110101...]
Compiling architecture lut6_v of entity unisim.LUT6 [\LUT6(init="01000100111101000100...]
Compiling architecture lut5_v of entity unisim.LUT5 [\LUT5(init="00000100000000000000...]
Compiling architecture lut6_v of entity unisim.LUT6 [\LUT6(init="11111111000100001111...]
Compiling architecture lut6_v of entity unisim.LUT6 [\LUT6(init="11111110111111101111...]
Compiling architecture lut6_v of entity unisim.LUT6 [\LUT6(init="11111111111111111111...]
Compiling architecture lut6_v of entity unisim.LUT6 [\LUT6(init="11101110111011101110...]
Compiling architecture lut6_v of entity unisim.LUT6 [\LUT6(init="11111111010111111111...]
Compiling architecture lut6_v of entity unisim.LUT6 [\LUT6(init="01000100000000000000...]
Compiling architecture lut6_v of entity unisim.LUT6 [\LUT6(init="01110100011101000100...]
Compiling architecture lut6_v of entity unisim.LUT6 [\LUT6(init="10101010101010101010...]
Compiling architecture lut5_v of entity unisim.LUT5 [\LUT5(init="11111110111111101111...]
Compiling architecture lut6_v of entity unisim.LUT6 [\LUT6(init="00001111000000000000...]
Compiling architecture lut6_v of entity unisim.LUT6 [\LUT6(init="00000000001100000000...]
Compiling architecture lut5_v of entity unisim.LUT5 [\LUT5(init="10000010101010100000...]
Compiling architecture lut6_v of entity unisim.LUT6 [\LUT6(init="11111111111111111111...]
Compiling architecture lut6_v of entity unisim.LUT6 [\LUT6(init="00000000000000000000...]
Compiling architecture lut6_v of entity unisim.LUT6 [\LUT6(init="00001000000010000000...]
Compiling architecture lut6_v of entity unisim.LUT6 [\LUT6(init="11111111111111111111...]
Compiling architecture lut6_v of entity unisim.LUT6 [\LUT6(init="01010101000000000100...]
Compiling architecture lut6_v of entity unisim.LUT6 [\LUT6(init="11111111111111111111...]
Compiling architecture lut6_v of entity unisim.LUT6 [\LUT6(init="00000000000000000000...]
Compiling architecture lut6_v of entity unisim.LUT6 [\LUT6(init="00000000000000000000...]
Compiling architecture lut6_v of entity unisim.LUT6 [\LUT6(init="00001111011101110000...]
Compiling architecture lut6_v of entity unisim.LUT6 [\LUT6(init="01000111000000001111...]
Compiling architecture lut6_v of entity unisim.LUT6 [\LUT6(init="01010111111111110000...]
Compiling architecture lut6_v of entity unisim.LUT6 [\LUT6(init="10101100111111001010...]
Compiling architecture lut6_v of entity unisim.LUT6 [\LUT6(init="11111111111111111111...]
Compiling architecture lut6_v of entity unisim.LUT6 [\LUT6(init="00000000000000000000...]
Compiling architecture lut6_v of entity unisim.LUT6 [\LUT6(init="00000000000000000000...]
Compiling architecture lut6_v of entity unisim.LUT6 [\LUT6(init="00010001000000010000...]
Compiling architecture lut6_v of entity unisim.LUT6 [\LUT6(init="00110001000000000000...]
Compiling architecture lut6_v of entity unisim.LUT6 [\LUT6(init="11001010110000001100...]
Compiling architecture lut4_v of entity unisim.LUT4 [\LUT4(init="1010111011101110")(0...]
Compiling architecture lut6_v of entity unisim.LUT6 [\LUT6(init="10101100101000001010...]
Compiling architecture lut6_v of entity unisim.LUT6 [\LUT6(init="11111111111111111111...]
Compiling architecture lut6_v of entity unisim.LUT6 [\LUT6(init="00110011001100110101...]
Compiling architecture lut6_v of entity unisim.LUT6 [\LUT6(init="00000000000000000100...]
Compiling architecture lut6_v of entity unisim.LUT6 [\LUT6(init="11111111111111111111...]
Compiling architecture lut6_v of entity unisim.LUT6 [\LUT6(init="00000000000000010000...]
Compiling architecture lut6_v of entity unisim.LUT6 [\LUT6(init="00000000000000001010...]
Compiling architecture lut6_v of entity unisim.LUT6 [\LUT6(init="00000000000000000000...]
Compiling architecture lut5_v of entity unisim.LUT5 [\LUT5(init="00010001000000011111...]
Compiling architecture lut5_v of entity unisim.LUT5 [\LUT5(init="10111011101110111011...]
Compiling architecture lut6_v of entity unisim.LUT6 [\LUT6(init="00010001000100010001...]
Compiling architecture lut5_v of entity unisim.LUT5 [\LUT5(init="10101010101010101110...]
Compiling architecture lut6_v of entity unisim.LUT6 [\LUT6(init="00000000000000001101...]
Compiling architecture lut4_v of entity unisim.LUT4 [\LUT4(init="0000001010100010")(0...]
Compiling architecture lut6_v of entity unisim.LUT6 [\LUT6(init="10111111101111111011...]
Compiling architecture lut6_v of entity unisim.LUT6 [\LUT6(init="00110011001100110101...]
Compiling architecture lut6_v of entity unisim.LUT6 [\LUT6(init="10001010100000000000...]
Compiling architecture lut4_v of entity unisim.LUT4 [\LUT4(init="0011001101010000")(0...]
Compiling architecture lut6_v of entity unisim.LUT6 [\LUT6(init="00000000000000000000...]
Compiling architecture lut5_v of entity unisim.LUT5 [\LUT5(init="00000000000010001010...]
Compiling architecture lut6_v of entity unisim.LUT6 [\LUT6(init="00000000101010110000...]
Compiling architecture lut6_v of entity unisim.LUT6 [\LUT6(init="10101010100000000000...]
Compiling architecture lut6_v of entity unisim.LUT6 [\LUT6(init="00000000000000000000...]
Compiling architecture lut6_v of entity unisim.LUT6 [\LUT6(init="11111101000000001111...]
Compiling architecture lut5_v of entity unisim.LUT5 [\LUT5(init="11101010111011101110...]
Compiling architecture lut6_v of entity unisim.LUT6 [\LUT6(init="11001100110011001010...]
Compiling architecture lut6_v of entity unisim.LUT6 [\LUT6(init="11111111111111111111...]
Compiling architecture lut6_v of entity unisim.LUT6 [\LUT6(init="00100010001000100000...]
Compiling architecture lut6_v of entity unisim.LUT6 [\LUT6(init="01110111011101000111...]
Compiling architecture lut6_v of entity unisim.LUT6 [\LUT6(init="10111011101110001011...]
Compiling architecture lut6_v of entity unisim.LUT6 [\LUT6(init="00000000000000000000...]
Compiling architecture lut5_v of entity unisim.LUT5 [\LUT5(init="11111111111111110101...]
Compiling architecture lut6_v of entity unisim.LUT6 [\LUT6(init="00000000000000000000...]
Compiling architecture lut6_v of entity unisim.LUT6 [\LUT6(init="11111111111111111111...]
Compiling architecture lut6_v of entity unisim.LUT6 [\LUT6(init="11111111111111111111...]
Compiling architecture lut6_v of entity unisim.LUT6 [\LUT6(init="00010100000101010001...]
Compiling architecture lut6_v of entity unisim.LUT6 [\LUT6(init="00000000000000000000...]
Compiling architecture lut4_v of entity unisim.LUT4 [\LUT4(init="0000111011111111")(0...]
Compiling architecture lut6_v of entity unisim.LUT6 [\LUT6(init="00000000000000000000...]
Compiling architecture lut6_v of entity unisim.LUT6 [\LUT6(init="11111111111111111111...]
Compiling architecture lut5_v of entity unisim.LUT5 [\LUT5(init="00000000000000001010...]
Compiling architecture structure of entity xil_defaultlib.mbv_system_microblaze_riscv_0_0_MB_FDR [mbv_system_microblaze_riscv_0_0_...]
Compiling architecture lut6_v of entity unisim.LUT6 [\LUT6(init="00000000000000000000...]
Compiling architecture structure of entity xil_defaultlib.mbv_system_microblaze_riscv_0_0_MB_LUT6 [mbv_system_microblaze_riscv_0_0_...]
Compiling architecture lut5_v of entity unisim.LUT5 [\LUT5(init="11101110111011111010...]
Compiling architecture structure of entity xil_defaultlib.mbv_system_microblaze_riscv_0_0_MB_FDR_1265 [mbv_system_microblaze_riscv_0_0_...]
Compiling architecture structure of entity xil_defaultlib.mbv_system_microblaze_riscv_0_0_MB_LUT6_1266 [mbv_system_microblaze_riscv_0_0_...]
Compiling architecture structure of entity xil_defaultlib.mbv_system_microblaze_riscv_0_0_MB_FDR_1267 [mbv_system_microblaze_riscv_0_0_...]
Compiling architecture structure of entity xil_defaultlib.mbv_system_microblaze_riscv_0_0_MB_LUT6_1268 [mbv_system_microblaze_riscv_0_0_...]
Compiling architecture structure of entity xil_defaultlib.mbv_system_microblaze_riscv_0_0_MB_FDR_1269 [mbv_system_microblaze_riscv_0_0_...]
Compiling architecture structure of entity xil_defaultlib.mbv_system_microblaze_riscv_0_0_MB_LUT6_1270 [mbv_system_microblaze_riscv_0_0_...]
Compiling architecture lut4_v of entity unisim.LUT4 [\LUT4(init="1111111000000010")(0...]
Compiling architecture structure of entity xil_defaultlib.mbv_system_microblaze_riscv_0_0_MB_FDS [mbv_system_microblaze_riscv_0_0_...]
Compiling architecture lut6_v of entity unisim.LUT6 [\LUT6(init="11111111000000001111...]
Compiling architecture structure of entity xil_defaultlib.\mbv_system_microblaze_riscv_0_0_MB_LUT6__parameterized2\ [\mbv_system_microblaze_riscv_0_0...]
Compiling architecture lut6_v of entity unisim.LUT6 [\LUT6(init="00000000111111110000...]
Compiling architecture structure of entity xil_defaultlib.\mbv_system_microblaze_riscv_0_0_MB_LUT6__parameterized4\ [\mbv_system_microblaze_riscv_0_0...]
Compiling architecture lut6_v of entity unisim.LUT6 [\LUT6(init="11111111111111111111...]
Compiling architecture lut6_v of entity unisim.LUT6 [\LUT6(init="11111111111101111111...]
Compiling architecture lut6_v of entity unisim.LUT6 [\LUT6(init="00000000000001000000...]
Compiling architecture lut5_v of entity unisim.LUT5 [\LUT5(init="11011111110111011101...]
Compiling architecture lut6_v of entity unisim.LUT6 [\LUT6(init="00011101000000000000...]
Compiling architecture lut6_v of entity unisim.LUT6 [\LUT6(init="00000000000000000000...]
Compiling architecture lut6_v of entity unisim.LUT6 [\LUT6(init="10001000100010000000...]
Compiling architecture lut6_v of entity unisim.LUT6 [\LUT6(init="00001000000000000000...]
Compiling architecture lut6_v of entity unisim.LUT6 [\LUT6(init="00000000000000000000...]
Compiling architecture lut6_v of entity unisim.LUT6 [\LUT6(init="01110101011111110111...]
Compiling architecture lut6_v of entity unisim.LUT6 [\LUT6(init="00000100000000000000...]
Compiling architecture lut6_v of entity unisim.LUT6 [\LUT6(init="00000000000000000000...]
Compiling architecture lut5_v of entity unisim.LUT5 [\LUT5(init="00001000001010100010...]
Compiling architecture lut5_v of entity unisim.LUT5 [\LUT5(init="10100010100000001000...]
Compiling architecture lut6_v of entity unisim.LUT6 [\LUT6(init="00000000000000000000...]
Compiling architecture lut6_v of entity unisim.LUT6 [\LUT6(init="00000001111111110000...]
Compiling architecture lut5_v of entity unisim.LUT5 [\LUT5(init="11111111111111110100...]
Compiling architecture lut6_v of entity unisim.LUT6 [\LUT6(init="10001000100010001000...]
Compiling architecture lut5_v of entity unisim.LUT5 [\LUT5(init="10101010101010101111...]
Compiling architecture lut6_v of entity unisim.LUT6 [\LUT6(init="11110000000011111111...]
Compiling architecture lut6_v of entity unisim.LUT6 [\LUT6(init="11011101110111011111...]
Compiling architecture lut5_v of entity unisim.LUT5 [\LUT5(init="00010001000100011111...]
Compiling architecture lut5_v of entity unisim.LUT5 [\LUT5(init="00000000000000001101...]
Compiling architecture lut4_v of entity unisim.LUT4 [\LUT4(init="0000000000011111")(0...]
Compiling architecture lut6_v of entity unisim.LUT6 [\LUT6(init="00000000000000000000...]
Compiling architecture lut6_v of entity unisim.LUT6 [\LUT6(init="11111111011111111111...]
Compiling architecture lut5_v of entity unisim.LUT5 [\LUT5(init="11111111111111111111...]
Compiling architecture lut6_v of entity unisim.LUT6 [\LUT6(init="00000000000000001111...]
Compiling architecture lut6_v of entity unisim.LUT6 [\LUT6(init="11111111111111111111...]
Compiling architecture lut6_v of entity unisim.LUT6 [\LUT6(init="00000000000000000000...]
Compiling architecture lut6_v of entity unisim.LUT6 [\LUT6(init="11110001111100011111...]
Compiling architecture lut6_v of entity unisim.LUT6 [\LUT6(init="11110000001000101111...]
Compiling architecture structure of entity xil_defaultlib.mbv_system_microblaze_riscv_0_0_MB_FDR_1271 [mbv_system_microblaze_riscv_0_0_...]
Compiling architecture lut6_v of entity unisim.LUT6 [\LUT6(init="11111111111111111111...]
Compiling architecture lut6_v of entity unisim.LUT6 [\LUT6(init="11111111101011111111...]
Compiling architecture lut5_v of entity unisim.LUT5 [\LUT5(init="00001000000000000000...]
Compiling architecture lut6_v of entity unisim.LUT6 [\LUT6(init="00000000000000000000...]
Compiling architecture lut6_v of entity unisim.LUT6 [\LUT6(init="11001010111110101100...]
Compiling architecture lut6_v of entity unisim.LUT6 [\LUT6(init="11111111111111111111...]
Compiling architecture lut6_v of entity unisim.LUT6 [\LUT6(init="11111111111111111111...]
Compiling architecture lut6_v of entity unisim.LUT6 [\LUT6(init="11111111111011111111...]
Compiling architecture lut6_v of entity unisim.LUT6 [\LUT6(init="00000000000000000000...]
Compiling architecture lut6_v of entity unisim.LUT6 [\LUT6(init="00000000000011110000...]
Compiling architecture lut6_v of entity unisim.LUT6 [\LUT6(init="00010000000101010101...]
Compiling architecture lut6_v of entity unisim.LUT6 [\LUT6(init="01001111010001000100...]
Compiling architecture lut6_v of entity unisim.LUT6 [\LUT6(init="10101010101010101011...]
Compiling architecture lut6_v of entity unisim.LUT6 [\LUT6(init="00000000000001000000...]
Compiling architecture lut6_v of entity unisim.LUT6 [\LUT6(init="00000000000000000000...]
Compiling architecture lut5_v of entity unisim.LUT5 [\LUT5(init="11101110111111101111...]
Compiling architecture lut6_v of entity unisim.LUT6 [\LUT6(init="00000000000000000000...]
Compiling architecture lut6_v of entity unisim.LUT6 [\LUT6(init="11111111111111111111...]
Compiling architecture lut5_v of entity unisim.LUT5 [\LUT5(init="10101010100000000000...]
Compiling architecture lut5_v of entity unisim.LUT5 [\LUT5(init="10101011101110111011...]
Compiling architecture lut5_v of entity unisim.LUT5 [\LUT5(init="11111111111110011111...]
Compiling architecture lut6_v of entity unisim.LUT6 [\LUT6(init="01000101010000000000...]
Compiling architecture lut5_v of entity unisim.LUT5 [\LUT5(init="11111111111111111111...]
Compiling architecture lut6_v of entity unisim.LUT6 [\LUT6(init="11111111111111111111...]
Compiling architecture lut6_v of entity unisim.LUT6 [\LUT6(init="10101010110000001010...]
Compiling architecture lut6_v of entity unisim.LUT6 [\LUT6(init="10111011101010111010...]
Compiling architecture lut6_v of entity unisim.LUT6 [\LUT6(init="11111111111111111111...]
Compiling architecture lut4_v of entity unisim.LUT4 [\LUT4(init="1111011001101111")(0...]
Compiling architecture lut5_v of entity unisim.LUT5 [\LUT5(init="11111001100111111111...]
Compiling architecture lut6_v of entity unisim.LUT6 [\LUT6(init="01000100010001000100...]
Compiling architecture lut6_v of entity unisim.LUT6 [\LUT6(init="10001000100010001000...]
Compiling architecture lut6_v of entity unisim.LUT6 [\LUT6(init="10101010101000101010...]
Compiling architecture lut6_v of entity unisim.LUT6 [\LUT6(init="11111111111111111111...]
Compiling architecture lut5_v of entity unisim.LUT5 [\LUT5(init="11110001000000001111...]
Compiling architecture lut6_v of entity unisim.LUT6 [\LUT6(init="11111111111111111100...]
Compiling architecture lut4_v of entity unisim.LUT4 [\LUT4(init="1111100000001000")(0...]
Compiling architecture lut6_v of entity unisim.LUT6 [\LUT6(init="11111111111111111010...]
Compiling architecture lut6_v of entity unisim.LUT6 [\LUT6(init="11111111000000001010...]
Compiling architecture lut4_v of entity unisim.LUT4 [\LUT4(init="1100110010100000")(0...]
Compiling architecture lut6_v of entity unisim.LUT6 [\LUT6(init="11110000111100001111...]
Compiling architecture lut6_v of entity unisim.LUT6 [\LUT6(init="11111111111011101111...]
Compiling architecture lut6_v of entity unisim.LUT6 [\LUT6(init="11111111111111111111...]
Compiling architecture lut6_v of entity unisim.LUT6 [\LUT6(init="11101111111011111110...]
Compiling architecture lut6_v of entity unisim.LUT6 [\LUT6(init="10101010101010101010...]
Compiling architecture lut6_v of entity unisim.LUT6 [\LUT6(init="01010101010101010101...]
Compiling architecture lut6_v of entity unisim.LUT6 [\LUT6(init="01000100010101000100...]
Compiling architecture lut6_v of entity unisim.LUT6 [\LUT6(init="01000101010001000100...]
Compiling architecture lut6_v of entity unisim.LUT6 [\LUT6(init="00010001000101010101...]
Compiling architecture lut6_v of entity unisim.LUT6 [\LUT6(init="00000000000000000000...]
Compiling architecture lut5_v of entity unisim.LUT5 [\LUT5(init="11111111000000001111...]
Compiling architecture lut6_v of entity unisim.LUT6 [\LUT6(init="00000000000000000000...]
Compiling architecture lut6_v of entity unisim.LUT6 [\LUT6(init="00000000101111111011...]
Compiling architecture lut6_v of entity unisim.LUT6 [\LUT6(init="01010101010101010101...]
Compiling architecture lut6_v of entity unisim.LUT6 [\LUT6(init="01010100010101000101...]
Compiling architecture lut4_v of entity unisim.LUT4 [\LUT4(init="0100011101110111")(0...]
Compiling architecture lut5_v of entity unisim.LUT5 [\LUT5(init="11001100101000000000...]
Compiling architecture lut5_v of entity unisim.LUT5 [\LUT5(init="11111111111110101100...]
Compiling architecture lut6_v of entity unisim.LUT6 [\LUT6(init="11111111111111111111...]
Compiling architecture lut6_v of entity unisim.LUT6 [\LUT6(init="11101111111011101110...]
Compiling architecture lut6_v of entity unisim.LUT6 [\LUT6(init="01010101010101010101...]
Compiling architecture lut6_v of entity unisim.LUT6 [\LUT6(init="00000001000000010000...]
Compiling architecture lut6_v of entity unisim.LUT6 [\LUT6(init="10101010111111101010...]
Compiling architecture lut5_v of entity unisim.LUT5 [\LUT5(init="00000000000000000010...]
Compiling architecture lut6_v of entity unisim.LUT6 [\LUT6(init="00000000000000001101...]
Compiling architecture lut5_v of entity unisim.LUT5 [\LUT5(init="11110110111111111111...]
Compiling architecture lut6_v of entity unisim.LUT6 [\LUT6(init="11101110010000001010...]
Compiling architecture lut5_v of entity unisim.LUT5 [\LUT5(init="00000001000000000000...]
Compiling architecture lut6_v of entity unisim.LUT6 [\LUT6(init="00000000001100000000...]
Compiling architecture lut5_v of entity unisim.LUT5 [\LUT5(init="00000000000000001001...]
Compiling architecture lut6_v of entity unisim.LUT6 [\LUT6(init="11101111111010101010...]
Compiling architecture lut6_v of entity unisim.LUT6 [\LUT6(init="00000000000000000000...]
Compiling architecture lut6_v of entity unisim.LUT6 [\LUT6(init="11111001100111111111...]
Compiling architecture lut5_v of entity unisim.LUT5 [\LUT5(init="00000000000000000000...]
Compiling architecture lut6_v of entity unisim.LUT6 [\LUT6(init="00000000000000000000...]
Compiling architecture lut4_v of entity unisim.LUT4 [\LUT4(init="1110101001000000")(0...]
Compiling architecture lut6_v of entity unisim.LUT6 [\LUT6(init="00010000000000000001...]
Compiling architecture lut6_v of entity unisim.LUT6 [\LUT6(init="00000000000100010000...]
Compiling architecture lut6_v of entity unisim.LUT6 [\LUT6(init="11111111111111111111...]
Compiling architecture lut6_v of entity unisim.LUT6 [\LUT6(init="01010011111100110101...]
Compiling architecture lut6_v of entity unisim.LUT6 [\LUT6(init="11111111111111111111...]
Compiling architecture lut6_v of entity unisim.LUT6 [\LUT6(init="11111111111111111111...]
Compiling architecture lut6_v of entity unisim.LUT6 [\LUT6(init="00000010101000100000...]
Compiling architecture lut6_v of entity unisim.LUT6 [\LUT6(init="00000000000010000000...]
Compiling architecture lut6_v of entity unisim.LUT6 [\LUT6(init="00000000000000000001...]
Compiling architecture lut6_v of entity unisim.LUT6 [\LUT6(init="00000000000000000000...]
Compiling architecture lut6_v of entity unisim.LUT6 [\LUT6(init="10101010111111111010...]
Compiling architecture lut6_v of entity unisim.LUT6 [\LUT6(init="11111111010011110100...]
Compiling architecture lut5_v of entity unisim.LUT5 [\LUT5(init="00010000000000000001...]
Compiling architecture lut6_v of entity unisim.LUT6 [\LUT6(init="00000001000000010000...]
Compiling architecture lut6_v of entity unisim.LUT6 [\LUT6(init="00000000000000000000...]
Compiling architecture lut5_v of entity unisim.LUT5 [\LUT5(init="11111011111111111111...]
Compiling architecture lut6_v of entity unisim.LUT6 [\LUT6(init="11111111111111111111...]
Compiling architecture lut6_v of entity unisim.LUT6 [\LUT6(init="01010101110101010101...]
Compiling architecture lut5_v of entity unisim.LUT5 [\LUT5(init="10101010101010101010...]
Compiling architecture lut6_v of entity unisim.LUT6 [\LUT6(init="00000000000000000000...]
Compiling architecture lut6_v of entity unisim.LUT6 [\LUT6(init="11111111111111111111...]
Compiling architecture lut6_v of entity unisim.LUT6 [\LUT6(init="00000000000000000000...]
Compiling architecture lut6_v of entity unisim.LUT6 [\LUT6(init="00001100000000000000...]
Compiling architecture lut6_v of entity unisim.LUT6 [\LUT6(init="00000000000000000000...]
Compiling architecture lut6_v of entity unisim.LUT6 [\LUT6(init="00000000000000000000...]
Compiling architecture lut6_v of entity unisim.LUT6 [\LUT6(init="00000000000000000000...]
Compiling architecture lut6_v of entity unisim.LUT6 [\LUT6(init="00000000000000000010...]
Compiling architecture lut6_v of entity unisim.LUT6 [\LUT6(init="11111111111111111111...]
Compiling architecture lut5_v of entity unisim.LUT5 [\LUT5(init="01000101010000000101...]
Compiling architecture lut5_v of entity unisim.LUT5 [\LUT5(init="01000111000000001111...]
Compiling architecture lut6_v of entity unisim.LUT6 [\LUT6(init="11011111110101011111...]
Compiling architecture lut6_v of entity unisim.LUT6 [\LUT6(init="11111111111111111111...]
Compiling architecture lut6_v of entity unisim.LUT6 [\LUT6(init="00000000000000000000...]
Compiling architecture lut6_v of entity unisim.LUT6 [\LUT6(init="11111111111111111111...]
Compiling architecture lut6_v of entity unisim.LUT6 [\LUT6(init="10111010101110111011...]
Compiling architecture lut5_v of entity unisim.LUT5 [\LUT5(init="00000000000011010000...]
Compiling architecture lut6_v of entity unisim.LUT6 [\LUT6(init="11001100110111111111...]
Compiling architecture lut6_v of entity unisim.LUT6 [\LUT6(init="00000000000000000000...]
Compiling architecture lut6_v of entity unisim.LUT6 [\LUT6(init="00000000000000000000...]
Compiling architecture lut6_v of entity unisim.LUT6 [\LUT6(init="11111111111111111111...]
Compiling architecture lut6_v of entity unisim.LUT6 [\LUT6(init="01110100011101110111...]
Compiling architecture lut6_v of entity unisim.LUT6 [\LUT6(init="00100000001010100100...]
Compiling architecture lut4_v of entity unisim.LUT4 [\LUT4(init="1111111010101110")(0...]
Compiling architecture lut4_v of entity unisim.LUT4 [\LUT4(init="1010111011111110")(0...]
Compiling architecture lut5_v of entity unisim.LUT5 [\LUT5(init="00000000001000001000...]
Compiling architecture lut5_v of entity unisim.LUT5 [\LUT5(init="11111111111111111111...]
Compiling architecture lut6_v of entity unisim.LUT6 [\LUT6(init="00000000000000000000...]
Compiling architecture lut5_v of entity unisim.LUT5 [\LUT5(init="10101010101010111010...]
Compiling architecture lut5_v of entity unisim.LUT5 [\LUT5(init="10101110111011101111...]
Compiling architecture lut4_v of entity unisim.LUT4 [\LUT4(init="1010101110101000")(0...]
Compiling architecture lut4_v of entity unisim.LUT4 [\LUT4(init="0000001011110010")(0...]
Compiling architecture lut6_v of entity unisim.LUT6 [\LUT6(init="10111011101110111011...]
Compiling architecture lut6_v of entity unisim.LUT6 [\LUT6(init="01010101010101011111...]
Compiling architecture lut6_v of entity unisim.LUT6 [\LUT6(init="00100000001001110111...]
Compiling architecture lut5_v of entity unisim.LUT5 [\LUT5(init="00000000010001010101...]
Compiling architecture lut6_v of entity unisim.LUT6 [\LUT6(init="11111111111111111111...]
Compiling architecture lut6_v of entity unisim.LUT6 [\LUT6(init="00001111101110110000...]
Compiling architecture lut6_v of entity unisim.LUT6 [\LUT6(init="00000001010100010000...]
Compiling architecture lut6_v of entity unisim.LUT6 [\LUT6(init="00000000000000000000...]
Compiling architecture lut6_v of entity unisim.LUT6 [\LUT6(init="00010000000100010001...]
Compiling architecture lut6_v of entity unisim.LUT6 [\LUT6(init="11111111111111111111...]
Compiling architecture lut6_v of entity unisim.LUT6 [\LUT6(init="11110011111111111111...]
Compiling architecture lut6_v of entity unisim.LUT6 [\LUT6(init="10111010101110111011...]
Compiling architecture lut6_v of entity unisim.LUT6 [\LUT6(init="11101111111010101010...]
Compiling architecture lut6_v of entity unisim.LUT6 [\LUT6(init="01000111000000110100...]
Compiling architecture lut5_v of entity unisim.LUT5 [\LUT5(init="11111111111100010001...]
Compiling architecture lut4_v of entity unisim.LUT4 [\LUT4(init="1011100010111011")(0...]
Compiling architecture lut6_v of entity unisim.LUT6 [\LUT6(init="11111111001000000000...]
Compiling architecture lut6_v of entity unisim.LUT6 [\LUT6(init="11111111111111111110...]
Compiling architecture lut6_v of entity unisim.LUT6 [\LUT6(init="11111101111111111111...]
Compiling architecture lut6_v of entity unisim.LUT6 [\LUT6(init="00000010111100100000...]
Compiling architecture lut6_v of entity unisim.LUT6 [\LUT6(init="00010000000100000001...]
Compiling architecture lut4_v of entity unisim.LUT4 [\LUT4(init="1111111100000001")(0...]
Compiling architecture lut6_v of entity unisim.LUT6 [\LUT6(init="10101000000010000000...]
Compiling architecture lut5_v of entity unisim.LUT5 [\LUT5(init="10101000100010000010...]
Compiling architecture lut6_v of entity unisim.LUT6 [\LUT6(init="00000010000000101010...]
Compiling architecture lut6_v of entity unisim.LUT6 [\LUT6(init="11111111111111011111...]
Compiling architecture lut5_v of entity unisim.LUT5 [\LUT5(init="11011111110111111101...]
Compiling architecture lut6_v of entity unisim.LUT6 [\LUT6(init="01000100010001000100...]
Compiling architecture lut6_v of entity unisim.LUT6 [\LUT6(init="11111111101111111111...]
Compiling architecture lut6_v of entity unisim.LUT6 [\LUT6(init="10111011101110111010...]
Compiling architecture lut5_v of entity unisim.LUT5 [\LUT5(init="00000000010101000000...]
Compiling architecture lut5_v of entity unisim.LUT5 [\LUT5(init="00000010001000101000...]
Compiling architecture lut5_v of entity unisim.LUT5 [\LUT5(init="11111111111111111111...]
Compiling architecture lut4_v of entity unisim.LUT4 [\LUT4(init="0000101100001000")(0...]
Compiling architecture lut6_v of entity unisim.LUT6 [\LUT6(init="10101010101010101010...]
Compiling architecture lut6_v of entity unisim.LUT6 [\LUT6(init="11101111111000001111...]
Compiling architecture lut3_v of entity unisim.LUT3 [\LUT3(init="11100100")(0,7)\]
Compiling architecture lut6_v of entity unisim.LUT6 [\LUT6(init="10101110101010101010...]
Compiling architecture lut6_v of entity unisim.LUT6 [\LUT6(init="11111111111111111111...]
Compiling architecture lut6_v of entity unisim.LUT6 [\LUT6(init="11101110111011101111...]
Compiling architecture lut6_v of entity unisim.LUT6 [\LUT6(init="11101110111011101010...]
Compiling architecture lut6_v of entity unisim.LUT6 [\LUT6(init="10001010100000001111...]
Compiling architecture lut6_v of entity unisim.LUT6 [\LUT6(init="11101010111011101110...]
Compiling architecture lut6_v of entity unisim.LUT6 [\LUT6(init="11101111111010101110...]
Compiling architecture lut6_v of entity unisim.LUT6 [\LUT6(init="11001100110011001111...]
Compiling architecture lut6_v of entity unisim.LUT6 [\LUT6(init="11101110101010101110...]
Compiling architecture lut5_v of entity unisim.LUT5 [\LUT5(init="11111111111111111111...]
Compiling architecture lut6_v of entity unisim.LUT6 [\LUT6(init="11111111111111111111...]
Compiling architecture lut6_v of entity unisim.LUT6 [\LUT6(init="10111010101110111011...]
Compiling architecture lut6_v of entity unisim.LUT6 [\LUT6(init="10101010101110101010...]
Compiling architecture lut6_v of entity unisim.LUT6 [\LUT6(init="11111111010011110100...]
Compiling architecture lut6_v of entity unisim.LUT6 [\LUT6(init="11111111000111110001...]
Compiling architecture lut6_v of entity unisim.LUT6 [\LUT6(init="00010001000111110001...]
Compiling architecture lut6_v of entity unisim.LUT6 [\LUT6(init="01000100010001000100...]
Compiling architecture lut6_v of entity unisim.LUT6 [\LUT6(init="00010001000100010001...]
Compiling architecture lut5_v of entity unisim.LUT5 [\LUT5(init="00000000000000001011...]
Compiling architecture lut5_v of entity unisim.LUT5 [\LUT5(init="01000100010001000100...]
Compiling architecture lut6_v of entity unisim.LUT6 [\LUT6(init="00010001000100000001...]
Compiling architecture lut5_v of entity unisim.LUT5 [\LUT5(init="01000000010000001111...]
Compiling architecture lut6_v of entity unisim.LUT6 [\LUT6(init="00000000000000000000...]
Compiling architecture lut5_v of entity unisim.LUT5 [\LUT5(init="10001010100010001000...]
Compiling architecture lut6_v of entity unisim.LUT6 [\LUT6(init="00000000000000000000...]
Compiling architecture lut6_v of entity unisim.LUT6 [\LUT6(init="00000000000000000000...]
Compiling architecture lut5_v of entity unisim.LUT5 [\LUT5(init="10111010111111111011...]
Compiling architecture lut6_v of entity unisim.LUT6 [\LUT6(init="00001000000011110000...]
Compiling architecture lut6_v of entity unisim.LUT6 [\LUT6(init="11111111111111111111...]
Compiling architecture lut5_v of entity unisim.LUT5 [\LUT5(init="11111111111011111111...]
Compiling architecture lut6_v of entity unisim.LUT6 [\LUT6(init="00100000001000000010...]
Compiling architecture structure of entity xil_defaultlib.mbv_system_microblaze_riscv_0_0_OneHot_Buffer_FF [mbv_system_microblaze_riscv_0_0_...]
Compiling architecture structure of entity xil_defaultlib.\mbv_system_microblaze_riscv_0_0_OneHot_Buffer_FF__parameterized1\ [\mbv_system_microblaze_riscv_0_0...]
Compiling architecture structure of entity xil_defaultlib.mbv_system_microblaze_riscv_0_0_microblaze_riscv_v1_0_7_PreFetch_Buffer_ff [mbv_system_microblaze_riscv_0_0_...]
Compiling architecture lut6_v of entity unisim.LUT6 [\LUT6(init="11111111111111111111...]
Compiling architecture lut5_v of entity unisim.LUT5 [\LUT5(init="00000000000000000010...]
Compiling architecture lut5_v of entity unisim.LUT5 [\LUT5(init="00110001111111110011...]
Compiling architecture lut5_v of entity unisim.LUT5 [\LUT5(init="00100011001000110010...]
Compiling architecture lut6_v of entity unisim.LUT6 [\LUT6(init="10101010101010101010...]
Compiling architecture lut4_v of entity unisim.LUT4 [\LUT4(init="1111100011111111")(0...]
Compiling architecture structure of entity xil_defaultlib.mbv_system_microblaze_riscv_0_0_MB_MUXCY_1264 [mbv_system_microblaze_riscv_0_0_...]
Compiling architecture structure of entity xil_defaultlib.mbv_system_microblaze_riscv_0_0_carry_and_1205 [mbv_system_microblaze_riscv_0_0_...]
Compiling architecture structure of entity xil_defaultlib.mbv_system_microblaze_riscv_0_0_MB_MUXCY_1263 [mbv_system_microblaze_riscv_0_0_...]
Compiling architecture structure of entity xil_defaultlib.mbv_system_microblaze_riscv_0_0_carry_or [mbv_system_microblaze_riscv_0_0_...]
Compiling architecture lut5_v of entity unisim.LUT5 [\LUT5(init="11111111000000110000...]
Compiling architecture lut5_v of entity unisim.LUT5 [\LUT5(init="00001111000100010000...]
Compiling architecture lut6_v of entity unisim.LUT6 [\LUT6(init="11111111111111110000...]
Compiling architecture lut6_v of entity unisim.LUT6 [\LUT6(init="00000000111111110000...]
Compiling architecture lut5_v of entity unisim.LUT5 [\LUT5(init="10111000101110001011...]
Compiling architecture lut6_v of entity unisim.LUT6 [\LUT6(init="00011111000000000001...]
Compiling architecture lut4_v of entity unisim.LUT4 [\LUT4(init="0000110000001000")(0...]
Compiling architecture structure of entity xil_defaultlib.mbv_system_microblaze_riscv_0_0_MB_MUXCY_1262 [mbv_system_microblaze_riscv_0_0_...]
Compiling architecture structure of entity xil_defaultlib.mbv_system_microblaze_riscv_0_0_carry_and_1206 [mbv_system_microblaze_riscv_0_0_...]
Compiling architecture lut6_v of entity unisim.LUT6 [\LUT6(init="00110010000000000000...]
Compiling architecture lut4_v of entity unisim.LUT4 [\LUT4(init="1010111110101110")(0...]
Compiling architecture lut6_v of entity unisim.LUT6 [\LUT6(init="11111111111111111111...]
Compiling architecture structure of entity xil_defaultlib.mbv_system_microblaze_riscv_0_0_MB_MUXCY_1261 [mbv_system_microblaze_riscv_0_0_...]
Compiling architecture structure of entity xil_defaultlib.mbv_system_microblaze_riscv_0_0_carry_and_1207 [mbv_system_microblaze_riscv_0_0_...]
Compiling architecture structure of entity xil_defaultlib.mbv_system_microblaze_riscv_0_0_MB_MUXCY_1260 [mbv_system_microblaze_riscv_0_0_...]
Compiling architecture structure of entity xil_defaultlib.mbv_system_microblaze_riscv_0_0_carry_and_1208 [mbv_system_microblaze_riscv_0_0_...]
Compiling architecture lut6_v of entity unisim.LUT6 [\LUT6(init="00000000000000000000...]
Compiling architecture lut6_v of entity unisim.LUT6 [\LUT6(init="00000000000000000000...]
Compiling architecture lut5_v of entity unisim.LUT5 [\LUT5(init="11111111101010001111...]
Compiling architecture lut6_v of entity unisim.LUT6 [\LUT6(init="00000000000000000000...]
Compiling architecture lut6_v of entity unisim.LUT6 [\LUT6(init="00000000000000000000...]
Compiling architecture lut6_v of entity unisim.LUT6 [\LUT6(init="11111010111110101111...]
Compiling architecture lut6_v of entity unisim.LUT6 [\LUT6(init="00000000000000000000...]
Compiling architecture lut6_v of entity unisim.LUT6 [\LUT6(init="00000000000000000000...]
Compiling architecture structure of entity xil_defaultlib.mbv_system_microblaze_riscv_0_0_MB_MUXCY_1259 [mbv_system_microblaze_riscv_0_0_...]
Compiling architecture structure of entity xil_defaultlib.mbv_system_microblaze_riscv_0_0_carry_and_1209 [mbv_system_microblaze_riscv_0_0_...]
Compiling architecture structure of entity xil_defaultlib.mbv_system_microblaze_riscv_0_0_MB_MUXCY_1258 [mbv_system_microblaze_riscv_0_0_...]
Compiling architecture structure of entity xil_defaultlib.mbv_system_microblaze_riscv_0_0_carry_and_1210 [mbv_system_microblaze_riscv_0_0_...]
Compiling architecture lut5_v of entity unisim.LUT5 [\LUT5(init="01010101010101010100...]
Compiling architecture structure of entity xil_defaultlib.mbv_system_microblaze_riscv_0_0_MB_MUXCY_1257 [mbv_system_microblaze_riscv_0_0_...]
Compiling architecture structure of entity xil_defaultlib.mbv_system_microblaze_riscv_0_0_carry_and_1211 [mbv_system_microblaze_riscv_0_0_...]
Compiling architecture structure of entity xil_defaultlib.mbv_system_microblaze_riscv_0_0_MB_MUXCY_1256 [mbv_system_microblaze_riscv_0_0_...]
Compiling architecture structure of entity xil_defaultlib.mbv_system_microblaze_riscv_0_0_carry_and_1212 [mbv_system_microblaze_riscv_0_0_...]
Compiling architecture structure of entity xil_defaultlib.mbv_system_microblaze_riscv_0_0_MB_MUXCY_1255 [mbv_system_microblaze_riscv_0_0_...]
Compiling architecture structure of entity xil_defaultlib.mbv_system_microblaze_riscv_0_0_carry_and_1213 [mbv_system_microblaze_riscv_0_0_...]
Compiling architecture lut6_v of entity unisim.LUT6 [\LUT6(init="00000000000000000000...]
Compiling architecture lut4_v of entity unisim.LUT4 [\LUT4(init="1111101110101010")(0...]
Compiling architecture lut5_v of entity unisim.LUT5 [\LUT5(init="01000000010000000100...]
Compiling architecture lut6_v of entity unisim.LUT6 [\LUT6(init="00000000000000000000...]
Compiling architecture lut5_v of entity unisim.LUT5 [\LUT5(init="10001000101010001000...]
Compiling architecture lut6_v of entity unisim.LUT6 [\LUT6(init="00000000000000000000...]
Compiling architecture lut6_v of entity unisim.LUT6 [\LUT6(init="00000000000000000000...]
Compiling architecture lut5_v of entity unisim.LUT5 [\LUT5(init="11111011111111111010...]
Compiling architecture lut6_v of entity unisim.LUT6 [\LUT6(init="00000000000000000000...]
Compiling architecture lut5_v of entity unisim.LUT5 [\LUT5(init="00001000000000001111...]
Compiling architecture lut6_v of entity unisim.LUT6 [\LUT6(init="00100000001100000010...]
Compiling architecture lut6_v of entity unisim.LUT6 [\LUT6(init="11111111111111111111...]
Compiling architecture lut6_v of entity unisim.LUT6 [\LUT6(init="11111111111111111111...]
Compiling architecture structure of entity xil_defaultlib.mbv_system_microblaze_riscv_0_0_MB_MUXCY_1254 [mbv_system_microblaze_riscv_0_0_...]
Compiling architecture structure of entity xil_defaultlib.mbv_system_microblaze_riscv_0_0_carry_and_1214 [mbv_system_microblaze_riscv_0_0_...]
Compiling architecture structure of entity xil_defaultlib.mbv_system_microblaze_riscv_0_0_MB_MUXCY_1253 [mbv_system_microblaze_riscv_0_0_...]
Compiling architecture structure of entity xil_defaultlib.mbv_system_microblaze_riscv_0_0_carry_and_1215 [mbv_system_microblaze_riscv_0_0_...]
Compiling architecture structure of entity xil_defaultlib.mbv_system_microblaze_riscv_0_0_MB_MUXCY_1252 [mbv_system_microblaze_riscv_0_0_...]
Compiling architecture structure of entity xil_defaultlib.mbv_system_microblaze_riscv_0_0_carry_and_1216 [mbv_system_microblaze_riscv_0_0_...]
Compiling architecture structure of entity xil_defaultlib.mbv_system_microblaze_riscv_0_0_MB_MUXCY_1251 [mbv_system_microblaze_riscv_0_0_...]
Compiling architecture structure of entity xil_defaultlib.mbv_system_microblaze_riscv_0_0_carry_and_1217 [mbv_system_microblaze_riscv_0_0_...]
Compiling architecture structure of entity xil_defaultlib.mbv_system_microblaze_riscv_0_0_MB_MUXCY_1250 [mbv_system_microblaze_riscv_0_0_...]
Compiling architecture structure of entity xil_defaultlib.mbv_system_microblaze_riscv_0_0_carry_and_1218 [mbv_system_microblaze_riscv_0_0_...]
Compiling architecture lut4_v of entity unisim.LUT4 [\LUT4(init="1000101000000000")(0...]
Compiling architecture lut5_v of entity unisim.LUT5 [\LUT5(init="11110011111101110000...]
Compiling architecture lut4_v of entity unisim.LUT4 [\LUT4(init="1111011100000000")(0...]
Compiling architecture lut4_v of entity unisim.LUT4 [\LUT4(init="1111011110000000")(0...]
Compiling architecture lut5_v of entity unisim.LUT5 [\LUT5(init="00000000001000000011...]
Compiling architecture lut6_v of entity unisim.LUT6 [\LUT6(init="01000100010001000100...]
Compiling architecture lut5_v of entity unisim.LUT5 [\LUT5(init="10110000101100001011...]
Compiling architecture lut4_v of entity unisim.LUT4 [\LUT4(init="0100000001000100")(0...]
Compiling architecture lut6_v of entity unisim.LUT6 [\LUT6(init="00000000000000000000...]
Compiling architecture lut4_v of entity unisim.LUT4 [\LUT4(init="0011001011100010")(0...]
Compiling architecture lut6_v of entity unisim.LUT6 [\LUT6(init="11111111111111111111...]
Compiling architecture lut6_v of entity unisim.LUT6 [\LUT6(init="00110000001111110010...]
Compiling architecture lut5_v of entity unisim.LUT5 [\LUT5(init="11111111000000001111...]
Compiling architecture lut4_v of entity unisim.LUT4 [\LUT4(init="1100110111001000")(0...]
Compiling architecture structure of entity xil_defaultlib.mbv_system_microblaze_riscv_0_0_MB_FDRE_1219 [mbv_system_microblaze_riscv_0_0_...]
Compiling architecture lut5_v of entity unisim.LUT5 [\LUT5(init="11101010111111111110...]
Compiling architecture lut6_v of entity unisim.LUT6 [\LUT6(init="00000000001000001111...]
Compiling architecture lut6_v of entity unisim.LUT6 [\LUT6(init="00000000000000000000...]
Compiling architecture lut6_v of entity unisim.LUT6 [\LUT6(init="01010101010101010101...]
Compiling architecture lut6_v of entity unisim.LUT6 [\LUT6(init="00000000000000001111...]
Compiling architecture lut6_v of entity unisim.LUT6 [\LUT6(init="01000100010001000100...]
Compiling architecture lut6_v of entity unisim.LUT6 [\LUT6(init="00000000000000000000...]
Compiling architecture lut6_v of entity unisim.LUT6 [\LUT6(init="00000000000000000000...]
Compiling architecture lut6_v of entity unisim.LUT6 [\LUT6(init="00000000000000000000...]
Compiling architecture lut3_v of entity unisim.LUT3 [\LUT3(init="00110111")(0,7)\]
Compiling architecture lut6_v of entity unisim.LUT6 [\LUT6(init="00000000000011000000...]
Compiling architecture lut6_v of entity unisim.LUT6 [\LUT6(init="11110010001000101111...]
Compiling architecture structure of entity xil_defaultlib.mbv_system_microblaze_riscv_0_0_MB_FDRE_1220 [mbv_system_microblaze_riscv_0_0_...]
Compiling architecture structure of entity xil_defaultlib.mbv_system_microblaze_riscv_0_0_MB_FDRE_1221 [mbv_system_microblaze_riscv_0_0_...]
Compiling architecture lut5_v of entity unisim.LUT5 [\LUT5(init="10101010101010101111...]
Compiling architecture lut6_v of entity unisim.LUT6 [\LUT6(init="00100000001000100010...]
Compiling architecture lut5_v of entity unisim.LUT5 [\LUT5(init="00000000011100000111...]
Compiling architecture structure of entity xil_defaultlib.mbv_system_microblaze_riscv_0_0_MB_FDRE_1222 [mbv_system_microblaze_riscv_0_0_...]
Compiling architecture structure of entity xil_defaultlib.mbv_system_microblaze_riscv_0_0_MB_FDRE_1223 [mbv_system_microblaze_riscv_0_0_...]
Compiling architecture lut5_v of entity unisim.LUT5 [\LUT5(init="10100000101000111010...]
Compiling architecture structure of entity xil_defaultlib.mbv_system_microblaze_riscv_0_0_MB_FDRE_1224 [mbv_system_microblaze_riscv_0_0_...]
Compiling architecture lut4_v of entity unisim.LUT4 [\LUT4(init="1111111101001111")(0...]
Compiling architecture structure of entity xil_defaultlib.mbv_system_microblaze_riscv_0_0_MB_FDRE_1225 [mbv_system_microblaze_riscv_0_0_...]
Compiling architecture lut5_v of entity unisim.LUT5 [\LUT5(init="10000010000000001000...]
Compiling architecture structure of entity xil_defaultlib.mbv_system_microblaze_riscv_0_0_MB_FDRE_1226 [mbv_system_microblaze_riscv_0_0_...]
Compiling architecture structure of entity xil_defaultlib.\mbv_system_microblaze_riscv_0_0_MB_LUT6__parameterized6\ [\mbv_system_microblaze_riscv_0_0...]
Compiling architecture structure of entity xil_defaultlib.\mbv_system_microblaze_riscv_0_0_MB_LUT6__parameterized8\ [\mbv_system_microblaze_riscv_0_0...]
Compiling architecture structure of entity xil_defaultlib.\mbv_system_microblaze_riscv_0_0_MB_LUT6__parameterized6_1227\ [\mbv_system_microblaze_riscv_0_0...]
Compiling architecture structure of entity xil_defaultlib.\mbv_system_microblaze_riscv_0_0_MB_LUT6__parameterized8_1228\ [\mbv_system_microblaze_riscv_0_0...]
Compiling architecture structure of entity xil_defaultlib.\mbv_system_microblaze_riscv_0_0_MB_LUT6__parameterized6_1229\ [\mbv_system_microblaze_riscv_0_0...]
Compiling architecture structure of entity xil_defaultlib.\mbv_system_microblaze_riscv_0_0_MB_LUT6__parameterized8_1230\ [\mbv_system_microblaze_riscv_0_0...]
Compiling architecture structure of entity xil_defaultlib.\mbv_system_microblaze_riscv_0_0_MB_LUT6__parameterized6_1231\ [\mbv_system_microblaze_riscv_0_0...]
Compiling architecture structure of entity xil_defaultlib.\mbv_system_microblaze_riscv_0_0_MB_LUT6__parameterized8_1232\ [\mbv_system_microblaze_riscv_0_0...]
Compiling architecture lut5_v of entity unisim.LUT5 [\LUT5(init="01000101010101010100...]
Compiling architecture structure of entity xil_defaultlib.mbv_system_microblaze_riscv_0_0_MB_MUXCY_1249 [mbv_system_microblaze_riscv_0_0_...]
Compiling architecture structure of entity xil_defaultlib.mbv_system_microblaze_riscv_0_0_carry_or_1233 [mbv_system_microblaze_riscv_0_0_...]
Compiling architecture structure of entity xil_defaultlib.mbv_system_microblaze_riscv_0_0_MB_MUXCY_1248 [mbv_system_microblaze_riscv_0_0_...]
Compiling architecture structure of entity xil_defaultlib.mbv_system_microblaze_riscv_0_0_carry_and_1234 [mbv_system_microblaze_riscv_0_0_...]
Compiling architecture lut6_v of entity unisim.LUT6 [\LUT6(init="11111010111110111111...]
Compiling architecture lut6_v of entity unisim.LUT6 [\LUT6(init="00000000000000000000...]
Compiling architecture lut6_v of entity unisim.LUT6 [\LUT6(init="10111011101110100000...]
Compiling architecture lut5_v of entity unisim.LUT5 [\LUT5(init="10101011000000000000...]
Compiling architecture lut5_v of entity unisim.LUT5 [\LUT5(init="00001111011111110111...]
Compiling architecture lut6_v of entity unisim.LUT6 [\LUT6(init="11111111111110001111...]
Compiling architecture lut6_v of entity unisim.LUT6 [\LUT6(init="11111101111111011111...]
Compiling architecture lut5_v of entity unisim.LUT5 [\LUT5(init="11011111110111111101...]
Compiling architecture lut6_v of entity unisim.LUT6 [\LUT6(init="11111111111111111111...]
Compiling architecture lut5_v of entity unisim.LUT5 [\LUT5(init="00000111011101110111...]
Compiling architecture lut6_v of entity unisim.LUT6 [\LUT6(init="11111111111111111101...]
Compiling architecture lut6_v of entity unisim.LUT6 [\LUT6(init="00000000000000000000...]
Compiling architecture lut6_v of entity unisim.LUT6 [\LUT6(init="00000000000000100000...]
Compiling architecture lut5_v of entity unisim.LUT5 [\LUT5(init="00000000001010100000...]
Compiling architecture lut6_v of entity unisim.LUT6 [\LUT6(init="11111111110111011111...]
Compiling architecture lut5_v of entity unisim.LUT5 [\LUT5(init="11011101000011111111...]
Compiling architecture lut5_v of entity unisim.LUT5 [\LUT5(init="10001000111100000000...]
Compiling architecture lut6_v of entity unisim.LUT6 [\LUT6(init="10100000111111111010...]
Compiling architecture lut5_v of entity unisim.LUT5 [\LUT5(init="11001101110011001100...]
Compiling architecture lut6_v of entity unisim.LUT6 [\LUT6(init="00000000000000000000...]
Compiling architecture lut5_v of entity unisim.LUT5 [\LUT5(init="11111111111111110000...]
Compiling architecture lut3_v of entity unisim.LUT3 [\LUT3(init="11001101")(0,7)\]
Compiling architecture lut6_v of entity unisim.LUT6 [\LUT6(init="10001000100010001000...]
Compiling architecture lut6_v of entity unisim.LUT6 [\LUT6(init="11111111111101111111...]
Compiling architecture lut6_v of entity unisim.LUT6 [\LUT6(init="00001111000000010000...]
Compiling architecture lut6_v of entity unisim.LUT6 [\LUT6(init="00000001000000000000...]
Compiling architecture lut6_v of entity unisim.LUT6 [\LUT6(init="00000000000000010000...]
Compiling architecture lut6_v of entity unisim.LUT6 [\LUT6(init="11111111111111111111...]
Compiling architecture lut6_v of entity unisim.LUT6 [\LUT6(init="11111111111111111111...]
Compiling architecture lut6_v of entity unisim.LUT6 [\LUT6(init="00000000000000000000...]
Compiling architecture lut6_v of entity unisim.LUT6 [\LUT6(init="01000100111100000100...]
Compiling architecture lut5_v of entity unisim.LUT5 [\LUT5(init="00010000000100000000...]
Compiling architecture lut3_v of entity unisim.LUT3 [\LUT3(init="11001000")(0,7)\]
Compiling architecture structure of entity xil_defaultlib.mbv_system_microblaze_riscv_0_0_MB_MUXCY_1247 [mbv_system_microblaze_riscv_0_0_...]
Compiling architecture structure of entity xil_defaultlib.mbv_system_microblaze_riscv_0_0_carry_and_1235 [mbv_system_microblaze_riscv_0_0_...]
Compiling architecture structure of entity xil_defaultlib.mbv_system_microblaze_riscv_0_0_MB_MUXCY_1246 [mbv_system_microblaze_riscv_0_0_...]
Compiling architecture structure of entity xil_defaultlib.mbv_system_microblaze_riscv_0_0_carry_and_1236 [mbv_system_microblaze_riscv_0_0_...]
Compiling architecture lut6_v of entity unisim.LUT6 [\LUT6(init="00000000000000000000...]
Compiling architecture structure of entity xil_defaultlib.mbv_system_microblaze_riscv_0_0_MB_MUXCY_1241 [mbv_system_microblaze_riscv_0_0_...]
Compiling architecture lut5_v of entity unisim.LUT5 [\LUT5(init="00000000000000000001...]
Compiling architecture lut5_v of entity unisim.LUT5 [\LUT5(init="00000000000000000100...]
Compiling architecture structure of entity xil_defaultlib.mbv_system_microblaze_riscv_0_0_MB_MUXCY_1242 [mbv_system_microblaze_riscv_0_0_...]
Compiling architecture lut6_v of entity unisim.LUT6 [\LUT6(init="00100000001010101010...]
Compiling architecture lut4_v of entity unisim.LUT4 [\LUT4(init="0011000100111011")(0...]
Compiling architecture lut4_v of entity unisim.LUT4 [\LUT4(init="1111000001000000")(0...]
Compiling architecture lut4_v of entity unisim.LUT4 [\LUT4(init="0100111111001100")(0...]
Compiling architecture lut6_v of entity unisim.LUT6 [\LUT6(init="11111011111110001111...]
Compiling architecture lut5_v of entity unisim.LUT5 [\LUT5(init="11111000000010001111...]
Compiling architecture lut5_v of entity unisim.LUT5 [\LUT5(init="00000000111111111011...]
Compiling architecture lut5_v of entity unisim.LUT5 [\LUT5(init="00000000000000000011...]
Compiling architecture lut6_v of entity unisim.LUT6 [\LUT6(init="00000000000000000000...]
Compiling architecture structure of entity xil_defaultlib.mbv_system_microblaze_riscv_0_0_MB_MUXCY_XORCY_1243 [mbv_system_microblaze_riscv_0_0_...]
Compiling architecture lut4_v of entity unisim.LUT4 [\LUT4(init="0101010110100110")(0...]
Compiling architecture structure of entity xil_defaultlib.mbv_system_microblaze_riscv_0_0_MB_MUXCY_1244 [mbv_system_microblaze_riscv_0_0_...]
Compiling architecture structure of entity xil_defaultlib.mbv_system_microblaze_riscv_0_0_MB_MUXCY_1245 [mbv_system_microblaze_riscv_0_0_...]
Compiling architecture lut5_v of entity unisim.LUT5 [\LUT5(init="11111111111110011111...]
Compiling architecture lut6_v of entity unisim.LUT6 [\LUT6(init="00000000000000000000...]
Compiling architecture structure of entity xil_defaultlib.mbv_system_microblaze_riscv_0_0_microblaze_riscv_v1_0_7_jump_logic [mbv_system_microblaze_riscv_0_0_...]
Compiling architecture lut5_v of entity unisim.LUT5 [\LUT5(init="11111101111111011111...]
Compiling architecture lut5_v of entity unisim.LUT5 [\LUT5(init="00000000000000001100...]
Compiling architecture lut5_v of entity unisim.LUT5 [\LUT5(init="10101010101000111010...]
Compiling architecture lut6_v of entity unisim.LUT6 [\LUT6(init="11111111111111110100...]
Compiling architecture lut5_v of entity unisim.LUT5 [\LUT5(init="11111111011111111111...]
Compiling architecture lut5_v of entity unisim.LUT5 [\LUT5(init="10001000100000000000...]
Compiling architecture lut6_v of entity unisim.LUT6 [\LUT6(init="00000000010101000000...]
Compiling architecture lut5_v of entity unisim.LUT5 [\LUT5(init="10101010101010101011...]
Compiling architecture lut5_v of entity unisim.LUT5 [\LUT5(init="11111111000111110000...]
Compiling architecture lut6_v of entity unisim.LUT6 [\LUT6(init="11111111100010111111...]
Compiling architecture lut6_v of entity unisim.LUT6 [\LUT6(init="11111111111111111111...]
Compiling architecture structure of entity xil_defaultlib.mbv_system_microblaze_riscv_0_0_MB_MUXCY_1240 [mbv_system_microblaze_riscv_0_0_...]
Compiling architecture structure of entity xil_defaultlib.mbv_system_microblaze_riscv_0_0_carry_and_1237 [mbv_system_microblaze_riscv_0_0_...]
Compiling architecture lut4_v of entity unisim.LUT4 [\LUT4(init="0101010100000100")(0...]
Compiling architecture lut6_v of entity unisim.LUT6 [\LUT6(init="10101010101010101010...]
Compiling architecture structure of entity xil_defaultlib.mbv_system_microblaze_riscv_0_0_MB_MUXCY_1239 [mbv_system_microblaze_riscv_0_0_...]
Compiling architecture structure of entity xil_defaultlib.mbv_system_microblaze_riscv_0_0_carry_or_1238 [mbv_system_microblaze_riscv_0_0_...]
Compiling architecture lut5_v of entity unisim.LUT5 [\LUT5(init="00000000000000100000...]
Compiling architecture lut5_v of entity unisim.LUT5 [\LUT5(init="00000000000001000000...]
Compiling architecture lut6_v of entity unisim.LUT6 [\LUT6(init="11111111111111111111...]
Compiling architecture lut6_v of entity unisim.LUT6 [\LUT6(init="00000000000000000000...]
Compiling architecture lut6_v of entity unisim.LUT6 [\LUT6(init="11111111111111111111...]
Compiling architecture lut6_v of entity unisim.LUT6 [\LUT6(init="00000000000000000000...]
Compiling architecture lut6_v of entity unisim.LUT6 [\LUT6(init="11111111111111111111...]
Compiling architecture lut4_v of entity unisim.LUT4 [\LUT4(init="1110111011101100")(0...]
Compiling architecture lut6_v of entity unisim.LUT6 [\LUT6(init="11111111111111111111...]
Compiling architecture lut5_v of entity unisim.LUT5 [\LUT5(init="00000001000000010000...]
Compiling architecture lut6_v of entity unisim.LUT6 [\LUT6(init="00000000000000000000...]
Compiling architecture lut6_v of entity unisim.LUT6 [\LUT6(init="00001010000010100000...]
Compiling architecture lut6_v of entity unisim.LUT6 [\LUT6(init="11111111111111111111...]
Compiling architecture lut6_v of entity unisim.LUT6 [\LUT6(init="11111111100010001111...]
Compiling architecture lut5_v of entity unisim.LUT5 [\LUT5(init="10100000000000001010...]
Compiling architecture lut6_v of entity unisim.LUT6 [\LUT6(init="00000000000000000000...]
Compiling architecture lut6_v of entity unisim.LUT6 [\LUT6(init="10101010101010101010...]
Compiling architecture lut6_v of entity unisim.LUT6 [\LUT6(init="11111111111111111111...]
Compiling architecture lut6_v of entity unisim.LUT6 [\LUT6(init="10001000100010001000...]
Compiling architecture lut6_v of entity unisim.LUT6 [\LUT6(init="10101010101010101010...]
Compiling architecture lut6_v of entity unisim.LUT6 [\LUT6(init="11111111111111111111...]
Compiling architecture lut6_v of entity unisim.LUT6 [\LUT6(init="10101000101010001010...]
Compiling architecture lut6_v of entity unisim.LUT6 [\LUT6(init="10111010101110101011...]
Compiling architecture lut6_v of entity unisim.LUT6 [\LUT6(init="10101010101010101010...]
Compiling architecture lut6_v of entity unisim.LUT6 [\LUT6(init="10101010000000000000...]
Compiling architecture lut6_v of entity unisim.LUT6 [\LUT6(init="00000000000000000000...]
Compiling architecture lut6_v of entity unisim.LUT6 [\LUT6(init="11111111111111111111...]
Compiling architecture lut6_v of entity unisim.LUT6 [\LUT6(init="10100010100000001010...]
Compiling architecture lut6_v of entity unisim.LUT6 [\LUT6(init="11111111111111111111...]
Compiling architecture lut6_v of entity unisim.LUT6 [\LUT6(init="10001000100010001000...]
Compiling architecture lut6_v of entity unisim.LUT6 [\LUT6(init="00000000000000000000...]
Compiling architecture lut6_v of entity unisim.LUT6 [\LUT6(init="11111010111110101111...]
Compiling architecture lut5_v of entity unisim.LUT5 [\LUT5(init="11111111000010000000...]
Compiling architecture lut6_v of entity unisim.LUT6 [\LUT6(init="11101110111011101110...]
Compiling architecture lut6_v of entity unisim.LUT6 [\LUT6(init="11111111111111101111...]
Compiling architecture lut6_v of entity unisim.LUT6 [\LUT6(init="11111111111111111111...]
Compiling architecture lut6_v of entity unisim.LUT6 [\LUT6(init="11111111111111111111...]
Compiling architecture lut6_v of entity unisim.LUT6 [\LUT6(init="11111111111111110000...]
Compiling architecture lut6_v of entity unisim.LUT6 [\LUT6(init="11111111111111111111...]
Compiling architecture structure of entity xil_defaultlib.mbv_system_microblaze_riscv_0_0_microblaze_riscv_v1_0_7_Decode_gti [mbv_system_microblaze_riscv_0_0_...]
Compiling architecture structure of entity xil_defaultlib.mbv_system_microblaze_riscv_0_0_read_data_mux [mbv_system_microblaze_riscv_0_0_...]
Compiling architecture lut5_v of entity unisim.LUT5 [\LUT5(init="11010111110111011101...]
Compiling architecture lut6_v of entity unisim.LUT6 [\LUT6(init="10111011101110001000...]
Compiling architecture lut5_v of entity unisim.LUT5 [\LUT5(init="10001011101110111000...]
Compiling architecture lut6_v of entity unisim.LUT6 [\LUT6(init="01000000010011110100...]
Compiling architecture lut4_v of entity unisim.LUT4 [\LUT4(init="1111111100010101")(0...]
Compiling architecture lut6_v of entity unisim.LUT6 [\LUT6(init="00000000110111000000...]
Compiling architecture lut6_v of entity unisim.LUT6 [\LUT6(init="11111111001100111111...]
Compiling architecture lut6_v of entity unisim.LUT6 [\LUT6(init="00000000000000000000...]
Compiling architecture lut6_v of entity unisim.LUT6 [\LUT6(init="00000000110100000000...]
Compiling architecture lut6_v of entity unisim.LUT6 [\LUT6(init="11001000111111111100...]
Compiling architecture lut6_v of entity unisim.LUT6 [\LUT6(init="11111111111111111111...]
Compiling architecture lut5_v of entity unisim.LUT5 [\LUT5(init="00000000000000000000...]
Compiling architecture lut4_v of entity unisim.LUT4 [\LUT4(init="1111010011111111")(0...]
Compiling architecture lut5_v of entity unisim.LUT5 [\LUT5(init="10111011101110001011...]
Compiling architecture lut6_v of entity unisim.LUT6 [\LUT6(init="11111111111111111111...]
Compiling architecture lut6_v of entity unisim.LUT6 [\LUT6(init="11111111111111111011...]
Compiling architecture lut6_v of entity unisim.LUT6 [\LUT6(init="00000000000000000000...]
Compiling architecture lut5_v of entity unisim.LUT5 [\LUT5(init="00001111000000011111...]
Compiling architecture lut6_v of entity unisim.LUT6 [\LUT6(init="10101010101010101010...]
Compiling architecture lut6_v of entity unisim.LUT6 [\LUT6(init="10101010001010001111...]
Compiling architecture lut5_v of entity unisim.LUT5 [\LUT5(init="11111110000000001111...]
Compiling architecture lut6_v of entity unisim.LUT6 [\LUT6(init="01000000010000000100...]
Compiling architecture lut5_v of entity unisim.LUT5 [\LUT5(init="10101010101010101011...]
Compiling architecture lut4_v of entity unisim.LUT4 [\LUT4(init="0111000011111111")(0...]
Compiling architecture lut5_v of entity unisim.LUT5 [\LUT5(init="11111111111111110000...]
Compiling architecture lut6_v of entity unisim.LUT6 [\LUT6(init="00000000000000000000...]
Compiling architecture lut5_v of entity unisim.LUT5 [\LUT5(init="00000000000000001111...]
Compiling architecture structure of entity xil_defaultlib.mbv_system_microblaze_riscv_0_0_MB_MUXCY_1167 [mbv_system_microblaze_riscv_0_0_...]
Compiling architecture structure of entity xil_defaultlib.mbv_system_microblaze_riscv_0_0_carry_and_1140 [mbv_system_microblaze_riscv_0_0_...]
Compiling architecture lut5_v of entity unisim.LUT5 [\LUT5(init="11111111000010000000...]
Compiling architecture structure of entity xil_defaultlib.mbv_system_microblaze_riscv_0_0_MB_MUXCY_1166 [mbv_system_microblaze_riscv_0_0_...]
Compiling architecture structure of entity xil_defaultlib.mbv_system_microblaze_riscv_0_0_carry_and_1141 [mbv_system_microblaze_riscv_0_0_...]
Compiling architecture structure of entity xil_defaultlib.mbv_system_microblaze_riscv_0_0_MB_MUXCY_1165 [mbv_system_microblaze_riscv_0_0_...]
Compiling architecture structure of entity xil_defaultlib.mbv_system_microblaze_riscv_0_0_carry_and_1142 [mbv_system_microblaze_riscv_0_0_...]
Compiling architecture structure of entity xil_defaultlib.mbv_system_microblaze_riscv_0_0_MB_MUXCY_1164 [mbv_system_microblaze_riscv_0_0_...]
Compiling architecture structure of entity xil_defaultlib.mbv_system_microblaze_riscv_0_0_carry_and_1143 [mbv_system_microblaze_riscv_0_0_...]
Compiling architecture structure of entity xil_defaultlib.mbv_system_microblaze_riscv_0_0_MB_MUXCY_1163 [mbv_system_microblaze_riscv_0_0_...]
Compiling architecture structure of entity xil_defaultlib.mbv_system_microblaze_riscv_0_0_carry_and_1144 [mbv_system_microblaze_riscv_0_0_...]
Compiling architecture structure of entity xil_defaultlib.mbv_system_microblaze_riscv_0_0_MB_MUXCY_1162 [mbv_system_microblaze_riscv_0_0_...]
Compiling architecture structure of entity xil_defaultlib.mbv_system_microblaze_riscv_0_0_carry_and_1145 [mbv_system_microblaze_riscv_0_0_...]
Compiling architecture structure of entity xil_defaultlib.mbv_system_microblaze_riscv_0_0_MB_MUXCY_1161 [mbv_system_microblaze_riscv_0_0_...]
Compiling architecture structure of entity xil_defaultlib.mbv_system_microblaze_riscv_0_0_carry_and_1146 [mbv_system_microblaze_riscv_0_0_...]
Compiling architecture structure of entity xil_defaultlib.mbv_system_microblaze_riscv_0_0_MB_MUXCY_1160 [mbv_system_microblaze_riscv_0_0_...]
Compiling architecture structure of entity xil_defaultlib.mbv_system_microblaze_riscv_0_0_carry_and_1147 [mbv_system_microblaze_riscv_0_0_...]
Compiling architecture structure of entity xil_defaultlib.mbv_system_microblaze_riscv_0_0_MB_MUXCY_1159 [mbv_system_microblaze_riscv_0_0_...]
Compiling architecture structure of entity xil_defaultlib.mbv_system_microblaze_riscv_0_0_carry_and_1148 [mbv_system_microblaze_riscv_0_0_...]
Compiling architecture structure of entity xil_defaultlib.mbv_system_microblaze_riscv_0_0_MB_MUXCY_1158 [mbv_system_microblaze_riscv_0_0_...]
Compiling architecture structure of entity xil_defaultlib.mbv_system_microblaze_riscv_0_0_carry_and_1149 [mbv_system_microblaze_riscv_0_0_...]
Compiling architecture structure of entity xil_defaultlib.mbv_system_microblaze_riscv_0_0_MB_MUXCY_1157 [mbv_system_microblaze_riscv_0_0_...]
Compiling architecture structure of entity xil_defaultlib.mbv_system_microblaze_riscv_0_0_carry_and_1150 [mbv_system_microblaze_riscv_0_0_...]
Compiling architecture structure of entity xil_defaultlib.mbv_system_microblaze_riscv_0_0_MB_MUXCY_1156 [mbv_system_microblaze_riscv_0_0_...]
Compiling architecture structure of entity xil_defaultlib.mbv_system_microblaze_riscv_0_0_carry_and_1151 [mbv_system_microblaze_riscv_0_0_...]
Compiling architecture structure of entity xil_defaultlib.mbv_system_microblaze_riscv_0_0_MB_MUXCY_1155 [mbv_system_microblaze_riscv_0_0_...]
Compiling architecture structure of entity xil_defaultlib.mbv_system_microblaze_riscv_0_0_carry_and_1152 [mbv_system_microblaze_riscv_0_0_...]
Compiling architecture structure of entity xil_defaultlib.mbv_system_microblaze_riscv_0_0_MB_MUXCY_1154 [mbv_system_microblaze_riscv_0_0_...]
Compiling architecture structure of entity xil_defaultlib.mbv_system_microblaze_riscv_0_0_carry_and_1153 [mbv_system_microblaze_riscv_0_0_...]
Compiling architecture structure of entity xil_defaultlib.\mbv_system_microblaze_riscv_0_0_carry_compare_mask__parameterized8_987\ [\mbv_system_microblaze_riscv_0_0...]
Compiling architecture structure of entity xil_defaultlib.mbv_system_microblaze_riscv_0_0_MB_MUXCY_1139 [mbv_system_microblaze_riscv_0_0_...]
Compiling architecture structure of entity xil_defaultlib.mbv_system_microblaze_riscv_0_0_carry_and_1134 [mbv_system_microblaze_riscv_0_0_...]
Compiling architecture structure of entity xil_defaultlib.mbv_system_microblaze_riscv_0_0_MB_MUXCY_1138 [mbv_system_microblaze_riscv_0_0_...]
Compiling architecture structure of entity xil_defaultlib.mbv_system_microblaze_riscv_0_0_carry_and_1135 [mbv_system_microblaze_riscv_0_0_...]
Compiling architecture structure of entity xil_defaultlib.mbv_system_microblaze_riscv_0_0_MB_MUXCY_1137 [mbv_system_microblaze_riscv_0_0_...]
Compiling architecture structure of entity xil_defaultlib.mbv_system_microblaze_riscv_0_0_carry_and_1136 [mbv_system_microblaze_riscv_0_0_...]
Compiling architecture structure of entity xil_defaultlib.mbv_system_microblaze_riscv_0_0_carry_compare_988 [mbv_system_microblaze_riscv_0_0_...]
Compiling architecture lut6_v of entity unisim.LUT6 [\LUT6(init="10101010101010101010...]
Compiling architecture lut6_v of entity unisim.LUT6 [\LUT6(init="11111111111111111111...]
Compiling architecture structure of entity xil_defaultlib.mbv_system_microblaze_riscv_0_0_MB_MUXCY_1133 [mbv_system_microblaze_riscv_0_0_...]
Compiling architecture structure of entity xil_defaultlib.mbv_system_microblaze_riscv_0_0_carry_and_989 [mbv_system_microblaze_riscv_0_0_...]
Compiling architecture structure of entity xil_defaultlib.mbv_system_microblaze_riscv_0_0_MB_MUXCY_990 [mbv_system_microblaze_riscv_0_0_...]
Compiling architecture structure of entity xil_defaultlib.mbv_system_microblaze_riscv_0_0_MB_MUXCY_1132 [mbv_system_microblaze_riscv_0_0_...]
Compiling architecture structure of entity xil_defaultlib.mbv_system_microblaze_riscv_0_0_carry_and_1105 [mbv_system_microblaze_riscv_0_0_...]
Compiling architecture structure of entity xil_defaultlib.mbv_system_microblaze_riscv_0_0_MB_MUXCY_1131 [mbv_system_microblaze_riscv_0_0_...]
Compiling architecture structure of entity xil_defaultlib.mbv_system_microblaze_riscv_0_0_carry_and_1106 [mbv_system_microblaze_riscv_0_0_...]
Compiling architecture structure of entity xil_defaultlib.mbv_system_microblaze_riscv_0_0_MB_MUXCY_1130 [mbv_system_microblaze_riscv_0_0_...]
Compiling architecture structure of entity xil_defaultlib.mbv_system_microblaze_riscv_0_0_carry_and_1107 [mbv_system_microblaze_riscv_0_0_...]
Compiling architecture structure of entity xil_defaultlib.mbv_system_microblaze_riscv_0_0_MB_MUXCY_1129 [mbv_system_microblaze_riscv_0_0_...]
Compiling architecture structure of entity xil_defaultlib.mbv_system_microblaze_riscv_0_0_carry_and_1108 [mbv_system_microblaze_riscv_0_0_...]
Compiling architecture structure of entity xil_defaultlib.mbv_system_microblaze_riscv_0_0_MB_MUXCY_1128 [mbv_system_microblaze_riscv_0_0_...]
Compiling architecture structure of entity xil_defaultlib.mbv_system_microblaze_riscv_0_0_carry_and_1109 [mbv_system_microblaze_riscv_0_0_...]
Compiling architecture structure of entity xil_defaultlib.mbv_system_microblaze_riscv_0_0_MB_MUXCY_1127 [mbv_system_microblaze_riscv_0_0_...]
Compiling architecture structure of entity xil_defaultlib.mbv_system_microblaze_riscv_0_0_carry_and_1110 [mbv_system_microblaze_riscv_0_0_...]
Compiling architecture structure of entity xil_defaultlib.mbv_system_microblaze_riscv_0_0_MB_MUXCY_1126 [mbv_system_microblaze_riscv_0_0_...]
Compiling architecture structure of entity xil_defaultlib.mbv_system_microblaze_riscv_0_0_carry_and_1111 [mbv_system_microblaze_riscv_0_0_...]
Compiling architecture structure of entity xil_defaultlib.mbv_system_microblaze_riscv_0_0_MB_MUXCY_1125 [mbv_system_microblaze_riscv_0_0_...]
Compiling architecture structure of entity xil_defaultlib.mbv_system_microblaze_riscv_0_0_carry_and_1112 [mbv_system_microblaze_riscv_0_0_...]
Compiling architecture structure of entity xil_defaultlib.mbv_system_microblaze_riscv_0_0_MB_MUXCY_1124 [mbv_system_microblaze_riscv_0_0_...]
Compiling architecture structure of entity xil_defaultlib.mbv_system_microblaze_riscv_0_0_carry_and_1113 [mbv_system_microblaze_riscv_0_0_...]
Compiling architecture structure of entity xil_defaultlib.mbv_system_microblaze_riscv_0_0_MB_MUXCY_1123 [mbv_system_microblaze_riscv_0_0_...]
Compiling architecture structure of entity xil_defaultlib.mbv_system_microblaze_riscv_0_0_carry_and_1114 [mbv_system_microblaze_riscv_0_0_...]
Compiling architecture structure of entity xil_defaultlib.mbv_system_microblaze_riscv_0_0_MB_MUXCY_1122 [mbv_system_microblaze_riscv_0_0_...]
Compiling architecture structure of entity xil_defaultlib.mbv_system_microblaze_riscv_0_0_carry_and_1115 [mbv_system_microblaze_riscv_0_0_...]
Compiling architecture structure of entity xil_defaultlib.mbv_system_microblaze_riscv_0_0_MB_MUXCY_1121 [mbv_system_microblaze_riscv_0_0_...]
Compiling architecture structure of entity xil_defaultlib.mbv_system_microblaze_riscv_0_0_carry_and_1116 [mbv_system_microblaze_riscv_0_0_...]
Compiling architecture structure of entity xil_defaultlib.mbv_system_microblaze_riscv_0_0_MB_MUXCY_1120 [mbv_system_microblaze_riscv_0_0_...]
Compiling architecture structure of entity xil_defaultlib.mbv_system_microblaze_riscv_0_0_carry_and_1117 [mbv_system_microblaze_riscv_0_0_...]
Compiling architecture structure of entity xil_defaultlib.mbv_system_microblaze_riscv_0_0_MB_MUXCY_1119 [mbv_system_microblaze_riscv_0_0_...]
Compiling architecture structure of entity xil_defaultlib.mbv_system_microblaze_riscv_0_0_carry_and_1118 [mbv_system_microblaze_riscv_0_0_...]
Compiling architecture structure of entity xil_defaultlib.\mbv_system_microblaze_riscv_0_0_carry_compare_mask__parameterized8_991\ [\mbv_system_microblaze_riscv_0_0...]
Compiling architecture structure of entity xil_defaultlib.mbv_system_microblaze_riscv_0_0_MB_MUXCY_1104 [mbv_system_microblaze_riscv_0_0_...]
Compiling architecture structure of entity xil_defaultlib.mbv_system_microblaze_riscv_0_0_carry_and_1099 [mbv_system_microblaze_riscv_0_0_...]
Compiling architecture structure of entity xil_defaultlib.mbv_system_microblaze_riscv_0_0_MB_MUXCY_1103 [mbv_system_microblaze_riscv_0_0_...]
Compiling architecture structure of entity xil_defaultlib.mbv_system_microblaze_riscv_0_0_carry_and_1100 [mbv_system_microblaze_riscv_0_0_...]
Compiling architecture structure of entity xil_defaultlib.mbv_system_microblaze_riscv_0_0_MB_MUXCY_1102 [mbv_system_microblaze_riscv_0_0_...]
Compiling architecture structure of entity xil_defaultlib.mbv_system_microblaze_riscv_0_0_carry_and_1101 [mbv_system_microblaze_riscv_0_0_...]
Compiling architecture structure of entity xil_defaultlib.mbv_system_microblaze_riscv_0_0_carry_compare_992 [mbv_system_microblaze_riscv_0_0_...]
Compiling architecture structure of entity xil_defaultlib.mbv_system_microblaze_riscv_0_0_MB_MUXCY_1098 [mbv_system_microblaze_riscv_0_0_...]
Compiling architecture structure of entity xil_defaultlib.mbv_system_microblaze_riscv_0_0_carry_and_993 [mbv_system_microblaze_riscv_0_0_...]
Compiling architecture structure of entity xil_defaultlib.mbv_system_microblaze_riscv_0_0_MB_MUXCY_994 [mbv_system_microblaze_riscv_0_0_...]
Compiling architecture structure of entity xil_defaultlib.mbv_system_microblaze_riscv_0_0_MB_MUXCY_1097 [mbv_system_microblaze_riscv_0_0_...]
Compiling architecture structure of entity xil_defaultlib.mbv_system_microblaze_riscv_0_0_carry_and_1070 [mbv_system_microblaze_riscv_0_0_...]
Compiling architecture structure of entity xil_defaultlib.mbv_system_microblaze_riscv_0_0_MB_MUXCY_1096 [mbv_system_microblaze_riscv_0_0_...]
Compiling architecture structure of entity xil_defaultlib.mbv_system_microblaze_riscv_0_0_carry_and_1071 [mbv_system_microblaze_riscv_0_0_...]
Compiling architecture structure of entity xil_defaultlib.mbv_system_microblaze_riscv_0_0_MB_MUXCY_1095 [mbv_system_microblaze_riscv_0_0_...]
Compiling architecture structure of entity xil_defaultlib.mbv_system_microblaze_riscv_0_0_carry_and_1072 [mbv_system_microblaze_riscv_0_0_...]
Compiling architecture structure of entity xil_defaultlib.mbv_system_microblaze_riscv_0_0_MB_MUXCY_1094 [mbv_system_microblaze_riscv_0_0_...]
Compiling architecture structure of entity xil_defaultlib.mbv_system_microblaze_riscv_0_0_carry_and_1073 [mbv_system_microblaze_riscv_0_0_...]
Compiling architecture structure of entity xil_defaultlib.mbv_system_microblaze_riscv_0_0_MB_MUXCY_1093 [mbv_system_microblaze_riscv_0_0_...]
Compiling architecture structure of entity xil_defaultlib.mbv_system_microblaze_riscv_0_0_carry_and_1074 [mbv_system_microblaze_riscv_0_0_...]
Compiling architecture structure of entity xil_defaultlib.mbv_system_microblaze_riscv_0_0_MB_MUXCY_1092 [mbv_system_microblaze_riscv_0_0_...]
Compiling architecture structure of entity xil_defaultlib.mbv_system_microblaze_riscv_0_0_carry_and_1075 [mbv_system_microblaze_riscv_0_0_...]
Compiling architecture structure of entity xil_defaultlib.mbv_system_microblaze_riscv_0_0_MB_MUXCY_1091 [mbv_system_microblaze_riscv_0_0_...]
Compiling architecture structure of entity xil_defaultlib.mbv_system_microblaze_riscv_0_0_carry_and_1076 [mbv_system_microblaze_riscv_0_0_...]
Compiling architecture structure of entity xil_defaultlib.mbv_system_microblaze_riscv_0_0_MB_MUXCY_1090 [mbv_system_microblaze_riscv_0_0_...]
Compiling architecture structure of entity xil_defaultlib.mbv_system_microblaze_riscv_0_0_carry_and_1077 [mbv_system_microblaze_riscv_0_0_...]
Compiling architecture structure of entity xil_defaultlib.mbv_system_microblaze_riscv_0_0_MB_MUXCY_1089 [mbv_system_microblaze_riscv_0_0_...]
Compiling architecture structure of entity xil_defaultlib.mbv_system_microblaze_riscv_0_0_carry_and_1078 [mbv_system_microblaze_riscv_0_0_...]
Compiling architecture structure of entity xil_defaultlib.mbv_system_microblaze_riscv_0_0_MB_MUXCY_1088 [mbv_system_microblaze_riscv_0_0_...]
Compiling architecture structure of entity xil_defaultlib.mbv_system_microblaze_riscv_0_0_carry_and_1079 [mbv_system_microblaze_riscv_0_0_...]
Compiling architecture structure of entity xil_defaultlib.mbv_system_microblaze_riscv_0_0_MB_MUXCY_1087 [mbv_system_microblaze_riscv_0_0_...]
Compiling architecture structure of entity xil_defaultlib.mbv_system_microblaze_riscv_0_0_carry_and_1080 [mbv_system_microblaze_riscv_0_0_...]
Compiling architecture structure of entity xil_defaultlib.mbv_system_microblaze_riscv_0_0_MB_MUXCY_1086 [mbv_system_microblaze_riscv_0_0_...]
Compiling architecture structure of entity xil_defaultlib.mbv_system_microblaze_riscv_0_0_carry_and_1081 [mbv_system_microblaze_riscv_0_0_...]
Compiling architecture structure of entity xil_defaultlib.mbv_system_microblaze_riscv_0_0_MB_MUXCY_1085 [mbv_system_microblaze_riscv_0_0_...]
Compiling architecture structure of entity xil_defaultlib.mbv_system_microblaze_riscv_0_0_carry_and_1082 [mbv_system_microblaze_riscv_0_0_...]
Compiling architecture structure of entity xil_defaultlib.mbv_system_microblaze_riscv_0_0_MB_MUXCY_1084 [mbv_system_microblaze_riscv_0_0_...]
Compiling architecture structure of entity xil_defaultlib.mbv_system_microblaze_riscv_0_0_carry_and_1083 [mbv_system_microblaze_riscv_0_0_...]
Compiling architecture structure of entity xil_defaultlib.\mbv_system_microblaze_riscv_0_0_carry_compare_mask__parameterized8_995\ [\mbv_system_microblaze_riscv_0_0...]
Compiling architecture structure of entity xil_defaultlib.mbv_system_microblaze_riscv_0_0_MB_MUXCY_1069 [mbv_system_microblaze_riscv_0_0_...]
Compiling architecture structure of entity xil_defaultlib.mbv_system_microblaze_riscv_0_0_carry_and_1064 [mbv_system_microblaze_riscv_0_0_...]
Compiling architecture structure of entity xil_defaultlib.mbv_system_microblaze_riscv_0_0_MB_MUXCY_1068 [mbv_system_microblaze_riscv_0_0_...]
Compiling architecture structure of entity xil_defaultlib.mbv_system_microblaze_riscv_0_0_carry_and_1065 [mbv_system_microblaze_riscv_0_0_...]
Compiling architecture structure of entity xil_defaultlib.mbv_system_microblaze_riscv_0_0_MB_MUXCY_1067 [mbv_system_microblaze_riscv_0_0_...]
Compiling architecture structure of entity xil_defaultlib.mbv_system_microblaze_riscv_0_0_carry_and_1066 [mbv_system_microblaze_riscv_0_0_...]
Compiling architecture structure of entity xil_defaultlib.mbv_system_microblaze_riscv_0_0_carry_compare_996 [mbv_system_microblaze_riscv_0_0_...]
Compiling architecture structure of entity xil_defaultlib.mbv_system_microblaze_riscv_0_0_MB_MUXCY_1063 [mbv_system_microblaze_riscv_0_0_...]
Compiling architecture structure of entity xil_defaultlib.mbv_system_microblaze_riscv_0_0_carry_and_997 [mbv_system_microblaze_riscv_0_0_...]
Compiling architecture structure of entity xil_defaultlib.mbv_system_microblaze_riscv_0_0_MB_MUXCY_998 [mbv_system_microblaze_riscv_0_0_...]
Compiling architecture structure of entity xil_defaultlib.mbv_system_microblaze_riscv_0_0_MB_MUXCY_1062 [mbv_system_microblaze_riscv_0_0_...]
Compiling architecture structure of entity xil_defaultlib.mbv_system_microblaze_riscv_0_0_carry_and_1035 [mbv_system_microblaze_riscv_0_0_...]
Compiling architecture structure of entity xil_defaultlib.mbv_system_microblaze_riscv_0_0_MB_MUXCY_1061 [mbv_system_microblaze_riscv_0_0_...]
Compiling architecture structure of entity xil_defaultlib.mbv_system_microblaze_riscv_0_0_carry_and_1036 [mbv_system_microblaze_riscv_0_0_...]
Compiling architecture structure of entity xil_defaultlib.mbv_system_microblaze_riscv_0_0_MB_MUXCY_1060 [mbv_system_microblaze_riscv_0_0_...]
Compiling architecture structure of entity xil_defaultlib.mbv_system_microblaze_riscv_0_0_carry_and_1037 [mbv_system_microblaze_riscv_0_0_...]
Compiling architecture structure of entity xil_defaultlib.mbv_system_microblaze_riscv_0_0_MB_MUXCY_1059 [mbv_system_microblaze_riscv_0_0_...]
Compiling architecture structure of entity xil_defaultlib.mbv_system_microblaze_riscv_0_0_carry_and_1038 [mbv_system_microblaze_riscv_0_0_...]
Compiling architecture structure of entity xil_defaultlib.mbv_system_microblaze_riscv_0_0_MB_MUXCY_1058 [mbv_system_microblaze_riscv_0_0_...]
Compiling architecture structure of entity xil_defaultlib.mbv_system_microblaze_riscv_0_0_carry_and_1039 [mbv_system_microblaze_riscv_0_0_...]
Compiling architecture structure of entity xil_defaultlib.mbv_system_microblaze_riscv_0_0_MB_MUXCY_1057 [mbv_system_microblaze_riscv_0_0_...]
Compiling architecture structure of entity xil_defaultlib.mbv_system_microblaze_riscv_0_0_carry_and_1040 [mbv_system_microblaze_riscv_0_0_...]
Compiling architecture structure of entity xil_defaultlib.mbv_system_microblaze_riscv_0_0_MB_MUXCY_1056 [mbv_system_microblaze_riscv_0_0_...]
Compiling architecture structure of entity xil_defaultlib.mbv_system_microblaze_riscv_0_0_carry_and_1041 [mbv_system_microblaze_riscv_0_0_...]
Compiling architecture structure of entity xil_defaultlib.mbv_system_microblaze_riscv_0_0_MB_MUXCY_1055 [mbv_system_microblaze_riscv_0_0_...]
Compiling architecture structure of entity xil_defaultlib.mbv_system_microblaze_riscv_0_0_carry_and_1042 [mbv_system_microblaze_riscv_0_0_...]
Compiling architecture structure of entity xil_defaultlib.mbv_system_microblaze_riscv_0_0_MB_MUXCY_1054 [mbv_system_microblaze_riscv_0_0_...]
Compiling architecture structure of entity xil_defaultlib.mbv_system_microblaze_riscv_0_0_carry_and_1043 [mbv_system_microblaze_riscv_0_0_...]
Compiling architecture structure of entity xil_defaultlib.mbv_system_microblaze_riscv_0_0_MB_MUXCY_1053 [mbv_system_microblaze_riscv_0_0_...]
Compiling architecture structure of entity xil_defaultlib.mbv_system_microblaze_riscv_0_0_carry_and_1044 [mbv_system_microblaze_riscv_0_0_...]
Compiling architecture structure of entity xil_defaultlib.mbv_system_microblaze_riscv_0_0_MB_MUXCY_1052 [mbv_system_microblaze_riscv_0_0_...]
Compiling architecture structure of entity xil_defaultlib.mbv_system_microblaze_riscv_0_0_carry_and_1045 [mbv_system_microblaze_riscv_0_0_...]
Compiling architecture structure of entity xil_defaultlib.mbv_system_microblaze_riscv_0_0_MB_MUXCY_1051 [mbv_system_microblaze_riscv_0_0_...]
Compiling architecture structure of entity xil_defaultlib.mbv_system_microblaze_riscv_0_0_carry_and_1046 [mbv_system_microblaze_riscv_0_0_...]
Compiling architecture structure of entity xil_defaultlib.mbv_system_microblaze_riscv_0_0_MB_MUXCY_1050 [mbv_system_microblaze_riscv_0_0_...]
Compiling architecture structure of entity xil_defaultlib.mbv_system_microblaze_riscv_0_0_carry_and_1047 [mbv_system_microblaze_riscv_0_0_...]
Compiling architecture structure of entity xil_defaultlib.mbv_system_microblaze_riscv_0_0_MB_MUXCY_1049 [mbv_system_microblaze_riscv_0_0_...]
Compiling architecture structure of entity xil_defaultlib.mbv_system_microblaze_riscv_0_0_carry_and_1048 [mbv_system_microblaze_riscv_0_0_...]
Compiling architecture structure of entity xil_defaultlib.\mbv_system_microblaze_riscv_0_0_carry_compare_mask__parameterized8_999\ [\mbv_system_microblaze_riscv_0_0...]
Compiling architecture structure of entity xil_defaultlib.mbv_system_microblaze_riscv_0_0_MB_MUXCY_1034 [mbv_system_microblaze_riscv_0_0_...]
Compiling architecture structure of entity xil_defaultlib.mbv_system_microblaze_riscv_0_0_carry_and_1029 [mbv_system_microblaze_riscv_0_0_...]
Compiling architecture structure of entity xil_defaultlib.mbv_system_microblaze_riscv_0_0_MB_MUXCY_1033 [mbv_system_microblaze_riscv_0_0_...]
Compiling architecture structure of entity xil_defaultlib.mbv_system_microblaze_riscv_0_0_carry_and_1030 [mbv_system_microblaze_riscv_0_0_...]
Compiling architecture structure of entity xil_defaultlib.mbv_system_microblaze_riscv_0_0_MB_MUXCY_1032 [mbv_system_microblaze_riscv_0_0_...]
Compiling architecture structure of entity xil_defaultlib.mbv_system_microblaze_riscv_0_0_carry_and_1031 [mbv_system_microblaze_riscv_0_0_...]
Compiling architecture structure of entity xil_defaultlib.mbv_system_microblaze_riscv_0_0_carry_compare_1000 [mbv_system_microblaze_riscv_0_0_...]
Compiling architecture structure of entity xil_defaultlib.mbv_system_microblaze_riscv_0_0_MB_MUXCY_1028 [mbv_system_microblaze_riscv_0_0_...]
Compiling architecture structure of entity xil_defaultlib.mbv_system_microblaze_riscv_0_0_carry_and_1001 [mbv_system_microblaze_riscv_0_0_...]
Compiling architecture structure of entity xil_defaultlib.mbv_system_microblaze_riscv_0_0_MB_MUXCY_1002 [mbv_system_microblaze_riscv_0_0_...]
Compiling architecture structure of entity xil_defaultlib.mbv_system_microblaze_riscv_0_0_MB_MUXF7 [mbv_system_microblaze_riscv_0_0_...]
Compiling architecture structure of entity xil_defaultlib.mbv_system_microblaze_riscv_0_0_MB_MUXF7_1003 [mbv_system_microblaze_riscv_0_0_...]
Compiling architecture structure of entity xil_defaultlib.mbv_system_microblaze_riscv_0_0_MB_MUXF7_1004 [mbv_system_microblaze_riscv_0_0_...]
Compiling architecture structure of entity xil_defaultlib.mbv_system_microblaze_riscv_0_0_MB_MUXF7_1005 [mbv_system_microblaze_riscv_0_0_...]
Compiling architecture structure of entity xil_defaultlib.mbv_system_microblaze_riscv_0_0_MB_MUXF7_1006 [mbv_system_microblaze_riscv_0_0_...]
Compiling architecture structure of entity xil_defaultlib.mbv_system_microblaze_riscv_0_0_MB_MUXF7_1007 [mbv_system_microblaze_riscv_0_0_...]
Compiling architecture structure of entity xil_defaultlib.mbv_system_microblaze_riscv_0_0_MB_MUXF7_1008 [mbv_system_microblaze_riscv_0_0_...]
Compiling architecture structure of entity xil_defaultlib.mbv_system_microblaze_riscv_0_0_MB_MUXF7_1009 [mbv_system_microblaze_riscv_0_0_...]
Compiling architecture structure of entity xil_defaultlib.mbv_system_microblaze_riscv_0_0_MB_MUXF7_1010 [mbv_system_microblaze_riscv_0_0_...]
Compiling architecture structure of entity xil_defaultlib.mbv_system_microblaze_riscv_0_0_MB_MUXF7_1011 [mbv_system_microblaze_riscv_0_0_...]
Compiling architecture structure of entity xil_defaultlib.mbv_system_microblaze_riscv_0_0_MB_MUXF7_1012 [mbv_system_microblaze_riscv_0_0_...]
Compiling architecture structure of entity xil_defaultlib.mbv_system_microblaze_riscv_0_0_MB_MUXF7_1013 [mbv_system_microblaze_riscv_0_0_...]
Compiling architecture structure of entity xil_defaultlib.mbv_system_microblaze_riscv_0_0_MB_MUXF7_1014 [mbv_system_microblaze_riscv_0_0_...]
Compiling architecture structure of entity xil_defaultlib.mbv_system_microblaze_riscv_0_0_MB_MUXF7_1015 [mbv_system_microblaze_riscv_0_0_...]
Compiling architecture structure of entity xil_defaultlib.mbv_system_microblaze_riscv_0_0_MB_MUXF7_1016 [mbv_system_microblaze_riscv_0_0_...]
Compiling architecture structure of entity xil_defaultlib.mbv_system_microblaze_riscv_0_0_MB_MUXF7_1017 [mbv_system_microblaze_riscv_0_0_...]
Compiling architecture structure of entity xil_defaultlib.mbv_system_microblaze_riscv_0_0_MB_MUXF7_1018 [mbv_system_microblaze_riscv_0_0_...]
Compiling architecture structure of entity xil_defaultlib.mbv_system_microblaze_riscv_0_0_MB_MUXF7_1019 [mbv_system_microblaze_riscv_0_0_...]
Compiling architecture structure of entity xil_defaultlib.mbv_system_microblaze_riscv_0_0_MB_MUXF7_1020 [mbv_system_microblaze_riscv_0_0_...]
Compiling architecture structure of entity xil_defaultlib.mbv_system_microblaze_riscv_0_0_MB_MUXF7_1021 [mbv_system_microblaze_riscv_0_0_...]
Compiling architecture structure of entity xil_defaultlib.mbv_system_microblaze_riscv_0_0_MB_MUXF7_1022 [mbv_system_microblaze_riscv_0_0_...]
Compiling architecture structure of entity xil_defaultlib.mbv_system_microblaze_riscv_0_0_MB_MUXF7_1023 [mbv_system_microblaze_riscv_0_0_...]
Compiling architecture structure of entity xil_defaultlib.mbv_system_microblaze_riscv_0_0_MB_MUXF7_1024 [mbv_system_microblaze_riscv_0_0_...]
Compiling architecture structure of entity xil_defaultlib.mbv_system_microblaze_riscv_0_0_MB_MUXF7_1025 [mbv_system_microblaze_riscv_0_0_...]
Compiling architecture structure of entity xil_defaultlib.mbv_system_microblaze_riscv_0_0_MB_MUXF7_1026 [mbv_system_microblaze_riscv_0_0_...]
Compiling architecture structure of entity xil_defaultlib.mbv_system_microblaze_riscv_0_0_MB_MUXF7_1027 [mbv_system_microblaze_riscv_0_0_...]
Compiling architecture structure of entity xil_defaultlib.\mbv_system_microblaze_riscv_0_0_microblaze_riscv_v1_0_7_MMU_TLB__parameterized0\ [\mbv_system_microblaze_riscv_0_0...]
Compiling architecture lut4_v of entity unisim.LUT4 [\LUT4(init="1011101110111010")(0...]
Compiling architecture lut6_v of entity unisim.LUT6 [\LUT6(init="01010111110111110101...]
Compiling architecture lut6_v of entity unisim.LUT6 [\LUT6(init="10001000000010001000...]
Compiling architecture structure of entity xil_defaultlib.mbv_system_microblaze_riscv_0_0_MB_MUXCY_986 [mbv_system_microblaze_riscv_0_0_...]
Compiling architecture structure of entity xil_defaultlib.mbv_system_microblaze_riscv_0_0_carry_and_959 [mbv_system_microblaze_riscv_0_0_...]
Compiling architecture structure of entity xil_defaultlib.mbv_system_microblaze_riscv_0_0_MB_MUXCY_985 [mbv_system_microblaze_riscv_0_0_...]
Compiling architecture structure of entity xil_defaultlib.mbv_system_microblaze_riscv_0_0_carry_and_960 [mbv_system_microblaze_riscv_0_0_...]
Compiling architecture structure of entity xil_defaultlib.mbv_system_microblaze_riscv_0_0_MB_MUXCY_984 [mbv_system_microblaze_riscv_0_0_...]
Compiling architecture structure of entity xil_defaultlib.mbv_system_microblaze_riscv_0_0_carry_and_961 [mbv_system_microblaze_riscv_0_0_...]
Compiling architecture structure of entity xil_defaultlib.mbv_system_microblaze_riscv_0_0_MB_MUXCY_983 [mbv_system_microblaze_riscv_0_0_...]
Compiling architecture structure of entity xil_defaultlib.mbv_system_microblaze_riscv_0_0_carry_and_962 [mbv_system_microblaze_riscv_0_0_...]
Compiling architecture structure of entity xil_defaultlib.mbv_system_microblaze_riscv_0_0_MB_MUXCY_982 [mbv_system_microblaze_riscv_0_0_...]
Compiling architecture structure of entity xil_defaultlib.mbv_system_microblaze_riscv_0_0_carry_and_963 [mbv_system_microblaze_riscv_0_0_...]
Compiling architecture structure of entity xil_defaultlib.mbv_system_microblaze_riscv_0_0_MB_MUXCY_981 [mbv_system_microblaze_riscv_0_0_...]
Compiling architecture structure of entity xil_defaultlib.mbv_system_microblaze_riscv_0_0_carry_and_964 [mbv_system_microblaze_riscv_0_0_...]
Compiling architecture structure of entity xil_defaultlib.mbv_system_microblaze_riscv_0_0_MB_MUXCY_980 [mbv_system_microblaze_riscv_0_0_...]
Compiling architecture structure of entity xil_defaultlib.mbv_system_microblaze_riscv_0_0_carry_and_965 [mbv_system_microblaze_riscv_0_0_...]
Compiling architecture structure of entity xil_defaultlib.mbv_system_microblaze_riscv_0_0_MB_MUXCY_979 [mbv_system_microblaze_riscv_0_0_...]
Compiling architecture structure of entity xil_defaultlib.mbv_system_microblaze_riscv_0_0_carry_and_966 [mbv_system_microblaze_riscv_0_0_...]
Compiling architecture structure of entity xil_defaultlib.mbv_system_microblaze_riscv_0_0_MB_MUXCY_978 [mbv_system_microblaze_riscv_0_0_...]
Compiling architecture structure of entity xil_defaultlib.mbv_system_microblaze_riscv_0_0_carry_and_967 [mbv_system_microblaze_riscv_0_0_...]
Compiling architecture structure of entity xil_defaultlib.mbv_system_microblaze_riscv_0_0_MB_MUXCY_977 [mbv_system_microblaze_riscv_0_0_...]
Compiling architecture structure of entity xil_defaultlib.mbv_system_microblaze_riscv_0_0_carry_and_968 [mbv_system_microblaze_riscv_0_0_...]
Compiling architecture structure of entity xil_defaultlib.mbv_system_microblaze_riscv_0_0_MB_MUXCY_976 [mbv_system_microblaze_riscv_0_0_...]
Compiling architecture structure of entity xil_defaultlib.mbv_system_microblaze_riscv_0_0_carry_and_969 [mbv_system_microblaze_riscv_0_0_...]
Compiling architecture structure of entity xil_defaultlib.mbv_system_microblaze_riscv_0_0_MB_MUXCY_975 [mbv_system_microblaze_riscv_0_0_...]
Compiling architecture structure of entity xil_defaultlib.mbv_system_microblaze_riscv_0_0_carry_and_970 [mbv_system_microblaze_riscv_0_0_...]
Compiling architecture structure of entity xil_defaultlib.mbv_system_microblaze_riscv_0_0_MB_MUXCY_974 [mbv_system_microblaze_riscv_0_0_...]
Compiling architecture structure of entity xil_defaultlib.mbv_system_microblaze_riscv_0_0_carry_and_971 [mbv_system_microblaze_riscv_0_0_...]
Compiling architecture structure of entity xil_defaultlib.mbv_system_microblaze_riscv_0_0_MB_MUXCY_973 [mbv_system_microblaze_riscv_0_0_...]
Compiling architecture structure of entity xil_defaultlib.mbv_system_microblaze_riscv_0_0_carry_and_972 [mbv_system_microblaze_riscv_0_0_...]
Compiling architecture structure of entity xil_defaultlib.\mbv_system_microblaze_riscv_0_0_carry_compare_mask__parameterized8\ [\mbv_system_microblaze_riscv_0_0...]
Compiling architecture structure of entity xil_defaultlib.mbv_system_microblaze_riscv_0_0_MB_MUXCY_958 [mbv_system_microblaze_riscv_0_0_...]
Compiling architecture structure of entity xil_defaultlib.mbv_system_microblaze_riscv_0_0_carry_and_953 [mbv_system_microblaze_riscv_0_0_...]
Compiling architecture structure of entity xil_defaultlib.mbv_system_microblaze_riscv_0_0_MB_MUXCY_957 [mbv_system_microblaze_riscv_0_0_...]
Compiling architecture structure of entity xil_defaultlib.mbv_system_microblaze_riscv_0_0_carry_and_954 [mbv_system_microblaze_riscv_0_0_...]
Compiling architecture structure of entity xil_defaultlib.mbv_system_microblaze_riscv_0_0_MB_MUXCY_956 [mbv_system_microblaze_riscv_0_0_...]
Compiling architecture structure of entity xil_defaultlib.mbv_system_microblaze_riscv_0_0_carry_and_955 [mbv_system_microblaze_riscv_0_0_...]
Compiling architecture structure of entity xil_defaultlib.mbv_system_microblaze_riscv_0_0_carry_compare_910 [mbv_system_microblaze_riscv_0_0_...]
Compiling architecture structure of entity xil_defaultlib.mbv_system_microblaze_riscv_0_0_MB_MUXCY_952 [mbv_system_microblaze_riscv_0_0_...]
Compiling architecture structure of entity xil_defaultlib.mbv_system_microblaze_riscv_0_0_carry_and_911 [mbv_system_microblaze_riscv_0_0_...]
Compiling architecture structure of entity xil_defaultlib.mbv_system_microblaze_riscv_0_0_MB_MUXCY_912 [mbv_system_microblaze_riscv_0_0_...]
Compiling architecture structure of entity xil_defaultlib.mbv_system_microblaze_riscv_0_0_MB_MUXCY_951 [mbv_system_microblaze_riscv_0_0_...]
Compiling architecture structure of entity xil_defaultlib.mbv_system_microblaze_riscv_0_0_carry_and_924 [mbv_system_microblaze_riscv_0_0_...]
Compiling architecture structure of entity xil_defaultlib.mbv_system_microblaze_riscv_0_0_MB_MUXCY_950 [mbv_system_microblaze_riscv_0_0_...]
Compiling architecture structure of entity xil_defaultlib.mbv_system_microblaze_riscv_0_0_carry_and_925 [mbv_system_microblaze_riscv_0_0_...]
Compiling architecture structure of entity xil_defaultlib.mbv_system_microblaze_riscv_0_0_MB_MUXCY_949 [mbv_system_microblaze_riscv_0_0_...]
Compiling architecture structure of entity xil_defaultlib.mbv_system_microblaze_riscv_0_0_carry_and_926 [mbv_system_microblaze_riscv_0_0_...]
Compiling architecture structure of entity xil_defaultlib.mbv_system_microblaze_riscv_0_0_MB_MUXCY_948 [mbv_system_microblaze_riscv_0_0_...]
Compiling architecture structure of entity xil_defaultlib.mbv_system_microblaze_riscv_0_0_carry_and_927 [mbv_system_microblaze_riscv_0_0_...]
Compiling architecture structure of entity xil_defaultlib.mbv_system_microblaze_riscv_0_0_MB_MUXCY_947 [mbv_system_microblaze_riscv_0_0_...]
Compiling architecture structure of entity xil_defaultlib.mbv_system_microblaze_riscv_0_0_carry_and_928 [mbv_system_microblaze_riscv_0_0_...]
Compiling architecture structure of entity xil_defaultlib.mbv_system_microblaze_riscv_0_0_MB_MUXCY_946 [mbv_system_microblaze_riscv_0_0_...]
Compiling architecture structure of entity xil_defaultlib.mbv_system_microblaze_riscv_0_0_carry_and_929 [mbv_system_microblaze_riscv_0_0_...]
Compiling architecture structure of entity xil_defaultlib.mbv_system_microblaze_riscv_0_0_MB_MUXCY_945 [mbv_system_microblaze_riscv_0_0_...]
Compiling architecture structure of entity xil_defaultlib.mbv_system_microblaze_riscv_0_0_carry_and_930 [mbv_system_microblaze_riscv_0_0_...]
Compiling architecture structure of entity xil_defaultlib.mbv_system_microblaze_riscv_0_0_MB_MUXCY_944 [mbv_system_microblaze_riscv_0_0_...]
Compiling architecture structure of entity xil_defaultlib.mbv_system_microblaze_riscv_0_0_carry_and_931 [mbv_system_microblaze_riscv_0_0_...]
Compiling architecture structure of entity xil_defaultlib.mbv_system_microblaze_riscv_0_0_MB_MUXCY_943 [mbv_system_microblaze_riscv_0_0_...]
Compiling architecture structure of entity xil_defaultlib.mbv_system_microblaze_riscv_0_0_carry_and_932 [mbv_system_microblaze_riscv_0_0_...]
Compiling architecture structure of entity xil_defaultlib.mbv_system_microblaze_riscv_0_0_MB_MUXCY_942 [mbv_system_microblaze_riscv_0_0_...]
Compiling architecture structure of entity xil_defaultlib.mbv_system_microblaze_riscv_0_0_carry_and_933 [mbv_system_microblaze_riscv_0_0_...]
Compiling architecture structure of entity xil_defaultlib.mbv_system_microblaze_riscv_0_0_MB_MUXCY_941 [mbv_system_microblaze_riscv_0_0_...]
Compiling architecture structure of entity xil_defaultlib.mbv_system_microblaze_riscv_0_0_carry_and_934 [mbv_system_microblaze_riscv_0_0_...]
Compiling architecture structure of entity xil_defaultlib.mbv_system_microblaze_riscv_0_0_MB_MUXCY_940 [mbv_system_microblaze_riscv_0_0_...]
Compiling architecture structure of entity xil_defaultlib.mbv_system_microblaze_riscv_0_0_carry_and_935 [mbv_system_microblaze_riscv_0_0_...]
Compiling architecture structure of entity xil_defaultlib.mbv_system_microblaze_riscv_0_0_MB_MUXCY_939 [mbv_system_microblaze_riscv_0_0_...]
Compiling architecture structure of entity xil_defaultlib.mbv_system_microblaze_riscv_0_0_carry_and_936 [mbv_system_microblaze_riscv_0_0_...]
Compiling architecture structure of entity xil_defaultlib.mbv_system_microblaze_riscv_0_0_MB_MUXCY_938 [mbv_system_microblaze_riscv_0_0_...]
Compiling architecture structure of entity xil_defaultlib.mbv_system_microblaze_riscv_0_0_carry_and_937 [mbv_system_microblaze_riscv_0_0_...]
Compiling architecture structure of entity xil_defaultlib.\mbv_system_microblaze_riscv_0_0_carry_compare_mask__parameterized8_913\ [\mbv_system_microblaze_riscv_0_0...]
Compiling architecture structure of entity xil_defaultlib.mbv_system_microblaze_riscv_0_0_MB_MUXCY_923 [mbv_system_microblaze_riscv_0_0_...]
Compiling architecture structure of entity xil_defaultlib.mbv_system_microblaze_riscv_0_0_carry_and_918 [mbv_system_microblaze_riscv_0_0_...]
Compiling architecture structure of entity xil_defaultlib.mbv_system_microblaze_riscv_0_0_MB_MUXCY_922 [mbv_system_microblaze_riscv_0_0_...]
Compiling architecture structure of entity xil_defaultlib.mbv_system_microblaze_riscv_0_0_carry_and_919 [mbv_system_microblaze_riscv_0_0_...]
Compiling architecture structure of entity xil_defaultlib.mbv_system_microblaze_riscv_0_0_MB_MUXCY_921 [mbv_system_microblaze_riscv_0_0_...]
Compiling architecture structure of entity xil_defaultlib.mbv_system_microblaze_riscv_0_0_carry_and_920 [mbv_system_microblaze_riscv_0_0_...]
Compiling architecture structure of entity xil_defaultlib.mbv_system_microblaze_riscv_0_0_carry_compare_914 [mbv_system_microblaze_riscv_0_0_...]
Compiling architecture lut6_v of entity unisim.LUT6 [\LUT6(init="10101010101010101010...]
Compiling architecture lut6_v of entity unisim.LUT6 [\LUT6(init="00011000000100010001...]
Compiling architecture lut6_v of entity unisim.LUT6 [\LUT6(init="00000000000000000000...]
Compiling architecture lut6_v of entity unisim.LUT6 [\LUT6(init="00000000000000000000...]
Compiling architecture lut6_v of entity unisim.LUT6 [\LUT6(init="00000000000000000000...]
Compiling architecture lut6_v of entity unisim.LUT6 [\LUT6(init="10111111101111111011...]
Compiling architecture lut4_v of entity unisim.LUT4 [\LUT4(init="1111111111100010")(0...]
Compiling architecture lut5_v of entity unisim.LUT5 [\LUT5(init="00110011010111111111...]
Compiling architecture structure of entity xil_defaultlib.mbv_system_microblaze_riscv_0_0_MB_MUXCY_917 [mbv_system_microblaze_riscv_0_0_...]
Compiling architecture structure of entity xil_defaultlib.mbv_system_microblaze_riscv_0_0_carry_and_915 [mbv_system_microblaze_riscv_0_0_...]
Compiling architecture structure of entity xil_defaultlib.mbv_system_microblaze_riscv_0_0_MB_MUXCY_916 [mbv_system_microblaze_riscv_0_0_...]
Compiling architecture structure of entity xil_defaultlib.mbv_system_microblaze_riscv_0_0_microblaze_riscv_v1_0_7_MMU_TLB [mbv_system_microblaze_riscv_0_0_...]
Compiling architecture lut3_v of entity unisim.LUT3 [\LUT3(init="10000001")(0,7)\]
Compiling architecture lut6_v of entity unisim.LUT6 [\LUT6(init="11101110111011101110...]
Compiling architecture lut6_v of entity unisim.LUT6 [\LUT6(init="11101110111011101111...]
Compiling architecture lut3_v of entity unisim.LUT3 [\LUT3(init="01011110")(0,7)\]
Compiling architecture lut6_v of entity unisim.LUT6 [\LUT6(init="10101010101010101010...]
Compiling architecture lut6_v of entity unisim.LUT6 [\LUT6(init="10111011101010111111...]
Compiling architecture lut6_v of entity unisim.LUT6 [\LUT6(init="10100010101010101010...]
Compiling architecture ram64x1s_v of entity unisim.RAM64X1S [ram64x1s_default]
Compiling architecture lut6_v of entity unisim.LUT6 [\LUT6(init="11111111111111111111...]
Compiling architecture lut6_v of entity unisim.LUT6 [\LUT6(init="00000000000000011111...]
Compiling architecture lut5_v of entity unisim.LUT5 [\LUT5(init="10010000111100000000...]
Compiling architecture lut6_v of entity unisim.LUT6 [\LUT6(init="00000000000000000000...]
Compiling architecture lut6_v of entity unisim.LUT6 [\LUT6(init="11111111111111111111...]
Compiling architecture structure of entity xil_defaultlib.mbv_system_microblaze_riscv_0_0_MB_MUXCY_909 [mbv_system_microblaze_riscv_0_0_...]
Compiling architecture structure of entity xil_defaultlib.mbv_system_microblaze_riscv_0_0_carry_and_908 [mbv_system_microblaze_riscv_0_0_...]
Compiling architecture structure of entity xil_defaultlib.\mbv_system_microblaze_riscv_0_0_carry_compare__parameterized7\ [\mbv_system_microblaze_riscv_0_0...]
Compiling architecture lut6_v of entity unisim.LUT6 [\LUT6(init="10000000100010001000...]
Compiling architecture lut4_v of entity unisim.LUT4 [\LUT4(init="0111011101110000")(0...]
Compiling architecture lut6_v of entity unisim.LUT6 [\LUT6(init="00000000010000000000...]
Compiling architecture lut6_v of entity unisim.LUT6 [\LUT6(init="11111110111111101111...]
Compiling architecture structure of entity xil_defaultlib.mbv_system_microblaze_riscv_0_0_MB_MUXCY_907 [mbv_system_microblaze_riscv_0_0_...]
Compiling architecture structure of entity xil_defaultlib.mbv_system_microblaze_riscv_0_0_carry_and_803 [mbv_system_microblaze_riscv_0_0_...]
Compiling architecture lut5_v of entity unisim.LUT5 [\LUT5(init="11111111101010111010...]
Compiling architecture structure of entity xil_defaultlib.mbv_system_microblaze_riscv_0_0_MB_MUXCY_906 [mbv_system_microblaze_riscv_0_0_...]
Compiling architecture structure of entity xil_defaultlib.mbv_system_microblaze_riscv_0_0_carry_and_804 [mbv_system_microblaze_riscv_0_0_...]
Compiling architecture lut4_v of entity unisim.LUT4 [\LUT4(init="1110111110101010")(0...]
Compiling architecture lut5_v of entity unisim.LUT5 [\LUT5(init="10101010001100000011...]
Compiling architecture lut6_v of entity unisim.LUT6 [\LUT6(init="00000011000000000000...]
Compiling architecture lut6_v of entity unisim.LUT6 [\LUT6(init="00111111001111110010...]
Compiling architecture rb36_internal_vhdl_v of entity unisim.RB36_INTERNAL_VHDL [\RB36_INTERNAL_VHDL(init_a="0000...]
Compiling architecture ramb36e1_v of entity unisim.RAMB36E1 [\RAMB36E1(read_width_a=36,read_w...]
Compiling architecture lut6_v of entity unisim.LUT6 [\LUT6(init="11110000110011111111...]
Compiling architecture lut6_v of entity unisim.LUT6 [\LUT6(init="11111111111111111111...]
Compiling architecture lut6_v of entity unisim.LUT6 [\LUT6(init="00010001000100010001...]
Compiling architecture lut5_v of entity unisim.LUT5 [\LUT5(init="01010101000001000000...]
Compiling architecture lut5_v of entity unisim.LUT5 [\LUT5(init="00000000000000001111...]
Compiling architecture lut6_v of entity unisim.LUT6 [\LUT6(init="00000000000000000000...]
Compiling architecture lut5_v of entity unisim.LUT5 [\LUT5(init="11111111101011100000...]
Compiling architecture lut6_v of entity unisim.LUT6 [\LUT6(init="11001100110011001100...]
Compiling architecture lut6_v of entity unisim.LUT6 [\LUT6(init="10101010000010001111...]
Compiling architecture lut4_v of entity unisim.LUT4 [\LUT4(init="0100010000000100")(0...]
Compiling architecture lut5_v of entity unisim.LUT5 [\LUT5(init="00000000000000000101...]
Compiling architecture lut6_v of entity unisim.LUT6 [\LUT6(init="11100100111001001110...]
Compiling architecture lut4_v of entity unisim.LUT4 [\LUT4(init="1011101111110011")(0...]
Compiling architecture lut5_v of entity unisim.LUT5 [\LUT5(init="00001111000000100000...]
Compiling architecture lut6_v of entity unisim.LUT6 [\LUT6(init="11111111111111111111...]
Compiling architecture lut6_v of entity unisim.LUT6 [\LUT6(init="00000000000000000000...]
Compiling architecture lut6_v of entity unisim.LUT6 [\LUT6(init="10111010100010101011...]
Compiling architecture lut6_v of entity unisim.LUT6 [\LUT6(init="00000000000100000101...]
Compiling architecture lut6_v of entity unisim.LUT6 [\LUT6(init="11111111111111111111...]
Compiling architecture lut5_v of entity unisim.LUT5 [\LUT5(init="11111111111111111111...]
Compiling architecture lut5_v of entity unisim.LUT5 [\LUT5(init="00110010001100110000...]
Compiling architecture lut6_v of entity unisim.LUT6 [\LUT6(init="00110011001100110011...]
Compiling architecture lut5_v of entity unisim.LUT5 [\LUT5(init="00100011001100110010...]
Compiling architecture lut6_v of entity unisim.LUT6 [\LUT6(init="00110011001100110010...]
Compiling architecture lut6_v of entity unisim.LUT6 [\LUT6(init="00100011001100110011...]
Compiling architecture lut5_v of entity unisim.LUT5 [\LUT5(init="11101111111011111110...]
Compiling architecture lut4_v of entity unisim.LUT4 [\LUT4(init="1110000011101110")(0...]
Compiling architecture lut4_v of entity unisim.LUT4 [\LUT4(init="0000000001110000")(0...]
Compiling architecture lut5_v of entity unisim.LUT5 [\LUT5(init="11111111111110111111...]
Compiling architecture lut5_v of entity unisim.LUT5 [\LUT5(init="11111111010000000100...]
Compiling architecture lut5_v of entity unisim.LUT5 [\LUT5(init="01011101110111011111...]
Compiling architecture lut4_v of entity unisim.LUT4 [\LUT4(init="0111111111010101")(0...]
Compiling architecture lut3_v of entity unisim.LUT3 [\LUT3(init="11110111")(0,7)\]
Compiling architecture structure of entity xil_defaultlib.mbv_system_microblaze_riscv_0_0_MMU_UTLB_RAM [mbv_system_microblaze_riscv_0_0_...]
Compiling architecture lut6_v of entity unisim.LUT6 [\LUT6(init="00000000101010001111...]
Compiling architecture lut5_v of entity unisim.LUT5 [\LUT5(init="00000000000000111110...]
Compiling architecture lut4_v of entity unisim.LUT4 [\LUT4(init="0000011000001010")(0...]
Compiling architecture lut6_v of entity unisim.LUT6 [\LUT6(init="01010111000000000101...]
Compiling architecture lut6_v of entity unisim.LUT6 [\LUT6(init="00000000000010100000...]
Compiling architecture lut6_v of entity unisim.LUT6 [\LUT6(init="00000000000000000000...]
Compiling architecture lut6_v of entity unisim.LUT6 [\LUT6(init="00000000000000000000...]
Compiling architecture lut6_v of entity unisim.LUT6 [\LUT6(init="01000000010000000100...]
Compiling architecture lut6_v of entity unisim.LUT6 [\LUT6(init="11110001111100011111...]
Compiling architecture lut6_v of entity unisim.LUT6 [\LUT6(init="00000000000000000000...]
Compiling architecture lut4_v of entity unisim.LUT4 [\LUT4(init="1111011100001000")(0...]
Compiling architecture lut3_v of entity unisim.LUT3 [\LUT3(init="11010010")(0,7)\]
Compiling architecture lut6_v of entity unisim.LUT6 [\LUT6(init="10101010101010101010...]
Compiling architecture lut6_v of entity unisim.LUT6 [\LUT6(init="00000000000000000000...]
Compiling architecture lut6_v of entity unisim.LUT6 [\LUT6(init="10101010101010101010...]
Compiling architecture lut6_v of entity unisim.LUT6 [\LUT6(init="10101010101010101111...]
Compiling architecture lut6_v of entity unisim.LUT6 [\LUT6(init="00000000000000000000...]
Compiling architecture lut5_v of entity unisim.LUT5 [\LUT5(init="00000100010001000000...]
Compiling architecture lut6_v of entity unisim.LUT6 [\LUT6(init="11111011101110111011...]
Compiling architecture lut5_v of entity unisim.LUT5 [\LUT5(init="00000000000000001011...]
Compiling architecture lut6_v of entity unisim.LUT6 [\LUT6(init="11111111111111110101...]
Compiling architecture lut5_v of entity unisim.LUT5 [\LUT5(init="00000000111111110000...]
Compiling architecture lut6_v of entity unisim.LUT6 [\LUT6(init="00000010111111111111...]
Compiling architecture lut4_v of entity unisim.LUT4 [\LUT4(init="1111111111110001")(0...]
Compiling architecture lut6_v of entity unisim.LUT6 [\LUT6(init="00000000000000000000...]
Compiling architecture lut6_v of entity unisim.LUT6 [\LUT6(init="10111010101010101111...]
Compiling architecture lut6_v of entity unisim.LUT6 [\LUT6(init="00100010001000100010...]
Compiling architecture structure of entity xil_defaultlib.mbv_system_microblaze_riscv_0_0_MB_MUXCY_905 [mbv_system_microblaze_riscv_0_0_...]
Compiling architecture structure of entity xil_defaultlib.mbv_system_microblaze_riscv_0_0_carry_and_900 [mbv_system_microblaze_riscv_0_0_...]
Compiling architecture structure of entity xil_defaultlib.mbv_system_microblaze_riscv_0_0_MB_MUXCY_904 [mbv_system_microblaze_riscv_0_0_...]
Compiling architecture structure of entity xil_defaultlib.mbv_system_microblaze_riscv_0_0_carry_and_901 [mbv_system_microblaze_riscv_0_0_...]
Compiling architecture structure of entity xil_defaultlib.mbv_system_microblaze_riscv_0_0_MB_MUXCY_903 [mbv_system_microblaze_riscv_0_0_...]
Compiling architecture structure of entity xil_defaultlib.mbv_system_microblaze_riscv_0_0_carry_and_902 [mbv_system_microblaze_riscv_0_0_...]
Compiling architecture structure of entity xil_defaultlib.mbv_system_microblaze_riscv_0_0_carry_compare [mbv_system_microblaze_riscv_0_0_...]
Compiling architecture structure of entity xil_defaultlib.mbv_system_microblaze_riscv_0_0_MB_MUXCY_899 [mbv_system_microblaze_riscv_0_0_...]
Compiling architecture structure of entity xil_defaultlib.mbv_system_microblaze_riscv_0_0_carry_and_892 [mbv_system_microblaze_riscv_0_0_...]
Compiling architecture structure of entity xil_defaultlib.mbv_system_microblaze_riscv_0_0_MB_MUXCY_898 [mbv_system_microblaze_riscv_0_0_...]
Compiling architecture structure of entity xil_defaultlib.mbv_system_microblaze_riscv_0_0_carry_and_893 [mbv_system_microblaze_riscv_0_0_...]
Compiling architecture structure of entity xil_defaultlib.mbv_system_microblaze_riscv_0_0_MB_MUXCY_897 [mbv_system_microblaze_riscv_0_0_...]
Compiling architecture structure of entity xil_defaultlib.mbv_system_microblaze_riscv_0_0_carry_and_894 [mbv_system_microblaze_riscv_0_0_...]
Compiling architecture structure of entity xil_defaultlib.mbv_system_microblaze_riscv_0_0_MB_MUXCY_896 [mbv_system_microblaze_riscv_0_0_...]
Compiling architecture structure of entity xil_defaultlib.mbv_system_microblaze_riscv_0_0_carry_and_895 [mbv_system_microblaze_riscv_0_0_...]
Compiling architecture structure of entity xil_defaultlib.mbv_system_microblaze_riscv_0_0_carry_compare_mask [mbv_system_microblaze_riscv_0_0_...]
Compiling architecture lut6_v of entity unisim.LUT6 [\LUT6(init="10111111111111111011...]
Compiling architecture lut5_v of entity unisim.LUT5 [\LUT5(init="00000000000000001111...]
Compiling architecture lut5_v of entity unisim.LUT5 [\LUT5(init="00000000000001001111...]
Compiling architecture lut6_v of entity unisim.LUT6 [\LUT6(init="00000000000000000000...]
Compiling architecture lut6_v of entity unisim.LUT6 [\LUT6(init="11111111111111111111...]
Compiling architecture lut6_v of entity unisim.LUT6 [\LUT6(init="10101010101010101010...]
Compiling architecture structure of entity xil_defaultlib.mbv_system_microblaze_riscv_0_0_MB_MUXCY_891 [mbv_system_microblaze_riscv_0_0_...]
Compiling architecture structure of entity xil_defaultlib.mbv_system_microblaze_riscv_0_0_carry_and_876 [mbv_system_microblaze_riscv_0_0_...]
Compiling architecture structure of entity xil_defaultlib.mbv_system_microblaze_riscv_0_0_MB_MUXCY_890 [mbv_system_microblaze_riscv_0_0_...]
Compiling architecture structure of entity xil_defaultlib.mbv_system_microblaze_riscv_0_0_carry_and_877 [mbv_system_microblaze_riscv_0_0_...]
Compiling architecture structure of entity xil_defaultlib.mbv_system_microblaze_riscv_0_0_MB_MUXCY_889 [mbv_system_microblaze_riscv_0_0_...]
Compiling architecture structure of entity xil_defaultlib.mbv_system_microblaze_riscv_0_0_carry_and_878 [mbv_system_microblaze_riscv_0_0_...]
Compiling architecture structure of entity xil_defaultlib.mbv_system_microblaze_riscv_0_0_MB_MUXCY_888 [mbv_system_microblaze_riscv_0_0_...]
Compiling architecture structure of entity xil_defaultlib.mbv_system_microblaze_riscv_0_0_carry_and_879 [mbv_system_microblaze_riscv_0_0_...]
Compiling architecture structure of entity xil_defaultlib.mbv_system_microblaze_riscv_0_0_MB_MUXCY_887 [mbv_system_microblaze_riscv_0_0_...]
Compiling architecture structure of entity xil_defaultlib.mbv_system_microblaze_riscv_0_0_carry_and_880 [mbv_system_microblaze_riscv_0_0_...]
Compiling architecture structure of entity xil_defaultlib.mbv_system_microblaze_riscv_0_0_MB_MUXCY_886 [mbv_system_microblaze_riscv_0_0_...]
Compiling architecture structure of entity xil_defaultlib.mbv_system_microblaze_riscv_0_0_carry_and_881 [mbv_system_microblaze_riscv_0_0_...]
Compiling architecture structure of entity xil_defaultlib.mbv_system_microblaze_riscv_0_0_MB_MUXCY_885 [mbv_system_microblaze_riscv_0_0_...]
Compiling architecture structure of entity xil_defaultlib.mbv_system_microblaze_riscv_0_0_carry_and_882 [mbv_system_microblaze_riscv_0_0_...]
Compiling architecture structure of entity xil_defaultlib.mbv_system_microblaze_riscv_0_0_MB_MUXCY_884 [mbv_system_microblaze_riscv_0_0_...]
Compiling architecture structure of entity xil_defaultlib.mbv_system_microblaze_riscv_0_0_carry_and_883 [mbv_system_microblaze_riscv_0_0_...]
Compiling architecture structure of entity xil_defaultlib.\mbv_system_microblaze_riscv_0_0_carry_compare_mask__parameterized3\ [\mbv_system_microblaze_riscv_0_0...]
Compiling architecture structure of entity xil_defaultlib.mbv_system_microblaze_riscv_0_0_MB_MUXCY_875 [mbv_system_microblaze_riscv_0_0_...]
Compiling architecture structure of entity xil_defaultlib.mbv_system_microblaze_riscv_0_0_carry_and_872 [mbv_system_microblaze_riscv_0_0_...]
Compiling architecture structure of entity xil_defaultlib.mbv_system_microblaze_riscv_0_0_MB_MUXCY_874 [mbv_system_microblaze_riscv_0_0_...]
Compiling architecture structure of entity xil_defaultlib.mbv_system_microblaze_riscv_0_0_carry_and_873 [mbv_system_microblaze_riscv_0_0_...]
Compiling architecture structure of entity xil_defaultlib.\mbv_system_microblaze_riscv_0_0_carry_compare_mask__parameterized1\ [\mbv_system_microblaze_riscv_0_0...]
Compiling architecture structure of entity xil_defaultlib.mbv_system_microblaze_riscv_0_0_MB_MUXCY_871 [mbv_system_microblaze_riscv_0_0_...]
Compiling architecture structure of entity xil_defaultlib.mbv_system_microblaze_riscv_0_0_carry_and_856 [mbv_system_microblaze_riscv_0_0_...]
Compiling architecture structure of entity xil_defaultlib.mbv_system_microblaze_riscv_0_0_MB_MUXCY_870 [mbv_system_microblaze_riscv_0_0_...]
Compiling architecture structure of entity xil_defaultlib.mbv_system_microblaze_riscv_0_0_carry_and_857 [mbv_system_microblaze_riscv_0_0_...]
Compiling architecture structure of entity xil_defaultlib.mbv_system_microblaze_riscv_0_0_MB_MUXCY_869 [mbv_system_microblaze_riscv_0_0_...]
Compiling architecture structure of entity xil_defaultlib.mbv_system_microblaze_riscv_0_0_carry_and_858 [mbv_system_microblaze_riscv_0_0_...]
Compiling architecture structure of entity xil_defaultlib.mbv_system_microblaze_riscv_0_0_MB_MUXCY_868 [mbv_system_microblaze_riscv_0_0_...]
Compiling architecture structure of entity xil_defaultlib.mbv_system_microblaze_riscv_0_0_carry_and_859 [mbv_system_microblaze_riscv_0_0_...]
Compiling architecture structure of entity xil_defaultlib.mbv_system_microblaze_riscv_0_0_MB_MUXCY_867 [mbv_system_microblaze_riscv_0_0_...]
Compiling architecture structure of entity xil_defaultlib.mbv_system_microblaze_riscv_0_0_carry_and_860 [mbv_system_microblaze_riscv_0_0_...]
Compiling architecture structure of entity xil_defaultlib.mbv_system_microblaze_riscv_0_0_MB_MUXCY_866 [mbv_system_microblaze_riscv_0_0_...]
Compiling architecture structure of entity xil_defaultlib.mbv_system_microblaze_riscv_0_0_carry_and_861 [mbv_system_microblaze_riscv_0_0_...]
Compiling architecture structure of entity xil_defaultlib.mbv_system_microblaze_riscv_0_0_MB_MUXCY_865 [mbv_system_microblaze_riscv_0_0_...]
Compiling architecture structure of entity xil_defaultlib.mbv_system_microblaze_riscv_0_0_carry_and_862 [mbv_system_microblaze_riscv_0_0_...]
Compiling architecture structure of entity xil_defaultlib.mbv_system_microblaze_riscv_0_0_MB_MUXCY_864 [mbv_system_microblaze_riscv_0_0_...]
Compiling architecture structure of entity xil_defaultlib.mbv_system_microblaze_riscv_0_0_carry_and_863 [mbv_system_microblaze_riscv_0_0_...]
Compiling architecture structure of entity xil_defaultlib.\mbv_system_microblaze_riscv_0_0_carry_compare_mask__parameterized3_805\ [\mbv_system_microblaze_riscv_0_0...]
Compiling architecture structure of entity xil_defaultlib.mbv_system_microblaze_riscv_0_0_MB_MUXCY_855 [mbv_system_microblaze_riscv_0_0_...]
Compiling architecture structure of entity xil_defaultlib.mbv_system_microblaze_riscv_0_0_carry_and_852 [mbv_system_microblaze_riscv_0_0_...]
Compiling architecture structure of entity xil_defaultlib.mbv_system_microblaze_riscv_0_0_MB_MUXCY_854 [mbv_system_microblaze_riscv_0_0_...]
Compiling architecture structure of entity xil_defaultlib.mbv_system_microblaze_riscv_0_0_carry_and_853 [mbv_system_microblaze_riscv_0_0_...]
Compiling architecture structure of entity xil_defaultlib.\mbv_system_microblaze_riscv_0_0_carry_compare__parameterized5\ [\mbv_system_microblaze_riscv_0_0...]
Compiling architecture lut6_v of entity unisim.LUT6 [\LUT6(init="01010101010101010101...]
Compiling architecture lut6_v of entity unisim.LUT6 [\LUT6(init="10111000101110001011...]
Compiling architecture lut6_v of entity unisim.LUT6 [\LUT6(init="00000000000000100000...]
Compiling architecture lut6_v of entity unisim.LUT6 [\LUT6(init="01000101010001000100...]
Compiling architecture lut6_v of entity unisim.LUT6 [\LUT6(init="00000000011101000000...]
Compiling architecture lut6_v of entity unisim.LUT6 [\LUT6(init="11100000111011111110...]
Compiling architecture lut6_v of entity unisim.LUT6 [\LUT6(init="01010101010101010101...]
Compiling architecture lut6_v of entity unisim.LUT6 [\LUT6(init="00000001000100010000...]
Compiling architecture lut6_v of entity unisim.LUT6 [\LUT6(init="11111111111111111111...]
Compiling architecture lut5_v of entity unisim.LUT5 [\LUT5(init="11111111111011111110...]
Compiling architecture lut6_v of entity unisim.LUT6 [\LUT6(init="11111111111111111111...]
Compiling architecture structure of entity xil_defaultlib.mbv_system_microblaze_riscv_0_0_MB_MUXCY_851 [mbv_system_microblaze_riscv_0_0_...]
Compiling architecture structure of entity xil_defaultlib.mbv_system_microblaze_riscv_0_0_carry_and_844 [mbv_system_microblaze_riscv_0_0_...]
Compiling architecture structure of entity xil_defaultlib.mbv_system_microblaze_riscv_0_0_MB_MUXCY_850 [mbv_system_microblaze_riscv_0_0_...]
Compiling architecture structure of entity xil_defaultlib.mbv_system_microblaze_riscv_0_0_carry_and_845 [mbv_system_microblaze_riscv_0_0_...]
Compiling architecture structure of entity xil_defaultlib.mbv_system_microblaze_riscv_0_0_MB_MUXCY_849 [mbv_system_microblaze_riscv_0_0_...]
Compiling architecture structure of entity xil_defaultlib.mbv_system_microblaze_riscv_0_0_carry_and_846 [mbv_system_microblaze_riscv_0_0_...]
Compiling architecture structure of entity xil_defaultlib.mbv_system_microblaze_riscv_0_0_MB_MUXCY_848 [mbv_system_microblaze_riscv_0_0_...]
Compiling architecture structure of entity xil_defaultlib.mbv_system_microblaze_riscv_0_0_carry_and_847 [mbv_system_microblaze_riscv_0_0_...]
Compiling architecture structure of entity xil_defaultlib.mbv_system_microblaze_riscv_0_0_carry_compare_mask_806 [mbv_system_microblaze_riscv_0_0_...]
Compiling architecture structure of entity xil_defaultlib.mbv_system_microblaze_riscv_0_0_MB_MUXCY_843 [mbv_system_microblaze_riscv_0_0_...]
Compiling architecture structure of entity xil_defaultlib.mbv_system_microblaze_riscv_0_0_carry_and_824 [mbv_system_microblaze_riscv_0_0_...]
Compiling architecture structure of entity xil_defaultlib.mbv_system_microblaze_riscv_0_0_MB_MUXCY_842 [mbv_system_microblaze_riscv_0_0_...]
Compiling architecture structure of entity xil_defaultlib.mbv_system_microblaze_riscv_0_0_carry_and_825 [mbv_system_microblaze_riscv_0_0_...]
Compiling architecture structure of entity xil_defaultlib.mbv_system_microblaze_riscv_0_0_MB_MUXCY_841 [mbv_system_microblaze_riscv_0_0_...]
Compiling architecture structure of entity xil_defaultlib.mbv_system_microblaze_riscv_0_0_carry_and_826 [mbv_system_microblaze_riscv_0_0_...]
Compiling architecture structure of entity xil_defaultlib.mbv_system_microblaze_riscv_0_0_MB_MUXCY_840 [mbv_system_microblaze_riscv_0_0_...]
Compiling architecture structure of entity xil_defaultlib.mbv_system_microblaze_riscv_0_0_carry_and_827 [mbv_system_microblaze_riscv_0_0_...]
Compiling architecture structure of entity xil_defaultlib.mbv_system_microblaze_riscv_0_0_MB_MUXCY_839 [mbv_system_microblaze_riscv_0_0_...]
Compiling architecture structure of entity xil_defaultlib.mbv_system_microblaze_riscv_0_0_carry_and_828 [mbv_system_microblaze_riscv_0_0_...]
Compiling architecture structure of entity xil_defaultlib.mbv_system_microblaze_riscv_0_0_MB_MUXCY_838 [mbv_system_microblaze_riscv_0_0_...]
Compiling architecture structure of entity xil_defaultlib.mbv_system_microblaze_riscv_0_0_carry_and_829 [mbv_system_microblaze_riscv_0_0_...]
Compiling architecture structure of entity xil_defaultlib.mbv_system_microblaze_riscv_0_0_MB_MUXCY_837 [mbv_system_microblaze_riscv_0_0_...]
Compiling architecture structure of entity xil_defaultlib.mbv_system_microblaze_riscv_0_0_carry_and_830 [mbv_system_microblaze_riscv_0_0_...]
Compiling architecture structure of entity xil_defaultlib.mbv_system_microblaze_riscv_0_0_MB_MUXCY_836 [mbv_system_microblaze_riscv_0_0_...]
Compiling architecture structure of entity xil_defaultlib.mbv_system_microblaze_riscv_0_0_carry_and_831 [mbv_system_microblaze_riscv_0_0_...]
Compiling architecture structure of entity xil_defaultlib.mbv_system_microblaze_riscv_0_0_MB_MUXCY_835 [mbv_system_microblaze_riscv_0_0_...]
Compiling architecture structure of entity xil_defaultlib.mbv_system_microblaze_riscv_0_0_carry_and_832 [mbv_system_microblaze_riscv_0_0_...]
Compiling architecture structure of entity xil_defaultlib.mbv_system_microblaze_riscv_0_0_MB_MUXCY_834 [mbv_system_microblaze_riscv_0_0_...]
Compiling architecture structure of entity xil_defaultlib.mbv_system_microblaze_riscv_0_0_carry_and_833 [mbv_system_microblaze_riscv_0_0_...]
Compiling architecture structure of entity xil_defaultlib.\mbv_system_microblaze_riscv_0_0_carry_compare_mask__parameterized5\ [\mbv_system_microblaze_riscv_0_0...]
Compiling architecture structure of entity xil_defaultlib.mbv_system_microblaze_riscv_0_0_MB_MUXCY_823 [mbv_system_microblaze_riscv_0_0_...]
Compiling architecture structure of entity xil_defaultlib.mbv_system_microblaze_riscv_0_0_carry_and_808 [mbv_system_microblaze_riscv_0_0_...]
Compiling architecture structure of entity xil_defaultlib.mbv_system_microblaze_riscv_0_0_MB_MUXCY_822 [mbv_system_microblaze_riscv_0_0_...]
Compiling architecture structure of entity xil_defaultlib.mbv_system_microblaze_riscv_0_0_carry_and_809 [mbv_system_microblaze_riscv_0_0_...]
Compiling architecture structure of entity xil_defaultlib.mbv_system_microblaze_riscv_0_0_MB_MUXCY_821 [mbv_system_microblaze_riscv_0_0_...]
Compiling architecture structure of entity xil_defaultlib.mbv_system_microblaze_riscv_0_0_carry_and_810 [mbv_system_microblaze_riscv_0_0_...]
Compiling architecture structure of entity xil_defaultlib.mbv_system_microblaze_riscv_0_0_MB_MUXCY_820 [mbv_system_microblaze_riscv_0_0_...]
Compiling architecture structure of entity xil_defaultlib.mbv_system_microblaze_riscv_0_0_carry_and_811 [mbv_system_microblaze_riscv_0_0_...]
Compiling architecture structure of entity xil_defaultlib.mbv_system_microblaze_riscv_0_0_MB_MUXCY_819 [mbv_system_microblaze_riscv_0_0_...]
Compiling architecture structure of entity xil_defaultlib.mbv_system_microblaze_riscv_0_0_carry_and_812 [mbv_system_microblaze_riscv_0_0_...]
Compiling architecture structure of entity xil_defaultlib.mbv_system_microblaze_riscv_0_0_MB_MUXCY_818 [mbv_system_microblaze_riscv_0_0_...]
Compiling architecture structure of entity xil_defaultlib.mbv_system_microblaze_riscv_0_0_carry_and_813 [mbv_system_microblaze_riscv_0_0_...]
Compiling architecture structure of entity xil_defaultlib.mbv_system_microblaze_riscv_0_0_MB_MUXCY_817 [mbv_system_microblaze_riscv_0_0_...]
Compiling architecture structure of entity xil_defaultlib.mbv_system_microblaze_riscv_0_0_carry_and_814 [mbv_system_microblaze_riscv_0_0_...]
Compiling architecture structure of entity xil_defaultlib.mbv_system_microblaze_riscv_0_0_MB_MUXCY_816 [mbv_system_microblaze_riscv_0_0_...]
Compiling architecture structure of entity xil_defaultlib.mbv_system_microblaze_riscv_0_0_carry_and_815 [mbv_system_microblaze_riscv_0_0_...]
Compiling architecture structure of entity xil_defaultlib.\mbv_system_microblaze_riscv_0_0_carry_compare_mask__parameterized3_807\ [\mbv_system_microblaze_riscv_0_0...]
Compiling architecture structure of entity xil_defaultlib.mbv_system_microblaze_riscv_0_0_microblaze_riscv_v1_0_7_MMU_UTLB [mbv_system_microblaze_riscv_0_0_...]
Compiling architecture lut5_v of entity unisim.LUT5 [\LUT5(init="00000000000011110000...]
Compiling architecture lut6_v of entity unisim.LUT6 [\LUT6(init="00000000000000000000...]
Compiling architecture lut6_v of entity unisim.LUT6 [\LUT6(init="11111111111111111111...]
Compiling architecture structure of entity xil_defaultlib.mbv_system_microblaze_riscv_0_0_microblaze_riscv_v1_0_7_MMU [mbv_system_microblaze_riscv_0_0_...]
Compiling architecture lut4_v of entity unisim.LUT4 [\LUT4(init="0001000100011111")(0...]
Compiling architecture lut6_v of entity unisim.LUT6 [\LUT6(init="11000000110000001100...]
Compiling architecture structure of entity xil_defaultlib.mbv_system_microblaze_riscv_0_0_microblaze_riscv_v1_0_7_DAXI_interface [mbv_system_microblaze_riscv_0_0_...]
Compiling architecture lut5_v of entity unisim.LUT5 [\LUT5(init="00000000000000001111...]
Compiling architecture lut6_v of entity unisim.LUT6 [\LUT6(init="11111111111111111111...]
Compiling architecture lut5_v of entity unisim.LUT5 [\LUT5(init="10101011101010101010...]
Compiling architecture lut6_v of entity unisim.LUT6 [\LUT6(init="10001000100010001000...]
Compiling architecture lut6_v of entity unisim.LUT6 [\LUT6(init="10111000101110111000...]
Compiling architecture lut6_v of entity unisim.LUT6 [\LUT6(init="00000000001100110011...]
Compiling architecture lut6_v of entity unisim.LUT6 [\LUT6(init="00000000000011110000...]
Compiling architecture lut6_v of entity unisim.LUT6 [\LUT6(init="11101110111000100010...]
Compiling architecture lut4_v of entity unisim.LUT4 [\LUT4(init="0011001000000000")(0...]
Compiling architecture lut4_v of entity unisim.LUT4 [\LUT4(init="1111011000000000")(0...]
Compiling architecture lut6_v of entity unisim.LUT6 [\LUT6(init="11111111111111111111...]
Compiling architecture lut4_v of entity unisim.LUT4 [\LUT4(init="0000100100000000")(0...]
Compiling architecture lut6_v of entity unisim.LUT6 [\LUT6(init="11101111111011101110...]
Compiling architecture lut6_v of entity unisim.LUT6 [\LUT6(init="00000010001000100000...]
Compiling architecture lut6_v of entity unisim.LUT6 [\LUT6(init="11111111111111111111...]
Compiling architecture lut6_v of entity unisim.LUT6 [\LUT6(init="00000000000000000000...]
Compiling architecture lut6_v of entity unisim.LUT6 [\LUT6(init="10101010101010101010...]
Compiling architecture lut6_v of entity unisim.LUT6 [\LUT6(init="00001101000011010000...]
Compiling architecture lut6_v of entity unisim.LUT6 [\LUT6(init="11111111111111111111...]
Compiling architecture lut6_v of entity unisim.LUT6 [\LUT6(init="00000000000000000000...]
Compiling architecture lut6_v of entity unisim.LUT6 [\LUT6(init="11111111111111111111...]
Compiling architecture lut6_v of entity unisim.LUT6 [\LUT6(init="00000000000000000000...]
Compiling architecture lut6_v of entity unisim.LUT6 [\LUT6(init="00000000000000000000...]
Compiling architecture lut6_v of entity unisim.LUT6 [\LUT6(init="11111111111111111111...]
Compiling architecture lut6_v of entity unisim.LUT6 [\LUT6(init="00100000001000000010...]
Compiling architecture lut6_v of entity unisim.LUT6 [\LUT6(init="00000000000000000000...]
Compiling architecture lut5_v of entity unisim.LUT5 [\LUT5(init="10101100111111001010...]
Compiling architecture lut6_v of entity unisim.LUT6 [\LUT6(init="00000000000000000000...]
Compiling architecture lut6_v of entity unisim.LUT6 [\LUT6(init="11111111111111111111...]
Compiling architecture lut6_v of entity unisim.LUT6 [\LUT6(init="11111111111111111111...]
Compiling architecture lut6_v of entity unisim.LUT6 [\LUT6(init="00000000000000000000...]
Compiling architecture lut6_v of entity unisim.LUT6 [\LUT6(init="00000000000000000000...]
Compiling architecture lut6_v of entity unisim.LUT6 [\LUT6(init="00000000000000000000...]
Compiling architecture lut5_v of entity unisim.LUT5 [\LUT5(init="01111111011111110111...]
Compiling architecture structure of entity xil_defaultlib.\mbv_system_microblaze_riscv_0_0_xil_scan_reset_control__7\ [\mbv_system_microblaze_riscv_0_0...]
Compiling architecture lut6_v of entity unisim.LUT6 [\LUT6(init="11111111111111111111...]
Compiling architecture lut6_v of entity unisim.LUT6 [\LUT6(init="11111111111111111111...]
Compiling architecture lut6_v of entity unisim.LUT6 [\LUT6(init="11111111111111111111...]
Compiling architecture lut6_v of entity unisim.LUT6 [\LUT6(init="11101010101010101010...]
Compiling architecture structure of entity xil_defaultlib.\mbv_system_microblaze_riscv_0_0_xil_scan_reset_control__5\ [\mbv_system_microblaze_riscv_0_0...]
Compiling architecture lut6_v of entity unisim.LUT6 [\LUT6(init="00000000000000000000...]
Compiling architecture lut5_v of entity unisim.LUT5 [\LUT5(init="01110111111100000000...]
Compiling architecture lut4_v of entity unisim.LUT4 [\LUT4(init="1000111100000000")(0...]
Compiling architecture structure of entity xil_defaultlib.\mbv_system_microblaze_riscv_0_0_xil_scan_reset_control__8\ [\mbv_system_microblaze_riscv_0_0...]
Compiling architecture structure of entity xil_defaultlib.\mbv_system_microblaze_riscv_0_0_xil_scan_reset_control__3\ [\mbv_system_microblaze_riscv_0_0...]
Compiling architecture lut6_v of entity unisim.LUT6 [\LUT6(init="00000000000000000000...]
Compiling architecture lut6_v of entity unisim.LUT6 [\LUT6(init="00000000000000000000...]
Compiling architecture lut6_v of entity unisim.LUT6 [\LUT6(init="11111111111111111111...]
Compiling architecture lut6_v of entity unisim.LUT6 [\LUT6(init="11101110111011101110...]
Compiling architecture structure of entity xil_defaultlib.\mbv_system_microblaze_riscv_0_0_xil_scan_reset_control__10\ [\mbv_system_microblaze_riscv_0_0...]
Compiling architecture structure of entity xil_defaultlib.\mbv_system_microblaze_riscv_0_0_xil_scan_reset_control__9\ [\mbv_system_microblaze_riscv_0_0...]
Compiling architecture lut4_v of entity unisim.LUT4 [\LUT4(init="0011111100100000")(0...]
Compiling architecture lut4_v of entity unisim.LUT4 [\LUT4(init="1111110001010000")(0...]
Compiling architecture structure of entity xil_defaultlib.\mbv_system_microblaze_riscv_0_0_mb_sync_bit__parameterized1_787\ [\mbv_system_microblaze_riscv_0_0...]
Compiling architecture structure of entity xil_defaultlib.\mbv_system_microblaze_riscv_0_0_xil_scan_reset_control__6\ [\mbv_system_microblaze_riscv_0_0...]
Compiling architecture fdpe_v of entity unisim.FDPE [fdpe_default]
Compiling architecture structure of entity xil_defaultlib.mbv_system_microblaze_riscv_0_0_xil_scan_reset_control [mbv_system_microblaze_riscv_0_0_...]
Compiling architecture lut4_v of entity unisim.LUT4 [\LUT4(init="0110101000000000")(0...]
Compiling architecture lut5_v of entity unisim.LUT5 [\LUT5(init="01101010101010100000...]
Compiling architecture lut6_v of entity unisim.LUT6 [\LUT6(init="01101010101010101010...]
Compiling architecture lut6_v of entity unisim.LUT6 [\LUT6(init="00000000000000001111...]
Compiling architecture structure of entity xil_defaultlib.\mbv_system_microblaze_riscv_0_0_xil_scan_reset_control__4\ [\mbv_system_microblaze_riscv_0_0...]
Compiling architecture structure of entity xil_defaultlib.\mbv_system_microblaze_riscv_0_0_mb_sync_bit__parameterized5\ [\mbv_system_microblaze_riscv_0_0...]
Compiling architecture structure of entity xil_defaultlib.\mbv_system_microblaze_riscv_0_0_mb_sync_bit__parameterized1_791\ [\mbv_system_microblaze_riscv_0_0...]
Compiling architecture structure of entity xil_defaultlib.\mbv_system_microblaze_riscv_0_0_mb_sync_bit__parameterized1_792\ [\mbv_system_microblaze_riscv_0_0...]
Compiling architecture structure of entity xil_defaultlib.\mbv_system_microblaze_riscv_0_0_mb_sync_bit__parameterized1_793\ [\mbv_system_microblaze_riscv_0_0...]
Compiling architecture structure of entity xil_defaultlib.\mbv_system_microblaze_riscv_0_0_mb_sync_bit__parameterized1_794\ [\mbv_system_microblaze_riscv_0_0...]
Compiling architecture structure of entity xil_defaultlib.\mbv_system_microblaze_riscv_0_0_mb_sync_bit__parameterized1_795\ [\mbv_system_microblaze_riscv_0_0...]
Compiling architecture structure of entity xil_defaultlib.\mbv_system_microblaze_riscv_0_0_mb_sync_bit__parameterized1_796\ [\mbv_system_microblaze_riscv_0_0...]
Compiling architecture structure of entity xil_defaultlib.\mbv_system_microblaze_riscv_0_0_mb_sync_bit__parameterized1_797\ [\mbv_system_microblaze_riscv_0_0...]
Compiling architecture lut5_v of entity unisim.LUT5 [\LUT5(init="00100010111100100000...]
Compiling architecture structure of entity xil_defaultlib.\mbv_system_microblaze_riscv_0_0_mb_sync_bit__parameterized1_798\ [\mbv_system_microblaze_riscv_0_0...]
Compiling architecture structure of entity xil_defaultlib.\mbv_system_microblaze_riscv_0_0_mb_sync_bit__parameterized1_799\ [\mbv_system_microblaze_riscv_0_0...]
Compiling architecture structure of entity xil_defaultlib.\mbv_system_microblaze_riscv_0_0_mb_sync_bit__parameterized1_800\ [\mbv_system_microblaze_riscv_0_0...]
Compiling architecture structure of entity xil_defaultlib.\mbv_system_microblaze_riscv_0_0_mb_sync_bit__parameterized1_801\ [\mbv_system_microblaze_riscv_0_0...]
Compiling architecture lut4_v of entity unisim.LUT4 [\LUT4(init="0000000010110010")(0...]
Compiling architecture lut5_v of entity unisim.LUT5 [\LUT5(init="00000000000000001110...]
Compiling architecture lut6_v of entity unisim.LUT6 [\LUT6(init="10001000111110001000...]
Compiling architecture structure of entity xil_defaultlib.\mbv_system_microblaze_riscv_0_0_mb_sync_bit__parameterized1_802\ [\mbv_system_microblaze_riscv_0_0...]
Compiling architecture structure of entity xil_defaultlib.mbv_system_microblaze_riscv_0_0_mb_sync_vec [mbv_system_microblaze_riscv_0_0_...]
Compiling architecture lut5_v of entity unisim.LUT5 [\LUT5(init="00000100111111110000...]
Compiling architecture structure of entity xil_defaultlib.\mbv_system_microblaze_riscv_0_0_mb_sync_bit__parameterized5_788\ [\mbv_system_microblaze_riscv_0_0...]
Compiling architecture lut6_v of entity unisim.LUT6 [\LUT6(init="11111111111111111111...]
Compiling architecture structure of entity xil_defaultlib.\mbv_system_microblaze_riscv_0_0_mb_sync_bit__parameterized5_789\ [\mbv_system_microblaze_riscv_0_0...]
Compiling architecture lut6_v of entity unisim.LUT6 [\LUT6(init="00110011110001010011...]
Compiling architecture lut6_v of entity unisim.LUT6 [\LUT6(init="01100110101000100110...]
Compiling architecture lut3_v of entity unisim.LUT3 [\LUT3(init="11011000")(0,7)\]
Compiling architecture lut4_v of entity unisim.LUT4 [\LUT4(init="1011101110110000")(0...]
Compiling architecture lut6_v of entity unisim.LUT6 [\LUT6(init="10100000101000001010...]
Compiling architecture lut5_v of entity unisim.LUT5 [\LUT5(init="00000000000000000000...]
Compiling architecture lut6_v of entity unisim.LUT6 [\LUT6(init="00000000111111101111...]
Compiling architecture lut6_v of entity unisim.LUT6 [\LUT6(init="11111111101110001111...]
Compiling architecture lut4_v of entity unisim.LUT4 [\LUT4(init="1000100010001010")(0...]
Compiling architecture lut6_v of entity unisim.LUT6 [\LUT6(init="10111011101110111000...]
Compiling architecture lut5_v of entity unisim.LUT5 [\LUT5(init="00000000000000000000...]
Compiling architecture lut5_v of entity unisim.LUT5 [\LUT5(init="10111000101110110000...]
Compiling architecture lut6_v of entity unisim.LUT6 [\LUT6(init="11111000101010101111...]
Compiling architecture lut6_v of entity unisim.LUT6 [\LUT6(init="11001000101010101100...]
Compiling architecture lut5_v of entity unisim.LUT5 [\LUT5(init="10111011101110101011...]
Compiling architecture lut5_v of entity unisim.LUT5 [\LUT5(init="00000000000000000000...]
Compiling architecture lut6_v of entity unisim.LUT6 [\LUT6(init="00000000000000000000...]
Compiling architecture structure of entity xil_defaultlib.\mbv_system_microblaze_riscv_0_0_mb_sync_bit__parameterized3\ [\mbv_system_microblaze_riscv_0_0...]
Compiling architecture structure of entity xil_defaultlib.\mbv_system_microblaze_riscv_0_0_mb_sync_bit__parameterized3_790\ [\mbv_system_microblaze_riscv_0_0...]
Compiling architecture structure of entity xil_defaultlib.mbv_system_microblaze_riscv_0_0_riscv_debug [mbv_system_microblaze_riscv_0_0_...]
Compiling architecture lut6_v of entity unisim.LUT6 [\LUT6(init="01010111010101110101...]
Compiling architecture lut6_v of entity unisim.LUT6 [\LUT6(init="10101010111100001010...]
Compiling architecture lut5_v of entity unisim.LUT5 [\LUT5(init="10101000100010000000...]
Compiling architecture lut6_v of entity unisim.LUT6 [\LUT6(init="00110011010111110101...]
Compiling architecture lut6_v of entity unisim.LUT6 [\LUT6(init="10101000101010001010...]
Compiling architecture structure of entity xil_defaultlib.mbv_system_microblaze_riscv_0_0_MB_MUXCY_786 [mbv_system_microblaze_riscv_0_0_...]
Compiling architecture structure of entity xil_defaultlib.mbv_system_microblaze_riscv_0_0_carry_and_765 [mbv_system_microblaze_riscv_0_0_...]
Compiling architecture structure of entity xil_defaultlib.mbv_system_microblaze_riscv_0_0_MB_MUXCY_785 [mbv_system_microblaze_riscv_0_0_...]
Compiling architecture structure of entity xil_defaultlib.mbv_system_microblaze_riscv_0_0_carry_and_766 [mbv_system_microblaze_riscv_0_0_...]
Compiling architecture structure of entity xil_defaultlib.mbv_system_microblaze_riscv_0_0_MB_MUXCY_784 [mbv_system_microblaze_riscv_0_0_...]
Compiling architecture structure of entity xil_defaultlib.mbv_system_microblaze_riscv_0_0_carry_and_767 [mbv_system_microblaze_riscv_0_0_...]
Compiling architecture structure of entity xil_defaultlib.mbv_system_microblaze_riscv_0_0_MB_MUXCY_783 [mbv_system_microblaze_riscv_0_0_...]
Compiling architecture structure of entity xil_defaultlib.mbv_system_microblaze_riscv_0_0_carry_and_768 [mbv_system_microblaze_riscv_0_0_...]
Compiling architecture structure of entity xil_defaultlib.mbv_system_microblaze_riscv_0_0_MB_MUXCY_782 [mbv_system_microblaze_riscv_0_0_...]
Compiling architecture structure of entity xil_defaultlib.mbv_system_microblaze_riscv_0_0_carry_and_769 [mbv_system_microblaze_riscv_0_0_...]
Compiling architecture structure of entity xil_defaultlib.mbv_system_microblaze_riscv_0_0_MB_MUXCY_781 [mbv_system_microblaze_riscv_0_0_...]
Compiling architecture structure of entity xil_defaultlib.mbv_system_microblaze_riscv_0_0_carry_and_770 [mbv_system_microblaze_riscv_0_0_...]
Compiling architecture structure of entity xil_defaultlib.mbv_system_microblaze_riscv_0_0_MB_MUXCY_780 [mbv_system_microblaze_riscv_0_0_...]
Compiling architecture structure of entity xil_defaultlib.mbv_system_microblaze_riscv_0_0_carry_and_771 [mbv_system_microblaze_riscv_0_0_...]
Compiling architecture structure of entity xil_defaultlib.mbv_system_microblaze_riscv_0_0_MB_MUXCY_779 [mbv_system_microblaze_riscv_0_0_...]
Compiling architecture structure of entity xil_defaultlib.mbv_system_microblaze_riscv_0_0_carry_and_772 [mbv_system_microblaze_riscv_0_0_...]
Compiling architecture structure of entity xil_defaultlib.mbv_system_microblaze_riscv_0_0_MB_MUXCY_778 [mbv_system_microblaze_riscv_0_0_...]
Compiling architecture structure of entity xil_defaultlib.mbv_system_microblaze_riscv_0_0_carry_and_773 [mbv_system_microblaze_riscv_0_0_...]
Compiling architecture structure of entity xil_defaultlib.mbv_system_microblaze_riscv_0_0_MB_MUXCY_777 [mbv_system_microblaze_riscv_0_0_...]
Compiling architecture structure of entity xil_defaultlib.mbv_system_microblaze_riscv_0_0_carry_and_774 [mbv_system_microblaze_riscv_0_0_...]
Compiling architecture structure of entity xil_defaultlib.mbv_system_microblaze_riscv_0_0_MB_MUXCY_776 [mbv_system_microblaze_riscv_0_0_...]
Compiling architecture structure of entity xil_defaultlib.mbv_system_microblaze_riscv_0_0_carry_and_775 [mbv_system_microblaze_riscv_0_0_...]
Compiling architecture structure of entity xil_defaultlib.\mbv_system_microblaze_riscv_0_0_carry_compare__parameterized2\ [\mbv_system_microblaze_riscv_0_0...]
Compiling architecture structure of entity xil_defaultlib.mbv_system_microblaze_riscv_0_0_MB_MUXCY_764 [mbv_system_microblaze_riscv_0_0_...]
Compiling architecture structure of entity xil_defaultlib.mbv_system_microblaze_riscv_0_0_carry_and_743 [mbv_system_microblaze_riscv_0_0_...]
Compiling architecture structure of entity xil_defaultlib.mbv_system_microblaze_riscv_0_0_MB_MUXCY_763 [mbv_system_microblaze_riscv_0_0_...]
Compiling architecture structure of entity xil_defaultlib.mbv_system_microblaze_riscv_0_0_carry_and_744 [mbv_system_microblaze_riscv_0_0_...]
Compiling architecture structure of entity xil_defaultlib.mbv_system_microblaze_riscv_0_0_MB_MUXCY_762 [mbv_system_microblaze_riscv_0_0_...]
Compiling architecture structure of entity xil_defaultlib.mbv_system_microblaze_riscv_0_0_carry_and_745 [mbv_system_microblaze_riscv_0_0_...]
Compiling architecture structure of entity xil_defaultlib.mbv_system_microblaze_riscv_0_0_MB_MUXCY_761 [mbv_system_microblaze_riscv_0_0_...]
Compiling architecture structure of entity xil_defaultlib.mbv_system_microblaze_riscv_0_0_carry_and_746 [mbv_system_microblaze_riscv_0_0_...]
Compiling architecture structure of entity xil_defaultlib.mbv_system_microblaze_riscv_0_0_MB_MUXCY_760 [mbv_system_microblaze_riscv_0_0_...]
Compiling architecture structure of entity xil_defaultlib.mbv_system_microblaze_riscv_0_0_carry_and_747 [mbv_system_microblaze_riscv_0_0_...]
Compiling architecture structure of entity xil_defaultlib.mbv_system_microblaze_riscv_0_0_MB_MUXCY_759 [mbv_system_microblaze_riscv_0_0_...]
Compiling architecture structure of entity xil_defaultlib.mbv_system_microblaze_riscv_0_0_carry_and_748 [mbv_system_microblaze_riscv_0_0_...]
Compiling architecture structure of entity xil_defaultlib.mbv_system_microblaze_riscv_0_0_MB_MUXCY_758 [mbv_system_microblaze_riscv_0_0_...]
Compiling architecture structure of entity xil_defaultlib.mbv_system_microblaze_riscv_0_0_carry_and_749 [mbv_system_microblaze_riscv_0_0_...]
Compiling architecture structure of entity xil_defaultlib.mbv_system_microblaze_riscv_0_0_MB_MUXCY_757 [mbv_system_microblaze_riscv_0_0_...]
Compiling architecture structure of entity xil_defaultlib.mbv_system_microblaze_riscv_0_0_carry_and_750 [mbv_system_microblaze_riscv_0_0_...]
Compiling architecture structure of entity xil_defaultlib.mbv_system_microblaze_riscv_0_0_MB_MUXCY_756 [mbv_system_microblaze_riscv_0_0_...]
Compiling architecture structure of entity xil_defaultlib.mbv_system_microblaze_riscv_0_0_carry_and_751 [mbv_system_microblaze_riscv_0_0_...]
Compiling architecture structure of entity xil_defaultlib.mbv_system_microblaze_riscv_0_0_MB_MUXCY_755 [mbv_system_microblaze_riscv_0_0_...]
Compiling architecture structure of entity xil_defaultlib.mbv_system_microblaze_riscv_0_0_carry_and_752 [mbv_system_microblaze_riscv_0_0_...]
Compiling architecture structure of entity xil_defaultlib.mbv_system_microblaze_riscv_0_0_MB_MUXCY_754 [mbv_system_microblaze_riscv_0_0_...]
Compiling architecture structure of entity xil_defaultlib.mbv_system_microblaze_riscv_0_0_carry_and_753 [mbv_system_microblaze_riscv_0_0_...]
Compiling architecture structure of entity xil_defaultlib.\mbv_system_microblaze_riscv_0_0_carry_compare__parameterized2_237\ [\mbv_system_microblaze_riscv_0_0...]
Compiling architecture lut6_v of entity unisim.LUT6 [\LUT6(init="11111111111111111111...]
Compiling architecture structure of entity xil_defaultlib.mbv_system_microblaze_riscv_0_0_MB_MUXCY_742 [mbv_system_microblaze_riscv_0_0_...]
Compiling architecture structure of entity xil_defaultlib.mbv_system_microblaze_riscv_0_0_carry_and_721 [mbv_system_microblaze_riscv_0_0_...]
Compiling architecture structure of entity xil_defaultlib.mbv_system_microblaze_riscv_0_0_MB_MUXCY_741 [mbv_system_microblaze_riscv_0_0_...]
Compiling architecture structure of entity xil_defaultlib.mbv_system_microblaze_riscv_0_0_carry_and_722 [mbv_system_microblaze_riscv_0_0_...]
Compiling architecture structure of entity xil_defaultlib.mbv_system_microblaze_riscv_0_0_MB_MUXCY_740 [mbv_system_microblaze_riscv_0_0_...]
Compiling architecture structure of entity xil_defaultlib.mbv_system_microblaze_riscv_0_0_carry_and_723 [mbv_system_microblaze_riscv_0_0_...]
Compiling architecture structure of entity xil_defaultlib.mbv_system_microblaze_riscv_0_0_MB_MUXCY_739 [mbv_system_microblaze_riscv_0_0_...]
Compiling architecture structure of entity xil_defaultlib.mbv_system_microblaze_riscv_0_0_carry_and_724 [mbv_system_microblaze_riscv_0_0_...]
Compiling architecture structure of entity xil_defaultlib.mbv_system_microblaze_riscv_0_0_MB_MUXCY_738 [mbv_system_microblaze_riscv_0_0_...]
Compiling architecture structure of entity xil_defaultlib.mbv_system_microblaze_riscv_0_0_carry_and_725 [mbv_system_microblaze_riscv_0_0_...]
Compiling architecture structure of entity xil_defaultlib.mbv_system_microblaze_riscv_0_0_MB_MUXCY_737 [mbv_system_microblaze_riscv_0_0_...]
Compiling architecture structure of entity xil_defaultlib.mbv_system_microblaze_riscv_0_0_carry_and_726 [mbv_system_microblaze_riscv_0_0_...]
Compiling architecture structure of entity xil_defaultlib.mbv_system_microblaze_riscv_0_0_MB_MUXCY_736 [mbv_system_microblaze_riscv_0_0_...]
Compiling architecture structure of entity xil_defaultlib.mbv_system_microblaze_riscv_0_0_carry_and_727 [mbv_system_microblaze_riscv_0_0_...]
Compiling architecture structure of entity xil_defaultlib.mbv_system_microblaze_riscv_0_0_MB_MUXCY_735 [mbv_system_microblaze_riscv_0_0_...]
Compiling architecture structure of entity xil_defaultlib.mbv_system_microblaze_riscv_0_0_carry_and_728 [mbv_system_microblaze_riscv_0_0_...]
Compiling architecture structure of entity xil_defaultlib.mbv_system_microblaze_riscv_0_0_MB_MUXCY_734 [mbv_system_microblaze_riscv_0_0_...]
Compiling architecture structure of entity xil_defaultlib.mbv_system_microblaze_riscv_0_0_carry_and_729 [mbv_system_microblaze_riscv_0_0_...]
Compiling architecture structure of entity xil_defaultlib.mbv_system_microblaze_riscv_0_0_MB_MUXCY_733 [mbv_system_microblaze_riscv_0_0_...]
Compiling architecture structure of entity xil_defaultlib.mbv_system_microblaze_riscv_0_0_carry_and_730 [mbv_system_microblaze_riscv_0_0_...]
Compiling architecture structure of entity xil_defaultlib.mbv_system_microblaze_riscv_0_0_MB_MUXCY_732 [mbv_system_microblaze_riscv_0_0_...]
Compiling architecture structure of entity xil_defaultlib.mbv_system_microblaze_riscv_0_0_carry_and_731 [mbv_system_microblaze_riscv_0_0_...]
Compiling architecture structure of entity xil_defaultlib.\mbv_system_microblaze_riscv_0_0_carry_compare__parameterized2_238\ [\mbv_system_microblaze_riscv_0_0...]
Compiling architecture lut5_v of entity unisim.LUT5 [\LUT5(init="11111000100010000000...]
Compiling architecture structure of entity xil_defaultlib.mbv_system_microblaze_riscv_0_0_MB_MUXCY_720 [mbv_system_microblaze_riscv_0_0_...]
Compiling architecture structure of entity xil_defaultlib.mbv_system_microblaze_riscv_0_0_carry_and_699 [mbv_system_microblaze_riscv_0_0_...]
Compiling architecture structure of entity xil_defaultlib.mbv_system_microblaze_riscv_0_0_MB_MUXCY_719 [mbv_system_microblaze_riscv_0_0_...]
Compiling architecture structure of entity xil_defaultlib.mbv_system_microblaze_riscv_0_0_carry_and_700 [mbv_system_microblaze_riscv_0_0_...]
Compiling architecture structure of entity xil_defaultlib.mbv_system_microblaze_riscv_0_0_MB_MUXCY_718 [mbv_system_microblaze_riscv_0_0_...]
Compiling architecture structure of entity xil_defaultlib.mbv_system_microblaze_riscv_0_0_carry_and_701 [mbv_system_microblaze_riscv_0_0_...]
Compiling architecture structure of entity xil_defaultlib.mbv_system_microblaze_riscv_0_0_MB_MUXCY_717 [mbv_system_microblaze_riscv_0_0_...]
Compiling architecture structure of entity xil_defaultlib.mbv_system_microblaze_riscv_0_0_carry_and_702 [mbv_system_microblaze_riscv_0_0_...]
Compiling architecture structure of entity xil_defaultlib.mbv_system_microblaze_riscv_0_0_MB_MUXCY_716 [mbv_system_microblaze_riscv_0_0_...]
Compiling architecture structure of entity xil_defaultlib.mbv_system_microblaze_riscv_0_0_carry_and_703 [mbv_system_microblaze_riscv_0_0_...]
Compiling architecture structure of entity xil_defaultlib.mbv_system_microblaze_riscv_0_0_MB_MUXCY_715 [mbv_system_microblaze_riscv_0_0_...]
Compiling architecture structure of entity xil_defaultlib.mbv_system_microblaze_riscv_0_0_carry_and_704 [mbv_system_microblaze_riscv_0_0_...]
Compiling architecture structure of entity xil_defaultlib.mbv_system_microblaze_riscv_0_0_MB_MUXCY_714 [mbv_system_microblaze_riscv_0_0_...]
Compiling architecture structure of entity xil_defaultlib.mbv_system_microblaze_riscv_0_0_carry_and_705 [mbv_system_microblaze_riscv_0_0_...]
Compiling architecture structure of entity xil_defaultlib.mbv_system_microblaze_riscv_0_0_MB_MUXCY_713 [mbv_system_microblaze_riscv_0_0_...]
Compiling architecture structure of entity xil_defaultlib.mbv_system_microblaze_riscv_0_0_carry_and_706 [mbv_system_microblaze_riscv_0_0_...]
Compiling architecture structure of entity xil_defaultlib.mbv_system_microblaze_riscv_0_0_MB_MUXCY_712 [mbv_system_microblaze_riscv_0_0_...]
Compiling architecture structure of entity xil_defaultlib.mbv_system_microblaze_riscv_0_0_carry_and_707 [mbv_system_microblaze_riscv_0_0_...]
Compiling architecture structure of entity xil_defaultlib.mbv_system_microblaze_riscv_0_0_MB_MUXCY_711 [mbv_system_microblaze_riscv_0_0_...]
Compiling architecture structure of entity xil_defaultlib.mbv_system_microblaze_riscv_0_0_carry_and_708 [mbv_system_microblaze_riscv_0_0_...]
Compiling architecture structure of entity xil_defaultlib.mbv_system_microblaze_riscv_0_0_MB_MUXCY_710 [mbv_system_microblaze_riscv_0_0_...]
Compiling architecture structure of entity xil_defaultlib.mbv_system_microblaze_riscv_0_0_carry_and_709 [mbv_system_microblaze_riscv_0_0_...]
Compiling architecture structure of entity xil_defaultlib.\mbv_system_microblaze_riscv_0_0_carry_compare__parameterized2_239\ [\mbv_system_microblaze_riscv_0_0...]
Compiling architecture structure of entity xil_defaultlib.mbv_system_microblaze_riscv_0_0_MB_MUXCY_698 [mbv_system_microblaze_riscv_0_0_...]
Compiling architecture structure of entity xil_defaultlib.mbv_system_microblaze_riscv_0_0_carry_and_677 [mbv_system_microblaze_riscv_0_0_...]
Compiling architecture structure of entity xil_defaultlib.mbv_system_microblaze_riscv_0_0_MB_MUXCY_697 [mbv_system_microblaze_riscv_0_0_...]
Compiling architecture structure of entity xil_defaultlib.mbv_system_microblaze_riscv_0_0_carry_and_678 [mbv_system_microblaze_riscv_0_0_...]
Compiling architecture structure of entity xil_defaultlib.mbv_system_microblaze_riscv_0_0_MB_MUXCY_696 [mbv_system_microblaze_riscv_0_0_...]
Compiling architecture structure of entity xil_defaultlib.mbv_system_microblaze_riscv_0_0_carry_and_679 [mbv_system_microblaze_riscv_0_0_...]
Compiling architecture structure of entity xil_defaultlib.mbv_system_microblaze_riscv_0_0_MB_MUXCY_695 [mbv_system_microblaze_riscv_0_0_...]
Compiling architecture structure of entity xil_defaultlib.mbv_system_microblaze_riscv_0_0_carry_and_680 [mbv_system_microblaze_riscv_0_0_...]
Compiling architecture structure of entity xil_defaultlib.mbv_system_microblaze_riscv_0_0_MB_MUXCY_694 [mbv_system_microblaze_riscv_0_0_...]
Compiling architecture structure of entity xil_defaultlib.mbv_system_microblaze_riscv_0_0_carry_and_681 [mbv_system_microblaze_riscv_0_0_...]
Compiling architecture structure of entity xil_defaultlib.mbv_system_microblaze_riscv_0_0_MB_MUXCY_693 [mbv_system_microblaze_riscv_0_0_...]
Compiling architecture structure of entity xil_defaultlib.mbv_system_microblaze_riscv_0_0_carry_and_682 [mbv_system_microblaze_riscv_0_0_...]
Compiling architecture structure of entity xil_defaultlib.mbv_system_microblaze_riscv_0_0_MB_MUXCY_692 [mbv_system_microblaze_riscv_0_0_...]
Compiling architecture structure of entity xil_defaultlib.mbv_system_microblaze_riscv_0_0_carry_and_683 [mbv_system_microblaze_riscv_0_0_...]
Compiling architecture structure of entity xil_defaultlib.mbv_system_microblaze_riscv_0_0_MB_MUXCY_691 [mbv_system_microblaze_riscv_0_0_...]
Compiling architecture structure of entity xil_defaultlib.mbv_system_microblaze_riscv_0_0_carry_and_684 [mbv_system_microblaze_riscv_0_0_...]
Compiling architecture structure of entity xil_defaultlib.mbv_system_microblaze_riscv_0_0_MB_MUXCY_690 [mbv_system_microblaze_riscv_0_0_...]
Compiling architecture structure of entity xil_defaultlib.mbv_system_microblaze_riscv_0_0_carry_and_685 [mbv_system_microblaze_riscv_0_0_...]
Compiling architecture structure of entity xil_defaultlib.mbv_system_microblaze_riscv_0_0_MB_MUXCY_689 [mbv_system_microblaze_riscv_0_0_...]
Compiling architecture structure of entity xil_defaultlib.mbv_system_microblaze_riscv_0_0_carry_and_686 [mbv_system_microblaze_riscv_0_0_...]
Compiling architecture structure of entity xil_defaultlib.mbv_system_microblaze_riscv_0_0_MB_MUXCY_688 [mbv_system_microblaze_riscv_0_0_...]
Compiling architecture structure of entity xil_defaultlib.mbv_system_microblaze_riscv_0_0_carry_and_687 [mbv_system_microblaze_riscv_0_0_...]
Compiling architecture structure of entity xil_defaultlib.\mbv_system_microblaze_riscv_0_0_carry_compare__parameterized2_240\ [\mbv_system_microblaze_riscv_0_0...]
Compiling architecture structure of entity xil_defaultlib.mbv_system_microblaze_riscv_0_0_MB_MUXCY_676 [mbv_system_microblaze_riscv_0_0_...]
Compiling architecture structure of entity xil_defaultlib.mbv_system_microblaze_riscv_0_0_carry_and_655 [mbv_system_microblaze_riscv_0_0_...]
Compiling architecture structure of entity xil_defaultlib.mbv_system_microblaze_riscv_0_0_MB_MUXCY_675 [mbv_system_microblaze_riscv_0_0_...]
Compiling architecture structure of entity xil_defaultlib.mbv_system_microblaze_riscv_0_0_carry_and_656 [mbv_system_microblaze_riscv_0_0_...]
Compiling architecture structure of entity xil_defaultlib.mbv_system_microblaze_riscv_0_0_MB_MUXCY_674 [mbv_system_microblaze_riscv_0_0_...]
Compiling architecture structure of entity xil_defaultlib.mbv_system_microblaze_riscv_0_0_carry_and_657 [mbv_system_microblaze_riscv_0_0_...]
Compiling architecture structure of entity xil_defaultlib.mbv_system_microblaze_riscv_0_0_MB_MUXCY_673 [mbv_system_microblaze_riscv_0_0_...]
Compiling architecture structure of entity xil_defaultlib.mbv_system_microblaze_riscv_0_0_carry_and_658 [mbv_system_microblaze_riscv_0_0_...]
Compiling architecture structure of entity xil_defaultlib.mbv_system_microblaze_riscv_0_0_MB_MUXCY_672 [mbv_system_microblaze_riscv_0_0_...]
Compiling architecture structure of entity xil_defaultlib.mbv_system_microblaze_riscv_0_0_carry_and_659 [mbv_system_microblaze_riscv_0_0_...]
Compiling architecture structure of entity xil_defaultlib.mbv_system_microblaze_riscv_0_0_MB_MUXCY_671 [mbv_system_microblaze_riscv_0_0_...]
Compiling architecture structure of entity xil_defaultlib.mbv_system_microblaze_riscv_0_0_carry_and_660 [mbv_system_microblaze_riscv_0_0_...]
Compiling architecture structure of entity xil_defaultlib.mbv_system_microblaze_riscv_0_0_MB_MUXCY_670 [mbv_system_microblaze_riscv_0_0_...]
Compiling architecture structure of entity xil_defaultlib.mbv_system_microblaze_riscv_0_0_carry_and_661 [mbv_system_microblaze_riscv_0_0_...]
Compiling architecture structure of entity xil_defaultlib.mbv_system_microblaze_riscv_0_0_MB_MUXCY_669 [mbv_system_microblaze_riscv_0_0_...]
Compiling architecture structure of entity xil_defaultlib.mbv_system_microblaze_riscv_0_0_carry_and_662 [mbv_system_microblaze_riscv_0_0_...]
Compiling architecture structure of entity xil_defaultlib.mbv_system_microblaze_riscv_0_0_MB_MUXCY_668 [mbv_system_microblaze_riscv_0_0_...]
Compiling architecture structure of entity xil_defaultlib.mbv_system_microblaze_riscv_0_0_carry_and_663 [mbv_system_microblaze_riscv_0_0_...]
Compiling architecture structure of entity xil_defaultlib.mbv_system_microblaze_riscv_0_0_MB_MUXCY_667 [mbv_system_microblaze_riscv_0_0_...]
Compiling architecture structure of entity xil_defaultlib.mbv_system_microblaze_riscv_0_0_carry_and_664 [mbv_system_microblaze_riscv_0_0_...]
Compiling architecture structure of entity xil_defaultlib.mbv_system_microblaze_riscv_0_0_MB_MUXCY_666 [mbv_system_microblaze_riscv_0_0_...]
Compiling architecture structure of entity xil_defaultlib.mbv_system_microblaze_riscv_0_0_carry_and_665 [mbv_system_microblaze_riscv_0_0_...]
Compiling architecture structure of entity xil_defaultlib.\mbv_system_microblaze_riscv_0_0_carry_compare__parameterized2_241\ [\mbv_system_microblaze_riscv_0_0...]
Compiling architecture structure of entity xil_defaultlib.mbv_system_microblaze_riscv_0_0_MB_MUXCY_654 [mbv_system_microblaze_riscv_0_0_...]
Compiling architecture structure of entity xil_defaultlib.mbv_system_microblaze_riscv_0_0_carry_and_633 [mbv_system_microblaze_riscv_0_0_...]
Compiling architecture structure of entity xil_defaultlib.mbv_system_microblaze_riscv_0_0_MB_MUXCY_653 [mbv_system_microblaze_riscv_0_0_...]
Compiling architecture structure of entity xil_defaultlib.mbv_system_microblaze_riscv_0_0_carry_and_634 [mbv_system_microblaze_riscv_0_0_...]
Compiling architecture structure of entity xil_defaultlib.mbv_system_microblaze_riscv_0_0_MB_MUXCY_652 [mbv_system_microblaze_riscv_0_0_...]
Compiling architecture structure of entity xil_defaultlib.mbv_system_microblaze_riscv_0_0_carry_and_635 [mbv_system_microblaze_riscv_0_0_...]
Compiling architecture structure of entity xil_defaultlib.mbv_system_microblaze_riscv_0_0_MB_MUXCY_651 [mbv_system_microblaze_riscv_0_0_...]
Compiling architecture structure of entity xil_defaultlib.mbv_system_microblaze_riscv_0_0_carry_and_636 [mbv_system_microblaze_riscv_0_0_...]
Compiling architecture structure of entity xil_defaultlib.mbv_system_microblaze_riscv_0_0_MB_MUXCY_650 [mbv_system_microblaze_riscv_0_0_...]
Compiling architecture structure of entity xil_defaultlib.mbv_system_microblaze_riscv_0_0_carry_and_637 [mbv_system_microblaze_riscv_0_0_...]
Compiling architecture structure of entity xil_defaultlib.mbv_system_microblaze_riscv_0_0_MB_MUXCY_649 [mbv_system_microblaze_riscv_0_0_...]
Compiling architecture structure of entity xil_defaultlib.mbv_system_microblaze_riscv_0_0_carry_and_638 [mbv_system_microblaze_riscv_0_0_...]
Compiling architecture structure of entity xil_defaultlib.mbv_system_microblaze_riscv_0_0_MB_MUXCY_648 [mbv_system_microblaze_riscv_0_0_...]
Compiling architecture structure of entity xil_defaultlib.mbv_system_microblaze_riscv_0_0_carry_and_639 [mbv_system_microblaze_riscv_0_0_...]
Compiling architecture structure of entity xil_defaultlib.mbv_system_microblaze_riscv_0_0_MB_MUXCY_647 [mbv_system_microblaze_riscv_0_0_...]
Compiling architecture structure of entity xil_defaultlib.mbv_system_microblaze_riscv_0_0_carry_and_640 [mbv_system_microblaze_riscv_0_0_...]
Compiling architecture structure of entity xil_defaultlib.mbv_system_microblaze_riscv_0_0_MB_MUXCY_646 [mbv_system_microblaze_riscv_0_0_...]
Compiling architecture structure of entity xil_defaultlib.mbv_system_microblaze_riscv_0_0_carry_and_641 [mbv_system_microblaze_riscv_0_0_...]
Compiling architecture structure of entity xil_defaultlib.mbv_system_microblaze_riscv_0_0_MB_MUXCY_645 [mbv_system_microblaze_riscv_0_0_...]
Compiling architecture structure of entity xil_defaultlib.mbv_system_microblaze_riscv_0_0_carry_and_642 [mbv_system_microblaze_riscv_0_0_...]
Compiling architecture structure of entity xil_defaultlib.mbv_system_microblaze_riscv_0_0_MB_MUXCY_644 [mbv_system_microblaze_riscv_0_0_...]
Compiling architecture structure of entity xil_defaultlib.mbv_system_microblaze_riscv_0_0_carry_and_643 [mbv_system_microblaze_riscv_0_0_...]
Compiling architecture structure of entity xil_defaultlib.\mbv_system_microblaze_riscv_0_0_carry_compare__parameterized2_242\ [\mbv_system_microblaze_riscv_0_0...]
Compiling architecture structure of entity xil_defaultlib.mbv_system_microblaze_riscv_0_0_MB_MUXCY_632 [mbv_system_microblaze_riscv_0_0_...]
Compiling architecture structure of entity xil_defaultlib.mbv_system_microblaze_riscv_0_0_carry_and_611 [mbv_system_microblaze_riscv_0_0_...]
Compiling architecture structure of entity xil_defaultlib.mbv_system_microblaze_riscv_0_0_MB_MUXCY_631 [mbv_system_microblaze_riscv_0_0_...]
Compiling architecture structure of entity xil_defaultlib.mbv_system_microblaze_riscv_0_0_carry_and_612 [mbv_system_microblaze_riscv_0_0_...]
Compiling architecture structure of entity xil_defaultlib.mbv_system_microblaze_riscv_0_0_MB_MUXCY_630 [mbv_system_microblaze_riscv_0_0_...]
Compiling architecture structure of entity xil_defaultlib.mbv_system_microblaze_riscv_0_0_carry_and_613 [mbv_system_microblaze_riscv_0_0_...]
Compiling architecture structure of entity xil_defaultlib.mbv_system_microblaze_riscv_0_0_MB_MUXCY_629 [mbv_system_microblaze_riscv_0_0_...]
Compiling architecture structure of entity xil_defaultlib.mbv_system_microblaze_riscv_0_0_carry_and_614 [mbv_system_microblaze_riscv_0_0_...]
Compiling architecture structure of entity xil_defaultlib.mbv_system_microblaze_riscv_0_0_MB_MUXCY_628 [mbv_system_microblaze_riscv_0_0_...]
Compiling architecture structure of entity xil_defaultlib.mbv_system_microblaze_riscv_0_0_carry_and_615 [mbv_system_microblaze_riscv_0_0_...]
Compiling architecture structure of entity xil_defaultlib.mbv_system_microblaze_riscv_0_0_MB_MUXCY_627 [mbv_system_microblaze_riscv_0_0_...]
Compiling architecture structure of entity xil_defaultlib.mbv_system_microblaze_riscv_0_0_carry_and_616 [mbv_system_microblaze_riscv_0_0_...]
Compiling architecture structure of entity xil_defaultlib.mbv_system_microblaze_riscv_0_0_MB_MUXCY_626 [mbv_system_microblaze_riscv_0_0_...]
Compiling architecture structure of entity xil_defaultlib.mbv_system_microblaze_riscv_0_0_carry_and_617 [mbv_system_microblaze_riscv_0_0_...]
Compiling architecture structure of entity xil_defaultlib.mbv_system_microblaze_riscv_0_0_MB_MUXCY_625 [mbv_system_microblaze_riscv_0_0_...]
Compiling architecture structure of entity xil_defaultlib.mbv_system_microblaze_riscv_0_0_carry_and_618 [mbv_system_microblaze_riscv_0_0_...]
Compiling architecture structure of entity xil_defaultlib.mbv_system_microblaze_riscv_0_0_MB_MUXCY_624 [mbv_system_microblaze_riscv_0_0_...]
Compiling architecture structure of entity xil_defaultlib.mbv_system_microblaze_riscv_0_0_carry_and_619 [mbv_system_microblaze_riscv_0_0_...]
Compiling architecture structure of entity xil_defaultlib.mbv_system_microblaze_riscv_0_0_MB_MUXCY_623 [mbv_system_microblaze_riscv_0_0_...]
Compiling architecture structure of entity xil_defaultlib.mbv_system_microblaze_riscv_0_0_carry_and_620 [mbv_system_microblaze_riscv_0_0_...]
Compiling architecture structure of entity xil_defaultlib.mbv_system_microblaze_riscv_0_0_MB_MUXCY_622 [mbv_system_microblaze_riscv_0_0_...]
Compiling architecture structure of entity xil_defaultlib.mbv_system_microblaze_riscv_0_0_carry_and_621 [mbv_system_microblaze_riscv_0_0_...]
Compiling architecture structure of entity xil_defaultlib.\mbv_system_microblaze_riscv_0_0_carry_compare__parameterized2_243\ [\mbv_system_microblaze_riscv_0_0...]
Compiling architecture lut6_v of entity unisim.LUT6 [\LUT6(init="10001000100010001000...]
Compiling architecture structure of entity xil_defaultlib.mbv_system_microblaze_riscv_0_0_MB_MUXCY_610 [mbv_system_microblaze_riscv_0_0_...]
Compiling architecture structure of entity xil_defaultlib.mbv_system_microblaze_riscv_0_0_carry_and_589 [mbv_system_microblaze_riscv_0_0_...]
Compiling architecture structure of entity xil_defaultlib.mbv_system_microblaze_riscv_0_0_MB_MUXCY_609 [mbv_system_microblaze_riscv_0_0_...]
Compiling architecture structure of entity xil_defaultlib.mbv_system_microblaze_riscv_0_0_carry_and_590 [mbv_system_microblaze_riscv_0_0_...]
Compiling architecture structure of entity xil_defaultlib.mbv_system_microblaze_riscv_0_0_MB_MUXCY_608 [mbv_system_microblaze_riscv_0_0_...]
Compiling architecture structure of entity xil_defaultlib.mbv_system_microblaze_riscv_0_0_carry_and_591 [mbv_system_microblaze_riscv_0_0_...]
Compiling architecture structure of entity xil_defaultlib.mbv_system_microblaze_riscv_0_0_MB_MUXCY_607 [mbv_system_microblaze_riscv_0_0_...]
Compiling architecture structure of entity xil_defaultlib.mbv_system_microblaze_riscv_0_0_carry_and_592 [mbv_system_microblaze_riscv_0_0_...]
Compiling architecture structure of entity xil_defaultlib.mbv_system_microblaze_riscv_0_0_MB_MUXCY_606 [mbv_system_microblaze_riscv_0_0_...]
Compiling architecture structure of entity xil_defaultlib.mbv_system_microblaze_riscv_0_0_carry_and_593 [mbv_system_microblaze_riscv_0_0_...]
Compiling architecture structure of entity xil_defaultlib.mbv_system_microblaze_riscv_0_0_MB_MUXCY_605 [mbv_system_microblaze_riscv_0_0_...]
Compiling architecture structure of entity xil_defaultlib.mbv_system_microblaze_riscv_0_0_carry_and_594 [mbv_system_microblaze_riscv_0_0_...]
Compiling architecture structure of entity xil_defaultlib.mbv_system_microblaze_riscv_0_0_MB_MUXCY_604 [mbv_system_microblaze_riscv_0_0_...]
Compiling architecture structure of entity xil_defaultlib.mbv_system_microblaze_riscv_0_0_carry_and_595 [mbv_system_microblaze_riscv_0_0_...]
Compiling architecture structure of entity xil_defaultlib.mbv_system_microblaze_riscv_0_0_MB_MUXCY_603 [mbv_system_microblaze_riscv_0_0_...]
Compiling architecture structure of entity xil_defaultlib.mbv_system_microblaze_riscv_0_0_carry_and_596 [mbv_system_microblaze_riscv_0_0_...]
Compiling architecture structure of entity xil_defaultlib.mbv_system_microblaze_riscv_0_0_MB_MUXCY_602 [mbv_system_microblaze_riscv_0_0_...]
Compiling architecture structure of entity xil_defaultlib.mbv_system_microblaze_riscv_0_0_carry_and_597 [mbv_system_microblaze_riscv_0_0_...]
Compiling architecture structure of entity xil_defaultlib.mbv_system_microblaze_riscv_0_0_MB_MUXCY_601 [mbv_system_microblaze_riscv_0_0_...]
Compiling architecture structure of entity xil_defaultlib.mbv_system_microblaze_riscv_0_0_carry_and_598 [mbv_system_microblaze_riscv_0_0_...]
Compiling architecture structure of entity xil_defaultlib.mbv_system_microblaze_riscv_0_0_MB_MUXCY_600 [mbv_system_microblaze_riscv_0_0_...]
Compiling architecture structure of entity xil_defaultlib.mbv_system_microblaze_riscv_0_0_carry_and_599 [mbv_system_microblaze_riscv_0_0_...]
Compiling architecture structure of entity xil_defaultlib.\mbv_system_microblaze_riscv_0_0_carry_compare__parameterized2_244\ [\mbv_system_microblaze_riscv_0_0...]
Compiling architecture lut5_v of entity unisim.LUT5 [\LUT5(init="11111110111011101110...]
Compiling architecture lut6_v of entity unisim.LUT6 [\LUT6(init="11111111110110001101...]
Compiling architecture lut6_v of entity unisim.LUT6 [\LUT6(init="11101110111011101110...]
Compiling architecture lut5_v of entity unisim.LUT5 [\LUT5(init="11111111101110100000...]
Compiling architecture lut6_v of entity unisim.LUT6 [\LUT6(init="11100000000000001111...]
Compiling architecture structure of entity xil_defaultlib.mbv_system_microblaze_riscv_0_0_MB_MUXCY_588 [mbv_system_microblaze_riscv_0_0_...]
Compiling architecture structure of entity xil_defaultlib.mbv_system_microblaze_riscv_0_0_carry_and_567 [mbv_system_microblaze_riscv_0_0_...]
Compiling architecture structure of entity xil_defaultlib.mbv_system_microblaze_riscv_0_0_MB_MUXCY_587 [mbv_system_microblaze_riscv_0_0_...]
Compiling architecture structure of entity xil_defaultlib.mbv_system_microblaze_riscv_0_0_carry_and_568 [mbv_system_microblaze_riscv_0_0_...]
Compiling architecture structure of entity xil_defaultlib.mbv_system_microblaze_riscv_0_0_MB_MUXCY_586 [mbv_system_microblaze_riscv_0_0_...]
Compiling architecture structure of entity xil_defaultlib.mbv_system_microblaze_riscv_0_0_carry_and_569 [mbv_system_microblaze_riscv_0_0_...]
Compiling architecture structure of entity xil_defaultlib.mbv_system_microblaze_riscv_0_0_MB_MUXCY_585 [mbv_system_microblaze_riscv_0_0_...]
Compiling architecture structure of entity xil_defaultlib.mbv_system_microblaze_riscv_0_0_carry_and_570 [mbv_system_microblaze_riscv_0_0_...]
Compiling architecture structure of entity xil_defaultlib.mbv_system_microblaze_riscv_0_0_MB_MUXCY_584 [mbv_system_microblaze_riscv_0_0_...]
Compiling architecture structure of entity xil_defaultlib.mbv_system_microblaze_riscv_0_0_carry_and_571 [mbv_system_microblaze_riscv_0_0_...]
Compiling architecture structure of entity xil_defaultlib.mbv_system_microblaze_riscv_0_0_MB_MUXCY_583 [mbv_system_microblaze_riscv_0_0_...]
Compiling architecture structure of entity xil_defaultlib.mbv_system_microblaze_riscv_0_0_carry_and_572 [mbv_system_microblaze_riscv_0_0_...]
Compiling architecture structure of entity xil_defaultlib.mbv_system_microblaze_riscv_0_0_MB_MUXCY_582 [mbv_system_microblaze_riscv_0_0_...]
Compiling architecture structure of entity xil_defaultlib.mbv_system_microblaze_riscv_0_0_carry_and_573 [mbv_system_microblaze_riscv_0_0_...]
Compiling architecture structure of entity xil_defaultlib.mbv_system_microblaze_riscv_0_0_MB_MUXCY_581 [mbv_system_microblaze_riscv_0_0_...]
Compiling architecture structure of entity xil_defaultlib.mbv_system_microblaze_riscv_0_0_carry_and_574 [mbv_system_microblaze_riscv_0_0_...]
Compiling architecture structure of entity xil_defaultlib.mbv_system_microblaze_riscv_0_0_MB_MUXCY_580 [mbv_system_microblaze_riscv_0_0_...]
Compiling architecture structure of entity xil_defaultlib.mbv_system_microblaze_riscv_0_0_carry_and_575 [mbv_system_microblaze_riscv_0_0_...]
Compiling architecture structure of entity xil_defaultlib.mbv_system_microblaze_riscv_0_0_MB_MUXCY_579 [mbv_system_microblaze_riscv_0_0_...]
Compiling architecture structure of entity xil_defaultlib.mbv_system_microblaze_riscv_0_0_carry_and_576 [mbv_system_microblaze_riscv_0_0_...]
Compiling architecture structure of entity xil_defaultlib.mbv_system_microblaze_riscv_0_0_MB_MUXCY_578 [mbv_system_microblaze_riscv_0_0_...]
Compiling architecture structure of entity xil_defaultlib.mbv_system_microblaze_riscv_0_0_carry_and_577 [mbv_system_microblaze_riscv_0_0_...]
Compiling architecture structure of entity xil_defaultlib.\mbv_system_microblaze_riscv_0_0_carry_compare__parameterized2_245\ [\mbv_system_microblaze_riscv_0_0...]
Compiling architecture lut6_v of entity unisim.LUT6 [\LUT6(init="00000000101000000000...]
Compiling architecture lut6_v of entity unisim.LUT6 [\LUT6(init="10101010101010101000...]
Compiling architecture structure of entity xil_defaultlib.mbv_system_microblaze_riscv_0_0_MB_MUXCY_566 [mbv_system_microblaze_riscv_0_0_...]
Compiling architecture structure of entity xil_defaultlib.mbv_system_microblaze_riscv_0_0_carry_and_545 [mbv_system_microblaze_riscv_0_0_...]
Compiling architecture structure of entity xil_defaultlib.mbv_system_microblaze_riscv_0_0_MB_MUXCY_565 [mbv_system_microblaze_riscv_0_0_...]
Compiling architecture structure of entity xil_defaultlib.mbv_system_microblaze_riscv_0_0_carry_and_546 [mbv_system_microblaze_riscv_0_0_...]
Compiling architecture structure of entity xil_defaultlib.mbv_system_microblaze_riscv_0_0_MB_MUXCY_564 [mbv_system_microblaze_riscv_0_0_...]
Compiling architecture structure of entity xil_defaultlib.mbv_system_microblaze_riscv_0_0_carry_and_547 [mbv_system_microblaze_riscv_0_0_...]
Compiling architecture structure of entity xil_defaultlib.mbv_system_microblaze_riscv_0_0_MB_MUXCY_563 [mbv_system_microblaze_riscv_0_0_...]
Compiling architecture structure of entity xil_defaultlib.mbv_system_microblaze_riscv_0_0_carry_and_548 [mbv_system_microblaze_riscv_0_0_...]
Compiling architecture structure of entity xil_defaultlib.mbv_system_microblaze_riscv_0_0_MB_MUXCY_562 [mbv_system_microblaze_riscv_0_0_...]
Compiling architecture structure of entity xil_defaultlib.mbv_system_microblaze_riscv_0_0_carry_and_549 [mbv_system_microblaze_riscv_0_0_...]
Compiling architecture structure of entity xil_defaultlib.mbv_system_microblaze_riscv_0_0_MB_MUXCY_561 [mbv_system_microblaze_riscv_0_0_...]
Compiling architecture structure of entity xil_defaultlib.mbv_system_microblaze_riscv_0_0_carry_and_550 [mbv_system_microblaze_riscv_0_0_...]
Compiling architecture structure of entity xil_defaultlib.mbv_system_microblaze_riscv_0_0_MB_MUXCY_560 [mbv_system_microblaze_riscv_0_0_...]
Compiling architecture structure of entity xil_defaultlib.mbv_system_microblaze_riscv_0_0_carry_and_551 [mbv_system_microblaze_riscv_0_0_...]
Compiling architecture structure of entity xil_defaultlib.mbv_system_microblaze_riscv_0_0_MB_MUXCY_559 [mbv_system_microblaze_riscv_0_0_...]
Compiling architecture structure of entity xil_defaultlib.mbv_system_microblaze_riscv_0_0_carry_and_552 [mbv_system_microblaze_riscv_0_0_...]
Compiling architecture structure of entity xil_defaultlib.mbv_system_microblaze_riscv_0_0_MB_MUXCY_558 [mbv_system_microblaze_riscv_0_0_...]
Compiling architecture structure of entity xil_defaultlib.mbv_system_microblaze_riscv_0_0_carry_and_553 [mbv_system_microblaze_riscv_0_0_...]
Compiling architecture structure of entity xil_defaultlib.mbv_system_microblaze_riscv_0_0_MB_MUXCY_557 [mbv_system_microblaze_riscv_0_0_...]
Compiling architecture structure of entity xil_defaultlib.mbv_system_microblaze_riscv_0_0_carry_and_554 [mbv_system_microblaze_riscv_0_0_...]
Compiling architecture structure of entity xil_defaultlib.mbv_system_microblaze_riscv_0_0_MB_MUXCY_556 [mbv_system_microblaze_riscv_0_0_...]
Compiling architecture structure of entity xil_defaultlib.mbv_system_microblaze_riscv_0_0_carry_and_555 [mbv_system_microblaze_riscv_0_0_...]
Compiling architecture structure of entity xil_defaultlib.\mbv_system_microblaze_riscv_0_0_carry_compare__parameterized2_246\ [\mbv_system_microblaze_riscv_0_0...]
Compiling architecture structure of entity xil_defaultlib.mbv_system_microblaze_riscv_0_0_MB_MUXCY_544 [mbv_system_microblaze_riscv_0_0_...]
Compiling architecture structure of entity xil_defaultlib.mbv_system_microblaze_riscv_0_0_carry_and_523 [mbv_system_microblaze_riscv_0_0_...]
Compiling architecture structure of entity xil_defaultlib.mbv_system_microblaze_riscv_0_0_MB_MUXCY_543 [mbv_system_microblaze_riscv_0_0_...]
Compiling architecture structure of entity xil_defaultlib.mbv_system_microblaze_riscv_0_0_carry_and_524 [mbv_system_microblaze_riscv_0_0_...]
Compiling architecture structure of entity xil_defaultlib.mbv_system_microblaze_riscv_0_0_MB_MUXCY_542 [mbv_system_microblaze_riscv_0_0_...]
Compiling architecture structure of entity xil_defaultlib.mbv_system_microblaze_riscv_0_0_carry_and_525 [mbv_system_microblaze_riscv_0_0_...]
Compiling architecture structure of entity xil_defaultlib.mbv_system_microblaze_riscv_0_0_MB_MUXCY_541 [mbv_system_microblaze_riscv_0_0_...]
Compiling architecture structure of entity xil_defaultlib.mbv_system_microblaze_riscv_0_0_carry_and_526 [mbv_system_microblaze_riscv_0_0_...]
Compiling architecture structure of entity xil_defaultlib.mbv_system_microblaze_riscv_0_0_MB_MUXCY_540 [mbv_system_microblaze_riscv_0_0_...]
Compiling architecture structure of entity xil_defaultlib.mbv_system_microblaze_riscv_0_0_carry_and_527 [mbv_system_microblaze_riscv_0_0_...]
Compiling architecture structure of entity xil_defaultlib.mbv_system_microblaze_riscv_0_0_MB_MUXCY_539 [mbv_system_microblaze_riscv_0_0_...]
Compiling architecture structure of entity xil_defaultlib.mbv_system_microblaze_riscv_0_0_carry_and_528 [mbv_system_microblaze_riscv_0_0_...]
Compiling architecture structure of entity xil_defaultlib.mbv_system_microblaze_riscv_0_0_MB_MUXCY_538 [mbv_system_microblaze_riscv_0_0_...]
Compiling architecture structure of entity xil_defaultlib.mbv_system_microblaze_riscv_0_0_carry_and_529 [mbv_system_microblaze_riscv_0_0_...]
Compiling architecture structure of entity xil_defaultlib.mbv_system_microblaze_riscv_0_0_MB_MUXCY_537 [mbv_system_microblaze_riscv_0_0_...]
Compiling architecture structure of entity xil_defaultlib.mbv_system_microblaze_riscv_0_0_carry_and_530 [mbv_system_microblaze_riscv_0_0_...]
Compiling architecture structure of entity xil_defaultlib.mbv_system_microblaze_riscv_0_0_MB_MUXCY_536 [mbv_system_microblaze_riscv_0_0_...]
Compiling architecture structure of entity xil_defaultlib.mbv_system_microblaze_riscv_0_0_carry_and_531 [mbv_system_microblaze_riscv_0_0_...]
Compiling architecture structure of entity xil_defaultlib.mbv_system_microblaze_riscv_0_0_MB_MUXCY_535 [mbv_system_microblaze_riscv_0_0_...]
Compiling architecture structure of entity xil_defaultlib.mbv_system_microblaze_riscv_0_0_carry_and_532 [mbv_system_microblaze_riscv_0_0_...]
Compiling architecture structure of entity xil_defaultlib.mbv_system_microblaze_riscv_0_0_MB_MUXCY_534 [mbv_system_microblaze_riscv_0_0_...]
Compiling architecture structure of entity xil_defaultlib.mbv_system_microblaze_riscv_0_0_carry_and_533 [mbv_system_microblaze_riscv_0_0_...]
Compiling architecture structure of entity xil_defaultlib.\mbv_system_microblaze_riscv_0_0_carry_compare__parameterized2_247\ [\mbv_system_microblaze_riscv_0_0...]
Compiling architecture structure of entity xil_defaultlib.mbv_system_microblaze_riscv_0_0_MB_MUXCY_522 [mbv_system_microblaze_riscv_0_0_...]
Compiling architecture structure of entity xil_defaultlib.mbv_system_microblaze_riscv_0_0_carry_and_501 [mbv_system_microblaze_riscv_0_0_...]
Compiling architecture structure of entity xil_defaultlib.mbv_system_microblaze_riscv_0_0_MB_MUXCY_521 [mbv_system_microblaze_riscv_0_0_...]
Compiling architecture structure of entity xil_defaultlib.mbv_system_microblaze_riscv_0_0_carry_and_502 [mbv_system_microblaze_riscv_0_0_...]
Compiling architecture structure of entity xil_defaultlib.mbv_system_microblaze_riscv_0_0_MB_MUXCY_520 [mbv_system_microblaze_riscv_0_0_...]
Compiling architecture structure of entity xil_defaultlib.mbv_system_microblaze_riscv_0_0_carry_and_503 [mbv_system_microblaze_riscv_0_0_...]
Compiling architecture structure of entity xil_defaultlib.mbv_system_microblaze_riscv_0_0_MB_MUXCY_519 [mbv_system_microblaze_riscv_0_0_...]
Compiling architecture structure of entity xil_defaultlib.mbv_system_microblaze_riscv_0_0_carry_and_504 [mbv_system_microblaze_riscv_0_0_...]
Compiling architecture structure of entity xil_defaultlib.mbv_system_microblaze_riscv_0_0_MB_MUXCY_518 [mbv_system_microblaze_riscv_0_0_...]
Compiling architecture structure of entity xil_defaultlib.mbv_system_microblaze_riscv_0_0_carry_and_505 [mbv_system_microblaze_riscv_0_0_...]
Compiling architecture structure of entity xil_defaultlib.mbv_system_microblaze_riscv_0_0_MB_MUXCY_517 [mbv_system_microblaze_riscv_0_0_...]
Compiling architecture structure of entity xil_defaultlib.mbv_system_microblaze_riscv_0_0_carry_and_506 [mbv_system_microblaze_riscv_0_0_...]
Compiling architecture structure of entity xil_defaultlib.mbv_system_microblaze_riscv_0_0_MB_MUXCY_516 [mbv_system_microblaze_riscv_0_0_...]
Compiling architecture structure of entity xil_defaultlib.mbv_system_microblaze_riscv_0_0_carry_and_507 [mbv_system_microblaze_riscv_0_0_...]
Compiling architecture structure of entity xil_defaultlib.mbv_system_microblaze_riscv_0_0_MB_MUXCY_515 [mbv_system_microblaze_riscv_0_0_...]
Compiling architecture structure of entity xil_defaultlib.mbv_system_microblaze_riscv_0_0_carry_and_508 [mbv_system_microblaze_riscv_0_0_...]
Compiling architecture structure of entity xil_defaultlib.mbv_system_microblaze_riscv_0_0_MB_MUXCY_514 [mbv_system_microblaze_riscv_0_0_...]
Compiling architecture structure of entity xil_defaultlib.mbv_system_microblaze_riscv_0_0_carry_and_509 [mbv_system_microblaze_riscv_0_0_...]
Compiling architecture structure of entity xil_defaultlib.mbv_system_microblaze_riscv_0_0_MB_MUXCY_513 [mbv_system_microblaze_riscv_0_0_...]
Compiling architecture structure of entity xil_defaultlib.mbv_system_microblaze_riscv_0_0_carry_and_510 [mbv_system_microblaze_riscv_0_0_...]
Compiling architecture structure of entity xil_defaultlib.mbv_system_microblaze_riscv_0_0_MB_MUXCY_512 [mbv_system_microblaze_riscv_0_0_...]
Compiling architecture structure of entity xil_defaultlib.mbv_system_microblaze_riscv_0_0_carry_and_511 [mbv_system_microblaze_riscv_0_0_...]
Compiling architecture structure of entity xil_defaultlib.\mbv_system_microblaze_riscv_0_0_carry_compare__parameterized2_248\ [\mbv_system_microblaze_riscv_0_0...]
Compiling architecture structure of entity xil_defaultlib.mbv_system_microblaze_riscv_0_0_MB_MUXCY_500 [mbv_system_microblaze_riscv_0_0_...]
Compiling architecture structure of entity xil_defaultlib.mbv_system_microblaze_riscv_0_0_carry_and_479 [mbv_system_microblaze_riscv_0_0_...]
Compiling architecture structure of entity xil_defaultlib.mbv_system_microblaze_riscv_0_0_MB_MUXCY_499 [mbv_system_microblaze_riscv_0_0_...]
Compiling architecture structure of entity xil_defaultlib.mbv_system_microblaze_riscv_0_0_carry_and_480 [mbv_system_microblaze_riscv_0_0_...]
Compiling architecture structure of entity xil_defaultlib.mbv_system_microblaze_riscv_0_0_MB_MUXCY_498 [mbv_system_microblaze_riscv_0_0_...]
Compiling architecture structure of entity xil_defaultlib.mbv_system_microblaze_riscv_0_0_carry_and_481 [mbv_system_microblaze_riscv_0_0_...]
Compiling architecture structure of entity xil_defaultlib.mbv_system_microblaze_riscv_0_0_MB_MUXCY_497 [mbv_system_microblaze_riscv_0_0_...]
Compiling architecture structure of entity xil_defaultlib.mbv_system_microblaze_riscv_0_0_carry_and_482 [mbv_system_microblaze_riscv_0_0_...]
Compiling architecture structure of entity xil_defaultlib.mbv_system_microblaze_riscv_0_0_MB_MUXCY_496 [mbv_system_microblaze_riscv_0_0_...]
Compiling architecture structure of entity xil_defaultlib.mbv_system_microblaze_riscv_0_0_carry_and_483 [mbv_system_microblaze_riscv_0_0_...]
Compiling architecture structure of entity xil_defaultlib.mbv_system_microblaze_riscv_0_0_MB_MUXCY_495 [mbv_system_microblaze_riscv_0_0_...]
Compiling architecture structure of entity xil_defaultlib.mbv_system_microblaze_riscv_0_0_carry_and_484 [mbv_system_microblaze_riscv_0_0_...]
Compiling architecture structure of entity xil_defaultlib.mbv_system_microblaze_riscv_0_0_MB_MUXCY_494 [mbv_system_microblaze_riscv_0_0_...]
Compiling architecture structure of entity xil_defaultlib.mbv_system_microblaze_riscv_0_0_carry_and_485 [mbv_system_microblaze_riscv_0_0_...]
Compiling architecture structure of entity xil_defaultlib.mbv_system_microblaze_riscv_0_0_MB_MUXCY_493 [mbv_system_microblaze_riscv_0_0_...]
Compiling architecture structure of entity xil_defaultlib.mbv_system_microblaze_riscv_0_0_carry_and_486 [mbv_system_microblaze_riscv_0_0_...]
Compiling architecture structure of entity xil_defaultlib.mbv_system_microblaze_riscv_0_0_MB_MUXCY_492 [mbv_system_microblaze_riscv_0_0_...]
Compiling architecture structure of entity xil_defaultlib.mbv_system_microblaze_riscv_0_0_carry_and_487 [mbv_system_microblaze_riscv_0_0_...]
Compiling architecture structure of entity xil_defaultlib.mbv_system_microblaze_riscv_0_0_MB_MUXCY_491 [mbv_system_microblaze_riscv_0_0_...]
Compiling architecture structure of entity xil_defaultlib.mbv_system_microblaze_riscv_0_0_carry_and_488 [mbv_system_microblaze_riscv_0_0_...]
Compiling architecture structure of entity xil_defaultlib.mbv_system_microblaze_riscv_0_0_MB_MUXCY_490 [mbv_system_microblaze_riscv_0_0_...]
Compiling architecture structure of entity xil_defaultlib.mbv_system_microblaze_riscv_0_0_carry_and_489 [mbv_system_microblaze_riscv_0_0_...]
Compiling architecture structure of entity xil_defaultlib.\mbv_system_microblaze_riscv_0_0_carry_compare__parameterized2_249\ [\mbv_system_microblaze_riscv_0_0...]
Compiling architecture structure of entity xil_defaultlib.mbv_system_microblaze_riscv_0_0_MB_MUXCY_478 [mbv_system_microblaze_riscv_0_0_...]
Compiling architecture structure of entity xil_defaultlib.mbv_system_microblaze_riscv_0_0_carry_and_457 [mbv_system_microblaze_riscv_0_0_...]
Compiling architecture structure of entity xil_defaultlib.mbv_system_microblaze_riscv_0_0_MB_MUXCY_477 [mbv_system_microblaze_riscv_0_0_...]
Compiling architecture structure of entity xil_defaultlib.mbv_system_microblaze_riscv_0_0_carry_and_458 [mbv_system_microblaze_riscv_0_0_...]
Compiling architecture structure of entity xil_defaultlib.mbv_system_microblaze_riscv_0_0_MB_MUXCY_476 [mbv_system_microblaze_riscv_0_0_...]
Compiling architecture structure of entity xil_defaultlib.mbv_system_microblaze_riscv_0_0_carry_and_459 [mbv_system_microblaze_riscv_0_0_...]
Compiling architecture structure of entity xil_defaultlib.mbv_system_microblaze_riscv_0_0_MB_MUXCY_475 [mbv_system_microblaze_riscv_0_0_...]
Compiling architecture structure of entity xil_defaultlib.mbv_system_microblaze_riscv_0_0_carry_and_460 [mbv_system_microblaze_riscv_0_0_...]
Compiling architecture structure of entity xil_defaultlib.mbv_system_microblaze_riscv_0_0_MB_MUXCY_474 [mbv_system_microblaze_riscv_0_0_...]
Compiling architecture structure of entity xil_defaultlib.mbv_system_microblaze_riscv_0_0_carry_and_461 [mbv_system_microblaze_riscv_0_0_...]
Compiling architecture structure of entity xil_defaultlib.mbv_system_microblaze_riscv_0_0_MB_MUXCY_473 [mbv_system_microblaze_riscv_0_0_...]
Compiling architecture structure of entity xil_defaultlib.mbv_system_microblaze_riscv_0_0_carry_and_462 [mbv_system_microblaze_riscv_0_0_...]
Compiling architecture structure of entity xil_defaultlib.mbv_system_microblaze_riscv_0_0_MB_MUXCY_472 [mbv_system_microblaze_riscv_0_0_...]
Compiling architecture structure of entity xil_defaultlib.mbv_system_microblaze_riscv_0_0_carry_and_463 [mbv_system_microblaze_riscv_0_0_...]
Compiling architecture structure of entity xil_defaultlib.mbv_system_microblaze_riscv_0_0_MB_MUXCY_471 [mbv_system_microblaze_riscv_0_0_...]
Compiling architecture structure of entity xil_defaultlib.mbv_system_microblaze_riscv_0_0_carry_and_464 [mbv_system_microblaze_riscv_0_0_...]
Compiling architecture structure of entity xil_defaultlib.mbv_system_microblaze_riscv_0_0_MB_MUXCY_470 [mbv_system_microblaze_riscv_0_0_...]
Compiling architecture structure of entity xil_defaultlib.mbv_system_microblaze_riscv_0_0_carry_and_465 [mbv_system_microblaze_riscv_0_0_...]
Compiling architecture structure of entity xil_defaultlib.mbv_system_microblaze_riscv_0_0_MB_MUXCY_469 [mbv_system_microblaze_riscv_0_0_...]
Compiling architecture structure of entity xil_defaultlib.mbv_system_microblaze_riscv_0_0_carry_and_466 [mbv_system_microblaze_riscv_0_0_...]
Compiling architecture structure of entity xil_defaultlib.mbv_system_microblaze_riscv_0_0_MB_MUXCY_468 [mbv_system_microblaze_riscv_0_0_...]
Compiling architecture structure of entity xil_defaultlib.mbv_system_microblaze_riscv_0_0_carry_and_467 [mbv_system_microblaze_riscv_0_0_...]
Compiling architecture structure of entity xil_defaultlib.\mbv_system_microblaze_riscv_0_0_carry_compare__parameterized2_250\ [\mbv_system_microblaze_riscv_0_0...]
Compiling architecture structure of entity xil_defaultlib.mbv_system_microblaze_riscv_0_0_MB_MUXCY_456 [mbv_system_microblaze_riscv_0_0_...]
Compiling architecture structure of entity xil_defaultlib.mbv_system_microblaze_riscv_0_0_carry_and_435 [mbv_system_microblaze_riscv_0_0_...]
Compiling architecture structure of entity xil_defaultlib.mbv_system_microblaze_riscv_0_0_MB_MUXCY_455 [mbv_system_microblaze_riscv_0_0_...]
Compiling architecture structure of entity xil_defaultlib.mbv_system_microblaze_riscv_0_0_carry_and_436 [mbv_system_microblaze_riscv_0_0_...]
Compiling architecture structure of entity xil_defaultlib.mbv_system_microblaze_riscv_0_0_MB_MUXCY_454 [mbv_system_microblaze_riscv_0_0_...]
Compiling architecture structure of entity xil_defaultlib.mbv_system_microblaze_riscv_0_0_carry_and_437 [mbv_system_microblaze_riscv_0_0_...]
Compiling architecture structure of entity xil_defaultlib.mbv_system_microblaze_riscv_0_0_MB_MUXCY_453 [mbv_system_microblaze_riscv_0_0_...]
Compiling architecture structure of entity xil_defaultlib.mbv_system_microblaze_riscv_0_0_carry_and_438 [mbv_system_microblaze_riscv_0_0_...]
Compiling architecture structure of entity xil_defaultlib.mbv_system_microblaze_riscv_0_0_MB_MUXCY_452 [mbv_system_microblaze_riscv_0_0_...]
Compiling architecture structure of entity xil_defaultlib.mbv_system_microblaze_riscv_0_0_carry_and_439 [mbv_system_microblaze_riscv_0_0_...]
Compiling architecture structure of entity xil_defaultlib.mbv_system_microblaze_riscv_0_0_MB_MUXCY_451 [mbv_system_microblaze_riscv_0_0_...]
Compiling architecture structure of entity xil_defaultlib.mbv_system_microblaze_riscv_0_0_carry_and_440 [mbv_system_microblaze_riscv_0_0_...]
Compiling architecture structure of entity xil_defaultlib.mbv_system_microblaze_riscv_0_0_MB_MUXCY_450 [mbv_system_microblaze_riscv_0_0_...]
Compiling architecture structure of entity xil_defaultlib.mbv_system_microblaze_riscv_0_0_carry_and_441 [mbv_system_microblaze_riscv_0_0_...]
Compiling architecture structure of entity xil_defaultlib.mbv_system_microblaze_riscv_0_0_MB_MUXCY_449 [mbv_system_microblaze_riscv_0_0_...]
Compiling architecture structure of entity xil_defaultlib.mbv_system_microblaze_riscv_0_0_carry_and_442 [mbv_system_microblaze_riscv_0_0_...]
Compiling architecture structure of entity xil_defaultlib.mbv_system_microblaze_riscv_0_0_MB_MUXCY_448 [mbv_system_microblaze_riscv_0_0_...]
Compiling architecture structure of entity xil_defaultlib.mbv_system_microblaze_riscv_0_0_carry_and_443 [mbv_system_microblaze_riscv_0_0_...]
Compiling architecture structure of entity xil_defaultlib.mbv_system_microblaze_riscv_0_0_MB_MUXCY_447 [mbv_system_microblaze_riscv_0_0_...]
Compiling architecture structure of entity xil_defaultlib.mbv_system_microblaze_riscv_0_0_carry_and_444 [mbv_system_microblaze_riscv_0_0_...]
Compiling architecture structure of entity xil_defaultlib.mbv_system_microblaze_riscv_0_0_MB_MUXCY_446 [mbv_system_microblaze_riscv_0_0_...]
Compiling architecture structure of entity xil_defaultlib.mbv_system_microblaze_riscv_0_0_carry_and_445 [mbv_system_microblaze_riscv_0_0_...]
Compiling architecture structure of entity xil_defaultlib.\mbv_system_microblaze_riscv_0_0_carry_compare__parameterized2_251\ [\mbv_system_microblaze_riscv_0_0...]
Compiling architecture structure of entity xil_defaultlib.mbv_system_microblaze_riscv_0_0_MB_MUXCY_434 [mbv_system_microblaze_riscv_0_0_...]
Compiling architecture structure of entity xil_defaultlib.mbv_system_microblaze_riscv_0_0_carry_and_413 [mbv_system_microblaze_riscv_0_0_...]
Compiling architecture structure of entity xil_defaultlib.mbv_system_microblaze_riscv_0_0_MB_MUXCY_433 [mbv_system_microblaze_riscv_0_0_...]
Compiling architecture structure of entity xil_defaultlib.mbv_system_microblaze_riscv_0_0_carry_and_414 [mbv_system_microblaze_riscv_0_0_...]
Compiling architecture structure of entity xil_defaultlib.mbv_system_microblaze_riscv_0_0_MB_MUXCY_432 [mbv_system_microblaze_riscv_0_0_...]
Compiling architecture structure of entity xil_defaultlib.mbv_system_microblaze_riscv_0_0_carry_and_415 [mbv_system_microblaze_riscv_0_0_...]
Compiling architecture structure of entity xil_defaultlib.mbv_system_microblaze_riscv_0_0_MB_MUXCY_431 [mbv_system_microblaze_riscv_0_0_...]
Compiling architecture structure of entity xil_defaultlib.mbv_system_microblaze_riscv_0_0_carry_and_416 [mbv_system_microblaze_riscv_0_0_...]
Compiling architecture structure of entity xil_defaultlib.mbv_system_microblaze_riscv_0_0_MB_MUXCY_430 [mbv_system_microblaze_riscv_0_0_...]
Compiling architecture structure of entity xil_defaultlib.mbv_system_microblaze_riscv_0_0_carry_and_417 [mbv_system_microblaze_riscv_0_0_...]
Compiling architecture structure of entity xil_defaultlib.mbv_system_microblaze_riscv_0_0_MB_MUXCY_429 [mbv_system_microblaze_riscv_0_0_...]
Compiling architecture structure of entity xil_defaultlib.mbv_system_microblaze_riscv_0_0_carry_and_418 [mbv_system_microblaze_riscv_0_0_...]
Compiling architecture structure of entity xil_defaultlib.mbv_system_microblaze_riscv_0_0_MB_MUXCY_428 [mbv_system_microblaze_riscv_0_0_...]
Compiling architecture structure of entity xil_defaultlib.mbv_system_microblaze_riscv_0_0_carry_and_419 [mbv_system_microblaze_riscv_0_0_...]
Compiling architecture structure of entity xil_defaultlib.mbv_system_microblaze_riscv_0_0_MB_MUXCY_427 [mbv_system_microblaze_riscv_0_0_...]
Compiling architecture structure of entity xil_defaultlib.mbv_system_microblaze_riscv_0_0_carry_and_420 [mbv_system_microblaze_riscv_0_0_...]
Compiling architecture structure of entity xil_defaultlib.mbv_system_microblaze_riscv_0_0_MB_MUXCY_426 [mbv_system_microblaze_riscv_0_0_...]
Compiling architecture structure of entity xil_defaultlib.mbv_system_microblaze_riscv_0_0_carry_and_421 [mbv_system_microblaze_riscv_0_0_...]
Compiling architecture structure of entity xil_defaultlib.mbv_system_microblaze_riscv_0_0_MB_MUXCY_425 [mbv_system_microblaze_riscv_0_0_...]
Compiling architecture structure of entity xil_defaultlib.mbv_system_microblaze_riscv_0_0_carry_and_422 [mbv_system_microblaze_riscv_0_0_...]
Compiling architecture structure of entity xil_defaultlib.mbv_system_microblaze_riscv_0_0_MB_MUXCY_424 [mbv_system_microblaze_riscv_0_0_...]
Compiling architecture structure of entity xil_defaultlib.mbv_system_microblaze_riscv_0_0_carry_and_423 [mbv_system_microblaze_riscv_0_0_...]
Compiling architecture structure of entity xil_defaultlib.\mbv_system_microblaze_riscv_0_0_carry_compare__parameterized2_252\ [\mbv_system_microblaze_riscv_0_0...]
Compiling architecture structure of entity xil_defaultlib.mbv_system_microblaze_riscv_0_0_MB_MUXCY_412 [mbv_system_microblaze_riscv_0_0_...]
Compiling architecture structure of entity xil_defaultlib.mbv_system_microblaze_riscv_0_0_carry_and_391 [mbv_system_microblaze_riscv_0_0_...]
Compiling architecture structure of entity xil_defaultlib.mbv_system_microblaze_riscv_0_0_MB_MUXCY_411 [mbv_system_microblaze_riscv_0_0_...]
Compiling architecture structure of entity xil_defaultlib.mbv_system_microblaze_riscv_0_0_carry_and_392 [mbv_system_microblaze_riscv_0_0_...]
Compiling architecture structure of entity xil_defaultlib.mbv_system_microblaze_riscv_0_0_MB_MUXCY_410 [mbv_system_microblaze_riscv_0_0_...]
Compiling architecture structure of entity xil_defaultlib.mbv_system_microblaze_riscv_0_0_carry_and_393 [mbv_system_microblaze_riscv_0_0_...]
Compiling architecture structure of entity xil_defaultlib.mbv_system_microblaze_riscv_0_0_MB_MUXCY_409 [mbv_system_microblaze_riscv_0_0_...]
Compiling architecture structure of entity xil_defaultlib.mbv_system_microblaze_riscv_0_0_carry_and_394 [mbv_system_microblaze_riscv_0_0_...]
Compiling architecture structure of entity xil_defaultlib.mbv_system_microblaze_riscv_0_0_MB_MUXCY_408 [mbv_system_microblaze_riscv_0_0_...]
Compiling architecture structure of entity xil_defaultlib.mbv_system_microblaze_riscv_0_0_carry_and_395 [mbv_system_microblaze_riscv_0_0_...]
Compiling architecture structure of entity xil_defaultlib.mbv_system_microblaze_riscv_0_0_MB_MUXCY_407 [mbv_system_microblaze_riscv_0_0_...]
Compiling architecture structure of entity xil_defaultlib.mbv_system_microblaze_riscv_0_0_carry_and_396 [mbv_system_microblaze_riscv_0_0_...]
Compiling architecture structure of entity xil_defaultlib.mbv_system_microblaze_riscv_0_0_MB_MUXCY_406 [mbv_system_microblaze_riscv_0_0_...]
Compiling architecture structure of entity xil_defaultlib.mbv_system_microblaze_riscv_0_0_carry_and_397 [mbv_system_microblaze_riscv_0_0_...]
Compiling architecture structure of entity xil_defaultlib.mbv_system_microblaze_riscv_0_0_MB_MUXCY_405 [mbv_system_microblaze_riscv_0_0_...]
Compiling architecture structure of entity xil_defaultlib.mbv_system_microblaze_riscv_0_0_carry_and_398 [mbv_system_microblaze_riscv_0_0_...]
Compiling architecture structure of entity xil_defaultlib.mbv_system_microblaze_riscv_0_0_MB_MUXCY_404 [mbv_system_microblaze_riscv_0_0_...]
Compiling architecture structure of entity xil_defaultlib.mbv_system_microblaze_riscv_0_0_carry_and_399 [mbv_system_microblaze_riscv_0_0_...]
Compiling architecture structure of entity xil_defaultlib.mbv_system_microblaze_riscv_0_0_MB_MUXCY_403 [mbv_system_microblaze_riscv_0_0_...]
Compiling architecture structure of entity xil_defaultlib.mbv_system_microblaze_riscv_0_0_carry_and_400 [mbv_system_microblaze_riscv_0_0_...]
Compiling architecture structure of entity xil_defaultlib.mbv_system_microblaze_riscv_0_0_MB_MUXCY_402 [mbv_system_microblaze_riscv_0_0_...]
Compiling architecture structure of entity xil_defaultlib.mbv_system_microblaze_riscv_0_0_carry_and_401 [mbv_system_microblaze_riscv_0_0_...]
Compiling architecture structure of entity xil_defaultlib.\mbv_system_microblaze_riscv_0_0_carry_compare__parameterized2_253\ [\mbv_system_microblaze_riscv_0_0...]
Compiling architecture structure of entity xil_defaultlib.mbv_system_microblaze_riscv_0_0_MB_MUXCY_390 [mbv_system_microblaze_riscv_0_0_...]
Compiling architecture structure of entity xil_defaultlib.mbv_system_microblaze_riscv_0_0_carry_and_369 [mbv_system_microblaze_riscv_0_0_...]
Compiling architecture structure of entity xil_defaultlib.mbv_system_microblaze_riscv_0_0_MB_MUXCY_389 [mbv_system_microblaze_riscv_0_0_...]
Compiling architecture structure of entity xil_defaultlib.mbv_system_microblaze_riscv_0_0_carry_and_370 [mbv_system_microblaze_riscv_0_0_...]
Compiling architecture structure of entity xil_defaultlib.mbv_system_microblaze_riscv_0_0_MB_MUXCY_388 [mbv_system_microblaze_riscv_0_0_...]
Compiling architecture structure of entity xil_defaultlib.mbv_system_microblaze_riscv_0_0_carry_and_371 [mbv_system_microblaze_riscv_0_0_...]
Compiling architecture structure of entity xil_defaultlib.mbv_system_microblaze_riscv_0_0_MB_MUXCY_387 [mbv_system_microblaze_riscv_0_0_...]
Compiling architecture structure of entity xil_defaultlib.mbv_system_microblaze_riscv_0_0_carry_and_372 [mbv_system_microblaze_riscv_0_0_...]
Compiling architecture structure of entity xil_defaultlib.mbv_system_microblaze_riscv_0_0_MB_MUXCY_386 [mbv_system_microblaze_riscv_0_0_...]
Compiling architecture structure of entity xil_defaultlib.mbv_system_microblaze_riscv_0_0_carry_and_373 [mbv_system_microblaze_riscv_0_0_...]
Compiling architecture structure of entity xil_defaultlib.mbv_system_microblaze_riscv_0_0_MB_MUXCY_385 [mbv_system_microblaze_riscv_0_0_...]
Compiling architecture structure of entity xil_defaultlib.mbv_system_microblaze_riscv_0_0_carry_and_374 [mbv_system_microblaze_riscv_0_0_...]
Compiling architecture structure of entity xil_defaultlib.mbv_system_microblaze_riscv_0_0_MB_MUXCY_384 [mbv_system_microblaze_riscv_0_0_...]
Compiling architecture structure of entity xil_defaultlib.mbv_system_microblaze_riscv_0_0_carry_and_375 [mbv_system_microblaze_riscv_0_0_...]
Compiling architecture structure of entity xil_defaultlib.mbv_system_microblaze_riscv_0_0_MB_MUXCY_383 [mbv_system_microblaze_riscv_0_0_...]
Compiling architecture structure of entity xil_defaultlib.mbv_system_microblaze_riscv_0_0_carry_and_376 [mbv_system_microblaze_riscv_0_0_...]
Compiling architecture structure of entity xil_defaultlib.mbv_system_microblaze_riscv_0_0_MB_MUXCY_382 [mbv_system_microblaze_riscv_0_0_...]
Compiling architecture structure of entity xil_defaultlib.mbv_system_microblaze_riscv_0_0_carry_and_377 [mbv_system_microblaze_riscv_0_0_...]
Compiling architecture structure of entity xil_defaultlib.mbv_system_microblaze_riscv_0_0_MB_MUXCY_381 [mbv_system_microblaze_riscv_0_0_...]
Compiling architecture structure of entity xil_defaultlib.mbv_system_microblaze_riscv_0_0_carry_and_378 [mbv_system_microblaze_riscv_0_0_...]
Compiling architecture structure of entity xil_defaultlib.mbv_system_microblaze_riscv_0_0_MB_MUXCY_380 [mbv_system_microblaze_riscv_0_0_...]
Compiling architecture structure of entity xil_defaultlib.mbv_system_microblaze_riscv_0_0_carry_and_379 [mbv_system_microblaze_riscv_0_0_...]
Compiling architecture structure of entity xil_defaultlib.\mbv_system_microblaze_riscv_0_0_carry_compare__parameterized2_254\ [\mbv_system_microblaze_riscv_0_0...]
Compiling architecture lut6_v of entity unisim.LUT6 [\LUT6(init="10001000100000001111...]
Compiling architecture structure of entity xil_defaultlib.mbv_system_microblaze_riscv_0_0_MB_MUXCY_368 [mbv_system_microblaze_riscv_0_0_...]
Compiling architecture structure of entity xil_defaultlib.mbv_system_microblaze_riscv_0_0_carry_and_347 [mbv_system_microblaze_riscv_0_0_...]
Compiling architecture structure of entity xil_defaultlib.mbv_system_microblaze_riscv_0_0_MB_MUXCY_367 [mbv_system_microblaze_riscv_0_0_...]
Compiling architecture structure of entity xil_defaultlib.mbv_system_microblaze_riscv_0_0_carry_and_348 [mbv_system_microblaze_riscv_0_0_...]
Compiling architecture structure of entity xil_defaultlib.mbv_system_microblaze_riscv_0_0_MB_MUXCY_366 [mbv_system_microblaze_riscv_0_0_...]
Compiling architecture structure of entity xil_defaultlib.mbv_system_microblaze_riscv_0_0_carry_and_349 [mbv_system_microblaze_riscv_0_0_...]
Compiling architecture structure of entity xil_defaultlib.mbv_system_microblaze_riscv_0_0_MB_MUXCY_365 [mbv_system_microblaze_riscv_0_0_...]
Compiling architecture structure of entity xil_defaultlib.mbv_system_microblaze_riscv_0_0_carry_and_350 [mbv_system_microblaze_riscv_0_0_...]
Compiling architecture structure of entity xil_defaultlib.mbv_system_microblaze_riscv_0_0_MB_MUXCY_364 [mbv_system_microblaze_riscv_0_0_...]
Compiling architecture structure of entity xil_defaultlib.mbv_system_microblaze_riscv_0_0_carry_and_351 [mbv_system_microblaze_riscv_0_0_...]
Compiling architecture structure of entity xil_defaultlib.mbv_system_microblaze_riscv_0_0_MB_MUXCY_363 [mbv_system_microblaze_riscv_0_0_...]
Compiling architecture structure of entity xil_defaultlib.mbv_system_microblaze_riscv_0_0_carry_and_352 [mbv_system_microblaze_riscv_0_0_...]
Compiling architecture structure of entity xil_defaultlib.mbv_system_microblaze_riscv_0_0_MB_MUXCY_362 [mbv_system_microblaze_riscv_0_0_...]
Compiling architecture structure of entity xil_defaultlib.mbv_system_microblaze_riscv_0_0_carry_and_353 [mbv_system_microblaze_riscv_0_0_...]
Compiling architecture structure of entity xil_defaultlib.mbv_system_microblaze_riscv_0_0_MB_MUXCY_361 [mbv_system_microblaze_riscv_0_0_...]
Compiling architecture structure of entity xil_defaultlib.mbv_system_microblaze_riscv_0_0_carry_and_354 [mbv_system_microblaze_riscv_0_0_...]
Compiling architecture structure of entity xil_defaultlib.mbv_system_microblaze_riscv_0_0_MB_MUXCY_360 [mbv_system_microblaze_riscv_0_0_...]
Compiling architecture structure of entity xil_defaultlib.mbv_system_microblaze_riscv_0_0_carry_and_355 [mbv_system_microblaze_riscv_0_0_...]
Compiling architecture structure of entity xil_defaultlib.mbv_system_microblaze_riscv_0_0_MB_MUXCY_359 [mbv_system_microblaze_riscv_0_0_...]
Compiling architecture structure of entity xil_defaultlib.mbv_system_microblaze_riscv_0_0_carry_and_356 [mbv_system_microblaze_riscv_0_0_...]
Compiling architecture structure of entity xil_defaultlib.mbv_system_microblaze_riscv_0_0_MB_MUXCY_358 [mbv_system_microblaze_riscv_0_0_...]
Compiling architecture structure of entity xil_defaultlib.mbv_system_microblaze_riscv_0_0_carry_and_357 [mbv_system_microblaze_riscv_0_0_...]
Compiling architecture structure of entity xil_defaultlib.\mbv_system_microblaze_riscv_0_0_carry_compare__parameterized2_255\ [\mbv_system_microblaze_riscv_0_0...]
Compiling architecture structure of entity xil_defaultlib.mbv_system_microblaze_riscv_0_0_MB_MUXCY_346 [mbv_system_microblaze_riscv_0_0_...]
Compiling architecture structure of entity xil_defaultlib.mbv_system_microblaze_riscv_0_0_carry_and_325 [mbv_system_microblaze_riscv_0_0_...]
Compiling architecture structure of entity xil_defaultlib.mbv_system_microblaze_riscv_0_0_MB_MUXCY_345 [mbv_system_microblaze_riscv_0_0_...]
Compiling architecture structure of entity xil_defaultlib.mbv_system_microblaze_riscv_0_0_carry_and_326 [mbv_system_microblaze_riscv_0_0_...]
Compiling architecture structure of entity xil_defaultlib.mbv_system_microblaze_riscv_0_0_MB_MUXCY_344 [mbv_system_microblaze_riscv_0_0_...]
Compiling architecture structure of entity xil_defaultlib.mbv_system_microblaze_riscv_0_0_carry_and_327 [mbv_system_microblaze_riscv_0_0_...]
Compiling architecture structure of entity xil_defaultlib.mbv_system_microblaze_riscv_0_0_MB_MUXCY_343 [mbv_system_microblaze_riscv_0_0_...]
Compiling architecture structure of entity xil_defaultlib.mbv_system_microblaze_riscv_0_0_carry_and_328 [mbv_system_microblaze_riscv_0_0_...]
Compiling architecture structure of entity xil_defaultlib.mbv_system_microblaze_riscv_0_0_MB_MUXCY_342 [mbv_system_microblaze_riscv_0_0_...]
Compiling architecture structure of entity xil_defaultlib.mbv_system_microblaze_riscv_0_0_carry_and_329 [mbv_system_microblaze_riscv_0_0_...]
Compiling architecture structure of entity xil_defaultlib.mbv_system_microblaze_riscv_0_0_MB_MUXCY_341 [mbv_system_microblaze_riscv_0_0_...]
Compiling architecture structure of entity xil_defaultlib.mbv_system_microblaze_riscv_0_0_carry_and_330 [mbv_system_microblaze_riscv_0_0_...]
Compiling architecture structure of entity xil_defaultlib.mbv_system_microblaze_riscv_0_0_MB_MUXCY_340 [mbv_system_microblaze_riscv_0_0_...]
Compiling architecture structure of entity xil_defaultlib.mbv_system_microblaze_riscv_0_0_carry_and_331 [mbv_system_microblaze_riscv_0_0_...]
Compiling architecture structure of entity xil_defaultlib.mbv_system_microblaze_riscv_0_0_MB_MUXCY_339 [mbv_system_microblaze_riscv_0_0_...]
Compiling architecture structure of entity xil_defaultlib.mbv_system_microblaze_riscv_0_0_carry_and_332 [mbv_system_microblaze_riscv_0_0_...]
Compiling architecture structure of entity xil_defaultlib.mbv_system_microblaze_riscv_0_0_MB_MUXCY_338 [mbv_system_microblaze_riscv_0_0_...]
Compiling architecture structure of entity xil_defaultlib.mbv_system_microblaze_riscv_0_0_carry_and_333 [mbv_system_microblaze_riscv_0_0_...]
Compiling architecture structure of entity xil_defaultlib.mbv_system_microblaze_riscv_0_0_MB_MUXCY_337 [mbv_system_microblaze_riscv_0_0_...]
Compiling architecture structure of entity xil_defaultlib.mbv_system_microblaze_riscv_0_0_carry_and_334 [mbv_system_microblaze_riscv_0_0_...]
Compiling architecture structure of entity xil_defaultlib.mbv_system_microblaze_riscv_0_0_MB_MUXCY_336 [mbv_system_microblaze_riscv_0_0_...]
Compiling architecture structure of entity xil_defaultlib.mbv_system_microblaze_riscv_0_0_carry_and_335 [mbv_system_microblaze_riscv_0_0_...]
Compiling architecture structure of entity xil_defaultlib.\mbv_system_microblaze_riscv_0_0_carry_compare__parameterized2_256\ [\mbv_system_microblaze_riscv_0_0...]
Compiling architecture lut6_v of entity unisim.LUT6 [\LUT6(init="11111111111111111101...]
Compiling architecture structure of entity xil_defaultlib.mbv_system_microblaze_riscv_0_0_MB_MUXCY_324 [mbv_system_microblaze_riscv_0_0_...]
Compiling architecture structure of entity xil_defaultlib.mbv_system_microblaze_riscv_0_0_carry_and_303 [mbv_system_microblaze_riscv_0_0_...]
Compiling architecture structure of entity xil_defaultlib.mbv_system_microblaze_riscv_0_0_MB_MUXCY_323 [mbv_system_microblaze_riscv_0_0_...]
Compiling architecture structure of entity xil_defaultlib.mbv_system_microblaze_riscv_0_0_carry_and_304 [mbv_system_microblaze_riscv_0_0_...]
Compiling architecture structure of entity xil_defaultlib.mbv_system_microblaze_riscv_0_0_MB_MUXCY_322 [mbv_system_microblaze_riscv_0_0_...]
Compiling architecture structure of entity xil_defaultlib.mbv_system_microblaze_riscv_0_0_carry_and_305 [mbv_system_microblaze_riscv_0_0_...]
Compiling architecture structure of entity xil_defaultlib.mbv_system_microblaze_riscv_0_0_MB_MUXCY_321 [mbv_system_microblaze_riscv_0_0_...]
Compiling architecture structure of entity xil_defaultlib.mbv_system_microblaze_riscv_0_0_carry_and_306 [mbv_system_microblaze_riscv_0_0_...]
Compiling architecture structure of entity xil_defaultlib.mbv_system_microblaze_riscv_0_0_MB_MUXCY_320 [mbv_system_microblaze_riscv_0_0_...]
Compiling architecture structure of entity xil_defaultlib.mbv_system_microblaze_riscv_0_0_carry_and_307 [mbv_system_microblaze_riscv_0_0_...]
Compiling architecture structure of entity xil_defaultlib.mbv_system_microblaze_riscv_0_0_MB_MUXCY_319 [mbv_system_microblaze_riscv_0_0_...]
Compiling architecture structure of entity xil_defaultlib.mbv_system_microblaze_riscv_0_0_carry_and_308 [mbv_system_microblaze_riscv_0_0_...]
Compiling architecture structure of entity xil_defaultlib.mbv_system_microblaze_riscv_0_0_MB_MUXCY_318 [mbv_system_microblaze_riscv_0_0_...]
Compiling architecture structure of entity xil_defaultlib.mbv_system_microblaze_riscv_0_0_carry_and_309 [mbv_system_microblaze_riscv_0_0_...]
Compiling architecture structure of entity xil_defaultlib.mbv_system_microblaze_riscv_0_0_MB_MUXCY_317 [mbv_system_microblaze_riscv_0_0_...]
Compiling architecture structure of entity xil_defaultlib.mbv_system_microblaze_riscv_0_0_carry_and_310 [mbv_system_microblaze_riscv_0_0_...]
Compiling architecture structure of entity xil_defaultlib.mbv_system_microblaze_riscv_0_0_MB_MUXCY_316 [mbv_system_microblaze_riscv_0_0_...]
Compiling architecture structure of entity xil_defaultlib.mbv_system_microblaze_riscv_0_0_carry_and_311 [mbv_system_microblaze_riscv_0_0_...]
Compiling architecture structure of entity xil_defaultlib.mbv_system_microblaze_riscv_0_0_MB_MUXCY_315 [mbv_system_microblaze_riscv_0_0_...]
Compiling architecture structure of entity xil_defaultlib.mbv_system_microblaze_riscv_0_0_carry_and_312 [mbv_system_microblaze_riscv_0_0_...]
Compiling architecture structure of entity xil_defaultlib.mbv_system_microblaze_riscv_0_0_MB_MUXCY_314 [mbv_system_microblaze_riscv_0_0_...]
Compiling architecture structure of entity xil_defaultlib.mbv_system_microblaze_riscv_0_0_carry_and_313 [mbv_system_microblaze_riscv_0_0_...]
Compiling architecture structure of entity xil_defaultlib.\mbv_system_microblaze_riscv_0_0_carry_compare__parameterized2_257\ [\mbv_system_microblaze_riscv_0_0...]
Compiling architecture structure of entity xil_defaultlib.mbv_system_microblaze_riscv_0_0_MB_MUXCY_302 [mbv_system_microblaze_riscv_0_0_...]
Compiling architecture structure of entity xil_defaultlib.mbv_system_microblaze_riscv_0_0_carry_and_281 [mbv_system_microblaze_riscv_0_0_...]
Compiling architecture structure of entity xil_defaultlib.mbv_system_microblaze_riscv_0_0_MB_MUXCY_301 [mbv_system_microblaze_riscv_0_0_...]
Compiling architecture structure of entity xil_defaultlib.mbv_system_microblaze_riscv_0_0_carry_and_282 [mbv_system_microblaze_riscv_0_0_...]
Compiling architecture structure of entity xil_defaultlib.mbv_system_microblaze_riscv_0_0_MB_MUXCY_300 [mbv_system_microblaze_riscv_0_0_...]
Compiling architecture structure of entity xil_defaultlib.mbv_system_microblaze_riscv_0_0_carry_and_283 [mbv_system_microblaze_riscv_0_0_...]
Compiling architecture structure of entity xil_defaultlib.mbv_system_microblaze_riscv_0_0_MB_MUXCY_299 [mbv_system_microblaze_riscv_0_0_...]
Compiling architecture structure of entity xil_defaultlib.mbv_system_microblaze_riscv_0_0_carry_and_284 [mbv_system_microblaze_riscv_0_0_...]
Compiling architecture structure of entity xil_defaultlib.mbv_system_microblaze_riscv_0_0_MB_MUXCY_298 [mbv_system_microblaze_riscv_0_0_...]
Compiling architecture structure of entity xil_defaultlib.mbv_system_microblaze_riscv_0_0_carry_and_285 [mbv_system_microblaze_riscv_0_0_...]
Compiling architecture structure of entity xil_defaultlib.mbv_system_microblaze_riscv_0_0_MB_MUXCY_297 [mbv_system_microblaze_riscv_0_0_...]
Compiling architecture structure of entity xil_defaultlib.mbv_system_microblaze_riscv_0_0_carry_and_286 [mbv_system_microblaze_riscv_0_0_...]
Compiling architecture structure of entity xil_defaultlib.mbv_system_microblaze_riscv_0_0_MB_MUXCY_296 [mbv_system_microblaze_riscv_0_0_...]
Compiling architecture structure of entity xil_defaultlib.mbv_system_microblaze_riscv_0_0_carry_and_287 [mbv_system_microblaze_riscv_0_0_...]
Compiling architecture structure of entity xil_defaultlib.mbv_system_microblaze_riscv_0_0_MB_MUXCY_295 [mbv_system_microblaze_riscv_0_0_...]
Compiling architecture structure of entity xil_defaultlib.mbv_system_microblaze_riscv_0_0_carry_and_288 [mbv_system_microblaze_riscv_0_0_...]
Compiling architecture structure of entity xil_defaultlib.mbv_system_microblaze_riscv_0_0_MB_MUXCY_294 [mbv_system_microblaze_riscv_0_0_...]
Compiling architecture structure of entity xil_defaultlib.mbv_system_microblaze_riscv_0_0_carry_and_289 [mbv_system_microblaze_riscv_0_0_...]
Compiling architecture structure of entity xil_defaultlib.mbv_system_microblaze_riscv_0_0_MB_MUXCY_293 [mbv_system_microblaze_riscv_0_0_...]
Compiling architecture structure of entity xil_defaultlib.mbv_system_microblaze_riscv_0_0_carry_and_290 [mbv_system_microblaze_riscv_0_0_...]
Compiling architecture structure of entity xil_defaultlib.mbv_system_microblaze_riscv_0_0_MB_MUXCY_292 [mbv_system_microblaze_riscv_0_0_...]
Compiling architecture structure of entity xil_defaultlib.mbv_system_microblaze_riscv_0_0_carry_and_291 [mbv_system_microblaze_riscv_0_0_...]
Compiling architecture structure of entity xil_defaultlib.\mbv_system_microblaze_riscv_0_0_carry_compare__parameterized2_258\ [\mbv_system_microblaze_riscv_0_0...]
Compiling architecture structure of entity xil_defaultlib.mbv_system_microblaze_riscv_0_0_MB_MUXCY_280 [mbv_system_microblaze_riscv_0_0_...]
Compiling architecture structure of entity xil_defaultlib.mbv_system_microblaze_riscv_0_0_carry_and [mbv_system_microblaze_riscv_0_0_...]
Compiling architecture structure of entity xil_defaultlib.mbv_system_microblaze_riscv_0_0_MB_MUXCY_279 [mbv_system_microblaze_riscv_0_0_...]
Compiling architecture structure of entity xil_defaultlib.mbv_system_microblaze_riscv_0_0_carry_and_260 [mbv_system_microblaze_riscv_0_0_...]
Compiling architecture structure of entity xil_defaultlib.mbv_system_microblaze_riscv_0_0_MB_MUXCY_278 [mbv_system_microblaze_riscv_0_0_...]
Compiling architecture structure of entity xil_defaultlib.mbv_system_microblaze_riscv_0_0_carry_and_261 [mbv_system_microblaze_riscv_0_0_...]
Compiling architecture structure of entity xil_defaultlib.mbv_system_microblaze_riscv_0_0_MB_MUXCY_277 [mbv_system_microblaze_riscv_0_0_...]
Compiling architecture structure of entity xil_defaultlib.mbv_system_microblaze_riscv_0_0_carry_and_262 [mbv_system_microblaze_riscv_0_0_...]
Compiling architecture structure of entity xil_defaultlib.mbv_system_microblaze_riscv_0_0_MB_MUXCY_276 [mbv_system_microblaze_riscv_0_0_...]
Compiling architecture structure of entity xil_defaultlib.mbv_system_microblaze_riscv_0_0_carry_and_263 [mbv_system_microblaze_riscv_0_0_...]
Compiling architecture structure of entity xil_defaultlib.mbv_system_microblaze_riscv_0_0_MB_MUXCY_275 [mbv_system_microblaze_riscv_0_0_...]
Compiling architecture structure of entity xil_defaultlib.mbv_system_microblaze_riscv_0_0_carry_and_264 [mbv_system_microblaze_riscv_0_0_...]
Compiling architecture structure of entity xil_defaultlib.mbv_system_microblaze_riscv_0_0_MB_MUXCY_274 [mbv_system_microblaze_riscv_0_0_...]
Compiling architecture structure of entity xil_defaultlib.mbv_system_microblaze_riscv_0_0_carry_and_265 [mbv_system_microblaze_riscv_0_0_...]
Compiling architecture structure of entity xil_defaultlib.mbv_system_microblaze_riscv_0_0_MB_MUXCY_273 [mbv_system_microblaze_riscv_0_0_...]
Compiling architecture structure of entity xil_defaultlib.mbv_system_microblaze_riscv_0_0_carry_and_266 [mbv_system_microblaze_riscv_0_0_...]
Compiling architecture structure of entity xil_defaultlib.mbv_system_microblaze_riscv_0_0_MB_MUXCY_272 [mbv_system_microblaze_riscv_0_0_...]
Compiling architecture structure of entity xil_defaultlib.mbv_system_microblaze_riscv_0_0_carry_and_267 [mbv_system_microblaze_riscv_0_0_...]
Compiling architecture structure of entity xil_defaultlib.mbv_system_microblaze_riscv_0_0_MB_MUXCY_271 [mbv_system_microblaze_riscv_0_0_...]
Compiling architecture structure of entity xil_defaultlib.mbv_system_microblaze_riscv_0_0_carry_and_268 [mbv_system_microblaze_riscv_0_0_...]
Compiling architecture structure of entity xil_defaultlib.mbv_system_microblaze_riscv_0_0_MB_MUXCY_270 [mbv_system_microblaze_riscv_0_0_...]
Compiling architecture structure of entity xil_defaultlib.mbv_system_microblaze_riscv_0_0_carry_and_269 [mbv_system_microblaze_riscv_0_0_...]
Compiling architecture structure of entity xil_defaultlib.\mbv_system_microblaze_riscv_0_0_carry_compare__parameterized2_259\ [\mbv_system_microblaze_riscv_0_0...]
Compiling architecture lut6_v of entity unisim.LUT6 [\LUT6(init="11111111000000001111...]
Compiling architecture lut6_v of entity unisim.LUT6 [\LUT6(init="11110000111100001111...]
Compiling architecture lut6_v of entity unisim.LUT6 [\LUT6(init="11111111111111110000...]
Compiling architecture lut6_v of entity unisim.LUT6 [\LUT6(init="11110000111100001111...]
Compiling architecture lut6_v of entity unisim.LUT6 [\LUT6(init="11111111111111110000...]
Compiling architecture lut6_v of entity unisim.LUT6 [\LUT6(init="11111111111111111111...]
Compiling architecture lut6_v of entity unisim.LUT6 [\LUT6(init="11111111111011111111...]
Compiling architecture lut6_v of entity unisim.LUT6 [\LUT6(init="11111111000000001111...]
Compiling architecture lut6_v of entity unisim.LUT6 [\LUT6(init="11111111101111111111...]
Compiling architecture lut6_v of entity unisim.LUT6 [\LUT6(init="11111111111111110000...]
Compiling architecture lut6_v of entity unisim.LUT6 [\LUT6(init="00000000000000000000...]
Compiling architecture lut6_v of entity unisim.LUT6 [\LUT6(init="10101010101010101010...]
Compiling architecture lut6_v of entity unisim.LUT6 [\LUT6(init="11111111111000100000...]
Compiling architecture lut6_v of entity unisim.LUT6 [\LUT6(init="10101000000000001111...]
Compiling architecture lut5_v of entity unisim.LUT5 [\LUT5(init="10011111100100001001...]
Compiling architecture lut5_v of entity unisim.LUT5 [\LUT5(init="00101111001000000010...]
Compiling architecture lut6_v of entity unisim.LUT6 [\LUT6(init="10001000100010001011...]
Compiling architecture lut6_v of entity unisim.LUT6 [\LUT6(init="10100000101000001100...]
Compiling architecture lut5_v of entity unisim.LUT5 [\LUT5(init="10101111101000001100...]
Compiling architecture lut5_v of entity unisim.LUT5 [\LUT5(init="01001111010000000100...]
Compiling architecture structure of entity xil_defaultlib.mbv_system_microblaze_riscv_0_0_trigger [mbv_system_microblaze_riscv_0_0_...]
Compiling architecture lut6_v of entity unisim.LUT6 [\LUT6(init="11110011101000101111...]
Compiling architecture lut6_v of entity unisim.LUT6 [\LUT6(init="01010101010101011111...]
Compiling architecture lut6_v of entity unisim.LUT6 [\LUT6(init="00000000000000000000...]
Compiling architecture lut6_v of entity unisim.LUT6 [\LUT6(init="11111111000000001111...]
Compiling architecture structure of entity xil_defaultlib.mbv_system_microblaze_riscv_0_0_debug_stat_counter [mbv_system_microblaze_riscv_0_0_...]
Compiling architecture lut6_v of entity unisim.LUT6 [\LUT6(init="11111000000000001111...]
Compiling architecture lut6_v of entity unisim.LUT6 [\LUT6(init="00000000000000000000...]
Compiling architecture lut5_v of entity unisim.LUT5 [\LUT5(init="11111101110111010000...]
Compiling architecture lut6_v of entity unisim.LUT6 [\LUT6(init="10000000000000001000...]
Compiling architecture lut6_v of entity unisim.LUT6 [\LUT6(init="10101111101011111010...]
Compiling architecture lut5_v of entity unisim.LUT5 [\LUT5(init="11111110111011101111...]
Compiling architecture lut6_v of entity unisim.LUT6 [\LUT6(init="00000000000000000000...]
Compiling architecture lut5_v of entity unisim.LUT5 [\LUT5(init="11111100111111011111...]
Compiling architecture structure of entity xil_defaultlib.mbv_system_microblaze_riscv_0_0_debug_stat_counter_218 [mbv_system_microblaze_riscv_0_0_...]
Compiling architecture lut5_v of entity unisim.LUT5 [\LUT5(init="11111000000000001000...]
Compiling architecture lut6_v of entity unisim.LUT6 [\LUT6(init="01000000010000001111...]
Compiling architecture lut6_v of entity unisim.LUT6 [\LUT6(init="10101010101010101010...]
Compiling architecture lut6_v of entity unisim.LUT6 [\LUT6(init="10000000000000001000...]
Compiling architecture lut6_v of entity unisim.LUT6 [\LUT6(init="11111111111111101111...]
Compiling architecture lut6_v of entity unisim.LUT6 [\LUT6(init="11111111111111111111...]
Compiling architecture structure of entity xil_defaultlib.mbv_system_microblaze_riscv_0_0_debug_stat_counter_219 [mbv_system_microblaze_riscv_0_0_...]
Compiling architecture lut6_v of entity unisim.LUT6 [\LUT6(init="01110101000000001111...]
Compiling architecture lut6_v of entity unisim.LUT6 [\LUT6(init="10001000100000000000...]
Compiling architecture lut6_v of entity unisim.LUT6 [\LUT6(init="00000000111111111111...]
Compiling architecture lut3_v of entity unisim.LUT3 [\LUT3(init="11001010")(0,7)\]
Compiling architecture lut6_v of entity unisim.LUT6 [\LUT6(init="00000000000000000000...]
Compiling architecture lut6_v of entity unisim.LUT6 [\LUT6(init="00000001000000010000...]
Compiling architecture lut6_v of entity unisim.LUT6 [\LUT6(init="00000000000000000000...]
Compiling architecture lut6_v of entity unisim.LUT6 [\LUT6(init="00000000111100001000...]
Compiling architecture structure of entity xil_defaultlib.mbv_system_microblaze_riscv_0_0_debug_stat_counter_220 [mbv_system_microblaze_riscv_0_0_...]
Compiling architecture lut6_v of entity unisim.LUT6 [\LUT6(init="10101010101000001010...]
Compiling architecture lut5_v of entity unisim.LUT5 [\LUT5(init="10001000100010000000...]
Compiling architecture lut6_v of entity unisim.LUT6 [\LUT6(init="10111000100010000011...]
Compiling architecture lut6_v of entity unisim.LUT6 [\LUT6(init="10001000101110000011...]
Compiling architecture lut5_v of entity unisim.LUT5 [\LUT5(init="11111111111111111111...]
Compiling architecture lut5_v of entity unisim.LUT5 [\LUT5(init="10001011001100111000...]
Compiling architecture lut6_v of entity unisim.LUT6 [\LUT6(init="10100000100000000000...]
Compiling architecture lut6_v of entity unisim.LUT6 [\LUT6(init="00000000000000001010...]
Compiling architecture lut5_v of entity unisim.LUT5 [\LUT5(init="00111010111100000011...]
Compiling architecture lut6_v of entity unisim.LUT6 [\LUT6(init="10001000100010001011...]
Compiling architecture lut5_v of entity unisim.LUT5 [\LUT5(init="10111010101111111000...]
Compiling architecture lut6_v of entity unisim.LUT6 [\LUT6(init="11111111111111111111...]
Compiling architecture lut6_v of entity unisim.LUT6 [\LUT6(init="11111000000000001111...]
Compiling architecture lut6_v of entity unisim.LUT6 [\LUT6(init="10111010101010101011...]
Compiling architecture lut5_v of entity unisim.LUT5 [\LUT5(init="00000000000000001111...]
Compiling architecture lut6_v of entity unisim.LUT6 [\LUT6(init="11111111111110001111...]
Compiling architecture structure of entity xil_defaultlib.mbv_system_microblaze_riscv_0_0_debug_stat_counter_221 [mbv_system_microblaze_riscv_0_0_...]
Compiling architecture lut6_v of entity unisim.LUT6 [\LUT6(init="11111111111111111111...]
Compiling architecture lut6_v of entity unisim.LUT6 [\LUT6(init="00001111000011110000...]
Compiling architecture lut5_v of entity unisim.LUT5 [\LUT5(init="00001111000011010000...]
Compiling architecture lut6_v of entity unisim.LUT6 [\LUT6(init="10100000101000001010...]
Compiling architecture lut6_v of entity unisim.LUT6 [\LUT6(init="11110100111111111111...]
Compiling architecture lut6_v of entity unisim.LUT6 [\LUT6(init="00000000000000001000...]
Compiling architecture lut4_v of entity unisim.LUT4 [\LUT4(init="1011111110101010")(0...]
Compiling architecture structure of entity xil_defaultlib.mbv_system_microblaze_riscv_0_0_debug_stat_counter_222 [mbv_system_microblaze_riscv_0_0_...]
Compiling architecture lut6_v of entity unisim.LUT6 [\LUT6(init="00000000000011110000...]
Compiling architecture lut6_v of entity unisim.LUT6 [\LUT6(init="00100000000000000000...]
Compiling architecture lut6_v of entity unisim.LUT6 [\LUT6(init="11000000110000001100...]
Compiling architecture lut6_v of entity unisim.LUT6 [\LUT6(init="10100010101000101010...]
Compiling architecture lut5_v of entity unisim.LUT5 [\LUT5(init="00001010000010101100...]
Compiling architecture lut6_v of entity unisim.LUT6 [\LUT6(init="11111111111111111111...]
Compiling architecture lut5_v of entity unisim.LUT5 [\LUT5(init="11101110010011111111...]
Compiling architecture lut5_v of entity unisim.LUT5 [\LUT5(init="00000000000000000000...]
Compiling architecture lut5_v of entity unisim.LUT5 [\LUT5(init="00000000101010101111...]
Compiling architecture lut5_v of entity unisim.LUT5 [\LUT5(init="01000111111111110100...]
Compiling architecture lut6_v of entity unisim.LUT6 [\LUT6(init="11111111000011111010...]
Compiling architecture lut5_v of entity unisim.LUT5 [\LUT5(init="01010101110000001010...]
Compiling architecture lut6_v of entity unisim.LUT6 [\LUT6(init="10111111111111111000...]
Compiling architecture lut6_v of entity unisim.LUT6 [\LUT6(init="00000000111111111101...]
Compiling architecture lut4_v of entity unisim.LUT4 [\LUT4(init="0010111100000010")(0...]
Compiling architecture lut6_v of entity unisim.LUT6 [\LUT6(init="00000101000001010000...]
Compiling architecture lut6_v of entity unisim.LUT6 [\LUT6(init="00100010001000000010...]
Compiling architecture structure of entity xil_defaultlib.\mbv_system_microblaze_riscv_0_0_debug_stat_counter__parameterized2\ [\mbv_system_microblaze_riscv_0_0...]
Compiling architecture lut6_v of entity unisim.LUT6 [\LUT6(init="00000000000000110000...]
Compiling architecture lut5_v of entity unisim.LUT5 [\LUT5(init="00001000101010000000...]
Compiling architecture lut6_v of entity unisim.LUT6 [\LUT6(init="00100010001000100000...]
Compiling architecture lut5_v of entity unisim.LUT5 [\LUT5(init="11000101000011111100...]
Compiling architecture lut4_v of entity unisim.LUT4 [\LUT4(init="1111111100011111")(0...]
Compiling architecture lut6_v of entity unisim.LUT6 [\LUT6(init="11101110111011101110...]
Compiling architecture lut5_v of entity unisim.LUT5 [\LUT5(init="01010101010000000100...]
Compiling architecture lut5_v of entity unisim.LUT5 [\LUT5(init="00000000000000000000...]
Compiling architecture lut6_v of entity unisim.LUT6 [\LUT6(init="10101010100010001010...]
Compiling architecture lut6_v of entity unisim.LUT6 [\LUT6(init="11111111111111111111...]
Compiling architecture structure of entity xil_defaultlib.\mbv_system_microblaze_riscv_0_0_debug_stat_counter__parameterized2_223\ [\mbv_system_microblaze_riscv_0_0...]
Compiling architecture lut5_v of entity unisim.LUT5 [\LUT5(init="11101010101010101010...]
Compiling architecture lut6_v of entity unisim.LUT6 [\LUT6(init="11111111111111111111...]
Compiling architecture lut3_v of entity unisim.LUT3 [\LUT3(init="11100010")(0,7)\]
Compiling architecture lut5_v of entity unisim.LUT5 [\LUT5(init="11111111111111110001...]
Compiling architecture lut5_v of entity unisim.LUT5 [\LUT5(init="11001100110001001100...]
Compiling architecture structure of entity xil_defaultlib.\mbv_system_microblaze_riscv_0_0_debug_stat_counter__parameterized2_224\ [\mbv_system_microblaze_riscv_0_0...]
Compiling architecture lut6_v of entity unisim.LUT6 [\LUT6(init="11111011101110111011...]
Compiling architecture lut6_v of entity unisim.LUT6 [\LUT6(init="11111111111011111111...]
Compiling architecture lut6_v of entity unisim.LUT6 [\LUT6(init="11111111111111111111...]
Compiling architecture lut6_v of entity unisim.LUT6 [\LUT6(init="11010000110100001101...]
Compiling architecture lut5_v of entity unisim.LUT5 [\LUT5(init="11111111111111111111...]
Compiling architecture lut5_v of entity unisim.LUT5 [\LUT5(init="00110000000000001000...]
Compiling architecture lut5_v of entity unisim.LUT5 [\LUT5(init="00001111000010000000...]
Compiling architecture lut6_v of entity unisim.LUT6 [\LUT6(init="11010000111111111101...]
Compiling architecture lut6_v of entity unisim.LUT6 [\LUT6(init="11111111111111111111...]
Compiling architecture lut6_v of entity unisim.LUT6 [\LUT6(init="00000000101110001111...]
Compiling architecture structure of entity xil_defaultlib.\mbv_system_microblaze_riscv_0_0_debug_stat_counter__parameterized2_225\ [\mbv_system_microblaze_riscv_0_0...]
Compiling architecture lut6_v of entity unisim.LUT6 [\LUT6(init="11111111111111111111...]
Compiling architecture lut6_v of entity unisim.LUT6 [\LUT6(init="00000001000000010000...]
Compiling architecture structure of entity xil_defaultlib.\mbv_system_microblaze_riscv_0_0_debug_stat_counter__parameterized2_226\ [\mbv_system_microblaze_riscv_0_0...]
Compiling architecture structure of entity xil_defaultlib.\mbv_system_microblaze_riscv_0_0_debug_stat_counter__parameterized2_227\ [\mbv_system_microblaze_riscv_0_0...]
Compiling architecture lut6_v of entity unisim.LUT6 [\LUT6(init="11111111111111111111...]
Compiling architecture structure of entity xil_defaultlib.\mbv_system_microblaze_riscv_0_0_debug_stat_counter__parameterized2_228\ [\mbv_system_microblaze_riscv_0_0...]
Compiling architecture lut5_v of entity unisim.LUT5 [\LUT5(init="11101110001011111111...]
Compiling architecture lut6_v of entity unisim.LUT6 [\LUT6(init="01110100011101111100...]
Compiling architecture lut6_v of entity unisim.LUT6 [\LUT6(init="11111111111111111111...]
Compiling architecture lut6_v of entity unisim.LUT6 [\LUT6(init="00000000000000000000...]
Compiling architecture structure of entity xil_defaultlib.\mbv_system_microblaze_riscv_0_0_debug_stat_counter__parameterized2_229\ [\mbv_system_microblaze_riscv_0_0...]
Compiling architecture lut6_v of entity unisim.LUT6 [\LUT6(init="11101110111011100100...]
Compiling architecture lut6_v of entity unisim.LUT6 [\LUT6(init="10001000100000000000...]
Compiling architecture structure of entity xil_defaultlib.mbv_system_microblaze_riscv_0_0_debug_stat_counter_230 [mbv_system_microblaze_riscv_0_0_...]
Compiling architecture lut6_v of entity unisim.LUT6 [\LUT6(init="10001000100010001000...]
Compiling architecture lut5_v of entity unisim.LUT5 [\LUT5(init="11111101111100001111...]
Compiling architecture lut6_v of entity unisim.LUT6 [\LUT6(init="11111111101010001010...]
Compiling architecture structure of entity xil_defaultlib.mbv_system_microblaze_riscv_0_0_debug_stat_counter_231 [mbv_system_microblaze_riscv_0_0_...]
Compiling architecture lut6_v of entity unisim.LUT6 [\LUT6(init="01000000000000000000...]
Compiling architecture lut6_v of entity unisim.LUT6 [\LUT6(init="00000111011101110000...]
Compiling architecture lut6_v of entity unisim.LUT6 [\LUT6(init="01011111010111110101...]
Compiling architecture lut6_v of entity unisim.LUT6 [\LUT6(init="10111011101110101010...]
Compiling architecture lut6_v of entity unisim.LUT6 [\LUT6(init="11111111111111111111...]
Compiling architecture lut6_v of entity unisim.LUT6 [\LUT6(init="10001000101010101000...]
Compiling architecture structure of entity xil_defaultlib.mbv_system_microblaze_riscv_0_0_debug_stat_counter_232 [mbv_system_microblaze_riscv_0_0_...]
Compiling architecture lut5_v of entity unisim.LUT5 [\LUT5(init="11110000000000100000...]
Compiling architecture lut6_v of entity unisim.LUT6 [\LUT6(init="00010001000100010001...]
Compiling architecture lut5_v of entity unisim.LUT5 [\LUT5(init="11101111101010101110...]
Compiling architecture lut6_v of entity unisim.LUT6 [\LUT6(init="11111111111111111111...]
Compiling architecture lut6_v of entity unisim.LUT6 [\LUT6(init="00000000000000000000...]
Compiling architecture lut6_v of entity unisim.LUT6 [\LUT6(init="11111111111111111111...]
Compiling architecture lut6_v of entity unisim.LUT6 [\LUT6(init="00000000000000001000...]
Compiling architecture lut6_v of entity unisim.LUT6 [\LUT6(init="00110000100010000011...]
Compiling architecture lut5_v of entity unisim.LUT5 [\LUT5(init="00000000000000000000...]
Compiling architecture lut6_v of entity unisim.LUT6 [\LUT6(init="00000000000000000000...]
Compiling architecture lut5_v of entity unisim.LUT5 [\LUT5(init="10001000000000001000...]
Compiling architecture structure of entity xil_defaultlib.mbv_system_microblaze_riscv_0_0_debug_stat_counter_233 [mbv_system_microblaze_riscv_0_0_...]
Compiling architecture lut6_v of entity unisim.LUT6 [\LUT6(init="11101110111011101110...]
Compiling architecture lut6_v of entity unisim.LUT6 [\LUT6(init="11111111111111111111...]
Compiling architecture structure of entity xil_defaultlib.mbv_system_microblaze_riscv_0_0_debug_stat_counter_234 [mbv_system_microblaze_riscv_0_0_...]
Compiling architecture lut6_v of entity unisim.LUT6 [\LUT6(init="00000000000000001010...]
Compiling architecture lut6_v of entity unisim.LUT6 [\LUT6(init="11111111111111111110...]
Compiling architecture lut6_v of entity unisim.LUT6 [\LUT6(init="11000000110001001100...]
Compiling architecture lut6_v of entity unisim.LUT6 [\LUT6(init="00000000000000001000...]
Compiling architecture lut6_v of entity unisim.LUT6 [\LUT6(init="00000000000000000000...]
Compiling architecture structure of entity xil_defaultlib.mbv_system_microblaze_riscv_0_0_debug_stat_counter_235 [mbv_system_microblaze_riscv_0_0_...]
Compiling architecture lut6_v of entity unisim.LUT6 [\LUT6(init="11110000111111111111...]
Compiling architecture lut6_v of entity unisim.LUT6 [\LUT6(init="11111111111111111111...]
Compiling architecture lut6_v of entity unisim.LUT6 [\LUT6(init="11111111111111111111...]
Compiling architecture lut6_v of entity unisim.LUT6 [\LUT6(init="10001000000000101000...]
Compiling architecture structure of entity xil_defaultlib.mbv_system_microblaze_riscv_0_0_debug_stat_counter_236 [mbv_system_microblaze_riscv_0_0_...]
Compiling architecture lut6_v of entity unisim.LUT6 [\LUT6(init="11111110111111101111...]
Compiling architecture lut6_v of entity unisim.LUT6 [\LUT6(init="11111111111111111111...]
Compiling architecture lut6_v of entity unisim.LUT6 [\LUT6(init="10100000101000000000...]
Compiling architecture lut6_v of entity unisim.LUT6 [\LUT6(init="00000000000000000000...]
Compiling architecture lut6_v of entity unisim.LUT6 [\LUT6(init="11110000111111111111...]
Compiling architecture lut5_v of entity unisim.LUT5 [\LUT5(init="00110101000000001111...]
Compiling architecture lut5_v of entity unisim.LUT5 [\LUT5(init="00111000000010000000...]
Compiling architecture lut5_v of entity unisim.LUT5 [\LUT5(init="11110000000000000000...]
Compiling architecture lut6_v of entity unisim.LUT6 [\LUT6(init="00000000000000000000...]
Compiling architecture structure of entity xil_defaultlib.mbv_system_microblaze_riscv_0_0_HW_Perf_Mon [mbv_system_microblaze_riscv_0_0_...]
Compiling architecture lut4_v of entity unisim.LUT4 [\LUT4(init="1011100001000111")(0...]
Compiling architecture structure of entity xil_defaultlib.mbv_system_microblaze_riscv_0_0_MB_MUXCY [mbv_system_microblaze_riscv_0_0_...]
Compiling architecture structure of entity xil_defaultlib.mbv_system_microblaze_riscv_0_0_MB_MUXCY_211 [mbv_system_microblaze_riscv_0_0_...]
Compiling architecture structure of entity xil_defaultlib.mbv_system_microblaze_riscv_0_0_MB_MUXCY_212 [mbv_system_microblaze_riscv_0_0_...]
Compiling architecture structure of entity xil_defaultlib.mbv_system_microblaze_riscv_0_0_MB_MUXCY_213 [mbv_system_microblaze_riscv_0_0_...]
Compiling architecture lut5_v of entity unisim.LUT5 [\LUT5(init="10101010101010101010...]
Compiling architecture lut6_v of entity unisim.LUT6 [\LUT6(init="10101010101010101010...]
Compiling architecture lut5_v of entity unisim.LUT5 [\LUT5(init="01011001010101010101...]
Compiling architecture lut6_v of entity unisim.LUT6 [\LUT6(init="10101010111010101010...]
Compiling architecture lut5_v of entity unisim.LUT5 [\LUT5(init="10111111101110111011...]
Compiling architecture structure of entity xil_defaultlib.mbv_system_microblaze_riscv_0_0_MB_MUXCY_214 [mbv_system_microblaze_riscv_0_0_...]
Compiling architecture structure of entity xil_defaultlib.mbv_system_microblaze_riscv_0_0_MB_MUXCY_215 [mbv_system_microblaze_riscv_0_0_...]
Compiling architecture lut6_v of entity unisim.LUT6 [\LUT6(init="11100010111000101111...]
Compiling architecture lut5_v of entity unisim.LUT5 [\LUT5(init="11111111111111111111...]
Compiling architecture structure of entity xil_defaultlib.mbv_system_microblaze_riscv_0_0_MB_MUXCY_216 [mbv_system_microblaze_riscv_0_0_...]
Compiling architecture structure of entity xil_defaultlib.mbv_system_microblaze_riscv_0_0_MB_MUXCY_217 [mbv_system_microblaze_riscv_0_0_...]
Compiling architecture lut5_v of entity unisim.LUT5 [\LUT5(init="10011010101010101010...]
Compiling architecture lut5_v of entity unisim.LUT5 [\LUT5(init="00000000000000001111...]
Compiling architecture lut6_v of entity unisim.LUT6 [\LUT6(init="11111111111111110000...]
Compiling architecture lut6_v of entity unisim.LUT6 [\LUT6(init="11110000111100001111...]
Compiling architecture lut5_v of entity unisim.LUT5 [\LUT5(init="10101010011010101010...]
Compiling architecture lut6_v of entity unisim.LUT6 [\LUT6(init="11111111000000001111...]
Compiling architecture lut6_v of entity unisim.LUT6 [\LUT6(init="11001100110011001100...]
Compiling architecture lut6_v of entity unisim.LUT6 [\LUT6(init="11001100010001000000...]
Compiling architecture lut5_v of entity unisim.LUT5 [\LUT5(init="10001000100000001000...]
Compiling architecture lut4_v of entity unisim.LUT4 [\LUT4(init="1100000010101010")(0...]
Compiling architecture lut6_v of entity unisim.LUT6 [\LUT6(init="00000000000000000000...]
Compiling architecture lut5_v of entity unisim.LUT5 [\LUT5(init="00000000000000001101...]
Compiling architecture lut6_v of entity unisim.LUT6 [\LUT6(init="00001010000010100010...]
Compiling architecture lut5_v of entity unisim.LUT5 [\LUT5(init="10001000100010001010...]
Compiling architecture lut6_v of entity unisim.LUT6 [\LUT6(init="11111111001000001010...]
Compiling architecture rb18_internal_vhdl_v of entity unisim.RB18_INTERNAL_VHDL [\RB18_INTERNAL_VHDL(bram_size=18...]
Compiling architecture ramb18e1_v of entity unisim.RAMB18E1 [\RAMB18E1(ram_mode="SDP",read_wi...]
Compiling architecture lut6_v of entity unisim.LUT6 [\LUT6(init="11111111011111111111...]
Compiling architecture lut5_v of entity unisim.LUT5 [\LUT5(init="10111111111111110100...]
Compiling architecture lut6_v of entity unisim.LUT6 [\LUT6(init="00000000111000101110...]
Compiling architecture lut6_v of entity unisim.LUT6 [\LUT6(init="00000000101011101010...]
Compiling architecture lut5_v of entity unisim.LUT5 [\LUT5(init="11011111111111111111...]
Compiling architecture lut5_v of entity unisim.LUT5 [\LUT5(init="11001010110010101111...]
Compiling architecture lut6_v of entity unisim.LUT6 [\LUT6(init="10110000000000001111...]
Compiling architecture lut6_v of entity unisim.LUT6 [\LUT6(init="11111111110011001100...]
Compiling architecture lut5_v of entity unisim.LUT5 [\LUT5(init="11100000000000000000...]
Compiling architecture lut6_v of entity unisim.LUT6 [\LUT6(init="00000000000000000000...]
Compiling architecture structure of entity xil_defaultlib.mbv_system_microblaze_riscv_0_0_Async_FIFO [mbv_system_microblaze_riscv_0_0_...]
Compiling architecture structure of entity xil_defaultlib.mbv_system_microblaze_riscv_0_0_MB_FDRE [mbv_system_microblaze_riscv_0_0_...]
Compiling architecture structure of entity xil_defaultlib.mbv_system_microblaze_riscv_0_0_MB_MUXCY_XORCY [mbv_system_microblaze_riscv_0_0_...]
Compiling architecture lut6_v of entity unisim.LUT6 [\LUT6(init="00000000000000001111...]
Compiling architecture lut4_v of entity unisim.LUT4 [\LUT4(init="1011100011111000")(0...]
Compiling architecture structure of entity xil_defaultlib.mbv_system_microblaze_riscv_0_0_MB_FDRE_16 [mbv_system_microblaze_riscv_0_0_...]
Compiling architecture structure of entity xil_defaultlib.mbv_system_microblaze_riscv_0_0_MB_MUXCY_XORCY_17 [mbv_system_microblaze_riscv_0_0_...]
Compiling architecture structure of entity xil_defaultlib.mbv_system_microblaze_riscv_0_0_MB_FDRE_18 [mbv_system_microblaze_riscv_0_0_...]
Compiling architecture structure of entity xil_defaultlib.mbv_system_microblaze_riscv_0_0_MB_MUXCY_XORCY_19 [mbv_system_microblaze_riscv_0_0_...]
Compiling architecture structure of entity xil_defaultlib.mbv_system_microblaze_riscv_0_0_MB_FDRE_20 [mbv_system_microblaze_riscv_0_0_...]
Compiling architecture structure of entity xil_defaultlib.mbv_system_microblaze_riscv_0_0_MB_MUXCY_XORCY_21 [mbv_system_microblaze_riscv_0_0_...]
Compiling architecture lut6_v of entity unisim.LUT6 [\LUT6(init="01110000011100000111...]
Compiling architecture lut6_v of entity unisim.LUT6 [\LUT6(init="11111111111111111111...]
Compiling architecture lut6_v of entity unisim.LUT6 [\LUT6(init="11111111111111111111...]
Compiling architecture lut6_v of entity unisim.LUT6 [\LUT6(init="11111111111111111111...]
Compiling architecture lut4_v of entity unisim.LUT4 [\LUT4(init="0000000000000111")(0...]
Compiling architecture lut6_v of entity unisim.LUT6 [\LUT6(init="10001010101010101010...]
Compiling architecture lut6_v of entity unisim.LUT6 [\LUT6(init="11111111111111111111...]
Compiling architecture lut6_v of entity unisim.LUT6 [\LUT6(init="00000000000000000000...]
Compiling architecture lut5_v of entity unisim.LUT5 [\LUT5(init="10101010101110101010...]
Compiling architecture lut5_v of entity unisim.LUT5 [\LUT5(init="11111110111011100000...]
Compiling architecture lut6_v of entity unisim.LUT6 [\LUT6(init="11111100000011000000...]
Compiling architecture lut6_v of entity unisim.LUT6 [\LUT6(init="10101010100000001010...]
Compiling architecture lut6_v of entity unisim.LUT6 [\LUT6(init="00000000000000000000...]
Compiling architecture lut5_v of entity unisim.LUT5 [\LUT5(init="00000000100000001000...]
Compiling architecture lut5_v of entity unisim.LUT5 [\LUT5(init="00001000100010000000...]
Compiling architecture lut6_v of entity unisim.LUT6 [\LUT6(init="11111111001011110010...]
Compiling architecture lut6_v of entity unisim.LUT6 [\LUT6(init="00000000000011000000...]
Compiling architecture lut5_v of entity unisim.LUT5 [\LUT5(init="11111110111011101010...]
Compiling architecture structure of entity xil_defaultlib.mbv_system_microblaze_riscv_0_0_MB_FDRE_22 [mbv_system_microblaze_riscv_0_0_...]
Compiling architecture lut4_v of entity unisim.LUT4 [\LUT4(init="1011001001001101")(0...]
Compiling architecture lut5_v of entity unisim.LUT5 [\LUT5(init="00000000011100011111...]
Compiling architecture lut6_v of entity unisim.LUT6 [\LUT6(init="00000000010011110000...]
Compiling architecture lut4_v of entity unisim.LUT4 [\LUT4(init="0100010101100100")(0...]
Compiling architecture lut6_v of entity unisim.LUT6 [\LUT6(init="11111111111111111110...]
Compiling architecture lut6_v of entity unisim.LUT6 [\LUT6(init="01011101111111110101...]
Compiling architecture lut6_v of entity unisim.LUT6 [\LUT6(init="01000100111100001111...]
Compiling architecture lut6_v of entity unisim.LUT6 [\LUT6(init="00010001010001000000...]
Compiling architecture lut6_v of entity unisim.LUT6 [\LUT6(init="11101111101010101110...]
Compiling architecture lut6_v of entity unisim.LUT6 [\LUT6(init="11111111111111111111...]
Compiling architecture lut6_v of entity unisim.LUT6 [\LUT6(init="11011101110111110000...]
Compiling architecture lut6_v of entity unisim.LUT6 [\LUT6(init="00000000000000011111...]
Compiling architecture lut6_v of entity unisim.LUT6 [\LUT6(init="11111111111111111111...]
Compiling architecture lut6_v of entity unisim.LUT6 [\LUT6(init="10101111111110101111...]
Compiling architecture lut4_v of entity unisim.LUT4 [\LUT4(init="0100111111111111")(0...]
Compiling architecture lut6_v of entity unisim.LUT6 [\LUT6(init="00001111111000011110...]
Compiling architecture lut6_v of entity unisim.LUT6 [\LUT6(init="11111111111111111111...]
Compiling architecture lut6_v of entity unisim.LUT6 [\LUT6(init="11111111111111111111...]
Compiling architecture lut5_v of entity unisim.LUT5 [\LUT5(init="00110011001100110111...]
Compiling architecture lut6_v of entity unisim.LUT6 [\LUT6(init="10001000100010001000...]
Compiling architecture structure of entity xil_defaultlib.mbv_system_microblaze_riscv_0_0_MB_SRL16E [mbv_system_microblaze_riscv_0_0_...]
Compiling architecture structure of entity xil_defaultlib.mbv_system_microblaze_riscv_0_0_MB_SRL16E_23 [mbv_system_microblaze_riscv_0_0_...]
Compiling architecture structure of entity xil_defaultlib.mbv_system_microblaze_riscv_0_0_MB_SRL16E_24 [mbv_system_microblaze_riscv_0_0_...]
Compiling architecture structure of entity xil_defaultlib.mbv_system_microblaze_riscv_0_0_MB_SRL16E_25 [mbv_system_microblaze_riscv_0_0_...]
Compiling architecture structure of entity xil_defaultlib.mbv_system_microblaze_riscv_0_0_MB_SRL16E_26 [mbv_system_microblaze_riscv_0_0_...]
Compiling architecture structure of entity xil_defaultlib.mbv_system_microblaze_riscv_0_0_MB_SRL16E_27 [mbv_system_microblaze_riscv_0_0_...]
Compiling architecture structure of entity xil_defaultlib.mbv_system_microblaze_riscv_0_0_MB_SRL16E_28 [mbv_system_microblaze_riscv_0_0_...]
Compiling architecture structure of entity xil_defaultlib.mbv_system_microblaze_riscv_0_0_MB_SRL16E_29 [mbv_system_microblaze_riscv_0_0_...]
Compiling architecture structure of entity xil_defaultlib.mbv_system_microblaze_riscv_0_0_MB_SRL16E_30 [mbv_system_microblaze_riscv_0_0_...]
Compiling architecture structure of entity xil_defaultlib.mbv_system_microblaze_riscv_0_0_MB_SRL16E_31 [mbv_system_microblaze_riscv_0_0_...]
Compiling architecture structure of entity xil_defaultlib.mbv_system_microblaze_riscv_0_0_MB_SRL16E_32 [mbv_system_microblaze_riscv_0_0_...]
Compiling architecture lut6_v of entity unisim.LUT6 [\LUT6(init="00100000001000000010...]
Compiling architecture lut6_v of entity unisim.LUT6 [\LUT6(init="11111111110110111111...]
Compiling architecture lut6_v of entity unisim.LUT6 [\LUT6(init="11011101111111010000...]
Compiling architecture structure of entity xil_defaultlib.mbv_system_microblaze_riscv_0_0_MB_SRL16E_33 [mbv_system_microblaze_riscv_0_0_...]
Compiling architecture structure of entity xil_defaultlib.mbv_system_microblaze_riscv_0_0_MB_SRL16E_34 [mbv_system_microblaze_riscv_0_0_...]
Compiling architecture structure of entity xil_defaultlib.mbv_system_microblaze_riscv_0_0_MB_SRL16E_35 [mbv_system_microblaze_riscv_0_0_...]
Compiling architecture structure of entity xil_defaultlib.mbv_system_microblaze_riscv_0_0_MB_SRL16E_36 [mbv_system_microblaze_riscv_0_0_...]
Compiling architecture structure of entity xil_defaultlib.mbv_system_microblaze_riscv_0_0_MB_SRL16E_37 [mbv_system_microblaze_riscv_0_0_...]
Compiling architecture structure of entity xil_defaultlib.mbv_system_microblaze_riscv_0_0_MB_SRL16E_38 [mbv_system_microblaze_riscv_0_0_...]
Compiling architecture structure of entity xil_defaultlib.mbv_system_microblaze_riscv_0_0_MB_SRL16E_39 [mbv_system_microblaze_riscv_0_0_...]
Compiling architecture structure of entity xil_defaultlib.mbv_system_microblaze_riscv_0_0_MB_SRL16E_40 [mbv_system_microblaze_riscv_0_0_...]
Compiling architecture structure of entity xil_defaultlib.mbv_system_microblaze_riscv_0_0_MB_SRL16E_41 [mbv_system_microblaze_riscv_0_0_...]
Compiling architecture structure of entity xil_defaultlib.mbv_system_microblaze_riscv_0_0_MB_SRL16E_42 [mbv_system_microblaze_riscv_0_0_...]
Compiling architecture structure of entity xil_defaultlib.mbv_system_microblaze_riscv_0_0_MB_SRL16E_43 [mbv_system_microblaze_riscv_0_0_...]
Compiling architecture lut6_v of entity unisim.LUT6 [\LUT6(init="01011001010101011010...]
Compiling architecture lut6_v of entity unisim.LUT6 [\LUT6(init="10101010101010101010...]
Compiling architecture lut6_v of entity unisim.LUT6 [\LUT6(init="00000000000000000000...]
Compiling architecture lut6_v of entity unisim.LUT6 [\LUT6(init="10101010101010111010...]
Compiling architecture lut5_v of entity unisim.LUT5 [\LUT5(init="00001000101010101010...]
Compiling architecture lut5_v of entity unisim.LUT5 [\LUT5(init="11111111111111111110...]
Compiling architecture lut5_v of entity unisim.LUT5 [\LUT5(init="00100010001000101010...]
Compiling architecture lut6_v of entity unisim.LUT6 [\LUT6(init="10111110110111111111...]
Compiling architecture lut5_v of entity unisim.LUT5 [\LUT5(init="00000001111111101111...]
Compiling architecture lut4_v of entity unisim.LUT4 [\LUT4(init="1010101001101010")(0...]
Compiling architecture lut6_v of entity unisim.LUT6 [\LUT6(init="10001000100010001000...]
Compiling architecture lut6_v of entity unisim.LUT6 [\LUT6(init="10101010101010101010...]
Compiling architecture lut6_v of entity unisim.LUT6 [\LUT6(init="10101010101010101010...]
Compiling architecture lut4_v of entity unisim.LUT4 [\LUT4(init="1010101010011010")(0...]
Compiling architecture lut6_v of entity unisim.LUT6 [\LUT6(init="11001111000011000100...]
Compiling architecture lut6_v of entity unisim.LUT6 [\LUT6(init="00110000100010101010...]
Compiling architecture lut6_v of entity unisim.LUT6 [\LUT6(init="01111000000111101000...]
Compiling architecture lut4_v of entity unisim.LUT4 [\LUT4(init="1010100101010110")(0...]
Compiling architecture lut5_v of entity unisim.LUT5 [\LUT5(init="01010101010101101010...]
Compiling architecture lut6_v of entity unisim.LUT6 [\LUT6(init="11110100010011110100...]
Compiling architecture lut6_v of entity unisim.LUT6 [\LUT6(init="00000000000000000000...]
Compiling architecture lut6_v of entity unisim.LUT6 [\LUT6(init="00100000001000100000...]
Compiling architecture lut6_v of entity unisim.LUT6 [\LUT6(init="10110000101110111011...]
Compiling architecture lut5_v of entity unisim.LUT5 [\LUT5(init="00000010000000001010...]
Compiling architecture lut6_v of entity unisim.LUT6 [\LUT6(init="10101010101010101010...]
Compiling architecture lut6_v of entity unisim.LUT6 [\LUT6(init="00000010000000000000...]
Compiling architecture lut6_v of entity unisim.LUT6 [\LUT6(init="11101110111111101110...]
Compiling architecture lut6_v of entity unisim.LUT6 [\LUT6(init="00000000000000000000...]
Compiling architecture lut4_v of entity unisim.LUT4 [\LUT4(init="1010100110101010")(0...]
Compiling architecture lut6_v of entity unisim.LUT6 [\LUT6(init="00110000111101010011...]
Compiling architecture lut5_v of entity unisim.LUT5 [\LUT5(init="01001101010001001101...]
Compiling architecture lut6_v of entity unisim.LUT6 [\LUT6(init="10101010101010001111...]
Compiling architecture lut5_v of entity unisim.LUT5 [\LUT5(init="10101000111111111010...]
Compiling architecture lut4_v of entity unisim.LUT4 [\LUT4(init="0000000101010001")(0...]
Compiling architecture lut4_v of entity unisim.LUT4 [\LUT4(init="1001111111111111")(0...]
Compiling architecture lut6_v of entity unisim.LUT6 [\LUT6(init="10001011101110001000...]
Compiling architecture lut6_v of entity unisim.LUT6 [\LUT6(init="10001011101110111011...]
Compiling architecture lut4_v of entity unisim.LUT4 [\LUT4(init="1010011010101010")(0...]
Compiling architecture lut5_v of entity unisim.LUT5 [\LUT5(init="11100001111111111110...]
Compiling architecture lut5_v of entity unisim.LUT5 [\LUT5(init="11111101110011010011...]
Compiling architecture lut6_v of entity unisim.LUT6 [\LUT6(init="11010101010101101111...]
Compiling architecture lut6_v of entity unisim.LUT6 [\LUT6(init="11111111111111111111...]
Compiling architecture lut6_v of entity unisim.LUT6 [\LUT6(init="00000000000000000000...]
Compiling architecture lut4_v of entity unisim.LUT4 [\LUT4(init="0111111010101010")(0...]
Compiling architecture lut6_v of entity unisim.LUT6 [\LUT6(init="10100110101010100101...]
Compiling architecture lut6_v of entity unisim.LUT6 [\LUT6(init="11111111111111111111...]
Compiling architecture lut6_v of entity unisim.LUT6 [\LUT6(init="00000000000000000000...]
Compiling architecture lut4_v of entity unisim.LUT4 [\LUT4(init="0111011101110100")(0...]
Compiling architecture lut6_v of entity unisim.LUT6 [\LUT6(init="10111000101110111011...]
Compiling architecture lut6_v of entity unisim.LUT6 [\LUT6(init="11111111111111110101...]
Compiling architecture lut6_v of entity unisim.LUT6 [\LUT6(init="11111111111111111111...]
Compiling architecture lut6_v of entity unisim.LUT6 [\LUT6(init="10101010101010011010...]
Compiling architecture structure of entity xil_defaultlib.mbv_system_microblaze_riscv_0_0_MB_SRL16E_44 [mbv_system_microblaze_riscv_0_0_...]
Compiling architecture structure of entity xil_defaultlib.mbv_system_microblaze_riscv_0_0_MB_SRL16E_45 [mbv_system_microblaze_riscv_0_0_...]
Compiling architecture structure of entity xil_defaultlib.mbv_system_microblaze_riscv_0_0_MB_SRL16E_46 [mbv_system_microblaze_riscv_0_0_...]
Compiling architecture structure of entity xil_defaultlib.mbv_system_microblaze_riscv_0_0_MB_SRL16E_47 [mbv_system_microblaze_riscv_0_0_...]
Compiling architecture structure of entity xil_defaultlib.mbv_system_microblaze_riscv_0_0_MB_SRL16E_48 [mbv_system_microblaze_riscv_0_0_...]
Compiling architecture structure of entity xil_defaultlib.mbv_system_microblaze_riscv_0_0_MB_SRL16E_49 [mbv_system_microblaze_riscv_0_0_...]
Compiling architecture structure of entity xil_defaultlib.mbv_system_microblaze_riscv_0_0_MB_SRL16E_50 [mbv_system_microblaze_riscv_0_0_...]
Compiling architecture structure of entity xil_defaultlib.mbv_system_microblaze_riscv_0_0_MB_SRL16E_51 [mbv_system_microblaze_riscv_0_0_...]
Compiling architecture structure of entity xil_defaultlib.mbv_system_microblaze_riscv_0_0_MB_SRL16E_52 [mbv_system_microblaze_riscv_0_0_...]
Compiling architecture structure of entity xil_defaultlib.mbv_system_microblaze_riscv_0_0_MB_SRL16E_53 [mbv_system_microblaze_riscv_0_0_...]
Compiling architecture structure of entity xil_defaultlib.mbv_system_microblaze_riscv_0_0_MB_SRL16E_54 [mbv_system_microblaze_riscv_0_0_...]
Compiling architecture lut6_v of entity unisim.LUT6 [\LUT6(init="11111111111111111001...]
Compiling architecture lut6_v of entity unisim.LUT6 [\LUT6(init="00000000000000000000...]
Compiling architecture structure of entity xil_defaultlib.mbv_system_microblaze_riscv_0_0_MB_SRL16E_55 [mbv_system_microblaze_riscv_0_0_...]
Compiling architecture structure of entity xil_defaultlib.mbv_system_microblaze_riscv_0_0_MB_SRL16E_56 [mbv_system_microblaze_riscv_0_0_...]
Compiling architecture structure of entity xil_defaultlib.mbv_system_microblaze_riscv_0_0_MB_SRL16E_57 [mbv_system_microblaze_riscv_0_0_...]
Compiling architecture structure of entity xil_defaultlib.mbv_system_microblaze_riscv_0_0_MB_SRL16E_58 [mbv_system_microblaze_riscv_0_0_...]
Compiling architecture structure of entity xil_defaultlib.mbv_system_microblaze_riscv_0_0_MB_SRL16E_59 [mbv_system_microblaze_riscv_0_0_...]
Compiling architecture structure of entity xil_defaultlib.mbv_system_microblaze_riscv_0_0_MB_SRL16E_60 [mbv_system_microblaze_riscv_0_0_...]
Compiling architecture structure of entity xil_defaultlib.mbv_system_microblaze_riscv_0_0_MB_SRL16E_61 [mbv_system_microblaze_riscv_0_0_...]
Compiling architecture structure of entity xil_defaultlib.mbv_system_microblaze_riscv_0_0_MB_SRL16E_62 [mbv_system_microblaze_riscv_0_0_...]
Compiling architecture structure of entity xil_defaultlib.mbv_system_microblaze_riscv_0_0_MB_SRL16E_63 [mbv_system_microblaze_riscv_0_0_...]
Compiling architecture structure of entity xil_defaultlib.mbv_system_microblaze_riscv_0_0_MB_SRL16E_64 [mbv_system_microblaze_riscv_0_0_...]
Compiling architecture structure of entity xil_defaultlib.mbv_system_microblaze_riscv_0_0_MB_SRL16E_65 [mbv_system_microblaze_riscv_0_0_...]
Compiling architecture lut6_v of entity unisim.LUT6 [\LUT6(init="10101010101010101010...]
Compiling architecture lut4_v of entity unisim.LUT4 [\LUT4(init="0000001010101010")(0...]
Compiling architecture lut6_v of entity unisim.LUT6 [\LUT6(init="00000000000000000000...]
Compiling architecture lut6_v of entity unisim.LUT6 [\LUT6(init="10101010101010101010...]
Compiling architecture lut6_v of entity unisim.LUT6 [\LUT6(init="00000011001111011101...]
Compiling architecture lut6_v of entity unisim.LUT6 [\LUT6(init="00000000000000000000...]
Compiling architecture lut6_v of entity unisim.LUT6 [\LUT6(init="10111011111110111010...]
Compiling architecture lut6_v of entity unisim.LUT6 [\LUT6(init="10111011001010111111...]
Compiling architecture structure of entity xil_defaultlib.mbv_system_microblaze_riscv_0_0_MB_SRL16E_66 [mbv_system_microblaze_riscv_0_0_...]
Compiling architecture structure of entity xil_defaultlib.mbv_system_microblaze_riscv_0_0_MB_SRL16E_67 [mbv_system_microblaze_riscv_0_0_...]
Compiling architecture structure of entity xil_defaultlib.mbv_system_microblaze_riscv_0_0_MB_SRL16E_68 [mbv_system_microblaze_riscv_0_0_...]
Compiling architecture structure of entity xil_defaultlib.mbv_system_microblaze_riscv_0_0_MB_SRL16E_69 [mbv_system_microblaze_riscv_0_0_...]
Compiling architecture structure of entity xil_defaultlib.mbv_system_microblaze_riscv_0_0_MB_SRL16E_70 [mbv_system_microblaze_riscv_0_0_...]
Compiling architecture structure of entity xil_defaultlib.mbv_system_microblaze_riscv_0_0_MB_SRL16E_71 [mbv_system_microblaze_riscv_0_0_...]
Compiling architecture structure of entity xil_defaultlib.mbv_system_microblaze_riscv_0_0_MB_SRL16E_72 [mbv_system_microblaze_riscv_0_0_...]
Compiling architecture structure of entity xil_defaultlib.mbv_system_microblaze_riscv_0_0_MB_SRL16E_73 [mbv_system_microblaze_riscv_0_0_...]
Compiling architecture structure of entity xil_defaultlib.mbv_system_microblaze_riscv_0_0_MB_SRL16E_74 [mbv_system_microblaze_riscv_0_0_...]
Compiling architecture structure of entity xil_defaultlib.mbv_system_microblaze_riscv_0_0_MB_SRL16E_75 [mbv_system_microblaze_riscv_0_0_...]
Compiling architecture structure of entity xil_defaultlib.mbv_system_microblaze_riscv_0_0_MB_SRL16E_76 [mbv_system_microblaze_riscv_0_0_...]
Compiling architecture lut6_v of entity unisim.LUT6 [\LUT6(init="10111110111110111111...]
Compiling architecture lut6_v of entity unisim.LUT6 [\LUT6(init="11110011010111010000...]
Compiling architecture structure of entity xil_defaultlib.mbv_system_microblaze_riscv_0_0_MB_SRL16E_77 [mbv_system_microblaze_riscv_0_0_...]
Compiling architecture structure of entity xil_defaultlib.mbv_system_microblaze_riscv_0_0_MB_SRL16E_78 [mbv_system_microblaze_riscv_0_0_...]
Compiling architecture structure of entity xil_defaultlib.mbv_system_microblaze_riscv_0_0_MB_SRL16E_79 [mbv_system_microblaze_riscv_0_0_...]
Compiling architecture structure of entity xil_defaultlib.mbv_system_microblaze_riscv_0_0_MB_SRL16E_80 [mbv_system_microblaze_riscv_0_0_...]
Compiling architecture structure of entity xil_defaultlib.mbv_system_microblaze_riscv_0_0_MB_SRL16E_81 [mbv_system_microblaze_riscv_0_0_...]
Compiling architecture structure of entity xil_defaultlib.mbv_system_microblaze_riscv_0_0_MB_SRL16E_82 [mbv_system_microblaze_riscv_0_0_...]
Compiling architecture structure of entity xil_defaultlib.mbv_system_microblaze_riscv_0_0_MB_SRL16E_83 [mbv_system_microblaze_riscv_0_0_...]
Compiling architecture structure of entity xil_defaultlib.mbv_system_microblaze_riscv_0_0_MB_SRL16E_84 [mbv_system_microblaze_riscv_0_0_...]
Compiling architecture structure of entity xil_defaultlib.mbv_system_microblaze_riscv_0_0_MB_SRL16E_85 [mbv_system_microblaze_riscv_0_0_...]
Compiling architecture structure of entity xil_defaultlib.mbv_system_microblaze_riscv_0_0_MB_SRL16E_86 [mbv_system_microblaze_riscv_0_0_...]
Compiling architecture structure of entity xil_defaultlib.mbv_system_microblaze_riscv_0_0_MB_SRL16E_87 [mbv_system_microblaze_riscv_0_0_...]
Compiling architecture structure of entity xil_defaultlib.mbv_system_microblaze_riscv_0_0_MB_SRL16E_88 [mbv_system_microblaze_riscv_0_0_...]
Compiling architecture structure of entity xil_defaultlib.mbv_system_microblaze_riscv_0_0_MB_SRL16E_89 [mbv_system_microblaze_riscv_0_0_...]
Compiling architecture structure of entity xil_defaultlib.mbv_system_microblaze_riscv_0_0_MB_SRL16E_90 [mbv_system_microblaze_riscv_0_0_...]
Compiling architecture structure of entity xil_defaultlib.mbv_system_microblaze_riscv_0_0_MB_SRL16E_91 [mbv_system_microblaze_riscv_0_0_...]
Compiling architecture structure of entity xil_defaultlib.mbv_system_microblaze_riscv_0_0_MB_SRL16E_92 [mbv_system_microblaze_riscv_0_0_...]
Compiling architecture structure of entity xil_defaultlib.mbv_system_microblaze_riscv_0_0_MB_SRL16E_93 [mbv_system_microblaze_riscv_0_0_...]
Compiling architecture lut5_v of entity unisim.LUT5 [\LUT5(init="00111010111111110011...]
Compiling architecture structure of entity xil_defaultlib.mbv_system_microblaze_riscv_0_0_MB_SRL16E_94 [mbv_system_microblaze_riscv_0_0_...]
Compiling architecture structure of entity xil_defaultlib.mbv_system_microblaze_riscv_0_0_MB_SRL16E_95 [mbv_system_microblaze_riscv_0_0_...]
Compiling architecture structure of entity xil_defaultlib.mbv_system_microblaze_riscv_0_0_MB_SRL16E_96 [mbv_system_microblaze_riscv_0_0_...]
Compiling architecture structure of entity xil_defaultlib.mbv_system_microblaze_riscv_0_0_MB_SRL16E_97 [mbv_system_microblaze_riscv_0_0_...]
Compiling architecture structure of entity xil_defaultlib.mbv_system_microblaze_riscv_0_0_MB_SRL16E_98 [mbv_system_microblaze_riscv_0_0_...]
Compiling architecture structure of entity xil_defaultlib.mbv_system_microblaze_riscv_0_0_MB_SRL16E_99 [mbv_system_microblaze_riscv_0_0_...]
Compiling architecture structure of entity xil_defaultlib.mbv_system_microblaze_riscv_0_0_MB_SRL16E_100 [mbv_system_microblaze_riscv_0_0_...]
Compiling architecture structure of entity xil_defaultlib.mbv_system_microblaze_riscv_0_0_MB_SRL16E_101 [mbv_system_microblaze_riscv_0_0_...]
Compiling architecture structure of entity xil_defaultlib.mbv_system_microblaze_riscv_0_0_MB_SRL16E_102 [mbv_system_microblaze_riscv_0_0_...]
Compiling architecture structure of entity xil_defaultlib.mbv_system_microblaze_riscv_0_0_MB_SRL16E_103 [mbv_system_microblaze_riscv_0_0_...]
Compiling architecture structure of entity xil_defaultlib.mbv_system_microblaze_riscv_0_0_MB_SRL16E_104 [mbv_system_microblaze_riscv_0_0_...]
Compiling architecture structure of entity xil_defaultlib.mbv_system_microblaze_riscv_0_0_MB_SRL16E_105 [mbv_system_microblaze_riscv_0_0_...]
Compiling architecture structure of entity xil_defaultlib.mbv_system_microblaze_riscv_0_0_MB_SRL16E_106 [mbv_system_microblaze_riscv_0_0_...]
Compiling architecture structure of entity xil_defaultlib.mbv_system_microblaze_riscv_0_0_MB_SRL16E_107 [mbv_system_microblaze_riscv_0_0_...]
Compiling architecture structure of entity xil_defaultlib.mbv_system_microblaze_riscv_0_0_MB_SRL16E_108 [mbv_system_microblaze_riscv_0_0_...]
Compiling architecture structure of entity xil_defaultlib.mbv_system_microblaze_riscv_0_0_MB_SRL16E_109 [mbv_system_microblaze_riscv_0_0_...]
Compiling architecture structure of entity xil_defaultlib.mbv_system_microblaze_riscv_0_0_MB_SRL16E_110 [mbv_system_microblaze_riscv_0_0_...]
Compiling architecture structure of entity xil_defaultlib.mbv_system_microblaze_riscv_0_0_MB_SRL16E_111 [mbv_system_microblaze_riscv_0_0_...]
Compiling architecture structure of entity xil_defaultlib.mbv_system_microblaze_riscv_0_0_MB_SRL16E_112 [mbv_system_microblaze_riscv_0_0_...]
Compiling architecture structure of entity xil_defaultlib.mbv_system_microblaze_riscv_0_0_MB_SRL16E_113 [mbv_system_microblaze_riscv_0_0_...]
Compiling architecture lut6_v of entity unisim.LUT6 [\LUT6(init="01010101010101010101...]
Compiling architecture lut5_v of entity unisim.LUT5 [\LUT5(init="01010101010101010101...]
Compiling architecture lut5_v of entity unisim.LUT5 [\LUT5(init="11111111111111010000...]
Compiling architecture lut4_v of entity unisim.LUT4 [\LUT4(init="1101010000101011")(0...]
Compiling architecture lut6_v of entity unisim.LUT6 [\LUT6(init="00000000110000000000...]
Compiling architecture lut5_v of entity unisim.LUT5 [\LUT5(init="10111011011111011110...]
Compiling architecture lut6_v of entity unisim.LUT6 [\LUT6(init="00000000000000000000...]
Compiling architecture lut6_v of entity unisim.LUT6 [\LUT6(init="00000000000000000000...]
Compiling architecture lut6_v of entity unisim.LUT6 [\LUT6(init="00000000000000000000...]
Compiling architecture lut6_v of entity unisim.LUT6 [\LUT6(init="10110110110111111011...]
Compiling architecture lut5_v of entity unisim.LUT5 [\LUT5(init="10101010101010101010...]
Compiling architecture lut6_v of entity unisim.LUT6 [\LUT6(init="00000000000000000000...]
Compiling architecture lut5_v of entity unisim.LUT5 [\LUT5(init="01101111011000000110...]
Compiling architecture lut6_v of entity unisim.LUT6 [\LUT6(init="01010110000000000101...]
Compiling architecture lut6_v of entity unisim.LUT6 [\LUT6(init="00000001111111110000...]
Compiling architecture lut6_v of entity unisim.LUT6 [\LUT6(init="11100010000000001110...]
Compiling architecture lut6_v of entity unisim.LUT6 [\LUT6(init="00000000000000000000...]
Compiling architecture lut5_v of entity unisim.LUT5 [\LUT5(init="11001100110011001100...]
Compiling architecture lut6_v of entity unisim.LUT6 [\LUT6(init="10101011101110101011...]
Compiling architecture lut6_v of entity unisim.LUT6 [\LUT6(init="11111111111110111111...]
Compiling architecture lut6_v of entity unisim.LUT6 [\LUT6(init="10111011101110111011...]
Compiling architecture structure of entity xil_defaultlib.mbv_system_microblaze_riscv_0_0_MB_SRL16E_114 [mbv_system_microblaze_riscv_0_0_...]
Compiling architecture lut6_v of entity unisim.LUT6 [\LUT6(init="11111110111111111111...]
Compiling architecture structure of entity xil_defaultlib.mbv_system_microblaze_riscv_0_0_MB_SRL16E_115 [mbv_system_microblaze_riscv_0_0_...]
Compiling architecture structure of entity xil_defaultlib.mbv_system_microblaze_riscv_0_0_MB_SRL16E_116 [mbv_system_microblaze_riscv_0_0_...]
Compiling architecture structure of entity xil_defaultlib.mbv_system_microblaze_riscv_0_0_MB_SRL16E_117 [mbv_system_microblaze_riscv_0_0_...]
Compiling architecture lut6_v of entity unisim.LUT6 [\LUT6(init="00000000000000000000...]
Compiling architecture structure of entity xil_defaultlib.mbv_system_microblaze_riscv_0_0_MB_SRL16E_118 [mbv_system_microblaze_riscv_0_0_...]
Compiling architecture lut6_v of entity unisim.LUT6 [\LUT6(init="00000000000000000000...]
Compiling architecture lut6_v of entity unisim.LUT6 [\LUT6(init="11111111000100000001...]
Compiling architecture lut5_v of entity unisim.LUT5 [\LUT5(init="11111111110111110000...]
Compiling architecture lut5_v of entity unisim.LUT5 [\LUT5(init="01010101010101010101...]
Compiling architecture lut5_v of entity unisim.LUT5 [\LUT5(init="10101010101010101010...]
Compiling architecture lut6_v of entity unisim.LUT6 [\LUT6(init="10001000100010001000...]
Compiling architecture lut6_v of entity unisim.LUT6 [\LUT6(init="11111111011010100110...]
Compiling architecture lut6_v of entity unisim.LUT6 [\LUT6(init="00000000000000001000...]
Compiling architecture lut6_v of entity unisim.LUT6 [\LUT6(init="11111111111111111111...]
Compiling architecture lut5_v of entity unisim.LUT5 [\LUT5(init="11111110000000010000...]
Compiling architecture lut6_v of entity unisim.LUT6 [\LUT6(init="00000000000000000000...]
Compiling architecture lut6_v of entity unisim.LUT6 [\LUT6(init="11101110111011101110...]
Compiling architecture lut6_v of entity unisim.LUT6 [\LUT6(init="01010101010101010101...]
Compiling architecture lut6_v of entity unisim.LUT6 [\LUT6(init="00000000000000000000...]
Compiling architecture lut5_v of entity unisim.LUT5 [\LUT5(init="00010101000000011111...]
Compiling architecture lut6_v of entity unisim.LUT6 [\LUT6(init="10001000100010001000...]
Compiling architecture lut6_v of entity unisim.LUT6 [\LUT6(init="11101010101010101110...]
Compiling architecture lut6_v of entity unisim.LUT6 [\LUT6(init="11111111000000000000...]
Compiling architecture lut6_v of entity unisim.LUT6 [\LUT6(init="10101000100010001010...]
Compiling architecture lut5_v of entity unisim.LUT5 [\LUT5(init="10101010101010101010...]
Compiling architecture lut4_v of entity unisim.LUT4 [\LUT4(init="0101011010101010")(0...]
Compiling architecture lut6_v of entity unisim.LUT6 [\LUT6(init="10101000111111111010...]
Compiling architecture lut6_v of entity unisim.LUT6 [\LUT6(init="10111000100010001011...]
Compiling architecture lut6_v of entity unisim.LUT6 [\LUT6(init="10111000100010111011...]
Compiling architecture lut5_v of entity unisim.LUT5 [\LUT5(init="10101000101010101010...]
Compiling architecture lut5_v of entity unisim.LUT5 [\LUT5(init="10111000100010001011...]
Compiling architecture lut6_v of entity unisim.LUT6 [\LUT6(init="11111111111111110101...]
Compiling architecture lut6_v of entity unisim.LUT6 [\LUT6(init="10101010101010101010...]
Compiling architecture structure of entity xil_defaultlib.mbv_system_microblaze_riscv_0_0_MB_SRL16E_119 [mbv_system_microblaze_riscv_0_0_...]
Compiling architecture structure of entity xil_defaultlib.mbv_system_microblaze_riscv_0_0_MB_SRL16E_120 [mbv_system_microblaze_riscv_0_0_...]
Compiling architecture structure of entity xil_defaultlib.mbv_system_microblaze_riscv_0_0_MB_SRL16E_121 [mbv_system_microblaze_riscv_0_0_...]
Compiling architecture lut6_v of entity unisim.LUT6 [\LUT6(init="10110000111111110000...]
Compiling architecture structure of entity xil_defaultlib.mbv_system_microblaze_riscv_0_0_MB_SRL16E_122 [mbv_system_microblaze_riscv_0_0_...]
Compiling architecture structure of entity xil_defaultlib.mbv_system_microblaze_riscv_0_0_MB_SRL16E_123 [mbv_system_microblaze_riscv_0_0_...]
Compiling architecture lut6_v of entity unisim.LUT6 [\LUT6(init="00110000001100000101...]
Compiling architecture structure of entity xil_defaultlib.mbv_system_microblaze_riscv_0_0_MB_SRL16E_124 [mbv_system_microblaze_riscv_0_0_...]
Compiling architecture structure of entity xil_defaultlib.mbv_system_microblaze_riscv_0_0_MB_SRL16E_125 [mbv_system_microblaze_riscv_0_0_...]
Compiling architecture structure of entity xil_defaultlib.mbv_system_microblaze_riscv_0_0_MB_SRL16E_126 [mbv_system_microblaze_riscv_0_0_...]
Compiling architecture structure of entity xil_defaultlib.mbv_system_microblaze_riscv_0_0_MB_SRL16E_127 [mbv_system_microblaze_riscv_0_0_...]
Compiling architecture structure of entity xil_defaultlib.mbv_system_microblaze_riscv_0_0_MB_SRL16E_128 [mbv_system_microblaze_riscv_0_0_...]
Compiling architecture structure of entity xil_defaultlib.mbv_system_microblaze_riscv_0_0_MB_SRL16E_129 [mbv_system_microblaze_riscv_0_0_...]
Compiling architecture structure of entity xil_defaultlib.mbv_system_microblaze_riscv_0_0_MB_SRL16E_130 [mbv_system_microblaze_riscv_0_0_...]
Compiling architecture structure of entity xil_defaultlib.mbv_system_microblaze_riscv_0_0_MB_SRL16E_131 [mbv_system_microblaze_riscv_0_0_...]
Compiling architecture structure of entity xil_defaultlib.mbv_system_microblaze_riscv_0_0_MB_SRL16E_132 [mbv_system_microblaze_riscv_0_0_...]
Compiling architecture lut5_v of entity unisim.LUT5 [\LUT5(init="01110000000001110111...]
Compiling architecture structure of entity xil_defaultlib.mbv_system_microblaze_riscv_0_0_MB_SRL16E_133 [mbv_system_microblaze_riscv_0_0_...]
Compiling architecture structure of entity xil_defaultlib.mbv_system_microblaze_riscv_0_0_MB_SRL16E_134 [mbv_system_microblaze_riscv_0_0_...]
Compiling architecture structure of entity xil_defaultlib.mbv_system_microblaze_riscv_0_0_MB_SRL16E_135 [mbv_system_microblaze_riscv_0_0_...]
Compiling architecture structure of entity xil_defaultlib.mbv_system_microblaze_riscv_0_0_MB_SRL16E_136 [mbv_system_microblaze_riscv_0_0_...]
Compiling architecture structure of entity xil_defaultlib.mbv_system_microblaze_riscv_0_0_MB_SRL16E_137 [mbv_system_microblaze_riscv_0_0_...]
Compiling architecture structure of entity xil_defaultlib.mbv_system_microblaze_riscv_0_0_MB_SRL16E_138 [mbv_system_microblaze_riscv_0_0_...]
Compiling architecture structure of entity xil_defaultlib.mbv_system_microblaze_riscv_0_0_MB_SRL16E_139 [mbv_system_microblaze_riscv_0_0_...]
Compiling architecture structure of entity xil_defaultlib.mbv_system_microblaze_riscv_0_0_MB_SRL16E_140 [mbv_system_microblaze_riscv_0_0_...]
Compiling architecture structure of entity xil_defaultlib.mbv_system_microblaze_riscv_0_0_MB_SRL16E_141 [mbv_system_microblaze_riscv_0_0_...]
Compiling architecture structure of entity xil_defaultlib.mbv_system_microblaze_riscv_0_0_MB_SRL16E_142 [mbv_system_microblaze_riscv_0_0_...]
Compiling architecture structure of entity xil_defaultlib.mbv_system_microblaze_riscv_0_0_MB_SRL16E_143 [mbv_system_microblaze_riscv_0_0_...]
Compiling architecture lut6_v of entity unisim.LUT6 [\LUT6(init="11100111011111101011...]
Compiling architecture lut5_v of entity unisim.LUT5 [\LUT5(init="11111001111111111111...]
Compiling architecture lut6_v of entity unisim.LUT6 [\LUT6(init="11111111111111111111...]
Compiling architecture lut6_v of entity unisim.LUT6 [\LUT6(init="00000000111100001101...]
Compiling architecture structure of entity xil_defaultlib.mbv_system_microblaze_riscv_0_0_MB_SRL16E_144 [mbv_system_microblaze_riscv_0_0_...]
Compiling architecture structure of entity xil_defaultlib.mbv_system_microblaze_riscv_0_0_MB_SRL16E_145 [mbv_system_microblaze_riscv_0_0_...]
Compiling architecture structure of entity xil_defaultlib.mbv_system_microblaze_riscv_0_0_MB_SRL16E_146 [mbv_system_microblaze_riscv_0_0_...]
Compiling architecture structure of entity xil_defaultlib.mbv_system_microblaze_riscv_0_0_MB_SRL16E_147 [mbv_system_microblaze_riscv_0_0_...]
Compiling architecture structure of entity xil_defaultlib.mbv_system_microblaze_riscv_0_0_MB_SRL16E_148 [mbv_system_microblaze_riscv_0_0_...]
Compiling architecture structure of entity xil_defaultlib.mbv_system_microblaze_riscv_0_0_MB_SRL16E_149 [mbv_system_microblaze_riscv_0_0_...]
Compiling architecture structure of entity xil_defaultlib.mbv_system_microblaze_riscv_0_0_MB_SRL16E_150 [mbv_system_microblaze_riscv_0_0_...]
Compiling architecture structure of entity xil_defaultlib.mbv_system_microblaze_riscv_0_0_MB_SRL16E_151 [mbv_system_microblaze_riscv_0_0_...]
Compiling architecture structure of entity xil_defaultlib.mbv_system_microblaze_riscv_0_0_MB_SRL16E_152 [mbv_system_microblaze_riscv_0_0_...]
Compiling architecture structure of entity xil_defaultlib.mbv_system_microblaze_riscv_0_0_MB_SRL16E_153 [mbv_system_microblaze_riscv_0_0_...]
Compiling architecture structure of entity xil_defaultlib.mbv_system_microblaze_riscv_0_0_MB_SRL16E_154 [mbv_system_microblaze_riscv_0_0_...]
Compiling architecture lut6_v of entity unisim.LUT6 [\LUT6(init="00000000000000110001...]
Compiling architecture lut6_v of entity unisim.LUT6 [\LUT6(init="11111111111111111111...]
Compiling architecture lut6_v of entity unisim.LUT6 [\LUT6(init="00010111000000000001...]
Compiling architecture structure of entity xil_defaultlib.mbv_system_microblaze_riscv_0_0_MB_SRL16E_155 [mbv_system_microblaze_riscv_0_0_...]
Compiling architecture structure of entity xil_defaultlib.mbv_system_microblaze_riscv_0_0_MB_SRL16E_156 [mbv_system_microblaze_riscv_0_0_...]
Compiling architecture structure of entity xil_defaultlib.mbv_system_microblaze_riscv_0_0_MB_SRL16E_157 [mbv_system_microblaze_riscv_0_0_...]
Compiling architecture structure of entity xil_defaultlib.mbv_system_microblaze_riscv_0_0_MB_SRL16E_158 [mbv_system_microblaze_riscv_0_0_...]
Compiling architecture structure of entity xil_defaultlib.mbv_system_microblaze_riscv_0_0_MB_SRL16E_159 [mbv_system_microblaze_riscv_0_0_...]
Compiling architecture structure of entity xil_defaultlib.mbv_system_microblaze_riscv_0_0_MB_SRL16E_160 [mbv_system_microblaze_riscv_0_0_...]
Compiling architecture structure of entity xil_defaultlib.mbv_system_microblaze_riscv_0_0_MB_SRL16E_161 [mbv_system_microblaze_riscv_0_0_...]
Compiling architecture structure of entity xil_defaultlib.mbv_system_microblaze_riscv_0_0_MB_SRL16E_162 [mbv_system_microblaze_riscv_0_0_...]
Compiling architecture structure of entity xil_defaultlib.mbv_system_microblaze_riscv_0_0_MB_SRL16E_163 [mbv_system_microblaze_riscv_0_0_...]
Compiling architecture structure of entity xil_defaultlib.mbv_system_microblaze_riscv_0_0_MB_SRL16E_164 [mbv_system_microblaze_riscv_0_0_...]
Compiling architecture structure of entity xil_defaultlib.mbv_system_microblaze_riscv_0_0_MB_SRL16E_165 [mbv_system_microblaze_riscv_0_0_...]
Compiling architecture lut6_v of entity unisim.LUT6 [\LUT6(init="11111111001000001111...]
Compiling architecture lut6_v of entity unisim.LUT6 [\LUT6(init="00011111111111111111...]
Compiling architecture lut5_v of entity unisim.LUT5 [\LUT5(init="10000000001010101010...]
Compiling architecture lut6_v of entity unisim.LUT6 [\LUT6(init="00000000000010000000...]
Compiling architecture structure of entity xil_defaultlib.mbv_system_microblaze_riscv_0_0_MB_SRL16E_166 [mbv_system_microblaze_riscv_0_0_...]
Compiling architecture structure of entity xil_defaultlib.mbv_system_microblaze_riscv_0_0_MB_SRL16E_167 [mbv_system_microblaze_riscv_0_0_...]
Compiling architecture structure of entity xil_defaultlib.mbv_system_microblaze_riscv_0_0_MB_SRL16E_168 [mbv_system_microblaze_riscv_0_0_...]
Compiling architecture structure of entity xil_defaultlib.mbv_system_microblaze_riscv_0_0_MB_SRL16E_169 [mbv_system_microblaze_riscv_0_0_...]
Compiling architecture structure of entity xil_defaultlib.mbv_system_microblaze_riscv_0_0_MB_SRL16E_170 [mbv_system_microblaze_riscv_0_0_...]
Compiling architecture structure of entity xil_defaultlib.mbv_system_microblaze_riscv_0_0_MB_SRL16E_171 [mbv_system_microblaze_riscv_0_0_...]
Compiling architecture structure of entity xil_defaultlib.mbv_system_microblaze_riscv_0_0_MB_SRL16E_172 [mbv_system_microblaze_riscv_0_0_...]
Compiling architecture structure of entity xil_defaultlib.mbv_system_microblaze_riscv_0_0_MB_SRL16E_173 [mbv_system_microblaze_riscv_0_0_...]
Compiling architecture structure of entity xil_defaultlib.mbv_system_microblaze_riscv_0_0_MB_SRL16E_174 [mbv_system_microblaze_riscv_0_0_...]
Compiling architecture structure of entity xil_defaultlib.mbv_system_microblaze_riscv_0_0_MB_SRL16E_175 [mbv_system_microblaze_riscv_0_0_...]
Compiling architecture structure of entity xil_defaultlib.mbv_system_microblaze_riscv_0_0_MB_SRL16E_176 [mbv_system_microblaze_riscv_0_0_...]
Compiling architecture lut6_v of entity unisim.LUT6 [\LUT6(init="11111111011111111111...]
Compiling architecture lut5_v of entity unisim.LUT5 [\LUT5(init="00100010001000100010...]
Compiling architecture lut6_v of entity unisim.LUT6 [\LUT6(init="00000000000000100000...]
Compiling architecture lut6_v of entity unisim.LUT6 [\LUT6(init="10110000111110111111...]
Compiling architecture structure of entity xil_defaultlib.mbv_system_microblaze_riscv_0_0_MB_SRL16E_177 [mbv_system_microblaze_riscv_0_0_...]
Compiling architecture structure of entity xil_defaultlib.mbv_system_microblaze_riscv_0_0_MB_SRL16E_178 [mbv_system_microblaze_riscv_0_0_...]
Compiling architecture structure of entity xil_defaultlib.mbv_system_microblaze_riscv_0_0_MB_SRL16E_179 [mbv_system_microblaze_riscv_0_0_...]
Compiling architecture structure of entity xil_defaultlib.mbv_system_microblaze_riscv_0_0_MB_SRL16E_180 [mbv_system_microblaze_riscv_0_0_...]
Compiling architecture structure of entity xil_defaultlib.mbv_system_microblaze_riscv_0_0_MB_SRL16E_181 [mbv_system_microblaze_riscv_0_0_...]
Compiling architecture structure of entity xil_defaultlib.mbv_system_microblaze_riscv_0_0_MB_SRL16E_182 [mbv_system_microblaze_riscv_0_0_...]
Compiling architecture structure of entity xil_defaultlib.mbv_system_microblaze_riscv_0_0_MB_SRL16E_183 [mbv_system_microblaze_riscv_0_0_...]
Compiling architecture structure of entity xil_defaultlib.mbv_system_microblaze_riscv_0_0_MB_SRL16E_184 [mbv_system_microblaze_riscv_0_0_...]
Compiling architecture structure of entity xil_defaultlib.mbv_system_microblaze_riscv_0_0_MB_SRL16E_185 [mbv_system_microblaze_riscv_0_0_...]
Compiling architecture structure of entity xil_defaultlib.mbv_system_microblaze_riscv_0_0_MB_SRL16E_186 [mbv_system_microblaze_riscv_0_0_...]
Compiling architecture structure of entity xil_defaultlib.mbv_system_microblaze_riscv_0_0_MB_SRL16E_187 [mbv_system_microblaze_riscv_0_0_...]
Compiling architecture lut6_v of entity unisim.LUT6 [\LUT6(init="11101110111010111011...]
Compiling architecture structure of entity xil_defaultlib.mbv_system_microblaze_riscv_0_0_MB_SRL16E_188 [mbv_system_microblaze_riscv_0_0_...]
Compiling architecture structure of entity xil_defaultlib.mbv_system_microblaze_riscv_0_0_MB_SRL16E_189 [mbv_system_microblaze_riscv_0_0_...]
Compiling architecture structure of entity xil_defaultlib.mbv_system_microblaze_riscv_0_0_MB_SRL16E_190 [mbv_system_microblaze_riscv_0_0_...]
Compiling architecture structure of entity xil_defaultlib.mbv_system_microblaze_riscv_0_0_MB_SRL16E_191 [mbv_system_microblaze_riscv_0_0_...]
Compiling architecture structure of entity xil_defaultlib.mbv_system_microblaze_riscv_0_0_MB_SRL16E_192 [mbv_system_microblaze_riscv_0_0_...]
Compiling architecture structure of entity xil_defaultlib.mbv_system_microblaze_riscv_0_0_MB_SRL16E_193 [mbv_system_microblaze_riscv_0_0_...]
Compiling architecture structure of entity xil_defaultlib.mbv_system_microblaze_riscv_0_0_MB_SRL16E_194 [mbv_system_microblaze_riscv_0_0_...]
Compiling architecture structure of entity xil_defaultlib.mbv_system_microblaze_riscv_0_0_MB_SRL16E_195 [mbv_system_microblaze_riscv_0_0_...]
Compiling architecture structure of entity xil_defaultlib.mbv_system_microblaze_riscv_0_0_MB_SRL16E_196 [mbv_system_microblaze_riscv_0_0_...]
Compiling architecture structure of entity xil_defaultlib.mbv_system_microblaze_riscv_0_0_MB_SRL16E_197 [mbv_system_microblaze_riscv_0_0_...]
Compiling architecture structure of entity xil_defaultlib.mbv_system_microblaze_riscv_0_0_MB_SRL16E_198 [mbv_system_microblaze_riscv_0_0_...]
Compiling architecture lut5_v of entity unisim.LUT5 [\LUT5(init="11111100110011111100...]
Compiling architecture structure of entity xil_defaultlib.mbv_system_microblaze_riscv_0_0_MB_SRL16E_199 [mbv_system_microblaze_riscv_0_0_...]
Compiling architecture structure of entity xil_defaultlib.mbv_system_microblaze_riscv_0_0_MB_SRL16E_200 [mbv_system_microblaze_riscv_0_0_...]
Compiling architecture structure of entity xil_defaultlib.mbv_system_microblaze_riscv_0_0_MB_SRL16E_201 [mbv_system_microblaze_riscv_0_0_...]
Compiling architecture structure of entity xil_defaultlib.mbv_system_microblaze_riscv_0_0_MB_SRL16E_202 [mbv_system_microblaze_riscv_0_0_...]
Compiling architecture structure of entity xil_defaultlib.mbv_system_microblaze_riscv_0_0_MB_SRL16E_203 [mbv_system_microblaze_riscv_0_0_...]
Compiling architecture structure of entity xil_defaultlib.mbv_system_microblaze_riscv_0_0_MB_SRL16E_204 [mbv_system_microblaze_riscv_0_0_...]
Compiling architecture structure of entity xil_defaultlib.mbv_system_microblaze_riscv_0_0_MB_SRL16E_205 [mbv_system_microblaze_riscv_0_0_...]
Compiling architecture structure of entity xil_defaultlib.mbv_system_microblaze_riscv_0_0_MB_SRL16E_206 [mbv_system_microblaze_riscv_0_0_...]
Compiling architecture structure of entity xil_defaultlib.mbv_system_microblaze_riscv_0_0_MB_SRL16E_207 [mbv_system_microblaze_riscv_0_0_...]
Compiling architecture structure of entity xil_defaultlib.mbv_system_microblaze_riscv_0_0_MB_SRL16E_208 [mbv_system_microblaze_riscv_0_0_...]
Compiling architecture structure of entity xil_defaultlib.mbv_system_microblaze_riscv_0_0_MB_SRL16E_209 [mbv_system_microblaze_riscv_0_0_...]
Compiling architecture lut4_v of entity unisim.LUT4 [\LUT4(init="0111011100010111")(0...]
Compiling architecture lut6_v of entity unisim.LUT6 [\LUT6(init="11010000000011011101...]
Compiling architecture structure of entity xil_defaultlib.mbv_system_microblaze_riscv_0_0_MB_SRL16E_210 [mbv_system_microblaze_riscv_0_0_...]
Compiling architecture structure of entity xil_defaultlib.mbv_system_microblaze_riscv_0_0_srl_fifo [mbv_system_microblaze_riscv_0_0_...]
Compiling architecture lut5_v of entity unisim.LUT5 [\LUT5(init="00000000000000000000...]
Compiling architecture lut5_v of entity unisim.LUT5 [\LUT5(init="11111111000000001111...]
Compiling architecture lut6_v of entity unisim.LUT6 [\LUT6(init="11111111000000001011...]
Compiling architecture lut5_v of entity unisim.LUT5 [\LUT5(init="11111111010000000000...]
Compiling architecture lut5_v of entity unisim.LUT5 [\LUT5(init="11111111000000000010...]
Compiling architecture lut5_v of entity unisim.LUT5 [\LUT5(init="00000000000000001111...]
Compiling architecture lut6_v of entity unisim.LUT6 [\LUT6(init="10111000100010001011...]
Compiling architecture lut4_v of entity unisim.LUT4 [\LUT4(init="0000000011111000")(0...]
Compiling architecture lut6_v of entity unisim.LUT6 [\LUT6(init="00010001000100010000...]
Compiling architecture lut6_v of entity unisim.LUT6 [\LUT6(init="00000000000000000000...]
Compiling architecture lut6_v of entity unisim.LUT6 [\LUT6(init="00000000000000000000...]
Compiling architecture lut6_v of entity unisim.LUT6 [\LUT6(init="00000000000000000000...]
Compiling architecture lut5_v of entity unisim.LUT5 [\LUT5(init="00000000000000000000...]
Compiling architecture lut6_v of entity unisim.LUT6 [\LUT6(init="11111111111111111011...]
Compiling architecture lut5_v of entity unisim.LUT5 [\LUT5(init="11111111111111101010...]
Compiling architecture lut6_v of entity unisim.LUT6 [\LUT6(init="00010001000100000001...]
Compiling architecture lut5_v of entity unisim.LUT5 [\LUT5(init="00000000000000000000...]
Compiling architecture lut6_v of entity unisim.LUT6 [\LUT6(init="11111111111111110000...]
Compiling architecture lut6_v of entity unisim.LUT6 [\LUT6(init="11111111000000001111...]
Compiling architecture lut6_v of entity unisim.LUT6 [\LUT6(init="00000000000000100000...]
Compiling architecture lut6_v of entity unisim.LUT6 [\LUT6(init="11111111111111111111...]
Compiling architecture lut5_v of entity unisim.LUT5 [\LUT5(init="11111010111111111100...]
Compiling architecture lut5_v of entity unisim.LUT5 [\LUT5(init="10101011110000000000...]
Compiling architecture lut4_v of entity unisim.LUT4 [\LUT4(init="0000000001011001")(0...]
Compiling architecture lut5_v of entity unisim.LUT5 [\LUT5(init="11111111000100111000...]
Compiling architecture lut5_v of entity unisim.LUT5 [\LUT5(init="10101010101000101010...]
Compiling architecture lut6_v of entity unisim.LUT6 [\LUT6(init="01111110101010001010...]
Compiling architecture lut6_v of entity unisim.LUT6 [\LUT6(init="01011101000000000101...]
Compiling architecture lut6_v of entity unisim.LUT6 [\LUT6(init="01100110100101100110...]
Compiling architecture lut5_v of entity unisim.LUT5 [\LUT5(init="01101001011010011001...]
Compiling architecture lut6_v of entity unisim.LUT6 [\LUT6(init="11111111011101111111...]
Compiling architecture lut6_v of entity unisim.LUT6 [\LUT6(init="01000000010001000100...]
Compiling architecture lut5_v of entity unisim.LUT5 [\LUT5(init="11111111011111111111...]
Compiling architecture lut6_v of entity unisim.LUT6 [\LUT6(init="01011101000000000101...]
Compiling architecture lut6_v of entity unisim.LUT6 [\LUT6(init="10101010101010101010...]
Compiling architecture lut6_v of entity unisim.LUT6 [\LUT6(init="00010101010101000101...]
Compiling architecture lut6_v of entity unisim.LUT6 [\LUT6(init="00000000000001000000...]
Compiling architecture lut6_v of entity unisim.LUT6 [\LUT6(init="10101010101010101010...]
Compiling architecture lut5_v of entity unisim.LUT5 [\LUT5(init="11111110000000110000...]
Compiling architecture lut6_v of entity unisim.LUT6 [\LUT6(init="00001110000011100000...]
Compiling architecture lut5_v of entity unisim.LUT5 [\LUT5(init="01010101010101010101...]
Compiling architecture lut6_v of entity unisim.LUT6 [\LUT6(init="00001110111111110111...]
Compiling architecture lut6_v of entity unisim.LUT6 [\LUT6(init="00000000000010001010...]
Compiling architecture lut6_v of entity unisim.LUT6 [\LUT6(init="10001000100010001011...]
Compiling architecture lut5_v of entity unisim.LUT5 [\LUT5(init="01101000000111100111...]
Compiling architecture lut6_v of entity unisim.LUT6 [\LUT6(init="11111111111111111111...]
Compiling architecture lut4_v of entity unisim.LUT4 [\LUT4(init="0101010111000000")(0...]
Compiling architecture lut5_v of entity unisim.LUT5 [\LUT5(init="00000000000000000000...]
Compiling architecture lut5_v of entity unisim.LUT5 [\LUT5(init="00000000000000010101...]
Compiling architecture lut5_v of entity unisim.LUT5 [\LUT5(init="11111111110011110111...]
Compiling architecture lut6_v of entity unisim.LUT6 [\LUT6(init="00111001110001101001...]
Compiling architecture lut6_v of entity unisim.LUT6 [\LUT6(init="00000110000000001111...]
Compiling architecture lut5_v of entity unisim.LUT5 [\LUT5(init="11001100110011001100...]
Compiling architecture lut4_v of entity unisim.LUT4 [\LUT4(init="1010010110010101")(0...]
Compiling architecture lut6_v of entity unisim.LUT6 [\LUT6(init="01101010011001100110...]
Compiling architecture lut5_v of entity unisim.LUT5 [\LUT5(init="10101010101010100101...]
Compiling architecture lut6_v of entity unisim.LUT6 [\LUT6(init="00000000000010101000...]
Compiling architecture lut6_v of entity unisim.LUT6 [\LUT6(init="11110000001111001111...]
Compiling architecture lut6_v of entity unisim.LUT6 [\LUT6(init="01010101010110101001...]
Compiling architecture lut5_v of entity unisim.LUT5 [\LUT5(init="11010000010010100010...]
Compiling architecture lut6_v of entity unisim.LUT6 [\LUT6(init="00101010101010100010...]
Compiling architecture lut6_v of entity unisim.LUT6 [\LUT6(init="11001100100010001000...]
Compiling architecture lut5_v of entity unisim.LUT5 [\LUT5(init="11110101110101010000...]
Compiling architecture lut6_v of entity unisim.LUT6 [\LUT6(init="01111011111010111111...]
Compiling architecture lut6_v of entity unisim.LUT6 [\LUT6(init="00000000001000000000...]
Compiling architecture lut6_v of entity unisim.LUT6 [\LUT6(init="11111111111011101111...]
Compiling architecture lut6_v of entity unisim.LUT6 [\LUT6(init="11111110110011100011...]
Compiling architecture lut6_v of entity unisim.LUT6 [\LUT6(init="10001000100010111011...]
Compiling architecture lut6_v of entity unisim.LUT6 [\LUT6(init="11101110111000100010...]
Compiling architecture lut6_v of entity unisim.LUT6 [\LUT6(init="01111111111111110111...]
Compiling architecture lut6_v of entity unisim.LUT6 [\LUT6(init="11110000011101111111...]
Compiling architecture lut6_v of entity unisim.LUT6 [\LUT6(init="00001110111011101110...]
Compiling architecture lut6_v of entity unisim.LUT6 [\LUT6(init="00000000000000001111...]
Compiling architecture lut6_v of entity unisim.LUT6 [\LUT6(init="00111110001111100011...]
Compiling architecture lut6_v of entity unisim.LUT6 [\LUT6(init="00000000000000000100...]
Compiling architecture lut6_v of entity unisim.LUT6 [\LUT6(init="00000000000000000000...]
Compiling architecture lut6_v of entity unisim.LUT6 [\LUT6(init="10101011111111111010...]
Compiling architecture lut6_v of entity unisim.LUT6 [\LUT6(init="00000000000000000000...]
Compiling architecture lut5_v of entity unisim.LUT5 [\LUT5(init="11111011111111111111...]
Compiling architecture lut6_v of entity unisim.LUT6 [\LUT6(init="10111011101110111011...]
Compiling architecture lut6_v of entity unisim.LUT6 [\LUT6(init="01000100110011000100...]
Compiling architecture lut6_v of entity unisim.LUT6 [\LUT6(init="11101110111100000000...]
Compiling architecture lut5_v of entity unisim.LUT5 [\LUT5(init="01010000010111110011...]
Compiling architecture lut6_v of entity unisim.LUT6 [\LUT6(init="11111111101111111111...]
Compiling architecture lut5_v of entity unisim.LUT5 [\LUT5(init="11111111111101111111...]
Compiling architecture lut5_v of entity unisim.LUT5 [\LUT5(init="01111000100001111000...]
Compiling architecture lut4_v of entity unisim.LUT4 [\LUT4(init="1001100101101001")(0...]
Compiling architecture lut6_v of entity unisim.LUT6 [\LUT6(init="11111111110011111111...]
Compiling architecture lut5_v of entity unisim.LUT5 [\LUT5(init="01110101011111111111...]
Compiling architecture lut6_v of entity unisim.LUT6 [\LUT6(init="00000111010101111010...]
Compiling architecture lut4_v of entity unisim.LUT4 [\LUT4(init="0000000001101100")(0...]
Compiling architecture lut4_v of entity unisim.LUT4 [\LUT4(init="1110001011111111")(0...]
Compiling architecture lut5_v of entity unisim.LUT5 [\LUT5(init="11110111111111111111...]
Compiling architecture lut6_v of entity unisim.LUT6 [\LUT6(init="11111111111111111111...]
Compiling architecture lut6_v of entity unisim.LUT6 [\LUT6(init="10101010011001010110...]
Compiling architecture lut6_v of entity unisim.LUT6 [\LUT6(init="10101010100000101111...]
Compiling architecture lut6_v of entity unisim.LUT6 [\LUT6(init="11001100110011001100...]
Compiling architecture lut6_v of entity unisim.LUT6 [\LUT6(init="11111111111111111011...]
Compiling architecture lut6_v of entity unisim.LUT6 [\LUT6(init="00000000001100001111...]
Compiling architecture lut6_v of entity unisim.LUT6 [\LUT6(init="01011000000010000000...]
Compiling architecture lut5_v of entity unisim.LUT5 [\LUT5(init="10001010100010001000...]
Compiling architecture lut6_v of entity unisim.LUT6 [\LUT6(init="10101010101110111010...]
Compiling architecture lut6_v of entity unisim.LUT6 [\LUT6(init="01010101010101010101...]
Compiling architecture lut3_v of entity unisim.LUT3 [\LUT3(init="00001001")(0,7)\]
Compiling architecture lut4_v of entity unisim.LUT4 [\LUT4(init="0101011010101001")(0...]
Compiling architecture lut6_v of entity unisim.LUT6 [\LUT6(init="11111011000010000000...]
Compiling architecture lut4_v of entity unisim.LUT4 [\LUT4(init="0000000101010100")(0...]
Compiling architecture lut6_v of entity unisim.LUT6 [\LUT6(init="10110000000000000000...]
Compiling architecture lut6_v of entity unisim.LUT6 [\LUT6(init="00000000000000000001...]
Compiling architecture lut6_v of entity unisim.LUT6 [\LUT6(init="11111011000000001111...]
Compiling architecture lut5_v of entity unisim.LUT5 [\LUT5(init="00000100000000001111...]
Compiling architecture lut6_v of entity unisim.LUT6 [\LUT6(init="00000000000000000000...]
Compiling architecture lut5_v of entity unisim.LUT5 [\LUT5(init="01110111110111111111...]
Compiling architecture lut6_v of entity unisim.LUT6 [\LUT6(init="00000000000000000000...]
Compiling architecture lut6_v of entity unisim.LUT6 [\LUT6(init="11111111111111111111...]
Compiling architecture lut4_v of entity unisim.LUT4 [\LUT4(init="1111000011010010")(0...]
Compiling architecture lut6_v of entity unisim.LUT6 [\LUT6(init="00000111111111110000...]
Compiling architecture lut4_v of entity unisim.LUT4 [\LUT4(init="1111000011111000")(0...]
Compiling architecture lut5_v of entity unisim.LUT5 [\LUT5(init="11110000111110000000...]
Compiling architecture lut6_v of entity unisim.LUT6 [\LUT6(init="10100110000000001010...]
Compiling architecture lut6_v of entity unisim.LUT6 [\LUT6(init="01100000011011110110...]
Compiling architecture lut6_v of entity unisim.LUT6 [\LUT6(init="00010000111011110000...]
Compiling architecture lut6_v of entity unisim.LUT6 [\LUT6(init="00000000000100001110...]
Compiling architecture lut6_v of entity unisim.LUT6 [\LUT6(init="11111111111111110000...]
Compiling architecture lut6_v of entity unisim.LUT6 [\LUT6(init="11100010111000101110...]
Compiling architecture lut4_v of entity unisim.LUT4 [\LUT4(init="1100111000000010")(0...]
Compiling architecture lut6_v of entity unisim.LUT6 [\LUT6(init="00100010001000000000...]
Compiling architecture lut6_v of entity unisim.LUT6 [\LUT6(init="00100010001000100000...]
Compiling architecture lut6_v of entity unisim.LUT6 [\LUT6(init="00100000100010101000...]
Compiling architecture lut6_v of entity unisim.LUT6 [\LUT6(init="10100101101010101010...]
Compiling architecture lut6_v of entity unisim.LUT6 [\LUT6(init="10000001000010000001...]
Compiling architecture lut5_v of entity unisim.LUT5 [\LUT5(init="11111111111111110010...]
Compiling architecture lut6_v of entity unisim.LUT6 [\LUT6(init="11111111000000001010...]
Compiling architecture lut6_v of entity unisim.LUT6 [\LUT6(init="10111111101111111011...]
Compiling architecture lut6_v of entity unisim.LUT6 [\LUT6(init="00110011000000000101...]
Compiling architecture lut5_v of entity unisim.LUT5 [\LUT5(init="11111111111111111101...]
Compiling architecture lut5_v of entity unisim.LUT5 [\LUT5(init="11110000000000001010...]
Compiling architecture lut6_v of entity unisim.LUT6 [\LUT6(init="11111111111111111111...]
Compiling architecture lut5_v of entity unisim.LUT5 [\LUT5(init="01011001000000000000...]
Compiling architecture lut6_v of entity unisim.LUT6 [\LUT6(init="11111111111111110000...]
Compiling architecture lut5_v of entity unisim.LUT5 [\LUT5(init="11111111000000001011...]
Compiling architecture lut5_v of entity unisim.LUT5 [\LUT5(init="10101010101010101100...]
Compiling architecture lut6_v of entity unisim.LUT6 [\LUT6(init="00000000000000000000...]
Compiling architecture lut6_v of entity unisim.LUT6 [\LUT6(init="00000000000000000000...]
Compiling architecture lut6_v of entity unisim.LUT6 [\LUT6(init="10101010101010101010...]
Compiling architecture lut6_v of entity unisim.LUT6 [\LUT6(init="00000000111011110000...]
Compiling architecture lut5_v of entity unisim.LUT5 [\LUT5(init="11111111010001111111...]
Compiling architecture lut6_v of entity unisim.LUT6 [\LUT6(init="01111111111111111111...]
Compiling architecture lut6_v of entity unisim.LUT6 [\LUT6(init="10111000000000001111...]
Compiling architecture lut6_v of entity unisim.LUT6 [\LUT6(init="00000100000001000000...]
Compiling architecture lut6_v of entity unisim.LUT6 [\LUT6(init="01010101010001110101...]
Compiling architecture lut6_v of entity unisim.LUT6 [\LUT6(init="10101010100010101010...]
Compiling architecture lut6_v of entity unisim.LUT6 [\LUT6(init="11111111110111111111...]
Compiling architecture lut6_v of entity unisim.LUT6 [\LUT6(init="10101010101010101010...]
Compiling architecture lut5_v of entity unisim.LUT5 [\LUT5(init="01011111010111110011...]
Compiling architecture lut6_v of entity unisim.LUT6 [\LUT6(init="11111111011011111111...]
Compiling architecture lut5_v of entity unisim.LUT5 [\LUT5(init="10110000100000001111...]
Compiling architecture lut4_v of entity unisim.LUT4 [\LUT4(init="1111111100000100")(0...]
Compiling architecture lut6_v of entity unisim.LUT6 [\LUT6(init="00000000000000001111...]
Compiling architecture lut6_v of entity unisim.LUT6 [\LUT6(init="11111111111111111111...]
Compiling architecture lut6_v of entity unisim.LUT6 [\LUT6(init="00011100000101000000...]
Compiling architecture lut4_v of entity unisim.LUT4 [\LUT4(init="0100000001110000")(0...]
Compiling architecture lut6_v of entity unisim.LUT6 [\LUT6(init="00000000000000001000...]
Compiling architecture lut5_v of entity unisim.LUT5 [\LUT5(init="00010101000101010001...]
Compiling architecture lut6_v of entity unisim.LUT6 [\LUT6(init="11001111110000001111...]
Compiling architecture lut6_v of entity unisim.LUT6 [\LUT6(init="00000000010001000000...]
Compiling architecture lut6_v of entity unisim.LUT6 [\LUT6(init="01110000011100000111...]
Compiling architecture lut6_v of entity unisim.LUT6 [\LUT6(init="00000000000000000000...]
Compiling architecture lut6_v of entity unisim.LUT6 [\LUT6(init="00000000000000000000...]
Compiling architecture lut6_v of entity unisim.LUT6 [\LUT6(init="00000110000101111111...]
Compiling architecture lut6_v of entity unisim.LUT6 [\LUT6(init="00000000000000000000...]
Compiling architecture lut6_v of entity unisim.LUT6 [\LUT6(init="00000100000000000000...]
Compiling architecture lut6_v of entity unisim.LUT6 [\LUT6(init="10001011100010001000...]
Compiling architecture lut6_v of entity unisim.LUT6 [\LUT6(init="01000100010001000100...]
Compiling architecture lut6_v of entity unisim.LUT6 [\LUT6(init="00000000010001111111...]
Compiling architecture lut6_v of entity unisim.LUT6 [\LUT6(init="11111111111111111111...]
Compiling architecture lut6_v of entity unisim.LUT6 [\LUT6(init="10101010111010101111...]
Compiling architecture lut6_v of entity unisim.LUT6 [\LUT6(init="00100000000000100000...]
Compiling architecture lut6_v of entity unisim.LUT6 [\LUT6(init="11111111111111110000...]
Compiling architecture lut6_v of entity unisim.LUT6 [\LUT6(init="00101010001000100010...]
Compiling architecture lut6_v of entity unisim.LUT6 [\LUT6(init="00000000100000001111...]
Compiling architecture lut5_v of entity unisim.LUT5 [\LUT5(init="10001100110011001100...]
Compiling architecture lut5_v of entity unisim.LUT5 [\LUT5(init="01000101010001000100...]
Compiling architecture lut6_v of entity unisim.LUT6 [\LUT6(init="10101010101010101010...]
Compiling architecture lut6_v of entity unisim.LUT6 [\LUT6(init="00101010000000000010...]
Compiling architecture lut4_v of entity unisim.LUT4 [\LUT4(init="1111011111111111")(0...]
Compiling architecture lut5_v of entity unisim.LUT5 [\LUT5(init="10111111101110111011...]
Compiling architecture lut6_v of entity unisim.LUT6 [\LUT6(init="00000000000000000101...]
Compiling architecture lut6_v of entity unisim.LUT6 [\LUT6(init="11001100110011001100...]
Compiling architecture lut5_v of entity unisim.LUT5 [\LUT5(init="11001000110011001100...]
Compiling architecture lut6_v of entity unisim.LUT6 [\LUT6(init="00010001000101000100...]
Compiling architecture lut6_v of entity unisim.LUT6 [\LUT6(init="11010000110100001101...]
Compiling architecture lut6_v of entity unisim.LUT6 [\LUT6(init="11111111111111100000...]
Compiling architecture lut5_v of entity unisim.LUT5 [\LUT5(init="00001101000011110000...]
Compiling architecture lut6_v of entity unisim.LUT6 [\LUT6(init="11111111111111111111...]
Compiling architecture lut5_v of entity unisim.LUT5 [\LUT5(init="00000000000000000101...]
Compiling architecture lut4_v of entity unisim.LUT4 [\LUT4(init="1011100011111111")(0...]
Compiling architecture lut6_v of entity unisim.LUT6 [\LUT6(init="11111111111111111111...]
Compiling architecture lut6_v of entity unisim.LUT6 [\LUT6(init="11111111111111111111...]
Compiling architecture lut6_v of entity unisim.LUT6 [\LUT6(init="00000000000000000000...]
Compiling architecture lut6_v of entity unisim.LUT6 [\LUT6(init="00000000000000000000...]
Compiling architecture lut6_v of entity unisim.LUT6 [\LUT6(init="11111100111111000111...]
Compiling architecture lut6_v of entity unisim.LUT6 [\LUT6(init="00000000000000000101...]
Compiling architecture lut5_v of entity unisim.LUT5 [\LUT5(init="11011111110111111111...]
Compiling architecture lut6_v of entity unisim.LUT6 [\LUT6(init="11111111011101111111...]
Compiling architecture lut6_v of entity unisim.LUT6 [\LUT6(init="11001111110000001111...]
Compiling architecture lut4_v of entity unisim.LUT4 [\LUT4(init="0101000000110101")(0...]
Compiling architecture lut5_v of entity unisim.LUT5 [\LUT5(init="00000001000000001111...]
Compiling architecture lut5_v of entity unisim.LUT5 [\LUT5(init="11001111010001001100...]
Compiling architecture lut5_v of entity unisim.LUT5 [\LUT5(init="11001100110010001100...]
Compiling architecture lut6_v of entity unisim.LUT6 [\LUT6(init="11111111111111111111...]
Compiling architecture lut5_v of entity unisim.LUT5 [\LUT5(init="00000000101111111011...]
Compiling architecture lut5_v of entity unisim.LUT5 [\LUT5(init="11111110111011101111...]
Compiling architecture lut6_v of entity unisim.LUT6 [\LUT6(init="00000000000000010000...]
Compiling architecture lut6_v of entity unisim.LUT6 [\LUT6(init="01000101000000000000...]
Compiling architecture lut6_v of entity unisim.LUT6 [\LUT6(init="00000000000000000000...]
Compiling architecture lut6_v of entity unisim.LUT6 [\LUT6(init="11100010111111111111...]
Compiling architecture lut6_v of entity unisim.LUT6 [\LUT6(init="00100010001000100010...]
Compiling architecture lut6_v of entity unisim.LUT6 [\LUT6(init="00000000000000000000...]
Compiling architecture lut6_v of entity unisim.LUT6 [\LUT6(init="10101011111110111111...]
Compiling architecture lut5_v of entity unisim.LUT5 [\LUT5(init="10111000111111111011...]
Compiling architecture lut5_v of entity unisim.LUT5 [\LUT5(init="11111111111111111011...]
Compiling architecture lut6_v of entity unisim.LUT6 [\LUT6(init="11111010111110101010...]
Compiling architecture lut6_v of entity unisim.LUT6 [\LUT6(init="11111111111111111111...]
Compiling architecture lut6_v of entity unisim.LUT6 [\LUT6(init="10001000100000000000...]
Compiling architecture lut6_v of entity unisim.LUT6 [\LUT6(init="01101110011111111111...]
Compiling architecture lut6_v of entity unisim.LUT6 [\LUT6(init="00000000000000000001...]
Compiling architecture lut5_v of entity unisim.LUT5 [\LUT5(init="11111111111111110101...]
Compiling architecture lut6_v of entity unisim.LUT6 [\LUT6(init="00101010001010100010...]
Compiling architecture lut6_v of entity unisim.LUT6 [\LUT6(init="11111111011111111111...]
Compiling architecture lut4_v of entity unisim.LUT4 [\LUT4(init="1011111100000000")(0...]
Compiling architecture lut6_v of entity unisim.LUT6 [\LUT6(init="11111111111111111111...]
Compiling architecture lut6_v of entity unisim.LUT6 [\LUT6(init="10101010101010101010...]
Compiling architecture lut6_v of entity unisim.LUT6 [\LUT6(init="11111110101010101010...]
Compiling architecture lut6_v of entity unisim.LUT6 [\LUT6(init="01000000000000000100...]
Compiling architecture lut5_v of entity unisim.LUT5 [\LUT5(init="00010000100000000000...]
Compiling architecture lut5_v of entity unisim.LUT5 [\LUT5(init="10111111111111111111...]
Compiling architecture lut6_v of entity unisim.LUT6 [\LUT6(init="01010100010001000101...]
Compiling architecture lut6_v of entity unisim.LUT6 [\LUT6(init="00000000000000000000...]
Compiling architecture lut6_v of entity unisim.LUT6 [\LUT6(init="01111111000011110100...]
Compiling architecture lut6_v of entity unisim.LUT6 [\LUT6(init="11011101110111111101...]
Compiling architecture lut6_v of entity unisim.LUT6 [\LUT6(init="11110000110100001111...]
Compiling architecture lut3_v of entity unisim.LUT3 [\LUT3(init="11010000")(0,7)\]
Compiling architecture lut6_v of entity unisim.LUT6 [\LUT6(init="00100000000000000010...]
Compiling architecture lut4_v of entity unisim.LUT4 [\LUT4(init="0101011100000000")(0...]
Compiling architecture lut5_v of entity unisim.LUT5 [\LUT5(init="01000000010011110000...]
Compiling architecture lut4_v of entity unisim.LUT4 [\LUT4(init="0000000000101010")(0...]
Compiling architecture lut6_v of entity unisim.LUT6 [\LUT6(init="10111000101110001111...]
Compiling architecture lut6_v of entity unisim.LUT6 [\LUT6(init="10111000101110001011...]
Compiling architecture lut6_v of entity unisim.LUT6 [\LUT6(init="00000001000000010001...]
Compiling architecture lut6_v of entity unisim.LUT6 [\LUT6(init="10111111101110110000...]
Compiling architecture lut5_v of entity unisim.LUT5 [\LUT5(init="11111111110011001011...]
Compiling architecture lut6_v of entity unisim.LUT6 [\LUT6(init="00000000000000000000...]
Compiling architecture lut6_v of entity unisim.LUT6 [\LUT6(init="00000000000000000000...]
Compiling architecture lut4_v of entity unisim.LUT4 [\LUT4(init="1101000011111111")(0...]
Compiling architecture lut6_v of entity unisim.LUT6 [\LUT6(init="10101100101011001111...]
Compiling architecture lut6_v of entity unisim.LUT6 [\LUT6(init="10111011101110111000...]
Compiling architecture lut6_v of entity unisim.LUT6 [\LUT6(init="11110000000000001111...]
Compiling architecture lut5_v of entity unisim.LUT5 [\LUT5(init="00000111000000000000...]
Compiling architecture lut6_v of entity unisim.LUT6 [\LUT6(init="11101111111111111110...]
Compiling architecture lut5_v of entity unisim.LUT5 [\LUT5(init="00001111111100001011...]
Compiling architecture lut6_v of entity unisim.LUT6 [\LUT6(init="00000000000000000000...]
Compiling architecture lut6_v of entity unisim.LUT6 [\LUT6(init="11110111000010000000...]
Compiling architecture lut4_v of entity unisim.LUT4 [\LUT4(init="1010000011100100")(0...]
Compiling architecture lut6_v of entity unisim.LUT6 [\LUT6(init="00000000000000010101...]
Compiling architecture lut6_v of entity unisim.LUT6 [\LUT6(init="00000000000000000000...]
Compiling architecture lut6_v of entity unisim.LUT6 [\LUT6(init="00001000000010000000...]
Compiling architecture lut6_v of entity unisim.LUT6 [\LUT6(init="11111111111111111100...]
Compiling architecture lut6_v of entity unisim.LUT6 [\LUT6(init="11001100110011001100...]
Compiling architecture lut3_v of entity unisim.LUT3 [\LUT3(init="10001100")(0,7)\]
Compiling architecture lut6_v of entity unisim.LUT6 [\LUT6(init="01010101010001011111...]
Compiling architecture lut5_v of entity unisim.LUT5 [\LUT5(init="00000000000000101010...]
Compiling architecture lut6_v of entity unisim.LUT6 [\LUT6(init="11011111011111111111...]
Compiling architecture lut6_v of entity unisim.LUT6 [\LUT6(init="01000000011100000000...]
Compiling architecture lut4_v of entity unisim.LUT4 [\LUT4(init="0111111111001011")(0...]
Compiling architecture lut6_v of entity unisim.LUT6 [\LUT6(init="01010101010101010101...]
Compiling architecture lut6_v of entity unisim.LUT6 [\LUT6(init="11001100110011001100...]
Compiling architecture lut6_v of entity unisim.LUT6 [\LUT6(init="01000100010001000100...]
Compiling architecture lut5_v of entity unisim.LUT5 [\LUT5(init="01011111111111111111...]
Compiling architecture lut5_v of entity unisim.LUT5 [\LUT5(init="11111111111111110010...]
Compiling architecture lut6_v of entity unisim.LUT6 [\LUT6(init="00000000000000000000...]
Compiling architecture lut5_v of entity unisim.LUT5 [\LUT5(init="11111101000000001111...]
Compiling architecture lut6_v of entity unisim.LUT6 [\LUT6(init="11111111111111111111...]
Compiling architecture lut5_v of entity unisim.LUT5 [\LUT5(init="00000001010100011111...]
Compiling architecture lut6_v of entity unisim.LUT6 [\LUT6(init="11111110111111101111...]
Compiling architecture lut6_v of entity unisim.LUT6 [\LUT6(init="10001011101110111011...]
Compiling architecture lut6_v of entity unisim.LUT6 [\LUT6(init="11111110000000000000...]
Compiling architecture lut6_v of entity unisim.LUT6 [\LUT6(init="11111111111111111111...]
Compiling architecture lut6_v of entity unisim.LUT6 [\LUT6(init="11101111111011111111...]
Compiling architecture lut6_v of entity unisim.LUT6 [\LUT6(init="11111111111011111111...]
Compiling architecture lut6_v of entity unisim.LUT6 [\LUT6(init="00000000000000010101...]
Compiling architecture lut6_v of entity unisim.LUT6 [\LUT6(init="00010000000000000000...]
Compiling architecture lut6_v of entity unisim.LUT6 [\LUT6(init="11110011111100111101...]
Compiling architecture lut6_v of entity unisim.LUT6 [\LUT6(init="00010000000000001010...]
Compiling architecture lut6_v of entity unisim.LUT6 [\LUT6(init="10101010101010101010...]
Compiling architecture lut5_v of entity unisim.LUT5 [\LUT5(init="10111010101111111111...]
Compiling architecture lut6_v of entity unisim.LUT6 [\LUT6(init="01010100010101011111...]
Compiling architecture lut6_v of entity unisim.LUT6 [\LUT6(init="00111111111100000011...]
Compiling architecture lut5_v of entity unisim.LUT5 [\LUT5(init="01111111011111111111...]
Compiling architecture lut6_v of entity unisim.LUT6 [\LUT6(init="00000000001100110000...]
Compiling architecture lut6_v of entity unisim.LUT6 [\LUT6(init="00011101000000000001...]
Compiling architecture lut5_v of entity unisim.LUT5 [\LUT5(init="00000000000000000001...]
Compiling architecture lut6_v of entity unisim.LUT6 [\LUT6(init="00000000010001110000...]
Compiling architecture lut6_v of entity unisim.LUT6 [\LUT6(init="11001100100011001100...]
Compiling architecture lut6_v of entity unisim.LUT6 [\LUT6(init="11111111111111111111...]
Compiling architecture lut6_v of entity unisim.LUT6 [\LUT6(init="00000100000001000000...]
Compiling architecture lut6_v of entity unisim.LUT6 [\LUT6(init="00000010001000000010...]
Compiling architecture lut5_v of entity unisim.LUT5 [\LUT5(init="00000010001000000010...]
Compiling architecture lut6_v of entity unisim.LUT6 [\LUT6(init="01010111111111110000...]
Compiling architecture lut6_v of entity unisim.LUT6 [\LUT6(init="00100000000000000010...]
Compiling architecture lut6_v of entity unisim.LUT6 [\LUT6(init="11111010111100111111...]
Compiling architecture lut5_v of entity unisim.LUT5 [\LUT5(init="00000000001000000010...]
Compiling architecture lut4_v of entity unisim.LUT4 [\LUT4(init="1011101110101011")(0...]
Compiling architecture lut6_v of entity unisim.LUT6 [\LUT6(init="00100000001000000010...]
Compiling architecture lut6_v of entity unisim.LUT6 [\LUT6(init="10111111111111110000...]
Compiling architecture lut6_v of entity unisim.LUT6 [\LUT6(init="01000100010101000000...]
Compiling architecture lut6_v of entity unisim.LUT6 [\LUT6(init="11111111111111111111...]
Compiling architecture lut3_v of entity unisim.LUT3 [\LUT3(init="11110010")(0,7)\]
Compiling architecture lut6_v of entity unisim.LUT6 [\LUT6(init="11110010111100101111...]
Compiling architecture lut6_v of entity unisim.LUT6 [\LUT6(init="11110010111100101111...]
Compiling architecture lut6_v of entity unisim.LUT6 [\LUT6(init="01010101010101010101...]
Compiling architecture lut5_v of entity unisim.LUT5 [\LUT5(init="10001000100010000000...]
Compiling architecture lut6_v of entity unisim.LUT6 [\LUT6(init="11111111111111111111...]
Compiling architecture lut6_v of entity unisim.LUT6 [\LUT6(init="00000000000000001111...]
Compiling architecture lut6_v of entity unisim.LUT6 [\LUT6(init="10101010101010101010...]
Compiling architecture lut6_v of entity unisim.LUT6 [\LUT6(init="00000000000000000000...]
Compiling architecture lut6_v of entity unisim.LUT6 [\LUT6(init="11111011000010111111...]
Compiling architecture lut6_v of entity unisim.LUT6 [\LUT6(init="11111111111111110000...]
Compiling architecture lut4_v of entity unisim.LUT4 [\LUT4(init="1010101010100110")(0...]
Compiling architecture lut6_v of entity unisim.LUT6 [\LUT6(init="11111111111110110000...]
Compiling architecture lut6_v of entity unisim.LUT6 [\LUT6(init="00000000000000000000...]
Compiling architecture lut6_v of entity unisim.LUT6 [\LUT6(init="11111111111111110000...]
Compiling architecture lut6_v of entity unisim.LUT6 [\LUT6(init="01010101010100010101...]
Compiling architecture lut6_v of entity unisim.LUT6 [\LUT6(init="11111111111111111000...]
Compiling architecture lut6_v of entity unisim.LUT6 [\LUT6(init="00000000000000000000...]
Compiling architecture lut6_v of entity unisim.LUT6 [\LUT6(init="01010101010101010101...]
Compiling architecture lut6_v of entity unisim.LUT6 [\LUT6(init="11111111111111100000...]
Compiling architecture lut5_v of entity unisim.LUT5 [\LUT5(init="00010101010101010101...]
Compiling architecture lut6_v of entity unisim.LUT6 [\LUT6(init="01010100010101010101...]
Compiling architecture lut5_v of entity unisim.LUT5 [\LUT5(init="01010101010101010101...]
Compiling architecture lut6_v of entity unisim.LUT6 [\LUT6(init="00000000000000000000...]
Compiling architecture lut6_v of entity unisim.LUT6 [\LUT6(init="01010101010101010101...]
Compiling architecture lut5_v of entity unisim.LUT5 [\LUT5(init="10111111101111111011...]
Compiling architecture lut6_v of entity unisim.LUT6 [\LUT6(init="11111111111111111110...]
Compiling architecture lut6_v of entity unisim.LUT6 [\LUT6(init="11111111111111111011...]
Compiling architecture lut6_v of entity unisim.LUT6 [\LUT6(init="00000000000000000000...]
Compiling architecture lut6_v of entity unisim.LUT6 [\LUT6(init="11011101111111111111...]
Compiling architecture lut6_v of entity unisim.LUT6 [\LUT6(init="11101110111000100000...]
Compiling architecture lut6_v of entity unisim.LUT6 [\LUT6(init="10000000100000001000...]
Compiling architecture lut4_v of entity unisim.LUT4 [\LUT4(init="1010101111111011")(0...]
Compiling architecture lut6_v of entity unisim.LUT6 [\LUT6(init="01101010011001100110...]
Compiling architecture lut6_v of entity unisim.LUT6 [\LUT6(init="11111101111111111111...]
Compiling architecture lut6_v of entity unisim.LUT6 [\LUT6(init="11111111111111111010...]
Compiling architecture lut6_v of entity unisim.LUT6 [\LUT6(init="10010000100110011001...]
Compiling architecture lut6_v of entity unisim.LUT6 [\LUT6(init="01000100010001000100...]
Compiling architecture lut6_v of entity unisim.LUT6 [\LUT6(init="00000000100000000000...]
Compiling architecture lut6_v of entity unisim.LUT6 [\LUT6(init="00000011000000110011...]
Compiling architecture lut6_v of entity unisim.LUT6 [\LUT6(init="11111111111111110100...]
Compiling architecture lut6_v of entity unisim.LUT6 [\LUT6(init="11111011111011101111...]
Compiling architecture lut6_v of entity unisim.LUT6 [\LUT6(init="11111111111011111111...]
Compiling architecture lut6_v of entity unisim.LUT6 [\LUT6(init="00110000000000000001...]
Compiling architecture lut6_v of entity unisim.LUT6 [\LUT6(init="11001111110000001111...]
Compiling architecture lut4_v of entity unisim.LUT4 [\LUT4(init="1011111110110000")(0...]
Compiling architecture lut6_v of entity unisim.LUT6 [\LUT6(init="00000000000000000000...]
Compiling architecture lut5_v of entity unisim.LUT5 [\LUT5(init="10111011101110001011...]
Compiling architecture lut6_v of entity unisim.LUT6 [\LUT6(init="00000001000000010101...]
Compiling architecture lut6_v of entity unisim.LUT6 [\LUT6(init="00000000000100000000...]
Compiling architecture lut5_v of entity unisim.LUT5 [\LUT5(init="11111111000000000111...]
Compiling architecture lut4_v of entity unisim.LUT4 [\LUT4(init="1110000011111111")(0...]
Compiling architecture lut6_v of entity unisim.LUT6 [\LUT6(init="11111111111111111010...]
Compiling architecture lut6_v of entity unisim.LUT6 [\LUT6(init="00000000110011110000...]
Compiling architecture lut6_v of entity unisim.LUT6 [\LUT6(init="00000000110011110000...]
Compiling architecture lut4_v of entity unisim.LUT4 [\LUT4(init="0010001011010000")(0...]
Compiling architecture lut5_v of entity unisim.LUT5 [\LUT5(init="11111111111100001101...]
Compiling architecture lut4_v of entity unisim.LUT4 [\LUT4(init="0101000001110000")(0...]
Compiling architecture lut6_v of entity unisim.LUT6 [\LUT6(init="11111111111111111111...]
Compiling architecture lut6_v of entity unisim.LUT6 [\LUT6(init="10101100111111111111...]
Compiling architecture lut6_v of entity unisim.LUT6 [\LUT6(init="00000000010000000000...]
Compiling architecture lut6_v of entity unisim.LUT6 [\LUT6(init="10101010101010101010...]
Compiling architecture lut6_v of entity unisim.LUT6 [\LUT6(init="10001000100010001000...]
Compiling architecture lut6_v of entity unisim.LUT6 [\LUT6(init="11111111111111111111...]
Compiling architecture lut5_v of entity unisim.LUT5 [\LUT5(init="11111111111111111111...]
Compiling architecture lut6_v of entity unisim.LUT6 [\LUT6(init="11111111111111111010...]
Compiling architecture lut5_v of entity unisim.LUT5 [\LUT5(init="10001010100010101000...]
Compiling architecture lut5_v of entity unisim.LUT5 [\LUT5(init="00000000000000001110...]
Compiling architecture lut6_v of entity unisim.LUT6 [\LUT6(init="00000100000000000100...]
Compiling architecture lut5_v of entity unisim.LUT5 [\LUT5(init="10101011101010111010...]
Compiling architecture lut6_v of entity unisim.LUT6 [\LUT6(init="10001000100010001000...]
Compiling architecture lut5_v of entity unisim.LUT5 [\LUT5(init="00000000000000000000...]
Compiling architecture lut3_v of entity unisim.LUT3 [\LUT3(init="10100010")(0,7)\]
Compiling architecture lut4_v of entity unisim.LUT4 [\LUT4(init="1011000000000000")(0...]
Compiling architecture lut5_v of entity unisim.LUT5 [\LUT5(init="00101000101010101010...]
Compiling architecture lut6_v of entity unisim.LUT6 [\LUT6(init="00000000000000000000...]
Compiling architecture lut6_v of entity unisim.LUT6 [\LUT6(init="00000000000000000000...]
Compiling architecture lut6_v of entity unisim.LUT6 [\LUT6(init="00000000000000000000...]
Compiling architecture lut5_v of entity unisim.LUT5 [\LUT5(init="00001000000000000000...]
Compiling architecture lut6_v of entity unisim.LUT6 [\LUT6(init="10101010101010101010...]
Compiling architecture lut6_v of entity unisim.LUT6 [\LUT6(init="10000000000000001000...]
Compiling architecture lut6_v of entity unisim.LUT6 [\LUT6(init="00101111001011111111...]
Compiling architecture lut5_v of entity unisim.LUT5 [\LUT5(init="11111111111111111111...]
Compiling architecture lut3_v of entity unisim.LUT3 [\LUT3(init="11101100")(0,7)\]
Compiling architecture lut6_v of entity unisim.LUT6 [\LUT6(init="00000000000000000000...]
Compiling architecture lut5_v of entity unisim.LUT5 [\LUT5(init="11001100110011000000...]
Compiling architecture lut5_v of entity unisim.LUT5 [\LUT5(init="01110000011111110111...]
Compiling architecture lut6_v of entity unisim.LUT6 [\LUT6(init="11011111110111011101...]
Compiling architecture lut6_v of entity unisim.LUT6 [\LUT6(init="00001111000011110000...]
Compiling architecture lut6_v of entity unisim.LUT6 [\LUT6(init="01111111000000000111...]
Compiling architecture lut6_v of entity unisim.LUT6 [\LUT6(init="00000000000000000000...]
Compiling architecture lut5_v of entity unisim.LUT5 [\LUT5(init="00000000001000100011...]
Compiling architecture lut5_v of entity unisim.LUT5 [\LUT5(init="11111111111101010011...]
Compiling architecture lut6_v of entity unisim.LUT6 [\LUT6(init="10101011101010111011...]
Compiling architecture lut6_v of entity unisim.LUT6 [\LUT6(init="00110000100011000000...]
Compiling architecture lut6_v of entity unisim.LUT6 [\LUT6(init="10111011101010111111...]
Compiling architecture lut6_v of entity unisim.LUT6 [\LUT6(init="00000001010100011111...]
Compiling architecture lut6_v of entity unisim.LUT6 [\LUT6(init="00000000000000000000...]
Compiling architecture lut6_v of entity unisim.LUT6 [\LUT6(init="11111111101110001111...]
Compiling architecture lut6_v of entity unisim.LUT6 [\LUT6(init="11111111111111111111...]
Compiling architecture lut6_v of entity unisim.LUT6 [\LUT6(init="00000000000000000000...]
Compiling architecture lut5_v of entity unisim.LUT5 [\LUT5(init="00000000000000000000...]
Compiling architecture structure of entity xil_defaultlib.mbv_system_microblaze_riscv_0_0_microblaze_riscv_v1_0_7_Debug_Trace [mbv_system_microblaze_riscv_0_0_...]
Compiling architecture lut5_v of entity unisim.LUT5 [\LUT5(init="00000000000000110010...]
Compiling architecture lut5_v of entity unisim.LUT5 [\LUT5(init="00000000000000111101...]
Compiling architecture lut5_v of entity unisim.LUT5 [\LUT5(init="00000000000000111110...]
Compiling architecture lut6_2_v of entity unisim.LUT6_2 [\LUT6_2(init="111111110000000011...]
Compiling architecture structure of entity xil_defaultlib.\mbv_system_microblaze_riscv_0_0_MB_LUT6_2__parameterized11\ [\mbv_system_microblaze_riscv_0_0...]
Compiling architecture structure of entity xil_defaultlib.\mbv_system_microblaze_riscv_0_0_MB_LUT6_2__parameterized11_1\ [\mbv_system_microblaze_riscv_0_0...]
Compiling architecture structure of entity xil_defaultlib.\mbv_system_microblaze_riscv_0_0_MB_LUT6_2__parameterized11_2\ [\mbv_system_microblaze_riscv_0_0...]
Compiling architecture structure of entity xil_defaultlib.\mbv_system_microblaze_riscv_0_0_MB_LUT6_2__parameterized11_3\ [\mbv_system_microblaze_riscv_0_0...]
Compiling architecture structure of entity xil_defaultlib.\mbv_system_microblaze_riscv_0_0_MB_LUT6_2__parameterized11_4\ [\mbv_system_microblaze_riscv_0_0...]
Compiling architecture structure of entity xil_defaultlib.\mbv_system_microblaze_riscv_0_0_MB_LUT6_2__parameterized11_5\ [\mbv_system_microblaze_riscv_0_0...]
Compiling architecture structure of entity xil_defaultlib.\mbv_system_microblaze_riscv_0_0_MB_LUT6_2__parameterized11_6\ [\mbv_system_microblaze_riscv_0_0...]
Compiling architecture structure of entity xil_defaultlib.\mbv_system_microblaze_riscv_0_0_MB_LUT6_2__parameterized11_7\ [\mbv_system_microblaze_riscv_0_0...]
Compiling architecture structure of entity xil_defaultlib.\mbv_system_microblaze_riscv_0_0_MB_LUT6_2__parameterized11_8\ [\mbv_system_microblaze_riscv_0_0...]
Compiling architecture structure of entity xil_defaultlib.\mbv_system_microblaze_riscv_0_0_MB_LUT6_2__parameterized11_9\ [\mbv_system_microblaze_riscv_0_0...]
Compiling architecture structure of entity xil_defaultlib.\mbv_system_microblaze_riscv_0_0_MB_LUT6_2__parameterized11_10\ [\mbv_system_microblaze_riscv_0_0...]
Compiling architecture structure of entity xil_defaultlib.\mbv_system_microblaze_riscv_0_0_MB_LUT6_2__parameterized11_11\ [\mbv_system_microblaze_riscv_0_0...]
Compiling architecture structure of entity xil_defaultlib.\mbv_system_microblaze_riscv_0_0_MB_LUT6_2__parameterized11_12\ [\mbv_system_microblaze_riscv_0_0...]
Compiling architecture structure of entity xil_defaultlib.\mbv_system_microblaze_riscv_0_0_MB_LUT6_2__parameterized11_13\ [\mbv_system_microblaze_riscv_0_0...]
Compiling architecture structure of entity xil_defaultlib.\mbv_system_microblaze_riscv_0_0_MB_LUT6_2__parameterized11_14\ [\mbv_system_microblaze_riscv_0_0...]
Compiling architecture structure of entity xil_defaultlib.\mbv_system_microblaze_riscv_0_0_MB_LUT6_2__parameterized11_15\ [\mbv_system_microblaze_riscv_0_0...]
Compiling architecture structure of entity xil_defaultlib.mbv_system_microblaze_riscv_0_0_mux_bus [mbv_system_microblaze_riscv_0_0_...]
Compiling architecture structure of entity xil_defaultlib.mbv_system_microblaze_riscv_0_0_instr_mux [mbv_system_microblaze_riscv_0_0_...]
Compiling architecture structure of entity xil_defaultlib.mbv_system_microblaze_riscv_0_0_riscv_GTi [mbv_system_microblaze_riscv_0_0_...]
Compiling architecture structure of entity xil_defaultlib.mbv_system_microblaze_riscv_0_0_mb_sync_bit [mbv_system_microblaze_riscv_0_0_...]
Compiling architecture structure of entity xil_defaultlib.\mbv_system_microblaze_riscv_0_0_mb_sync_bit__parameterized1\ [\mbv_system_microblaze_riscv_0_0...]
Compiling architecture structure of entity xil_defaultlib.\mbv_system_microblaze_riscv_0_0_mb_sync_bit__parameterized1_0\ [\mbv_system_microblaze_riscv_0_0...]
Compiling architecture lut6_v of entity unisim.LUT6 [\LUT6(init="01010101010101010100...]
Compiling architecture lut6_v of entity unisim.LUT6 [\LUT6(init="01010101010001010101...]
Compiling architecture lut6_v of entity unisim.LUT6 [\LUT6(init="01000100010001000001...]
Compiling architecture lut6_v of entity unisim.LUT6 [\LUT6(init="11111111111111111111...]
Compiling architecture lut6_v of entity unisim.LUT6 [\LUT6(init="00000000000000000000...]
Compiling architecture lut6_v of entity unisim.LUT6 [\LUT6(init="01001111010011110100...]
Compiling architecture lut6_v of entity unisim.LUT6 [\LUT6(init="01001111010011111111...]
Compiling architecture lut6_v of entity unisim.LUT6 [\LUT6(init="00100011001100110010...]
Compiling architecture structure of entity xil_defaultlib.mbv_system_microblaze_riscv_0_0_saxi_interface [mbv_system_microblaze_riscv_0_0_...]
Compiling architecture structure of entity xil_defaultlib.mbv_system_microblaze_riscv_0_0_riscv_core [mbv_system_microblaze_riscv_0_0_...]
Compiling architecture structure of entity xil_defaultlib.mbv_system_microblaze_riscv_0_0_riscv [mbv_system_microblaze_riscv_0_0_...]
Compiling architecture structure of entity xil_defaultlib.mbv_system_microblaze_riscv_0_0 [mbv_system_microblaze_riscv_0_0_...]
Compiling architecture structure of entity xil_defaultlib.mbv_system_rst_clk_wiz_1_100M_1_xpm_cdc_single [mbv_system_rst_clk_wiz_1_100m_1_...]
Compiling architecture structure of entity xil_defaultlib.\mbv_system_rst_clk_wiz_1_100M_1_xpm_cdc_single__1\ [\mbv_system_rst_clk_wiz_1_100M_1...]
Compiling architecture structure of entity xil_defaultlib.mbv_system_rst_clk_wiz_1_100M_1_lpf [mbv_system_rst_clk_wiz_1_100m_1_...]
Compiling architecture structure of entity xil_defaultlib.mbv_system_rst_clk_wiz_1_100M_1_upcnt_n [mbv_system_rst_clk_wiz_1_100m_1_...]
Compiling architecture lut4_v of entity unisim.LUT4 [\LUT4(init="0000010010000000")(0...]
Compiling architecture structure of entity xil_defaultlib.mbv_system_rst_clk_wiz_1_100M_1_sequence_psr [mbv_system_rst_clk_wiz_1_100m_1_...]
Compiling architecture structure of entity xil_defaultlib.mbv_system_rst_clk_wiz_1_100M_1_proc_sys_reset [mbv_system_rst_clk_wiz_1_100m_1_...]
Compiling architecture structure of entity xil_defaultlib.mbv_system_rst_clk_wiz_1_100M_1 [mbv_system_rst_clk_wiz_1_100m_1_...]
Compiling architecture structure of entity xil_defaultlib.mbv_system [mbv_system_default]
Compiling architecture structure of entity xil_defaultlib.mbv_system_wrapper
Built simulation snapshot mbv_system_wrapper_func_synth
