Vivado Simulator v2025.2
Copyright 1986-2022 Xilinx, Inc. All Rights Reserved.
Copyright 2022-2025 Advanced Micro Devices, Inc. All Rights Reserved.
Running: C:/AMDDesignTools/2025.2/Vivado/bin/unwrapped/win64.o/xelab.exe --incr --debug typical --relax --mt 2 -L xil_defaultlib -L microblaze_v11_0_16 -L microblaze_riscv_v1_0_7 -L lmb_v10_v3_0_16 -L lmb_bram_if_cntlr_v4_0_27 -L axi_lite_ipif_v3_0_4 -L axi_intc_v4_1_22 -L mdm_riscv_v1_0_7 -L proc_sys_reset_v5_0_17 -L fit_timer_v2_0_13 -L axi_timebase_wdt_v3_0_27 -L axi_uartlite_v2_0_39 -L interrupt_control_v3_1_5 -L axi_gpio_v2_0_37 -L axi_ethernetlite_v3_0_36 -L axi_iic_v2_1_11 -L xilinx_vip -L unisims_ver -L unimacro_ver -L secureip -L xpm --snapshot mbv_system_wrapper_behav xil_defaultlib.mbv_system_wrapper xil_defaultlib.glbl -log elaborate.log 
Using 2 slave threads.
Starting static elaboration
Pass Through NonSizing Optimizer
WARNING: [VRFC 10-8856] comparison between unequal length arrays always returns FALSE; left argument length 8 is different from right argument length 11 for 'std_logic_vector_93' array [/wrk/ci/prod/2025.2/sw/continuous/3083/output/customer/vivado/data/ip/xilinx/microblaze_riscv_v1_0/hdl/microblaze_riscv_v1_0_vh_rfs.vhd:24113]
WARNING: [VRFC 10-8856] comparison between unequal length arrays always returns FALSE; left argument length 8 is different from right argument length 11 for 'std_logic_vector_93' array [/wrk/ci/prod/2025.2/sw/continuous/3083/output/customer/vivado/data/ip/xilinx/microblaze_riscv_v1_0/hdl/microblaze_riscv_v1_0_vh_rfs.vhd:24112]
WARNING: [VRFC 10-8759] array bounds of function return type do not match array bounds of function return value [/wrk/ci/prod/2025.2/sw/continuous/3083/output/customer/vivado/data/ip/xilinx/microblaze_riscv_v1_0/hdl/microblaze_riscv_v1_0_vh_rfs.vhd:98953]
WARNING: [VRFC 10-8759] array bounds of function return type do not match array bounds of function return value [/wrk/ci/prod/2025.2/sw/continuous/3083/output/customer/vivado/data/ip/xilinx/microblaze_riscv_v1_0/hdl/microblaze_riscv_v1_0_vh_rfs.vhd:98953]
WARNING: [VRFC 10-8759] array bounds of function return type do not match array bounds of function return value [/wrk/ci/prod/2025.2/sw/continuous/3083/output/customer/vivado/data/ip/xilinx/microblaze_riscv_v1_0/hdl/microblaze_riscv_v1_0_vh_rfs.vhd:98300]
WARNING: [VRFC 10-8759] array bounds of function return type do not match array bounds of function return value [/wrk/ci/prod/2025.2/sw/continuous/3083/output/customer/vivado/data/ip/xilinx/microblaze_riscv_v1_0/hdl/microblaze_riscv_v1_0_vh_rfs.vhd:98300]
WARNING: [VRFC 10-8759] array bounds of function return type do not match array bounds of function return value [/wrk/ci/prod/2025.2/sw/continuous/3083/output/customer/vivado/data/ip/xilinx/microblaze_riscv_v1_0/hdl/microblaze_riscv_v1_0_vh_rfs.vhd:98300]
WARNING: [VRFC 10-8759] array bounds of function return type do not match array bounds of function return value [/wrk/ci/prod/2025.2/sw/continuous/3083/output/customer/vivado/data/ip/xilinx/microblaze_riscv_v1_0/hdl/microblaze_riscv_v1_0_vh_rfs.vhd:98300]
WARNING: [VRFC 10-8759] array bounds of function return type do not match array bounds of function return value [/wrk/ci/prod/2025.2/sw/continuous/3083/output/customer/vivado/data/ip/xilinx/microblaze_riscv_v1_0/hdl/microblaze_riscv_v1_0_vh_rfs.vhd:98300]
WARNING: [VRFC 10-8759] array bounds of function return type do not match array bounds of function return value [/wrk/ci/prod/2025.2/sw/continuous/3083/output/customer/vivado/data/ip/xilinx/microblaze_riscv_v1_0/hdl/microblaze_riscv_v1_0_vh_rfs.vhd:98300]
Completed static elaboration
Starting simulation data flow analysis
Completed simulation data flow analysis
Time Resolution for simulation is 1ps
Compiling package std.standard
Compiling package std.textio
Compiling package ieee.std_logic_1164
Compiling package ieee.numeric_std
Compiling package unisim.vcomponents
Compiling package axi_ethernetlite_v3_0_36.mac_pkg
Compiling package xpm.vcomponents
Compiling package ieee.vital_timing
Compiling package ieee.vital_primitives
Compiling package unisim.vpkg
Compiling package ieee.std_logic_arith
Compiling package ieee.std_logic_unsigned
Compiling package synopsys.attributes
Compiling package ieee.std_logic_misc
Compiling package axi_lite_ipif_v3_0_4.ipif_pkg
Compiling package axi_iic_v2_1_11.iic_pkg
Compiling package ieee.math_real
Compiling package ieee.std_logic_signed
Compiling package ieee.std_logic_textio
Compiling package lmb_bram_if_cntlr_v4_0_27.lmb_bram_if_funcs
Compiling package mdm_riscv_v1_0_7.mdm_funcs
Compiling package microblaze_riscv_v1_0_7.riscv_isa
Compiling package microblaze_v11_0_16.microblaze_types
Compiling package microblaze_v11_0_16.microblaze_isa
Compiling package microblaze_v11_0_16.mmu_types
Compiling package vl.vl_types
Compiling module xil_defaultlib.glbl
Compiling architecture iobuf_v of entity unisim.IOBUF [\IOBUF(1,7)(1,4)\]
Compiling architecture ibuf_v of entity unisim.IBUF [\IBUF(1,9)(1,1)(1,4)(1,7)\]
Compiling architecture bufg_v of entity unisim.BUFG [bufg_default]
Compiling architecture fdre_v of entity unisim.FDRE [fdre_default]
Compiling module xpm.xpm_cdc_sync_rst(DEST_SYNC_FF=4,...
Compiling module xpm.xpm_cdc_single(DEST_SYNC_FF=2,IN...
Compiling module xpm.xpm_cdc_array_single(DEST_SYNC_F...
Compiling architecture imp of entity axi_ethernetlite_v3_0_36.mdio_if [mdio_if_default]
Compiling architecture fdr_v of entity unisim.FDR [fdr_default]
Compiling architecture fdse_v of entity unisim.FDSE [fdse_default]
Compiling architecture fds_v of entity unisim.FDS [fds_default]
Compiling architecture imp of entity axi_ethernetlite_v3_0_36.rx_statemachine [rx_statemachine_default]
Compiling module xpm.xpm_cdc_sync_rst(DEST_SYNC_FF=2,...
Compiling module xpm.xpm_fifo_rst(COMMON_CLOCK=0)
Compiling module xpm.xpm_fifo_reg_bit
Compiling module xpm.xpm_counter_updn(COUNTER_WIDTH=5...
Compiling module xpm.xpm_counter_updn(RESET_VALUE=1)
Compiling module xpm.xpm_counter_updn(RESET_VALUE=2)
Compiling module xpm.xpm_counter_updn(RESET_VALUE=3)
Compiling module xpm.xpm_memory_base(MEMORY_TYPE=1,ME...
Compiling module xpm.xpm_cdc_gray(DEST_SYNC_FF=2,INIT...
Compiling module xpm.xpm_fifo_reg_vec
Compiling module xpm.xpm_cdc_gray(DEST_SYNC_FF=2,INIT...
Compiling module xpm.xpm_fifo_reg_vec(REG_WIDTH=5)
Compiling module xpm.xpm_fifo_base(COMMON_CLOCK=0,FIF...
Compiling module xpm.xpm_fifo_async(FIFO_MEMORY_TYPE=...
Compiling architecture implementation of entity axi_ethernetlite_v3_0_36.rx_intrfce [\rx_intrfce(c_family="artix7")(1...]
Compiling architecture arch1 of entity axi_ethernetlite_v3_0_36.crcgenrx [crcgenrx_default]
Compiling architecture imp of entity axi_ethernetlite_v3_0_36.receive [\receive(c_family="artix7")(1,6)...]
Compiling architecture implementation of entity axi_ethernetlite_v3_0_36.crcnibshiftreg [crcnibshiftreg_default]
Compiling architecture arch1 of entity axi_ethernetlite_v3_0_36.crcgentx [crcgentx_default]
Compiling module xpm.xpm_cdc_single(DEST_SYNC_FF=3,IN...
Compiling architecture implementation of entity axi_ethernetlite_v3_0_36.tx_intrfce [\tx_intrfce(c_family="artix7")(1...]
Compiling architecture muxcy_v of entity unisim.MUXCY [muxcy_default]
Compiling architecture imp of entity axi_ethernetlite_v3_0_36.mux_onehot_f [\mux_onehot_f(c_dw=4,c_nb=6,c_fa...]
Compiling architecture lut2_v of entity unisim.LUT2 [\LUT2(init="1000")(0,3)\]
Compiling architecture mult_and_v of entity unisim.MULT_AND [mult_and_default]
Compiling architecture xorcy_v of entity unisim.XORCY [xorcy_default]
Compiling architecture imp of entity axi_ethernetlite_v3_0_36.ld_arith_reg [\ld_arith_reg(c_reg_width=12,c_r...]
Compiling architecture implementation of entity axi_ethernetlite_v3_0_36.cntr5bit [cntr5bit_default]
Compiling architecture implementation of entity axi_ethernetlite_v3_0_36.tx_statemachine [tx_statemachine_default]
Compiling architecture implementation of entity axi_ethernetlite_v3_0_36.defer_state [defer_state_default]
Compiling architecture implementation of entity axi_ethernetlite_v3_0_36.deferral [deferral_default]
Compiling architecture imp of entity axi_ethernetlite_v3_0_36.ld_arith_reg [\ld_arith_reg(c_add_sub_not=true...]
Compiling architecture imp of entity axi_ethernetlite_v3_0_36.ld_arith_reg [\ld_arith_reg(c_reg_width=4,c_re...]
Compiling module xpm.xpm_cdc_sync_rst(DEST_SYNC_FF=2,...
Compiling architecture imp of entity axi_ethernetlite_v3_0_36.transmit [\transmit(c_family="artix7")(1,6...]
Compiling architecture ram32x1s_v of entity unisim.RAM32X1S [\RAM32X1S(init="0000000000000000...]
Compiling architecture ram16x1s_v of entity unisim.RAM16X1S [\RAM16X1S(init="0000001000100000...]
Compiling architecture ram32x1s_v of entity unisim.RAM32X1S [\RAM32X1S(init="0000000000000000...]
Compiling architecture ram16x1s_v of entity unisim.RAM16X1S [\RAM16X1S(init="0000011100010000...]
Compiling architecture ram32x1s_v of entity unisim.RAM32X1S [\RAM32X1S(init="0000000000000000...]
Compiling architecture ram16x1s_v of entity unisim.RAM16X1S [\RAM16X1S(init="0000111000110000...]
Compiling architecture ram32x1s_v of entity unisim.RAM32X1S [\RAM32X1S(init="0000000000000000...]
Compiling architecture ram16x1s_v of entity unisim.RAM16X1S [\RAM16X1S(init="0000111100010000...]
Compiling architecture imp of entity axi_ethernetlite_v3_0_36.ram16x4 [\ram16x4(init_01="11100101000000...]
Compiling architecture imp of entity axi_ethernetlite_v3_0_36.MacAddrRAM [\MacAddrRAM(macaddr="00000000000...]
Compiling module xpm.xpm_cdc_single(DEST_SYNC_FF=4,IN...
Compiling architecture imp of entity axi_ethernetlite_v3_0_36.emac [\emac(c_family="artix7")(0,47)(1...]
Compiling module xpm.xpm_memory_base(MEMORY_SIZE=8192...
Compiling module xpm.xpm_memory_tdpram(MEMORY_SIZE=81...
Compiling architecture imp of entity axi_ethernetlite_v3_0_36.emac_dpram [\emac_dpram(c_family="artix7")(1...]
Compiling architecture imp of entity axi_ethernetlite_v3_0_36.xemac [\xemac(c_family="artix7",c_s_axi...]
Compiling architecture rtl of entity axi_ethernetlite_v3_0_36.axi_interface [\axi_interface(c_family="artix7"...]
Compiling architecture imp of entity axi_ethernetlite_v3_0_36.axi_ethernetlite [\axi_ethernetlite(c_family="arti...]
Compiling architecture mbv_system_axi_ethernetlite_0_0_arch of entity xil_defaultlib.mbv_system_axi_ethernetlite_0_0 [mbv_system_axi_ethernetlite_0_0_...]
Compiling architecture implementation of entity interrupt_control_v3_1_5.interrupt_control [\interrupt_control(c_num_ce=16,c...]
Compiling architecture imp of entity axi_lite_ipif_v3_0_4.pselect_f [\pselect_f(c_ab=5,c_aw=9,c_bar="...]
Compiling architecture imp of entity axi_lite_ipif_v3_0_4.pselect_f [\pselect_f(c_ab=2,c_aw=2,c_bar="...]
Compiling architecture imp of entity axi_lite_ipif_v3_0_4.pselect_f [\pselect_f(c_ab=2,c_aw=2,c_bar="...]
Compiling architecture imp of entity axi_lite_ipif_v3_0_4.pselect_f [\pselect_f(c_ab=2,c_aw=2,c_bar="...]
Compiling architecture imp of entity axi_lite_ipif_v3_0_4.pselect_f [\pselect_f(c_ab=2,c_aw=2,c_bar="...]
Compiling architecture imp of entity axi_lite_ipif_v3_0_4.pselect_f [\pselect_f(c_ab=1,c_aw=9,c_bar="...]
Compiling architecture imp of entity axi_lite_ipif_v3_0_4.pselect_f [\pselect_f(c_ab=4,c_aw=4,c_bar="...]
Compiling architecture imp of entity axi_lite_ipif_v3_0_4.pselect_f [\pselect_f(c_ab=4,c_aw=4,c_bar="...]
Compiling architecture imp of entity axi_lite_ipif_v3_0_4.pselect_f [\pselect_f(c_ab=4,c_aw=4,c_bar="...]
Compiling architecture imp of entity axi_lite_ipif_v3_0_4.pselect_f [\pselect_f(c_ab=4,c_aw=4,c_bar="...]
Compiling architecture imp of entity axi_lite_ipif_v3_0_4.pselect_f [\pselect_f(c_ab=4,c_aw=4,c_bar="...]
Compiling architecture imp of entity axi_lite_ipif_v3_0_4.pselect_f [\pselect_f(c_ab=4,c_aw=4,c_bar="...]
Compiling architecture imp of entity axi_lite_ipif_v3_0_4.pselect_f [\pselect_f(c_ab=4,c_aw=4,c_bar="...]
Compiling architecture imp of entity axi_lite_ipif_v3_0_4.pselect_f [\pselect_f(c_ab=4,c_aw=4,c_bar="...]
Compiling architecture imp of entity axi_lite_ipif_v3_0_4.pselect_f [\pselect_f(c_ab=4,c_aw=4,c_bar="...]
Compiling architecture imp of entity axi_lite_ipif_v3_0_4.pselect_f [\pselect_f(c_ab=4,c_aw=4,c_bar="...]
Compiling architecture imp of entity axi_lite_ipif_v3_0_4.pselect_f [\pselect_f(c_ab=4,c_aw=4,c_bar="...]
Compiling architecture imp of entity axi_lite_ipif_v3_0_4.pselect_f [\pselect_f(c_ab=4,c_aw=4,c_bar="...]
Compiling architecture imp of entity axi_lite_ipif_v3_0_4.pselect_f [\pselect_f(c_ab=4,c_aw=4,c_bar="...]
Compiling architecture imp of entity axi_lite_ipif_v3_0_4.pselect_f [\pselect_f(c_ab=4,c_aw=4,c_bar="...]
Compiling architecture imp of entity axi_lite_ipif_v3_0_4.pselect_f [\pselect_f(c_ab=4,c_aw=4,c_bar="...]
Compiling architecture imp of entity axi_lite_ipif_v3_0_4.pselect_f [\pselect_f(c_ab=4,c_aw=4,c_bar="...]
Compiling architecture imp of entity axi_lite_ipif_v3_0_4.address_decoder [\address_decoder(c_bus_awidth=9,...]
Compiling architecture imp of entity axi_lite_ipif_v3_0_4.slave_attachment [\slave_attachment(c_ard_addr_ran...]
Compiling architecture imp of entity axi_lite_ipif_v3_0_4.axi_lite_ipif [\axi_lite_ipif(c_s_axi_addr_widt...]
Compiling module xpm.xpm_cdc_array_single(DEST_SYNC_F...
Compiling architecture imp of entity axi_gpio_v2_0_37.GPIO_Core [\GPIO_Core(c_aw=9,c_gpio_width=4...]
Compiling architecture imp of entity axi_gpio_v2_0_37.axi_gpio [\axi_gpio(c_family="artix7",c_gp...]
Compiling architecture mbv_system_axi_gpio_0_3_arch of entity xil_defaultlib.mbv_system_axi_gpio_0_3 [mbv_system_axi_gpio_0_3_default]
Compiling architecture imp of entity axi_lite_ipif_v3_0_4.address_decoder [\address_decoder(c_bus_awidth=9,...]
Compiling architecture imp of entity axi_lite_ipif_v3_0_4.slave_attachment [\slave_attachment(c_ard_addr_ran...]
Compiling architecture imp of entity axi_lite_ipif_v3_0_4.axi_lite_ipif [\axi_lite_ipif(c_s_axi_addr_widt...]
Compiling module xpm.xpm_cdc_array_single(DEST_SYNC_F...
Compiling architecture imp of entity axi_gpio_v2_0_37.GPIO_Core [\GPIO_Core(c_aw=9,c_gpio_width=2...]
Compiling architecture imp of entity axi_gpio_v2_0_37.axi_gpio [\axi_gpio(c_family="artix7",c_gp...]
Compiling architecture mbv_system_axi_gpio_0_6_arch of entity xil_defaultlib.mbv_system_axi_gpio_0_6 [mbv_system_axi_gpio_0_6_default]
Compiling architecture imp of entity axi_gpio_v2_0_37.GPIO_Core [\GPIO_Core(c_aw=9,c_gpio_width=4...]
Compiling architecture imp of entity axi_gpio_v2_0_37.axi_gpio [\axi_gpio(c_family="artix7",c_gp...]
Compiling architecture mbv_system_axi_gpio_0_4_arch of entity xil_defaultlib.mbv_system_axi_gpio_0_4 [mbv_system_axi_gpio_0_4_default]
Compiling module xpm.xpm_cdc_array_single(DEST_SYNC_F...
Compiling architecture imp of entity axi_gpio_v2_0_37.GPIO_Core [\GPIO_Core(c_aw=9,c_gpio_width=1...]
Compiling architecture imp of entity axi_gpio_v2_0_37.axi_gpio [\axi_gpio(c_family="artix7",c_gp...]
Compiling architecture mbv_system_axi_gpio_0_5_arch of entity xil_defaultlib.mbv_system_axi_gpio_0_5 [mbv_system_axi_gpio_0_5_default]
Compiling architecture mbv_system_axi_gpio_0_2_arch of entity xil_defaultlib.mbv_system_axi_gpio_0_2 [mbv_system_axi_gpio_0_2_default]
Compiling module xpm.xpm_cdc_array_single(DEST_SYNC_F...
Compiling architecture imp of entity axi_gpio_v2_0_37.GPIO_Core [\GPIO_Core(c_aw=9,c_gpio_width=2...]
Compiling architecture imp of entity axi_gpio_v2_0_37.axi_gpio [\axi_gpio(c_family="artix7",c_gp...]
Compiling architecture mbv_system_axi_gpio_0_0_arch of entity xil_defaultlib.mbv_system_axi_gpio_0_0 [mbv_system_axi_gpio_0_0_default]
Compiling module xpm.xpm_cdc_array_single(DEST_SYNC_F...
Compiling architecture imp of entity axi_gpio_v2_0_37.GPIO_Core [\GPIO_Core(c_aw=9,c_gpio_width=1...]
Compiling architecture imp of entity axi_gpio_v2_0_37.axi_gpio [\axi_gpio(c_family="artix7",c_gp...]
Compiling architecture mbv_system_axi_gpio_0_1_arch of entity xil_defaultlib.mbv_system_axi_gpio_0_1 [mbv_system_axi_gpio_0_1_default]
Compiling architecture imp of entity axi_lite_ipif_v3_0_4.pselect_f [\pselect_f(c_ab=3,c_aw=9,c_bar="...]
Compiling architecture imp of entity axi_lite_ipif_v3_0_4.pselect_f [\pselect_f(c_ab=7,c_aw=9,c_bar="...]
Compiling architecture imp of entity axi_lite_ipif_v3_0_4.pselect_f [\pselect_f(c_ab=5,c_aw=5,c_bar="...]
Compiling architecture imp of entity axi_lite_ipif_v3_0_4.pselect_f [\pselect_f(c_ab=5,c_aw=5,c_bar="...]
Compiling architecture imp of entity axi_lite_ipif_v3_0_4.pselect_f [\pselect_f(c_ab=5,c_aw=5,c_bar="...]
Compiling architecture imp of entity axi_lite_ipif_v3_0_4.pselect_f [\pselect_f(c_ab=5,c_aw=5,c_bar="...]
Compiling architecture imp of entity axi_lite_ipif_v3_0_4.pselect_f [\pselect_f(c_ab=5,c_aw=5,c_bar="...]
Compiling architecture imp of entity axi_lite_ipif_v3_0_4.pselect_f [\pselect_f(c_ab=5,c_aw=5,c_bar="...]
Compiling architecture imp of entity axi_lite_ipif_v3_0_4.pselect_f [\pselect_f(c_ab=5,c_aw=5,c_bar="...]
Compiling architecture imp of entity axi_lite_ipif_v3_0_4.pselect_f [\pselect_f(c_ab=5,c_aw=5,c_bar="...]
Compiling architecture imp of entity axi_lite_ipif_v3_0_4.pselect_f [\pselect_f(c_ab=5,c_aw=5,c_bar="...]
Compiling architecture imp of entity axi_lite_ipif_v3_0_4.pselect_f [\pselect_f(c_ab=5,c_aw=5,c_bar="...]
Compiling architecture imp of entity axi_lite_ipif_v3_0_4.pselect_f [\pselect_f(c_ab=5,c_aw=5,c_bar="...]
Compiling architecture imp of entity axi_lite_ipif_v3_0_4.pselect_f [\pselect_f(c_ab=5,c_aw=5,c_bar="...]
Compiling architecture imp of entity axi_lite_ipif_v3_0_4.pselect_f [\pselect_f(c_ab=5,c_aw=5,c_bar="...]
Compiling architecture imp of entity axi_lite_ipif_v3_0_4.pselect_f [\pselect_f(c_ab=5,c_aw=5,c_bar="...]
Compiling architecture imp of entity axi_lite_ipif_v3_0_4.pselect_f [\pselect_f(c_ab=5,c_aw=5,c_bar="...]
Compiling architecture imp of entity axi_lite_ipif_v3_0_4.pselect_f [\pselect_f(c_ab=5,c_aw=5,c_bar="...]
Compiling architecture imp of entity axi_lite_ipif_v3_0_4.pselect_f [\pselect_f(c_ab=5,c_aw=5,c_bar="...]
Compiling architecture imp of entity axi_lite_ipif_v3_0_4.pselect_f [\pselect_f(c_ab=5,c_aw=5,c_bar="...]
Compiling architecture imp of entity axi_lite_ipif_v3_0_4.address_decoder [\address_decoder(c_bus_awidth=9,...]
Compiling architecture imp of entity axi_lite_ipif_v3_0_4.slave_attachment [\slave_attachment(c_ard_addr_ran...]
Compiling architecture imp of entity axi_lite_ipif_v3_0_4.axi_lite_ipif [\axi_lite_ipif(c_s_axi_addr_widt...]
Compiling architecture implementation of entity interrupt_control_v3_1_5.interrupt_control [\interrupt_control(c_num_ce=16,c...]
Compiling architecture lut4_v of entity unisim.LUT4 [\LUT4(init="1111111111001010")(0...]
Compiling architecture fdrse_v of entity unisim.FDRSE [fdrse_default]
Compiling architecture implementation of entity axi_iic_v2_1_11.soft_reset [soft_reset_default]
Compiling architecture rtl of entity axi_iic_v2_1_11.axi_ipif_ssp1 [\axi_ipif_ssp1(c_num_iic_regs=18...]
Compiling architecture rtl of entity axi_iic_v2_1_11.reg_interface [\reg_interface(c_scl_inertial_de...]
Compiling architecture rtl of entity axi_iic_v2_1_11.debounce [\debounce(c_inertial_delay=4)\]
Compiling architecture rtl of entity axi_iic_v2_1_11.filter [\filter(scl_inertial_delay=4,sda...]
Compiling architecture rtl of entity axi_iic_v2_1_11.upcnt_n [\upcnt_n(c_size=10)\]
Compiling architecture rtl of entity axi_iic_v2_1_11.shift8 [shift8_default]
Compiling architecture rtl of entity axi_iic_v2_1_11.upcnt_n [\upcnt_n(c_size=4)\]
Compiling architecture rtl of entity axi_iic_v2_1_11.iic_control [\iic_control(c_scl_inertial_dela...]
Compiling architecture muxcy_l_v of entity unisim.MUXCY_L [muxcy_l_default]
Compiling architecture srl16e_v of entity unisim.SRL16E [\SRL16E(0,15)\]
Compiling architecture imp of entity axi_iic_v2_1_11.SRL_FIFO [\SRL_FIFO(c_depth=4)\]
Compiling architecture rtl of entity axi_iic_v2_1_11.dynamic_master [dynamic_master_default]
Compiling architecture imp of entity axi_iic_v2_1_11.SRL_FIFO [\SRL_FIFO(c_data_bits=2,c_depth=...]
Compiling architecture rtl of entity axi_iic_v2_1_11.iic [\iic(c_num_iic_regs=18,c_s_axi_a...]
Compiling architecture rtl of entity axi_iic_v2_1_11.axi_iic [\axi_iic(c_family="artix7",c_s_a...]
Compiling architecture mbv_system_axi_iic_0_0_arch of entity xil_defaultlib.mbv_system_axi_iic_0_0 [mbv_system_axi_iic_0_0_default]
Compiling architecture byte_data_ram_a of entity axi_intc_v4_1_22.shared_ram_ivar [shared_ram_ivar_default]
Compiling architecture imp of entity axi_intc_v4_1_22.intc_core [\intc_core(c_family="artix7",c_n...]
Compiling architecture imp of entity axi_lite_ipif_v3_0_4.pselect_f [\pselect_f(c_ab=2,c_aw=9,c_bar="...]
Compiling architecture imp of entity axi_lite_ipif_v3_0_4.pselect_f [\pselect_f(c_ab=1,c_aw=9,c_bar="...]
Compiling architecture imp of entity axi_lite_ipif_v3_0_4.pselect_f [\pselect_f(c_ab=1,c_aw=1,c_bar="...]
Compiling architecture imp of entity axi_lite_ipif_v3_0_4.pselect_f [\pselect_f(c_ab=1,c_aw=1,c_bar="...]
Compiling architecture imp of entity axi_lite_ipif_v3_0_4.address_decoder [\address_decoder(c_bus_awidth=9,...]
Compiling architecture imp of entity axi_lite_ipif_v3_0_4.slave_attachment [\slave_attachment(c_ard_addr_ran...]
Compiling architecture imp of entity axi_lite_ipif_v3_0_4.axi_lite_ipif [\axi_lite_ipif(c_s_axi_addr_widt...]
Compiling architecture imp of entity axi_intc_v4_1_22.axi_intc [\axi_intc(c_family="artix7",c_in...]
Compiling architecture mbv_system_mbv_riscv_axi_intc_1_arch of entity xil_defaultlib.mbv_system_mbv_riscv_axi_intc_1 [mbv_system_mbv_riscv_axi_intc_1_...]
Compiling architecture gnd_v of entity unisim.GND [gnd_default]
Compiling architecture fdse_v of entity unisim.FDSE [\FDSE(init='0')\]
Compiling architecture lut6_v of entity unisim.LUT6 [\LUT6(init="11111111111111111111...]
Compiling architecture lut4_v of entity unisim.LUT4 [\LUT4(init="0000000100010001")(0...]
Compiling architecture lut3_v of entity unisim.LUT3 [\LUT3(init="00101010")(0,7)\]
Compiling architecture structure of entity xil_defaultlib.mbv_system_axi_quad_spi_0_1_qspi_cntrl_reg [mbv_system_axi_quad_spi_0_1_qspi...]
Compiling architecture lut2_v of entity unisim.LUT2 [\LUT2(init="0010")(0,3)\]
Compiling architecture lut3_v of entity unisim.LUT3 [\LUT3(init="11100000")(0,7)\]
Compiling architecture lut3_v of entity unisim.LUT3 [\LUT3(init="10111110")(0,7)\]
Compiling architecture lut6_v of entity unisim.LUT6 [\LUT6(init="11111111111111111111...]
Compiling architecture lut6_v of entity unisim.LUT6 [\LUT6(init="00000000000010010000...]
Compiling architecture lut2_v of entity unisim.LUT2 [\LUT2(init="0110")(0,3)\]
Compiling architecture lut5_v of entity unisim.LUT5 [\LUT5(init="01111000111111111111...]
Compiling architecture fdre_v of entity unisim.FDRE [\FDRE(init='1')\]
Compiling architecture lut3_v of entity unisim.LUT3 [\LUT3(init="10111000")(0,7)\]
Compiling architecture lut5_v of entity unisim.LUT5 [\LUT5(init="10111000101110111011...]
Compiling architecture lut5_v of entity unisim.LUT5 [\LUT5(init="10111000111111111011...]
Compiling architecture lut1_v of entity unisim.LUT1 [\LUT1(init="0001")(0,3)\]
Compiling architecture lut5_v of entity unisim.LUT5 [\LUT5(init="11111111111111111111...]
Compiling architecture lut4_v of entity unisim.LUT4 [\LUT4(init="1111111111111101")(0...]
Compiling architecture lut5_v of entity unisim.LUT5 [\LUT5(init="11111111111111111111...]
Compiling architecture lut3_v of entity unisim.LUT3 [\LUT3(init="00000010")(0,7)\]
Compiling architecture lut4_v of entity unisim.LUT4 [\LUT4(init="1010101010010110")(0...]
Compiling architecture lut6_v of entity unisim.LUT6 [\LUT6(init="11111111111111111111...]
Compiling architecture lut6_v of entity unisim.LUT6 [\LUT6(init="00000000000000000000...]
Compiling architecture lut6_v of entity unisim.LUT6 [\LUT6(init="11111111111111111111...]
Compiling architecture lut6_v of entity unisim.LUT6 [\LUT6(init="00100000000000000000...]
Compiling architecture lut6_v of entity unisim.LUT6 [\LUT6(init="11111111111111111111...]
Compiling architecture lut6_v of entity unisim.LUT6 [\LUT6(init="00000000000000001111...]
Compiling architecture lut5_v of entity unisim.LUT5 [\LUT5(init="00000000000000000010...]
Compiling architecture lut5_v of entity unisim.LUT5 [\LUT5(init="11111111111110001111...]
Compiling architecture lut5_v of entity unisim.LUT5 [\LUT5(init="00000000000000000000...]
Compiling architecture lut6_v of entity unisim.LUT6 [\LUT6(init="11111111111111111111...]
Compiling architecture structure of entity xil_defaultlib.mbv_system_axi_quad_spi_0_1_cross_clk_sync_fifo_1 [mbv_system_axi_quad_spi_0_1_cros...]
Compiling architecture lut4_v of entity unisim.LUT4 [\LUT4(init="1110000000000000")(0...]
Compiling architecture structure of entity xil_defaultlib.mbv_system_axi_quad_spi_0_1_qspi_fifo_ifmodule [mbv_system_axi_quad_spi_0_1_qspi...]
Compiling architecture structure of entity xil_defaultlib.\mbv_system_axi_quad_spi_0_1_xpm_cdc_single__1\ [\mbv_system_axi_quad_spi_0_1_xpm...]
Compiling architecture structure of entity xil_defaultlib.mbv_system_axi_quad_spi_0_1_xpm_cdc_single [mbv_system_axi_quad_spi_0_1_xpm_...]
Compiling architecture lut4_v of entity unisim.LUT4 [\LUT4(init="0110101010000101")(0...]
Compiling architecture lut4_v of entity unisim.LUT4 [\LUT4(init="0011111111110000")(0...]
Compiling architecture lut3_v of entity unisim.LUT3 [\LUT3(init="01111000")(0,7)\]
Compiling architecture lut4_v of entity unisim.LUT4 [\LUT4(init="0111111110000000")(0...]
Compiling architecture lut5_v of entity unisim.LUT5 [\LUT5(init="01111111111111111000...]
Compiling architecture lut6_v of entity unisim.LUT6 [\LUT6(init="01111111111111111111...]
Compiling architecture lut6_v of entity unisim.LUT6 [\LUT6(init="00000000000000000000...]
Compiling architecture lut6_v of entity unisim.LUT6 [\LUT6(init="10000000000000000000...]
Compiling architecture structure of entity xil_defaultlib.mbv_system_axi_quad_spi_0_1_xpm_counter_updn_4 [mbv_system_axi_quad_spi_0_1_xpm_...]
Compiling architecture lut4_v of entity unisim.LUT4 [\LUT4(init="0110100110010110")(0...]
Compiling architecture lut3_v of entity unisim.LUT3 [\LUT3(init="10010110")(0,7)\]
Compiling architecture lut6_v of entity unisim.LUT6 [\LUT6(init="01101001100101101001...]
Compiling architecture lut5_v of entity unisim.LUT5 [\LUT5(init="10010110011010010110...]
Compiling architecture structure of entity xil_defaultlib.\mbv_system_axi_quad_spi_0_1_xpm_cdc_gray__parameterized1__1\ [\mbv_system_axi_quad_spi_0_1_xpm...]
Compiling architecture structure of entity xil_defaultlib.\mbv_system_axi_quad_spi_0_1_xpm_cdc_gray__2\ [\mbv_system_axi_quad_spi_0_1_xpm...]
Compiling architecture lut6_v of entity unisim.LUT6 [\LUT6(init="00000000000000000000...]
Compiling architecture lut2_v of entity unisim.LUT2 [\LUT2(init="0001")(0,3)\]
Compiling architecture lut6_v of entity unisim.LUT6 [\LUT6(init="10010000000010010000...]
Compiling architecture lut6_v of entity unisim.LUT6 [\LUT6(init="10010000000010010000...]
Compiling architecture lut5_v of entity unisim.LUT5 [\LUT5(init="11111111111111110000...]
Compiling architecture structure of entity xil_defaultlib.mbv_system_axi_quad_spi_0_1_xpm_fifo_reg_vec_5 [mbv_system_axi_quad_spi_0_1_xpm_...]
Compiling architecture structure of entity xil_defaultlib.\mbv_system_axi_quad_spi_0_1_xpm_fifo_reg_vec__parameterized0_6\ [\mbv_system_axi_quad_spi_0_1_xpm...]
Compiling architecture lut6_v of entity unisim.LUT6 [\LUT6(init="11111111111111111111...]
Compiling architecture structure of entity xil_defaultlib.mbv_system_axi_quad_spi_0_1_xpm_fifo_reg_vec_7 [mbv_system_axi_quad_spi_0_1_xpm_...]
Compiling architecture lut5_v of entity unisim.LUT5 [\LUT5(init="01110001100011101000...]
Compiling architecture carry4_v of entity unisim.CARRY4 [carry4_default]
Compiling architecture structure of entity xil_defaultlib.\mbv_system_axi_quad_spi_0_1_xpm_fifo_reg_vec__parameterized0_8\ [\mbv_system_axi_quad_spi_0_1_xpm...]
Compiling architecture structure of entity xil_defaultlib.\mbv_system_axi_quad_spi_0_1_xpm_cdc_gray__parameterized0__1\ [\mbv_system_axi_quad_spi_0_1_xpm...]
Compiling architecture structure of entity xil_defaultlib.\mbv_system_axi_quad_spi_0_1_xpm_cdc_gray__1\ [\mbv_system_axi_quad_spi_0_1_xpm...]
Compiling architecture lut4_v of entity unisim.LUT4 [\LUT4(init="1111001110000000")(0...]
Compiling architecture lut5_v of entity unisim.LUT5 [\LUT5(init="11111101110111010100...]
Compiling architecture lut4_v of entity unisim.LUT4 [\LUT4(init="0011010101110101")(0...]
Compiling architecture lut6_v of entity unisim.LUT6 [\LUT6(init="00000000000000000000...]
Compiling architecture lut6_v of entity unisim.LUT6 [\LUT6(init="00000000000000000000...]
Compiling architecture lut6_v of entity unisim.LUT6 [\LUT6(init="10101111111111111111...]
Compiling architecture lut4_v of entity unisim.LUT4 [\LUT4(init="0010110111010010")(0...]
Compiling architecture lut2_v of entity unisim.LUT2 [\LUT2(init="1011")(0,3)\]
Compiling architecture lut4_v of entity unisim.LUT4 [\LUT4(init="1001011001101001")(0...]
Compiling architecture structure of entity xil_defaultlib.\mbv_system_axi_quad_spi_0_1_xpm_counter_updn__parameterized1_9\ [\mbv_system_axi_quad_spi_0_1_xpm...]
Compiling architecture lut4_v of entity unisim.LUT4 [\LUT4(init="1000100010111000")(0...]
Compiling architecture lut4_v of entity unisim.LUT4 [\LUT4(init="0000000111111111")(0...]
Compiling architecture lut4_v of entity unisim.LUT4 [\LUT4(init="1111111111111110")(0...]
Compiling architecture rb18_internal_vhdl_v of entity unisim.RB18_INTERNAL_VHDL [\RB18_INTERNAL_VHDL(bram_size=18...]
Compiling architecture ramb18e1_v of entity unisim.RAMB18E1 [\RAMB18E1(doa_reg=1,dob_reg=1,ra...]
Compiling architecture structure of entity xil_defaultlib.\mbv_system_axi_quad_spi_0_1_xpm_memory_base__1\ [\mbv_system_axi_quad_spi_0_1_xpm...]
Compiling architecture lut3_v of entity unisim.LUT3 [\LUT3(init="01100010")(0,7)\]
Compiling architecture lut5_v of entity unisim.LUT5 [\LUT5(init="10101011101010100101...]
Compiling architecture lut5_v of entity unisim.LUT5 [\LUT5(init="00000010111111111111...]
Compiling architecture lut6_v of entity unisim.LUT6 [\LUT6(init="00000000000000001010...]
Compiling architecture lut6_v of entity unisim.LUT6 [\LUT6(init="11111111111111111111...]
Compiling architecture lut6_v of entity unisim.LUT6 [\LUT6(init="11111111111111111111...]
Compiling architecture lut5_v of entity unisim.LUT5 [\LUT5(init="11111111111111100000...]
Compiling architecture lut4_v of entity unisim.LUT4 [\LUT4(init="1111111000000001")(0...]
Compiling architecture lut3_v of entity unisim.LUT3 [\LUT3(init="11100001")(0,7)\]
Compiling architecture lut6_v of entity unisim.LUT6 [\LUT6(init="11111111111111111110...]
Compiling architecture lut6_v of entity unisim.LUT6 [\LUT6(init="11111011111110111011...]
Compiling architecture lut5_v of entity unisim.LUT5 [\LUT5(init="10110000111110110100...]
Compiling architecture lut2_v of entity unisim.LUT2 [\LUT2(init="1001")(0,3)\]
Compiling architecture lut4_v of entity unisim.LUT4 [\LUT4(init="0000000011111101")(0...]
Compiling architecture lut3_v of entity unisim.LUT3 [\LUT3(init="11010100")(0,7)\]
Compiling architecture lut4_v of entity unisim.LUT4 [\LUT4(init="1011010001001011")(0...]
Compiling architecture structure of entity xil_defaultlib.\mbv_system_axi_quad_spi_0_1_xpm_counter_updn__parameterized2_10\ [\mbv_system_axi_quad_spi_0_1_xpm...]
Compiling architecture lut4_v of entity unisim.LUT4 [\LUT4(init="0001000011101111")(0...]
Compiling architecture structure of entity xil_defaultlib.\mbv_system_axi_quad_spi_0_1_xpm_counter_updn__parameterized3_11\ [\mbv_system_axi_quad_spi_0_1_xpm...]
Compiling architecture lut3_v of entity unisim.LUT3 [\LUT3(init="11110100")(0,7)\]
Compiling architecture lut6_v of entity unisim.LUT6 [\LUT6(init="00000000000000000000...]
Compiling architecture lut5_v of entity unisim.LUT5 [\LUT5(init="11111111111111111111...]
Compiling architecture lut4_v of entity unisim.LUT4 [\LUT4(init="1111111000000000")(0...]
Compiling architecture structure of entity xil_defaultlib.mbv_system_axi_quad_spi_0_1_xpm_fifo_reg_bit_12 [mbv_system_axi_quad_spi_0_1_xpm_...]
Compiling architecture structure of entity xil_defaultlib.\mbv_system_axi_quad_spi_0_1_xpm_counter_updn__parameterized2_13\ [\mbv_system_axi_quad_spi_0_1_xpm...]
Compiling architecture structure of entity xil_defaultlib.\mbv_system_axi_quad_spi_0_1_xpm_counter_updn__parameterized3_14\ [\mbv_system_axi_quad_spi_0_1_xpm...]
Compiling architecture structure of entity xil_defaultlib.\mbv_system_axi_quad_spi_0_1_xpm_counter_updn__parameterized0_15\ [\mbv_system_axi_quad_spi_0_1_xpm...]
Compiling architecture lut5_v of entity unisim.LUT5 [\LUT5(init="00000000000000010000...]
Compiling architecture lut6_v of entity unisim.LUT6 [\LUT6(init="00000011000000110000...]
Compiling architecture lut5_v of entity unisim.LUT5 [\LUT5(init="11111110111111101111...]
Compiling architecture lut6_v of entity unisim.LUT6 [\LUT6(init="11111111111100001110...]
Compiling architecture lut5_v of entity unisim.LUT5 [\LUT5(init="00000000000011000000...]
Compiling architecture lut6_v of entity unisim.LUT6 [\LUT6(init="00000000000000000000...]
Compiling architecture lut4_v of entity unisim.LUT4 [\LUT4(init="0000000000000010")(0...]
Compiling architecture lut3_v of entity unisim.LUT3 [\LUT3(init="00000110")(0,7)\]
Compiling architecture lut3_v of entity unisim.LUT3 [\LUT3(init="00111110")(0,7)\]
Compiling architecture lut6_v of entity unisim.LUT6 [\LUT6(init="11111111111010101111...]
Compiling architecture lut2_v of entity unisim.LUT2 [\LUT2(init="1110")(0,3)\]
Compiling architecture structure of entity xil_defaultlib.\mbv_system_axi_quad_spi_0_1_xpm_cdc_sync_rst__1\ [\mbv_system_axi_quad_spi_0_1_xpm...]
Compiling architecture lut6_v of entity unisim.LUT6 [\LUT6(init="11111111111111111111...]
Compiling architecture lut5_v of entity unisim.LUT5 [\LUT5(init="11101111111111111110...]
Compiling architecture lut5_v of entity unisim.LUT5 [\LUT5(init="00000000000000000000...]
Compiling architecture structure of entity xil_defaultlib.\mbv_system_axi_quad_spi_0_1_xpm_cdc_sync_rst__3\ [\mbv_system_axi_quad_spi_0_1_xpm...]
Compiling architecture lut3_v of entity unisim.LUT3 [\LUT3(init="10101011")(0,7)\]
Compiling architecture lut6_v of entity unisim.LUT6 [\LUT6(init="00000000000000000000...]
Compiling architecture structure of entity xil_defaultlib.mbv_system_axi_quad_spi_0_1_xpm_fifo_rst_16 [mbv_system_axi_quad_spi_0_1_xpm_...]
Compiling architecture structure of entity xil_defaultlib.mbv_system_axi_quad_spi_0_1_xpm_fifo_base [mbv_system_axi_quad_spi_0_1_xpm_...]
Compiling architecture structure of entity xil_defaultlib.mbv_system_axi_quad_spi_0_1_xpm_fifo_async [mbv_system_axi_quad_spi_0_1_xpm_...]
Compiling architecture lut6_v of entity unisim.LUT6 [\LUT6(init="00100000000000000000...]
Compiling architecture lut4_v of entity unisim.LUT4 [\LUT4(init="1101111111111111")(0...]
Compiling architecture structure of entity xil_defaultlib.mbv_system_axi_quad_spi_0_1_counter_f [mbv_system_axi_quad_spi_0_1_coun...]
Compiling architecture structure of entity xil_defaultlib.mbv_system_axi_quad_spi_0_1_xpm_counter_updn [mbv_system_axi_quad_spi_0_1_xpm_...]
Compiling architecture structure of entity xil_defaultlib.\mbv_system_axi_quad_spi_0_1_xpm_cdc_gray__parameterized1\ [\mbv_system_axi_quad_spi_0_1_xpm...]
Compiling architecture structure of entity xil_defaultlib.mbv_system_axi_quad_spi_0_1_xpm_cdc_gray [mbv_system_axi_quad_spi_0_1_xpm_...]
Compiling architecture lut6_v of entity unisim.LUT6 [\LUT6(init="11111111000000001111...]
Compiling architecture lut4_v of entity unisim.LUT4 [\LUT4(init="0000100000000000")(0...]
Compiling architecture lut4_v of entity unisim.LUT4 [\LUT4(init="0110111111110110")(0...]
Compiling architecture lut5_v of entity unisim.LUT5 [\LUT5(init="11101010111010100000...]
Compiling architecture structure of entity xil_defaultlib.mbv_system_axi_quad_spi_0_1_xpm_fifo_reg_vec [mbv_system_axi_quad_spi_0_1_xpm_...]
Compiling architecture structure of entity xil_defaultlib.\mbv_system_axi_quad_spi_0_1_xpm_fifo_reg_vec__parameterized0\ [\mbv_system_axi_quad_spi_0_1_xpm...]
Compiling architecture structure of entity xil_defaultlib.mbv_system_axi_quad_spi_0_1_xpm_fifo_reg_vec_0 [mbv_system_axi_quad_spi_0_1_xpm_...]
Compiling architecture structure of entity xil_defaultlib.\mbv_system_axi_quad_spi_0_1_xpm_fifo_reg_vec__parameterized0_1\ [\mbv_system_axi_quad_spi_0_1_xpm...]
Compiling architecture structure of entity xil_defaultlib.\mbv_system_axi_quad_spi_0_1_xpm_cdc_gray__parameterized0\ [\mbv_system_axi_quad_spi_0_1_xpm...]
Compiling architecture structure of entity xil_defaultlib.\mbv_system_axi_quad_spi_0_1_xpm_cdc_gray__3\ [\mbv_system_axi_quad_spi_0_1_xpm...]
Compiling architecture structure of entity xil_defaultlib.\mbv_system_axi_quad_spi_0_1_xpm_counter_updn__parameterized1\ [\mbv_system_axi_quad_spi_0_1_xpm...]
Compiling architecture structure of entity xil_defaultlib.mbv_system_axi_quad_spi_0_1_xpm_memory_base [mbv_system_axi_quad_spi_0_1_xpm_...]
Compiling architecture structure of entity xil_defaultlib.\mbv_system_axi_quad_spi_0_1_xpm_counter_updn__parameterized2\ [\mbv_system_axi_quad_spi_0_1_xpm...]
Compiling architecture structure of entity xil_defaultlib.\mbv_system_axi_quad_spi_0_1_xpm_counter_updn__parameterized3\ [\mbv_system_axi_quad_spi_0_1_xpm...]
Compiling architecture lut3_v of entity unisim.LUT3 [\LUT3(init="00000100")(0,7)\]
Compiling architecture lut5_v of entity unisim.LUT5 [\LUT5(init="11110011101000100000...]
Compiling architecture structure of entity xil_defaultlib.mbv_system_axi_quad_spi_0_1_xpm_fifo_reg_bit [mbv_system_axi_quad_spi_0_1_xpm_...]
Compiling architecture structure of entity xil_defaultlib.\mbv_system_axi_quad_spi_0_1_xpm_counter_updn__parameterized2_2\ [\mbv_system_axi_quad_spi_0_1_xpm...]
Compiling architecture structure of entity xil_defaultlib.\mbv_system_axi_quad_spi_0_1_xpm_counter_updn__parameterized3_3\ [\mbv_system_axi_quad_spi_0_1_xpm...]
Compiling architecture structure of entity xil_defaultlib.\mbv_system_axi_quad_spi_0_1_xpm_counter_updn__parameterized0\ [\mbv_system_axi_quad_spi_0_1_xpm...]
Compiling architecture structure of entity xil_defaultlib.mbv_system_axi_quad_spi_0_1_xpm_cdc_sync_rst [mbv_system_axi_quad_spi_0_1_xpm_...]
Compiling architecture structure of entity xil_defaultlib.\mbv_system_axi_quad_spi_0_1_xpm_cdc_sync_rst__2\ [\mbv_system_axi_quad_spi_0_1_xpm...]
Compiling architecture structure of entity xil_defaultlib.mbv_system_axi_quad_spi_0_1_xpm_fifo_rst [mbv_system_axi_quad_spi_0_1_xpm_...]
Compiling architecture structure of entity xil_defaultlib.\mbv_system_axi_quad_spi_0_1_xpm_fifo_base__parameterized0\ [\mbv_system_axi_quad_spi_0_1_xpm...]
Compiling architecture structure of entity xil_defaultlib.\mbv_system_axi_quad_spi_0_1_xpm_fifo_async__parameterized1\ [\mbv_system_axi_quad_spi_0_1_xpm...]
Compiling architecture lut3_v of entity unisim.LUT3 [\LUT3(init="11111110")(0,7)\]
Compiling architecture lut5_v of entity unisim.LUT5 [\LUT5(init="01111000111111110111...]
Compiling architecture lut6_v of entity unisim.LUT6 [\LUT6(init="01111000011110000111...]
Compiling architecture lut6_v of entity unisim.LUT6 [\LUT6(init="11111111111111110111...]
Compiling architecture lut6_v of entity unisim.LUT6 [\LUT6(init="11111111111111101111...]
Compiling architecture lut5_v of entity unisim.LUT5 [\LUT5(init="10101010101010001010...]
Compiling architecture lut4_v of entity unisim.LUT4 [\LUT4(init="1111100010001000")(0...]
Compiling architecture lut6_v of entity unisim.LUT6 [\LUT6(init="00000000000000000000...]
Compiling architecture lut3_v of entity unisim.LUT3 [\LUT3(init="10111010")(0,7)\]
Compiling architecture lut6_v of entity unisim.LUT6 [\LUT6(init="00000000000000000000...]
Compiling architecture structure of entity xil_defaultlib.mbv_system_axi_quad_spi_0_1_interrupt_control [mbv_system_axi_quad_spi_0_1_inte...]
Compiling architecture lut6_v of entity unisim.LUT6 [\LUT6(init="00000000000000000000...]
Compiling architecture lut6_v of entity unisim.LUT6 [\LUT6(init="11111111111111111111...]
Compiling architecture lut6_v of entity unisim.LUT6 [\LUT6(init="00000000000011110000...]
Compiling architecture lut4_v of entity unisim.LUT4 [\LUT4(init="1010101010001010")(0...]
Compiling architecture lut6_v of entity unisim.LUT6 [\LUT6(init="00000000000000000000...]
Compiling architecture lut4_v of entity unisim.LUT4 [\LUT4(init="0000000001000000")(0...]
Compiling architecture lut3_v of entity unisim.LUT3 [\LUT3(init="10011010")(0,7)\]
Compiling architecture lut4_v of entity unisim.LUT4 [\LUT4(init="0001010101000000")(0...]
Compiling architecture lut5_v of entity unisim.LUT5 [\LUT5(init="00010101010101010100...]
Compiling architecture lut6_v of entity unisim.LUT6 [\LUT6(init="00010101010101010101...]
Compiling architecture lut6_v of entity unisim.LUT6 [\LUT6(init="01010101000101010101...]
Compiling architecture lut5_v of entity unisim.LUT5 [\LUT5(init="11111111111111111101...]
Compiling architecture lut6_v of entity unisim.LUT6 [\LUT6(init="00100000001000000010...]
Compiling architecture lut6_v of entity unisim.LUT6 [\LUT6(init="00000000000000000000...]
Compiling architecture lut2_v of entity unisim.LUT2 [\LUT2(init="0111")(0,3)\]
Compiling architecture lut3_v of entity unisim.LUT3 [\LUT3(init="00001000")(0,7)\]
Compiling architecture lut6_v of entity unisim.LUT6 [\LUT6(init="00000000000000000000...]
Compiling architecture lut5_v of entity unisim.LUT5 [\LUT5(init="11111111101010011111...]
Compiling architecture lut5_v of entity unisim.LUT5 [\LUT5(init="11111111110000111111...]
Compiling architecture lut5_v of entity unisim.LUT5 [\LUT5(init="11111111000011111111...]
Compiling architecture lut6_v of entity unisim.LUT6 [\LUT6(init="00010000000111110001...]
Compiling architecture lut6_v of entity unisim.LUT6 [\LUT6(init="11110111111111111111...]
Compiling architecture lut5_v of entity unisim.LUT5 [\LUT5(init="11001010110011111100...]
Compiling architecture lut6_v of entity unisim.LUT6 [\LUT6(init="11110010111111111111...]
Compiling architecture lut3_v of entity unisim.LUT3 [\LUT3(init="01000101")(0,7)\]
Compiling architecture lut5_v of entity unisim.LUT5 [\LUT5(init="00000000000001100000...]
Compiling architecture lut6_v of entity unisim.LUT6 [\LUT6(init="00000000000000000000...]
Compiling architecture lut6_v of entity unisim.LUT6 [\LUT6(init="00000000000000001010...]
Compiling architecture lut6_v of entity unisim.LUT6 [\LUT6(init="10011111111111111001...]
Compiling architecture lut5_v of entity unisim.LUT5 [\LUT5(init="10111010101010101000...]
Compiling architecture lut6_v of entity unisim.LUT6 [\LUT6(init="00000000000000000000...]
Compiling architecture lut6_v of entity unisim.LUT6 [\LUT6(init="00000000000000000000...]
Compiling architecture lut4_v of entity unisim.LUT4 [\LUT4(init="1000000000000000")(0...]
Compiling architecture lut6_v of entity unisim.LUT6 [\LUT6(init="00000000000000000000...]
Compiling architecture lut6_v of entity unisim.LUT6 [\LUT6(init="10101111101000001100...]
Compiling architecture lut4_v of entity unisim.LUT4 [\LUT4(init="1110101100101000")(0...]
Compiling architecture lut4_v of entity unisim.LUT4 [\LUT4(init="1000100011001000")(0...]
Compiling architecture lut6_v of entity unisim.LUT6 [\LUT6(init="11111111010101011111...]
Compiling architecture lut4_v of entity unisim.LUT4 [\LUT4(init="1111111111001000")(0...]
Compiling architecture lut3_v of entity unisim.LUT3 [\LUT3(init="10001010")(0,7)\]
Compiling architecture structure of entity xil_defaultlib.mbv_system_axi_quad_spi_0_1_qspi_mode_0_module [mbv_system_axi_quad_spi_0_1_qspi...]
Compiling architecture structure of entity xil_defaultlib.mbv_system_axi_quad_spi_0_1_reset_sync_module [mbv_system_axi_quad_spi_0_1_rese...]
Compiling architecture lut6_v of entity unisim.LUT6 [\LUT6(init="00000000000000000000...]
Compiling architecture structure of entity xil_defaultlib.mbv_system_axi_quad_spi_0_1_soft_reset [mbv_system_axi_quad_spi_0_1_soft...]
Compiling architecture structure of entity xil_defaultlib.mbv_system_axi_quad_spi_0_1_qspi_status_slave_sel_reg [mbv_system_axi_quad_spi_0_1_qspi...]
Compiling architecture lut6_v of entity unisim.LUT6 [\LUT6(init="00000000000000000000...]
Compiling architecture lut3_v of entity unisim.LUT3 [\LUT3(init="01010110")(0,7)\]
Compiling architecture lut4_v of entity unisim.LUT4 [\LUT4(init="0101010101010110")(0...]
Compiling architecture lut5_v of entity unisim.LUT5 [\LUT5(init="01010101010101010101...]
Compiling architecture lut6_v of entity unisim.LUT6 [\LUT6(init="01010101010101010101...]
Compiling architecture lut6_v of entity unisim.LUT6 [\LUT6(init="01010101010101010000...]
Compiling architecture lut5_v of entity unisim.LUT5 [\LUT5(init="01010101000000000000...]
Compiling architecture lut6_v of entity unisim.LUT6 [\LUT6(init="11111111111111111111...]
Compiling architecture lut6_v of entity unisim.LUT6 [\LUT6(init="00000000000000000010...]
Compiling architecture structure of entity xil_defaultlib.mbv_system_axi_quad_spi_0_1_qspi_core_interface [mbv_system_axi_quad_spi_0_1_qspi...]
Compiling architecture lut4_v of entity unisim.LUT4 [\LUT4(init="1000110111111111")(0...]
Compiling architecture lut5_v of entity unisim.LUT5 [\LUT5(init="11111111111111111011...]
Compiling architecture lut6_v of entity unisim.LUT6 [\LUT6(init="11111111111111110000...]
Compiling architecture lut5_v of entity unisim.LUT5 [\LUT5(init="11111111100000001000...]
Compiling architecture lut5_v of entity unisim.LUT5 [\LUT5(init="11111111010000000100...]
Compiling architecture lut5_v of entity unisim.LUT5 [\LUT5(init="11101110101011101010...]
Compiling architecture lut5_v of entity unisim.LUT5 [\LUT5(init="01010101010101010000...]
Compiling architecture lut6_v of entity unisim.LUT6 [\LUT6(init="10101110101010101010...]
Compiling architecture lut5_v of entity unisim.LUT5 [\LUT5(init="10101010101010101000...]
Compiling architecture lut6_v of entity unisim.LUT6 [\LUT6(init="00000000001000001111...]
Compiling architecture lut4_v of entity unisim.LUT4 [\LUT4(init="1111010001000100")(0...]
Compiling architecture lut5_v of entity unisim.LUT5 [\LUT5(init="11111111011111111010...]
Compiling architecture lut6_v of entity unisim.LUT6 [\LUT6(init="00000000000000000000...]
Compiling architecture lut3_v of entity unisim.LUT3 [\LUT3(init="01000000")(0,7)\]
Compiling architecture lut5_v of entity unisim.LUT5 [\LUT5(init="11111111111111110000...]
Compiling architecture lut5_v of entity unisim.LUT5 [\LUT5(init="00000000111111110000...]
Compiling architecture lut6_v of entity unisim.LUT6 [\LUT6(init="00000000000000000000...]
Compiling architecture lut5_v of entity unisim.LUT5 [\LUT5(init="11111111111111111111...]
Compiling architecture lut4_v of entity unisim.LUT4 [\LUT4(init="1100110011001000")(0...]
Compiling architecture lut6_v of entity unisim.LUT6 [\LUT6(init="00000000000000000000...]
Compiling architecture lut6_v of entity unisim.LUT6 [\LUT6(init="00000000000000000000...]
Compiling architecture lut5_v of entity unisim.LUT5 [\LUT5(init="11111111111111101111...]
Compiling architecture lut6_v of entity unisim.LUT6 [\LUT6(init="11111111111111111111...]
Compiling architecture lut5_v of entity unisim.LUT5 [\LUT5(init="11111111101110111011...]
Compiling architecture lut5_v of entity unisim.LUT5 [\LUT5(init="00000000000000100010...]
Compiling architecture lut5_v of entity unisim.LUT5 [\LUT5(init="10000000100010001000...]
Compiling architecture lut5_v of entity unisim.LUT5 [\LUT5(init="00000000000010001000...]
Compiling architecture lut6_v of entity unisim.LUT6 [\LUT6(init="01000111000000000000...]
Compiling architecture lut6_v of entity unisim.LUT6 [\LUT6(init="10001010100000000000...]
Compiling architecture lut6_v of entity unisim.LUT6 [\LUT6(init="00000000000000000000...]
Compiling architecture lut5_v of entity unisim.LUT5 [\LUT5(init="00000000000010101100...]
Compiling architecture lut6_v of entity unisim.LUT6 [\LUT6(init="01000101010000000000...]
Compiling architecture lut6_v of entity unisim.LUT6 [\LUT6(init="01010000010100000011...]
Compiling architecture lut5_v of entity unisim.LUT5 [\LUT5(init="01000111000000000000...]
Compiling architecture lut6_v of entity unisim.LUT6 [\LUT6(init="00000000010001110000...]
Compiling architecture lut5_v of entity unisim.LUT5 [\LUT5(init="00100010001000000000...]
Compiling architecture lut6_v of entity unisim.LUT6 [\LUT6(init="00000000000000000000...]
Compiling architecture lut6_v of entity unisim.LUT6 [\LUT6(init="00000010000000000000...]
Compiling architecture lut6_v of entity unisim.LUT6 [\LUT6(init="00000000000000000000...]
Compiling architecture lut5_v of entity unisim.LUT5 [\LUT5(init="00000000000001010011...]
Compiling architecture lut5_v of entity unisim.LUT5 [\LUT5(init="10101000000010000000...]
Compiling architecture lut6_v of entity unisim.LUT6 [\LUT6(init="00010000000100010001...]
Compiling architecture lut6_v of entity unisim.LUT6 [\LUT6(init="00000000000000000000...]
Compiling architecture lut6_v of entity unisim.LUT6 [\LUT6(init="11000000101010101100...]
Compiling architecture lut6_v of entity unisim.LUT6 [\LUT6(init="11111111111111111111...]
Compiling architecture lut4_v of entity unisim.LUT4 [\LUT4(init="1010101010000000")(0...]
Compiling architecture lut6_v of entity unisim.LUT6 [\LUT6(init="11111110111111101111...]
Compiling architecture lut5_v of entity unisim.LUT5 [\LUT5(init="01001111010011111111...]
Compiling architecture lut5_v of entity unisim.LUT5 [\LUT5(init="00000001010100010000...]
Compiling architecture lut6_v of entity unisim.LUT6 [\LUT6(init="00000000000000000100...]
Compiling architecture lut6_v of entity unisim.LUT6 [\LUT6(init="00000000000000001000...]
Compiling architecture lut6_v of entity unisim.LUT6 [\LUT6(init="00000000000000000000...]
Compiling architecture lut6_v of entity unisim.LUT6 [\LUT6(init="00000000000000000000...]
Compiling architecture lut6_v of entity unisim.LUT6 [\LUT6(init="00001100000000000000...]
Compiling architecture lut5_v of entity unisim.LUT5 [\LUT5(init="11101111111111110010...]
Compiling architecture lut5_v of entity unisim.LUT5 [\LUT5(init="00000000000000001010...]
Compiling architecture lut6_v of entity unisim.LUT6 [\LUT6(init="00000000010000000100...]
Compiling architecture lut6_v of entity unisim.LUT6 [\LUT6(init="01000100000000000100...]
Compiling architecture lut6_v of entity unisim.LUT6 [\LUT6(init="00000000000000000101...]
Compiling architecture lut5_v of entity unisim.LUT5 [\LUT5(init="00000000000000000000...]
Compiling architecture lut6_v of entity unisim.LUT6 [\LUT6(init="00000000000000000000...]
Compiling architecture lut3_v of entity unisim.LUT3 [\LUT3(init="00000001")(0,7)\]
Compiling architecture lut5_v of entity unisim.LUT5 [\LUT5(init="10100000101000001010...]
Compiling architecture lut5_v of entity unisim.LUT5 [\LUT5(init="00000000110011000000...]
Compiling architecture lut6_v of entity unisim.LUT6 [\LUT6(init="00000000000000000000...]
Compiling architecture lut4_v of entity unisim.LUT4 [\LUT4(init="0000000000000001")(0...]
Compiling architecture lut4_v of entity unisim.LUT4 [\LUT4(init="0000000000000100")(0...]
Compiling architecture lut6_v of entity unisim.LUT6 [\LUT6(init="11111111111101001111...]
Compiling architecture lut5_v of entity unisim.LUT5 [\LUT5(init="11110000100000001000...]
Compiling architecture lut3_v of entity unisim.LUT3 [\LUT3(init="11011111")(0,7)\]
Compiling architecture lut5_v of entity unisim.LUT5 [\LUT5(init="11111111111111110100...]
Compiling architecture lut5_v of entity unisim.LUT5 [\LUT5(init="11110100111101001111...]
Compiling architecture lut6_v of entity unisim.LUT6 [\LUT6(init="01110111011101110111...]
Compiling architecture lut6_v of entity unisim.LUT6 [\LUT6(init="00010000000000000000...]
Compiling architecture lut6_v of entity unisim.LUT6 [\LUT6(init="01000100111101000100...]
Compiling architecture lut3_v of entity unisim.LUT3 [\LUT3(init="01111111")(0,7)\]
Compiling architecture lut6_v of entity unisim.LUT6 [\LUT6(init="11111111000000001000...]
Compiling architecture lut4_v of entity unisim.LUT4 [\LUT4(init="1011111111111111")(0...]
Compiling architecture lut5_v of entity unisim.LUT5 [\LUT5(init="11110100010001000100...]
Compiling architecture lut5_v of entity unisim.LUT5 [\LUT5(init="11111111111111111111...]
Compiling architecture lut6_v of entity unisim.LUT6 [\LUT6(init="01010101010101010101...]
Compiling architecture structure of entity xil_defaultlib.mbv_system_axi_quad_spi_0_1_qspi_address_decoder [mbv_system_axi_quad_spi_0_1_qspi...]
Compiling architecture lut4_v of entity unisim.LUT4 [\LUT4(init="1110001000000000")(0...]
Compiling architecture lut6_v of entity unisim.LUT6 [\LUT6(init="10001000111110001000...]
Compiling architecture lut6_v of entity unisim.LUT6 [\LUT6(init="10111011101110111010...]
Compiling architecture lut6_v of entity unisim.LUT6 [\LUT6(init="11111111111111111111...]
Compiling architecture lut6_v of entity unisim.LUT6 [\LUT6(init="00000000000000000000...]
Compiling architecture lut6_v of entity unisim.LUT6 [\LUT6(init="11111111111111111111...]
Compiling architecture lut4_v of entity unisim.LUT4 [\LUT4(init="1110111111111111")(0...]
Compiling architecture lut5_v of entity unisim.LUT5 [\LUT5(init="10111000000000001011...]
Compiling architecture lut6_v of entity unisim.LUT6 [\LUT6(init="10111000111111111011...]
Compiling architecture lut6_v of entity unisim.LUT6 [\LUT6(init="10111000000000001011...]
Compiling architecture lut6_v of entity unisim.LUT6 [\LUT6(init="10111000101110001011...]
Compiling architecture lut4_v of entity unisim.LUT4 [\LUT4(init="1111101110111011")(0...]
Compiling architecture lut6_v of entity unisim.LUT6 [\LUT6(init="10111000101110001011...]
Compiling architecture lut5_v of entity unisim.LUT5 [\LUT5(init="10101010101010101010...]
Compiling architecture lut6_v of entity unisim.LUT6 [\LUT6(init="11111101000000001111...]
Compiling architecture lut5_v of entity unisim.LUT5 [\LUT5(init="11111111111111111101...]
Compiling architecture lut3_v of entity unisim.LUT3 [\LUT3(init="01110010")(0,7)\]
Compiling architecture lut4_v of entity unisim.LUT4 [\LUT4(init="1111001000000000")(0...]
Compiling architecture lut6_v of entity unisim.LUT6 [\LUT6(init="00000000000000000000...]
Compiling architecture lut6_v of entity unisim.LUT6 [\LUT6(init="11111111111111111000...]
Compiling architecture structure of entity xil_defaultlib.mbv_system_axi_quad_spi_0_1_axi_qspi_enhanced_mode [mbv_system_axi_quad_spi_0_1_axi_...]
Compiling architecture structure of entity xil_defaultlib.mbv_system_axi_quad_spi_0_1_axi_quad_spi_top [mbv_system_axi_quad_spi_0_1_axi_...]
Compiling architecture vcc_v of entity unisim.VCC [vcc_default]
Compiling architecture structure of entity xil_defaultlib.mbv_system_axi_quad_spi_0_1_axi_quad_spi [mbv_system_axi_quad_spi_0_1_axi_...]
Compiling architecture structure of entity xil_defaultlib.mbv_system_axi_quad_spi_0_1 [mbv_system_axi_quad_spi_0_1_defa...]
Compiling architecture lut6_v of entity unisim.LUT6 [\LUT6(init="01111000011110000111...]
Compiling architecture structure of entity xil_defaultlib.mbv_system_axi_quad_spi_0_0_qspi_cntrl_reg [mbv_system_axi_quad_spi_0_0_qspi...]
Compiling architecture lut5_v of entity unisim.LUT5 [\LUT5(init="01101111111111111111...]
Compiling architecture lut5_v of entity unisim.LUT5 [\LUT5(init="11111111111111111110...]
Compiling architecture lut4_v of entity unisim.LUT4 [\LUT4(init="1111111110111111")(0...]
Compiling architecture lut4_v of entity unisim.LUT4 [\LUT4(init="0000000011110111")(0...]
Compiling architecture lut6_v of entity unisim.LUT6 [\LUT6(init="11111111111111101111...]
Compiling architecture lut6_v of entity unisim.LUT6 [\LUT6(init="00000000000000000000...]
Compiling architecture structure of entity xil_defaultlib.mbv_system_axi_quad_spi_0_0_cross_clk_sync_fifo_1 [mbv_system_axi_quad_spi_0_0_cros...]
Compiling architecture structure of entity xil_defaultlib.mbv_system_axi_quad_spi_0_0_qspi_fifo_ifmodule [mbv_system_axi_quad_spi_0_0_qspi...]
Compiling architecture structure of entity xil_defaultlib.\mbv_system_axi_quad_spi_0_0_xpm_cdc_single__1\ [\mbv_system_axi_quad_spi_0_0_xpm...]
Compiling architecture structure of entity xil_defaultlib.mbv_system_axi_quad_spi_0_0_xpm_cdc_single [mbv_system_axi_quad_spi_0_0_xpm_...]
Compiling architecture structure of entity xil_defaultlib.mbv_system_axi_quad_spi_0_0_xpm_counter_updn_4 [mbv_system_axi_quad_spi_0_0_xpm_...]
Compiling architecture structure of entity xil_defaultlib.\mbv_system_axi_quad_spi_0_0_xpm_cdc_gray__parameterized1__1\ [\mbv_system_axi_quad_spi_0_0_xpm...]
Compiling architecture structure of entity xil_defaultlib.\mbv_system_axi_quad_spi_0_0_xpm_cdc_gray__2\ [\mbv_system_axi_quad_spi_0_0_xpm...]
Compiling architecture structure of entity xil_defaultlib.mbv_system_axi_quad_spi_0_0_xpm_fifo_reg_vec_5 [mbv_system_axi_quad_spi_0_0_xpm_...]
Compiling architecture structure of entity xil_defaultlib.\mbv_system_axi_quad_spi_0_0_xpm_fifo_reg_vec__parameterized0_6\ [\mbv_system_axi_quad_spi_0_0_xpm...]
Compiling architecture structure of entity xil_defaultlib.mbv_system_axi_quad_spi_0_0_xpm_fifo_reg_vec_7 [mbv_system_axi_quad_spi_0_0_xpm_...]
Compiling architecture structure of entity xil_defaultlib.\mbv_system_axi_quad_spi_0_0_xpm_fifo_reg_vec__parameterized0_8\ [\mbv_system_axi_quad_spi_0_0_xpm...]
Compiling architecture structure of entity xil_defaultlib.\mbv_system_axi_quad_spi_0_0_xpm_cdc_gray__parameterized0__1\ [\mbv_system_axi_quad_spi_0_0_xpm...]
Compiling architecture structure of entity xil_defaultlib.\mbv_system_axi_quad_spi_0_0_xpm_cdc_gray__1\ [\mbv_system_axi_quad_spi_0_0_xpm...]
Compiling architecture structure of entity xil_defaultlib.\mbv_system_axi_quad_spi_0_0_xpm_counter_updn__parameterized1_9\ [\mbv_system_axi_quad_spi_0_0_xpm...]
Compiling architecture rb18_internal_vhdl_v of entity unisim.RB18_INTERNAL_VHDL [\RB18_INTERNAL_VHDL(bram_size=18...]
Compiling architecture ramb18e1_v of entity unisim.RAMB18E1 [\RAMB18E1(dob_reg=1,read_width_a...]
Compiling architecture structure of entity xil_defaultlib.\mbv_system_axi_quad_spi_0_0_xpm_memory_base__1\ [\mbv_system_axi_quad_spi_0_0_xpm...]
Compiling architecture structure of entity xil_defaultlib.\mbv_system_axi_quad_spi_0_0_xpm_counter_updn__parameterized2_10\ [\mbv_system_axi_quad_spi_0_0_xpm...]
Compiling architecture structure of entity xil_defaultlib.\mbv_system_axi_quad_spi_0_0_xpm_counter_updn__parameterized3_11\ [\mbv_system_axi_quad_spi_0_0_xpm...]
Compiling architecture structure of entity xil_defaultlib.mbv_system_axi_quad_spi_0_0_xpm_fifo_reg_bit_12 [mbv_system_axi_quad_spi_0_0_xpm_...]
Compiling architecture structure of entity xil_defaultlib.\mbv_system_axi_quad_spi_0_0_xpm_counter_updn__parameterized2_13\ [\mbv_system_axi_quad_spi_0_0_xpm...]
Compiling architecture structure of entity xil_defaultlib.\mbv_system_axi_quad_spi_0_0_xpm_counter_updn__parameterized3_14\ [\mbv_system_axi_quad_spi_0_0_xpm...]
Compiling architecture structure of entity xil_defaultlib.\mbv_system_axi_quad_spi_0_0_xpm_counter_updn__parameterized0_15\ [\mbv_system_axi_quad_spi_0_0_xpm...]
Compiling architecture structure of entity xil_defaultlib.\mbv_system_axi_quad_spi_0_0_xpm_cdc_sync_rst__1\ [\mbv_system_axi_quad_spi_0_0_xpm...]
Compiling architecture structure of entity xil_defaultlib.\mbv_system_axi_quad_spi_0_0_xpm_cdc_sync_rst__3\ [\mbv_system_axi_quad_spi_0_0_xpm...]
Compiling architecture structure of entity xil_defaultlib.mbv_system_axi_quad_spi_0_0_xpm_fifo_rst_16 [mbv_system_axi_quad_spi_0_0_xpm_...]
Compiling architecture structure of entity xil_defaultlib.mbv_system_axi_quad_spi_0_0_xpm_fifo_base [mbv_system_axi_quad_spi_0_0_xpm_...]
Compiling architecture structure of entity xil_defaultlib.mbv_system_axi_quad_spi_0_0_xpm_fifo_async [mbv_system_axi_quad_spi_0_0_xpm_...]
Compiling architecture lut6_v of entity unisim.LUT6 [\LUT6(init="00000000000000000000...]
Compiling architecture lut6_v of entity unisim.LUT6 [\LUT6(init="00000000000000000000...]
Compiling architecture structure of entity xil_defaultlib.mbv_system_axi_quad_spi_0_0_counter_f [mbv_system_axi_quad_spi_0_0_coun...]
Compiling architecture structure of entity xil_defaultlib.mbv_system_axi_quad_spi_0_0_xpm_counter_updn [mbv_system_axi_quad_spi_0_0_xpm_...]
Compiling architecture structure of entity xil_defaultlib.\mbv_system_axi_quad_spi_0_0_xpm_cdc_gray__parameterized1\ [\mbv_system_axi_quad_spi_0_0_xpm...]
Compiling architecture structure of entity xil_defaultlib.mbv_system_axi_quad_spi_0_0_xpm_cdc_gray [mbv_system_axi_quad_spi_0_0_xpm_...]
Compiling architecture structure of entity xil_defaultlib.mbv_system_axi_quad_spi_0_0_xpm_fifo_reg_vec [mbv_system_axi_quad_spi_0_0_xpm_...]
Compiling architecture structure of entity xil_defaultlib.\mbv_system_axi_quad_spi_0_0_xpm_fifo_reg_vec__parameterized0\ [\mbv_system_axi_quad_spi_0_0_xpm...]
Compiling architecture structure of entity xil_defaultlib.mbv_system_axi_quad_spi_0_0_xpm_fifo_reg_vec_0 [mbv_system_axi_quad_spi_0_0_xpm_...]
Compiling architecture structure of entity xil_defaultlib.\mbv_system_axi_quad_spi_0_0_xpm_fifo_reg_vec__parameterized0_1\ [\mbv_system_axi_quad_spi_0_0_xpm...]
Compiling architecture structure of entity xil_defaultlib.\mbv_system_axi_quad_spi_0_0_xpm_cdc_gray__parameterized0\ [\mbv_system_axi_quad_spi_0_0_xpm...]
Compiling architecture structure of entity xil_defaultlib.\mbv_system_axi_quad_spi_0_0_xpm_cdc_gray__3\ [\mbv_system_axi_quad_spi_0_0_xpm...]
Compiling architecture structure of entity xil_defaultlib.\mbv_system_axi_quad_spi_0_0_xpm_counter_updn__parameterized1\ [\mbv_system_axi_quad_spi_0_0_xpm...]
Compiling architecture structure of entity xil_defaultlib.mbv_system_axi_quad_spi_0_0_xpm_memory_base [mbv_system_axi_quad_spi_0_0_xpm_...]
Compiling architecture structure of entity xil_defaultlib.\mbv_system_axi_quad_spi_0_0_xpm_counter_updn__parameterized2\ [\mbv_system_axi_quad_spi_0_0_xpm...]
Compiling architecture structure of entity xil_defaultlib.\mbv_system_axi_quad_spi_0_0_xpm_counter_updn__parameterized3\ [\mbv_system_axi_quad_spi_0_0_xpm...]
Compiling architecture structure of entity xil_defaultlib.mbv_system_axi_quad_spi_0_0_xpm_fifo_reg_bit [mbv_system_axi_quad_spi_0_0_xpm_...]
Compiling architecture structure of entity xil_defaultlib.\mbv_system_axi_quad_spi_0_0_xpm_counter_updn__parameterized2_2\ [\mbv_system_axi_quad_spi_0_0_xpm...]
Compiling architecture structure of entity xil_defaultlib.\mbv_system_axi_quad_spi_0_0_xpm_counter_updn__parameterized3_3\ [\mbv_system_axi_quad_spi_0_0_xpm...]
Compiling architecture structure of entity xil_defaultlib.\mbv_system_axi_quad_spi_0_0_xpm_counter_updn__parameterized0\ [\mbv_system_axi_quad_spi_0_0_xpm...]
Compiling architecture structure of entity xil_defaultlib.mbv_system_axi_quad_spi_0_0_xpm_cdc_sync_rst [mbv_system_axi_quad_spi_0_0_xpm_...]
Compiling architecture structure of entity xil_defaultlib.\mbv_system_axi_quad_spi_0_0_xpm_cdc_sync_rst__2\ [\mbv_system_axi_quad_spi_0_0_xpm...]
Compiling architecture structure of entity xil_defaultlib.mbv_system_axi_quad_spi_0_0_xpm_fifo_rst [mbv_system_axi_quad_spi_0_0_xpm_...]
Compiling architecture structure of entity xil_defaultlib.\mbv_system_axi_quad_spi_0_0_xpm_fifo_base__parameterized0\ [\mbv_system_axi_quad_spi_0_0_xpm...]
Compiling architecture structure of entity xil_defaultlib.\mbv_system_axi_quad_spi_0_0_xpm_fifo_async__parameterized1\ [\mbv_system_axi_quad_spi_0_0_xpm...]
Compiling architecture lut5_v of entity unisim.LUT5 [\LUT5(init="01111000011110000111...]
Compiling architecture lut4_v of entity unisim.LUT4 [\LUT4(init="1010100010101010")(0...]
Compiling architecture lut5_v of entity unisim.LUT5 [\LUT5(init="11111111111111111111...]
Compiling architecture lut6_v of entity unisim.LUT6 [\LUT6(init="00000000000000000000...]
Compiling architecture structure of entity xil_defaultlib.mbv_system_axi_quad_spi_0_0_interrupt_control [mbv_system_axi_quad_spi_0_0_inte...]
Compiling architecture lut6_v of entity unisim.LUT6 [\LUT6(init="10001111000000001000...]
Compiling architecture lut6_v of entity unisim.LUT6 [\LUT6(init="11111100111111110110...]
Compiling architecture lut6_v of entity unisim.LUT6 [\LUT6(init="10111111111111011111...]
Compiling architecture lut6_v of entity unisim.LUT6 [\LUT6(init="11001000111111110001...]
Compiling architecture lut6_v of entity unisim.LUT6 [\LUT6(init="01111010111111111111...]
Compiling architecture lut5_v of entity unisim.LUT5 [\LUT5(init="11111000000010000000...]
Compiling architecture lut4_v of entity unisim.LUT4 [\LUT4(init="0100000000001000")(0...]
Compiling architecture lut3_v of entity unisim.LUT3 [\LUT3(init="10000000")(0,7)\]
Compiling architecture lut6_v of entity unisim.LUT6 [\LUT6(init="00000000000000000000...]
Compiling architecture lut6_v of entity unisim.LUT6 [\LUT6(init="00000000000000000000...]
Compiling architecture lut6_v of entity unisim.LUT6 [\LUT6(init="01000000000000100000...]
Compiling architecture lut6_v of entity unisim.LUT6 [\LUT6(init="00110111111000000000...]
Compiling architecture lut6_v of entity unisim.LUT6 [\LUT6(init="00000101000000000000...]
Compiling architecture lut6_v of entity unisim.LUT6 [\LUT6(init="11111111100000000000...]
Compiling architecture lut6_v of entity unisim.LUT6 [\LUT6(init="00000000000000000000...]
Compiling architecture lut5_v of entity unisim.LUT5 [\LUT5(init="00000000100000000000...]
Compiling architecture lut5_v of entity unisim.LUT5 [\LUT5(init="01000000000000000000...]
Compiling architecture lut6_v of entity unisim.LUT6 [\LUT6(init="00000000000000000000...]
Compiling architecture muxf8_v of entity unisim.MUXF8 [muxf8_default]
Compiling architecture muxf7_v of entity unisim.MUXF7 [muxf7_default]
Compiling architecture structure of entity xil_defaultlib.mbv_system_axi_quad_spi_0_0_rom [mbv_system_axi_quad_spi_0_0_rom_...]
Compiling architecture structure of entity xil_defaultlib.mbv_system_axi_quad_spi_0_0_dist_mem_gen_v8_0_17_synth [mbv_system_axi_quad_spi_0_0_dist...]
Compiling architecture structure of entity xil_defaultlib.mbv_system_axi_quad_spi_0_0_dist_mem_gen_v8_0_17 [mbv_system_axi_quad_spi_0_0_dist...]
Compiling architecture lut6_v of entity unisim.LUT6 [\LUT6(init="10101010101010101010...]
Compiling architecture lut6_v of entity unisim.LUT6 [\LUT6(init="00000000000000000000...]
Compiling architecture lut6_v of entity unisim.LUT6 [\LUT6(init="00000000000000000000...]
Compiling architecture lut6_v of entity unisim.LUT6 [\LUT6(init="00001000100010000000...]
Compiling architecture lut6_v of entity unisim.LUT6 [\LUT6(init="00000000000000000000...]
Compiling architecture lut6_v of entity unisim.LUT6 [\LUT6(init="11111111111111111111...]
Compiling architecture structure of entity xil_defaultlib.mbv_system_axi_quad_spi_0_0_qspi_look_up_logic [mbv_system_axi_quad_spi_0_0_qspi...]
Compiling architecture lut4_v of entity unisim.LUT4 [\LUT4(init="1111111111110010")(0...]
Compiling architecture lut4_v of entity unisim.LUT4 [\LUT4(init="0000010000000000")(0...]
Compiling architecture lut6_v of entity unisim.LUT6 [\LUT6(init="00001111000011111100...]
Compiling architecture lut5_v of entity unisim.LUT5 [\LUT5(init="01000000010001001111...]
Compiling architecture lut6_v of entity unisim.LUT6 [\LUT6(init="00000000000000000000...]
Compiling architecture lut6_v of entity unisim.LUT6 [\LUT6(init="00000000000000000000...]
Compiling architecture lut6_v of entity unisim.LUT6 [\LUT6(init="11111101000000000000...]
Compiling architecture lut6_v of entity unisim.LUT6 [\LUT6(init="01010101010101010101...]
Compiling architecture lut6_v of entity unisim.LUT6 [\LUT6(init="01110111000011110111...]
Compiling architecture lut5_v of entity unisim.LUT5 [\LUT5(init="00000010000000000000...]
Compiling architecture lut4_v of entity unisim.LUT4 [\LUT4(init="0000000000001000")(0...]
Compiling architecture lut6_v of entity unisim.LUT6 [\LUT6(init="01001111010011110100...]
Compiling architecture lut4_v of entity unisim.LUT4 [\LUT4(init="0000000000010101")(0...]
Compiling architecture lut5_v of entity unisim.LUT5 [\LUT5(init="10101010101000101010...]
Compiling architecture lut6_v of entity unisim.LUT6 [\LUT6(init="11111111111111111111...]
Compiling architecture lut4_v of entity unisim.LUT4 [\LUT4(init="1111111011101111")(0...]
Compiling architecture lut6_v of entity unisim.LUT6 [\LUT6(init="11111111111111110001...]
Compiling architecture lut6_v of entity unisim.LUT6 [\LUT6(init="10101000101010101010...]
Compiling architecture lut6_v of entity unisim.LUT6 [\LUT6(init="00000000000000000000...]
Compiling architecture lut6_v of entity unisim.LUT6 [\LUT6(init="00000000000000000000...]
Compiling architecture lut6_v of entity unisim.LUT6 [\LUT6(init="00000000000000000000...]
Compiling architecture lut3_v of entity unisim.LUT3 [\LUT3(init="11101111")(0,7)\]
Compiling architecture lut6_v of entity unisim.LUT6 [\LUT6(init="11101111101010101010...]
Compiling architecture lut3_v of entity unisim.LUT3 [\LUT3(init="01101010")(0,7)\]
Compiling architecture lut4_v of entity unisim.LUT4 [\LUT4(init="0110101010101010")(0...]
Compiling architecture lut3_v of entity unisim.LUT3 [\LUT3(init="11111011")(0,7)\]
Compiling architecture lut6_v of entity unisim.LUT6 [\LUT6(init="11111111111111111100...]
Compiling architecture lut6_v of entity unisim.LUT6 [\LUT6(init="11101111111011100100...]
Compiling architecture lut5_v of entity unisim.LUT5 [\LUT5(init="00000000001000000000...]
Compiling architecture lut5_v of entity unisim.LUT5 [\LUT5(init="11101111111111111111...]
Compiling architecture lut5_v of entity unisim.LUT5 [\LUT5(init="11101111111011100010...]
Compiling architecture lut6_v of entity unisim.LUT6 [\LUT6(init="01000100000011110100...]
Compiling architecture lut6_v of entity unisim.LUT6 [\LUT6(init="11111111111111111110...]
Compiling architecture lut4_v of entity unisim.LUT4 [\LUT4(init="0100111100001111")(0...]
Compiling architecture lut5_v of entity unisim.LUT5 [\LUT5(init="00010000000100011101...]
Compiling architecture lut4_v of entity unisim.LUT4 [\LUT4(init="1111000111111111")(0...]
Compiling architecture lut6_v of entity unisim.LUT6 [\LUT6(init="11111100111111111111...]
Compiling architecture lut6_v of entity unisim.LUT6 [\LUT6(init="11111111111111111011...]
Compiling architecture lut5_v of entity unisim.LUT5 [\LUT5(init="00110011101100111111...]
Compiling architecture lut5_v of entity unisim.LUT5 [\LUT5(init="10111000101110111011...]
Compiling architecture lut4_v of entity unisim.LUT4 [\LUT4(init="0001000000000000")(0...]
Compiling architecture lut5_v of entity unisim.LUT5 [\LUT5(init="11110010111111110000...]
Compiling architecture lut6_v of entity unisim.LUT6 [\LUT6(init="11101111111011101111...]
Compiling architecture lut6_v of entity unisim.LUT6 [\LUT6(init="10101010101010101110...]
Compiling architecture lut6_v of entity unisim.LUT6 [\LUT6(init="00000000000000000000...]
Compiling architecture lut5_v of entity unisim.LUT5 [\LUT5(init="00000000000000001110...]
Compiling architecture lut4_v of entity unisim.LUT4 [\LUT4(init="0000000010111111")(0...]
Compiling architecture lut6_v of entity unisim.LUT6 [\LUT6(init="00100000001000001000...]
Compiling architecture lut4_v of entity unisim.LUT4 [\LUT4(init="1010101010111010")(0...]
Compiling architecture lut5_v of entity unisim.LUT5 [\LUT5(init="10101010101010100010...]
Compiling architecture structure of entity xil_defaultlib.mbv_system_axi_quad_spi_0_0_qspi_mode_control_logic [mbv_system_axi_quad_spi_0_0_qspi...]
Compiling architecture structure of entity xil_defaultlib.mbv_system_axi_quad_spi_0_0_reset_sync_module [mbv_system_axi_quad_spi_0_0_rese...]
Compiling architecture lut4_v of entity unisim.LUT4 [\LUT4(init="1111111011111111")(0...]
Compiling architecture structure of entity xil_defaultlib.mbv_system_axi_quad_spi_0_0_soft_reset [mbv_system_axi_quad_spi_0_0_soft...]
Compiling architecture structure of entity xil_defaultlib.mbv_system_axi_quad_spi_0_0_qspi_status_slave_sel_reg [mbv_system_axi_quad_spi_0_0_qspi...]
Compiling architecture structure of entity xil_defaultlib.mbv_system_axi_quad_spi_0_0_qspi_core_interface [mbv_system_axi_quad_spi_0_0_qspi...]
Compiling architecture lut4_v of entity unisim.LUT4 [\LUT4(init="1101000111111111")(0...]
Compiling architecture lut5_v of entity unisim.LUT5 [\LUT5(init="11101110111010101010...]
Compiling architecture lut5_v of entity unisim.LUT5 [\LUT5(init="01010101010101010000...]
Compiling architecture lut6_v of entity unisim.LUT6 [\LUT6(init="10101010101010101110...]
Compiling architecture lut5_v of entity unisim.LUT5 [\LUT5(init="11001100110011001100...]
Compiling architecture lut6_v of entity unisim.LUT6 [\LUT6(init="00000000000001001111...]
Compiling architecture lut5_v of entity unisim.LUT5 [\LUT5(init="11111111011111111111...]
Compiling architecture lut5_v of entity unisim.LUT5 [\LUT5(init="11111011101110111111...]
Compiling architecture lut6_v of entity unisim.LUT6 [\LUT6(init="00000000000000000000...]
Compiling architecture lut6_v of entity unisim.LUT6 [\LUT6(init="00000000000000000000...]
Compiling architecture lut6_v of entity unisim.LUT6 [\LUT6(init="11111111111111111110...]
Compiling architecture lut4_v of entity unisim.LUT4 [\LUT4(init="1111000010000000")(0...]
Compiling architecture lut6_v of entity unisim.LUT6 [\LUT6(init="00000000000000100010...]
Compiling architecture lut6_v of entity unisim.LUT6 [\LUT6(init="10101010101010101010...]
Compiling architecture lut5_v of entity unisim.LUT5 [\LUT5(init="00000000010000000000...]
Compiling architecture lut5_v of entity unisim.LUT5 [\LUT5(init="11111111111111111110...]
Compiling architecture lut6_v of entity unisim.LUT6 [\LUT6(init="11111111000000001010...]
Compiling architecture lut6_v of entity unisim.LUT6 [\LUT6(init="11111000000000000000...]
Compiling architecture lut6_v of entity unisim.LUT6 [\LUT6(init="11111111000000000010...]
Compiling architecture lut5_v of entity unisim.LUT5 [\LUT5(init="11110000001000000010...]
Compiling architecture lut6_v of entity unisim.LUT6 [\LUT6(init="01010101010101010101...]
Compiling architecture structure of entity xil_defaultlib.mbv_system_axi_quad_spi_0_0_qspi_address_decoder [mbv_system_axi_quad_spi_0_0_qspi...]
Compiling architecture lut6_v of entity unisim.LUT6 [\LUT6(init="10001000100010001000...]
Compiling architecture lut6_v of entity unisim.LUT6 [\LUT6(init="00000000000100000000...]
Compiling architecture lut4_v of entity unisim.LUT4 [\LUT4(init="1110101011111111")(0...]
Compiling architecture lut6_v of entity unisim.LUT6 [\LUT6(init="10111000101110001011...]
Compiling architecture lut3_v of entity unisim.LUT3 [\LUT3(init="00101110")(0,7)\]
Compiling architecture lut4_v of entity unisim.LUT4 [\LUT4(init="1111111101111111")(0...]
Compiling architecture structure of entity xil_defaultlib.mbv_system_axi_quad_spi_0_0_axi_qspi_enhanced_mode [mbv_system_axi_quad_spi_0_0_axi_...]
Compiling architecture structure of entity xil_defaultlib.mbv_system_axi_quad_spi_0_0_axi_quad_spi_top [mbv_system_axi_quad_spi_0_0_axi_...]
Compiling architecture structure of entity xil_defaultlib.mbv_system_axi_quad_spi_0_0_axi_quad_spi [mbv_system_axi_quad_spi_0_0_axi_...]
Compiling architecture structure of entity xil_defaultlib.mbv_system_axi_quad_spi_0_0 [mbv_system_axi_quad_spi_0_0_defa...]
Compiling architecture structure of entity xil_defaultlib.mbv_system_mbv_riscv_axi_periph_1_xpm_cdc_single [mbv_system_mbv_riscv_axi_periph_...]
Compiling architecture structure of entity xil_defaultlib.\mbv_system_mbv_riscv_axi_periph_1_xpm_cdc_single__1\ [\mbv_system_mbv_riscv_axi_periph...]
Compiling architecture srl16e_v of entity unisim.SRL16E [\SRL16E(init="1111111111111111")...]
Compiling architecture lut5_v of entity unisim.LUT5 [\LUT5(init="11101010101010101010...]
Compiling architecture structure of entity xil_defaultlib.mbv_system_mbv_riscv_axi_periph_1_lpf [mbv_system_mbv_riscv_axi_periph_...]
Compiling architecture structure of entity xil_defaultlib.mbv_system_mbv_riscv_axi_periph_1_upcnt_n [mbv_system_mbv_riscv_axi_periph_...]
Compiling architecture lut4_v of entity unisim.LUT4 [\LUT4(init="0000000010010000")(0...]
Compiling architecture lut4_v of entity unisim.LUT4 [\LUT4(init="1001000000000000")(0...]
Compiling architecture lut4_v of entity unisim.LUT4 [\LUT4(init="0000000000011000")(0...]
Compiling architecture structure of entity xil_defaultlib.mbv_system_mbv_riscv_axi_periph_1_sequence_psr [mbv_system_mbv_riscv_axi_periph_...]
Compiling architecture structure of entity xil_defaultlib.mbv_system_mbv_riscv_axi_periph_1_proc_sys_reset [mbv_system_mbv_riscv_axi_periph_...]
Compiling architecture structure of entity xil_defaultlib.mbv_system_mbv_riscv_axi_periph_1_bd_e941_psr_aclk_0 [mbv_system_mbv_riscv_axi_periph_...]
Compiling architecture structure of entity xil_defaultlib.mbv_system_mbv_riscv_axi_periph_1_clk_map_imp_1RTLZFD [mbv_system_mbv_riscv_axi_periph_...]
Compiling architecture lut6_v of entity unisim.LUT6 [\LUT6(init="11101110001011100010...]
Compiling architecture lut6_v of entity unisim.LUT6 [\LUT6(init="11111111001000000010...]
Compiling architecture structure of entity xil_defaultlib.mbv_system_mbv_riscv_axi_periph_1_sc_exit_v1_0_18_exit_110 [mbv_system_mbv_riscv_axi_periph_...]
Compiling architecture fdce_v of entity unisim.FDCE [\FDCE(init='1')\]
Compiling architecture structure of entity xil_defaultlib.\mbv_system_mbv_riscv_axi_periph_1_xpm_cdc_async_rst__34\ [\mbv_system_mbv_riscv_axi_periph...]
Compiling architecture structure of entity xil_defaultlib.mbv_system_mbv_riscv_axi_periph_1_sc_exit_v1_0_18_top [mbv_system_mbv_riscv_axi_periph_...]
Compiling architecture structure of entity xil_defaultlib.mbv_system_mbv_riscv_axi_periph_1_bd_e941_m00e_0 [mbv_system_mbv_riscv_axi_periph_...]
Compiling architecture structure of entity xil_defaultlib.mbv_system_mbv_riscv_axi_periph_1_m00_exit_pipeline_imp_8IAQ0Y [mbv_system_mbv_riscv_axi_periph_...]
Compiling architecture structure of entity xil_defaultlib.mbv_system_mbv_riscv_axi_periph_1_sc_node_v1_0_19_mi_handler_109 [mbv_system_mbv_riscv_axi_periph_...]
Compiling architecture structure of entity xil_defaultlib.\mbv_system_mbv_riscv_axi_periph_1_xpm_cdc_async_rst__33\ [\mbv_system_mbv_riscv_axi_periph...]
Compiling architecture lut1_v of entity unisim.LUT1 [\LUT1(init="0010")(0,3)\]
Compiling architecture structure of entity xil_defaultlib.\mbv_system_mbv_riscv_axi_periph_1_xpm_cdc_async_rst__32\ [\mbv_system_mbv_riscv_axi_periph...]
Compiling architecture structure of entity xil_defaultlib.mbv_system_mbv_riscv_axi_periph_1_sc_node_v1_0_19_top [mbv_system_mbv_riscv_axi_periph_...]
Compiling architecture structure of entity xil_defaultlib.mbv_system_mbv_riscv_axi_periph_1_bd_e941_m00arn_0 [mbv_system_mbv_riscv_axi_periph_...]
Compiling architecture structure of entity xil_defaultlib.\mbv_system_mbv_riscv_axi_periph_1_sc_node_v1_0_19_mi_handler__parameterized0_108\ [\mbv_system_mbv_riscv_axi_periph...]
Compiling architecture structure of entity xil_defaultlib.\mbv_system_mbv_riscv_axi_periph_1_xpm_cdc_async_rst__31\ [\mbv_system_mbv_riscv_axi_periph...]
Compiling architecture structure of entity xil_defaultlib.\mbv_system_mbv_riscv_axi_periph_1_xpm_cdc_async_rst__30\ [\mbv_system_mbv_riscv_axi_periph...]
Compiling architecture structure of entity xil_defaultlib.\mbv_system_mbv_riscv_axi_periph_1_sc_node_v1_0_19_top__parameterized0\ [\mbv_system_mbv_riscv_axi_periph...]
Compiling architecture structure of entity xil_defaultlib.mbv_system_mbv_riscv_axi_periph_1_bd_e941_m00awn_0 [mbv_system_mbv_riscv_axi_periph_...]
Compiling architecture lut3_v of entity unisim.LUT3 [\LUT3(init="00100000")(0,7)\]
Compiling architecture structure of entity xil_defaultlib.\mbv_system_mbv_riscv_axi_periph_1_sc_node_v1_0_19_mi_handler__parameterized1_107\ [\mbv_system_mbv_riscv_axi_periph...]
Compiling architecture structure of entity xil_defaultlib.\mbv_system_mbv_riscv_axi_periph_1_xpm_cdc_async_rst__29\ [\mbv_system_mbv_riscv_axi_periph...]
Compiling architecture structure of entity xil_defaultlib.\mbv_system_mbv_riscv_axi_periph_1_xpm_cdc_async_rst__28\ [\mbv_system_mbv_riscv_axi_periph...]
Compiling architecture structure of entity xil_defaultlib.\mbv_system_mbv_riscv_axi_periph_1_sc_node_v1_0_19_top__parameterized1\ [\mbv_system_mbv_riscv_axi_periph...]
Compiling architecture structure of entity xil_defaultlib.mbv_system_mbv_riscv_axi_periph_1_bd_e941_m00bn_0 [mbv_system_mbv_riscv_axi_periph_...]
Compiling architecture structure of entity xil_defaultlib.\mbv_system_mbv_riscv_axi_periph_1_sc_node_v1_0_19_mi_handler__parameterized2_106\ [\mbv_system_mbv_riscv_axi_periph...]
Compiling architecture structure of entity xil_defaultlib.\mbv_system_mbv_riscv_axi_periph_1_xpm_cdc_async_rst__27\ [\mbv_system_mbv_riscv_axi_periph...]
Compiling architecture structure of entity xil_defaultlib.\mbv_system_mbv_riscv_axi_periph_1_xpm_cdc_async_rst__26\ [\mbv_system_mbv_riscv_axi_periph...]
Compiling architecture structure of entity xil_defaultlib.\mbv_system_mbv_riscv_axi_periph_1_sc_node_v1_0_19_top__parameterized2\ [\mbv_system_mbv_riscv_axi_periph...]
Compiling architecture structure of entity xil_defaultlib.mbv_system_mbv_riscv_axi_periph_1_bd_e941_m00rn_0 [mbv_system_mbv_riscv_axi_periph_...]
Compiling architecture structure of entity xil_defaultlib.\mbv_system_mbv_riscv_axi_periph_1_sc_node_v1_0_19_mi_handler__parameterized3_105\ [\mbv_system_mbv_riscv_axi_periph...]
Compiling architecture structure of entity xil_defaultlib.\mbv_system_mbv_riscv_axi_periph_1_xpm_cdc_async_rst__25\ [\mbv_system_mbv_riscv_axi_periph...]
Compiling architecture structure of entity xil_defaultlib.\mbv_system_mbv_riscv_axi_periph_1_xpm_cdc_async_rst__24\ [\mbv_system_mbv_riscv_axi_periph...]
Compiling architecture structure of entity xil_defaultlib.\mbv_system_mbv_riscv_axi_periph_1_sc_node_v1_0_19_top__parameterized3\ [\mbv_system_mbv_riscv_axi_periph...]
Compiling architecture structure of entity xil_defaultlib.mbv_system_mbv_riscv_axi_periph_1_bd_e941_m00wn_0 [mbv_system_mbv_riscv_axi_periph_...]
Compiling architecture structure of entity xil_defaultlib.mbv_system_mbv_riscv_axi_periph_1_m00_nodes_imp_LTCAJY [mbv_system_mbv_riscv_axi_periph_...]
Compiling architecture structure of entity xil_defaultlib.mbv_system_mbv_riscv_axi_periph_1_sc_sc2axi_v1_0_11_top [mbv_system_mbv_riscv_axi_periph_...]
Compiling architecture structure of entity xil_defaultlib.mbv_system_mbv_riscv_axi_periph_1_bd_e941_m00s2a_0 [mbv_system_mbv_riscv_axi_periph_...]
Compiling architecture structure of entity xil_defaultlib.\mbv_system_mbv_riscv_axi_periph_1_sc_exit_v1_0_18_exit__parameterized0\ [\mbv_system_mbv_riscv_axi_periph...]
Compiling architecture structure of entity xil_defaultlib.mbv_system_mbv_riscv_axi_periph_1_xpm_cdc_async_rst [mbv_system_mbv_riscv_axi_periph_...]
Compiling architecture structure of entity xil_defaultlib.\mbv_system_mbv_riscv_axi_periph_1_sc_exit_v1_0_18_top__parameterized0\ [\mbv_system_mbv_riscv_axi_periph...]
Compiling architecture structure of entity xil_defaultlib.mbv_system_mbv_riscv_axi_periph_1_bd_e941_m01e_0 [mbv_system_mbv_riscv_axi_periph_...]
Compiling architecture structure of entity xil_defaultlib.mbv_system_mbv_riscv_axi_periph_1_m01_exit_pipeline_imp_2MZKHU [mbv_system_mbv_riscv_axi_periph_...]
Compiling architecture structure of entity xil_defaultlib.mbv_system_mbv_riscv_axi_periph_1_sc_node_v1_0_19_mi_handler_104 [mbv_system_mbv_riscv_axi_periph_...]
Compiling architecture structure of entity xil_defaultlib.\mbv_system_mbv_riscv_axi_periph_1_xpm_cdc_async_rst__166\ [\mbv_system_mbv_riscv_axi_periph...]
Compiling architecture structure of entity xil_defaultlib.\mbv_system_mbv_riscv_axi_periph_1_xpm_cdc_async_rst__167\ [\mbv_system_mbv_riscv_axi_periph...]
Compiling architecture structure of entity xil_defaultlib.\mbv_system_mbv_riscv_axi_periph_1_sc_node_v1_0_19_top__13\ [\mbv_system_mbv_riscv_axi_periph...]
Compiling architecture structure of entity xil_defaultlib.mbv_system_mbv_riscv_axi_periph_1_bd_e941_m01arn_0 [mbv_system_mbv_riscv_axi_periph_...]
Compiling architecture structure of entity xil_defaultlib.\mbv_system_mbv_riscv_axi_periph_1_sc_node_v1_0_19_mi_handler__parameterized0_103\ [\mbv_system_mbv_riscv_axi_periph...]
Compiling architecture structure of entity xil_defaultlib.\mbv_system_mbv_riscv_axi_periph_1_xpm_cdc_async_rst__140\ [\mbv_system_mbv_riscv_axi_periph...]
Compiling architecture structure of entity xil_defaultlib.\mbv_system_mbv_riscv_axi_periph_1_xpm_cdc_async_rst__141\ [\mbv_system_mbv_riscv_axi_periph...]
Compiling architecture structure of entity xil_defaultlib.\mbv_system_mbv_riscv_axi_periph_1_sc_node_v1_0_19_top__parameterized0__13\ [\mbv_system_mbv_riscv_axi_periph...]
Compiling architecture structure of entity xil_defaultlib.mbv_system_mbv_riscv_axi_periph_1_bd_e941_m01awn_0 [mbv_system_mbv_riscv_axi_periph_...]
Compiling architecture structure of entity xil_defaultlib.\mbv_system_mbv_riscv_axi_periph_1_sc_node_v1_0_19_mi_handler__parameterized1_102\ [\mbv_system_mbv_riscv_axi_periph...]
Compiling architecture structure of entity xil_defaultlib.\mbv_system_mbv_riscv_axi_periph_1_xpm_cdc_async_rst__114\ [\mbv_system_mbv_riscv_axi_periph...]
Compiling architecture structure of entity xil_defaultlib.\mbv_system_mbv_riscv_axi_periph_1_xpm_cdc_async_rst__115\ [\mbv_system_mbv_riscv_axi_periph...]
Compiling architecture structure of entity xil_defaultlib.\mbv_system_mbv_riscv_axi_periph_1_sc_node_v1_0_19_top__parameterized1__13\ [\mbv_system_mbv_riscv_axi_periph...]
Compiling architecture structure of entity xil_defaultlib.mbv_system_mbv_riscv_axi_periph_1_bd_e941_m01bn_0 [mbv_system_mbv_riscv_axi_periph_...]
Compiling architecture structure of entity xil_defaultlib.\mbv_system_mbv_riscv_axi_periph_1_sc_node_v1_0_19_mi_handler__parameterized2_101\ [\mbv_system_mbv_riscv_axi_periph...]
Compiling architecture structure of entity xil_defaultlib.\mbv_system_mbv_riscv_axi_periph_1_xpm_cdc_async_rst__88\ [\mbv_system_mbv_riscv_axi_periph...]
Compiling architecture structure of entity xil_defaultlib.\mbv_system_mbv_riscv_axi_periph_1_xpm_cdc_async_rst__89\ [\mbv_system_mbv_riscv_axi_periph...]
Compiling architecture structure of entity xil_defaultlib.\mbv_system_mbv_riscv_axi_periph_1_sc_node_v1_0_19_top__parameterized2__13\ [\mbv_system_mbv_riscv_axi_periph...]
Compiling architecture structure of entity xil_defaultlib.mbv_system_mbv_riscv_axi_periph_1_bd_e941_m01rn_0 [mbv_system_mbv_riscv_axi_periph_...]
Compiling architecture structure of entity xil_defaultlib.\mbv_system_mbv_riscv_axi_periph_1_sc_node_v1_0_19_mi_handler__parameterized3_100\ [\mbv_system_mbv_riscv_axi_periph...]
Compiling architecture structure of entity xil_defaultlib.\mbv_system_mbv_riscv_axi_periph_1_xpm_cdc_async_rst__62\ [\mbv_system_mbv_riscv_axi_periph...]
Compiling architecture structure of entity xil_defaultlib.\mbv_system_mbv_riscv_axi_periph_1_xpm_cdc_async_rst__63\ [\mbv_system_mbv_riscv_axi_periph...]
Compiling architecture structure of entity xil_defaultlib.\mbv_system_mbv_riscv_axi_periph_1_sc_node_v1_0_19_top__parameterized3__13\ [\mbv_system_mbv_riscv_axi_periph...]
Compiling architecture structure of entity xil_defaultlib.mbv_system_mbv_riscv_axi_periph_1_bd_e941_m01wn_0 [mbv_system_mbv_riscv_axi_periph_...]
Compiling architecture structure of entity xil_defaultlib.mbv_system_mbv_riscv_axi_periph_1_m01_nodes_imp_1MP9DZS [mbv_system_mbv_riscv_axi_periph_...]
Compiling architecture structure of entity xil_defaultlib.\mbv_system_mbv_riscv_axi_periph_1_sc_sc2axi_v1_0_11_top__parameterized0\ [\mbv_system_mbv_riscv_axi_periph...]
Compiling architecture structure of entity xil_defaultlib.mbv_system_mbv_riscv_axi_periph_1_bd_e941_m01s2a_0 [mbv_system_mbv_riscv_axi_periph_...]
Compiling architecture structure of entity xil_defaultlib.\mbv_system_mbv_riscv_axi_periph_1_sc_exit_v1_0_18_exit__parameterized1\ [\mbv_system_mbv_riscv_axi_periph...]
Compiling architecture structure of entity xil_defaultlib.\mbv_system_mbv_riscv_axi_periph_1_xpm_cdc_async_rst__37\ [\mbv_system_mbv_riscv_axi_periph...]
Compiling architecture structure of entity xil_defaultlib.\mbv_system_mbv_riscv_axi_periph_1_sc_exit_v1_0_18_top__parameterized1\ [\mbv_system_mbv_riscv_axi_periph...]
Compiling architecture structure of entity xil_defaultlib.mbv_system_mbv_riscv_axi_periph_1_bd_e941_m02e_0 [mbv_system_mbv_riscv_axi_periph_...]
Compiling architecture structure of entity xil_defaultlib.mbv_system_mbv_riscv_axi_periph_1_m02_exit_pipeline_imp_DL8W5E [mbv_system_mbv_riscv_axi_periph_...]
Compiling architecture structure of entity xil_defaultlib.mbv_system_mbv_riscv_axi_periph_1_sc_node_v1_0_19_mi_handler_99 [mbv_system_mbv_riscv_axi_periph_...]
Compiling architecture structure of entity xil_defaultlib.\mbv_system_mbv_riscv_axi_periph_1_xpm_cdc_async_rst__164\ [\mbv_system_mbv_riscv_axi_periph...]
Compiling architecture structure of entity xil_defaultlib.\mbv_system_mbv_riscv_axi_periph_1_xpm_cdc_async_rst__165\ [\mbv_system_mbv_riscv_axi_periph...]
Compiling architecture structure of entity xil_defaultlib.\mbv_system_mbv_riscv_axi_periph_1_sc_node_v1_0_19_top__12\ [\mbv_system_mbv_riscv_axi_periph...]
Compiling architecture structure of entity xil_defaultlib.mbv_system_mbv_riscv_axi_periph_1_bd_e941_m02arn_0 [mbv_system_mbv_riscv_axi_periph_...]
Compiling architecture structure of entity xil_defaultlib.\mbv_system_mbv_riscv_axi_periph_1_sc_node_v1_0_19_mi_handler__parameterized0_98\ [\mbv_system_mbv_riscv_axi_periph...]
Compiling architecture structure of entity xil_defaultlib.\mbv_system_mbv_riscv_axi_periph_1_xpm_cdc_async_rst__138\ [\mbv_system_mbv_riscv_axi_periph...]
Compiling architecture structure of entity xil_defaultlib.\mbv_system_mbv_riscv_axi_periph_1_xpm_cdc_async_rst__139\ [\mbv_system_mbv_riscv_axi_periph...]
Compiling architecture structure of entity xil_defaultlib.\mbv_system_mbv_riscv_axi_periph_1_sc_node_v1_0_19_top__parameterized0__12\ [\mbv_system_mbv_riscv_axi_periph...]
Compiling architecture structure of entity xil_defaultlib.mbv_system_mbv_riscv_axi_periph_1_bd_e941_m02awn_0 [mbv_system_mbv_riscv_axi_periph_...]
Compiling architecture structure of entity xil_defaultlib.\mbv_system_mbv_riscv_axi_periph_1_sc_node_v1_0_19_mi_handler__parameterized1_97\ [\mbv_system_mbv_riscv_axi_periph...]
Compiling architecture structure of entity xil_defaultlib.\mbv_system_mbv_riscv_axi_periph_1_xpm_cdc_async_rst__112\ [\mbv_system_mbv_riscv_axi_periph...]
Compiling architecture structure of entity xil_defaultlib.\mbv_system_mbv_riscv_axi_periph_1_xpm_cdc_async_rst__113\ [\mbv_system_mbv_riscv_axi_periph...]
Compiling architecture structure of entity xil_defaultlib.\mbv_system_mbv_riscv_axi_periph_1_sc_node_v1_0_19_top__parameterized1__12\ [\mbv_system_mbv_riscv_axi_periph...]
Compiling architecture structure of entity xil_defaultlib.mbv_system_mbv_riscv_axi_periph_1_bd_e941_m02bn_0 [mbv_system_mbv_riscv_axi_periph_...]
Compiling architecture structure of entity xil_defaultlib.\mbv_system_mbv_riscv_axi_periph_1_sc_node_v1_0_19_mi_handler__parameterized2_96\ [\mbv_system_mbv_riscv_axi_periph...]
Compiling architecture structure of entity xil_defaultlib.\mbv_system_mbv_riscv_axi_periph_1_xpm_cdc_async_rst__86\ [\mbv_system_mbv_riscv_axi_periph...]
Compiling architecture structure of entity xil_defaultlib.\mbv_system_mbv_riscv_axi_periph_1_xpm_cdc_async_rst__87\ [\mbv_system_mbv_riscv_axi_periph...]
Compiling architecture structure of entity xil_defaultlib.\mbv_system_mbv_riscv_axi_periph_1_sc_node_v1_0_19_top__parameterized2__12\ [\mbv_system_mbv_riscv_axi_periph...]
Compiling architecture structure of entity xil_defaultlib.mbv_system_mbv_riscv_axi_periph_1_bd_e941_m02rn_0 [mbv_system_mbv_riscv_axi_periph_...]
Compiling architecture structure of entity xil_defaultlib.\mbv_system_mbv_riscv_axi_periph_1_sc_node_v1_0_19_mi_handler__parameterized3_95\ [\mbv_system_mbv_riscv_axi_periph...]
Compiling architecture structure of entity xil_defaultlib.\mbv_system_mbv_riscv_axi_periph_1_xpm_cdc_async_rst__60\ [\mbv_system_mbv_riscv_axi_periph...]
Compiling architecture structure of entity xil_defaultlib.\mbv_system_mbv_riscv_axi_periph_1_xpm_cdc_async_rst__61\ [\mbv_system_mbv_riscv_axi_periph...]
Compiling architecture structure of entity xil_defaultlib.\mbv_system_mbv_riscv_axi_periph_1_sc_node_v1_0_19_top__parameterized3__12\ [\mbv_system_mbv_riscv_axi_periph...]
Compiling architecture structure of entity xil_defaultlib.mbv_system_mbv_riscv_axi_periph_1_bd_e941_m02wn_0 [mbv_system_mbv_riscv_axi_periph_...]
Compiling architecture structure of entity xil_defaultlib.mbv_system_mbv_riscv_axi_periph_1_m02_nodes_imp_1CTGGQR [mbv_system_mbv_riscv_axi_periph_...]
Compiling architecture structure of entity xil_defaultlib.\mbv_system_mbv_riscv_axi_periph_1_sc_sc2axi_v1_0_11_top__parameterized1\ [\mbv_system_mbv_riscv_axi_periph...]
Compiling architecture structure of entity xil_defaultlib.mbv_system_mbv_riscv_axi_periph_1_bd_e941_m02s2a_0 [mbv_system_mbv_riscv_axi_periph_...]
Compiling architecture lut6_v of entity unisim.LUT6 [\LUT6(init="11110011111110111111...]
Compiling architecture structure of entity xil_defaultlib.\mbv_system_mbv_riscv_axi_periph_1_sc_exit_v1_0_18_exit__parameterized2_94\ [\mbv_system_mbv_riscv_axi_periph...]
Compiling architecture structure of entity xil_defaultlib.\mbv_system_mbv_riscv_axi_periph_1_xpm_cdc_async_rst__35\ [\mbv_system_mbv_riscv_axi_periph...]
Compiling architecture structure of entity xil_defaultlib.\mbv_system_mbv_riscv_axi_periph_1_sc_exit_v1_0_18_top__parameterized2\ [\mbv_system_mbv_riscv_axi_periph...]
Compiling architecture structure of entity xil_defaultlib.mbv_system_mbv_riscv_axi_periph_1_bd_e941_m03e_0 [mbv_system_mbv_riscv_axi_periph_...]
Compiling architecture structure of entity xil_defaultlib.mbv_system_mbv_riscv_axi_periph_1_m03_exit_pipeline_imp_B1S5QA [mbv_system_mbv_riscv_axi_periph_...]
Compiling architecture structure of entity xil_defaultlib.mbv_system_mbv_riscv_axi_periph_1_sc_node_v1_0_19_mi_handler_93 [mbv_system_mbv_riscv_axi_periph_...]
Compiling architecture structure of entity xil_defaultlib.\mbv_system_mbv_riscv_axi_periph_1_xpm_cdc_async_rst__162\ [\mbv_system_mbv_riscv_axi_periph...]
Compiling architecture structure of entity xil_defaultlib.\mbv_system_mbv_riscv_axi_periph_1_xpm_cdc_async_rst__163\ [\mbv_system_mbv_riscv_axi_periph...]
Compiling architecture structure of entity xil_defaultlib.\mbv_system_mbv_riscv_axi_periph_1_sc_node_v1_0_19_top__11\ [\mbv_system_mbv_riscv_axi_periph...]
Compiling architecture structure of entity xil_defaultlib.mbv_system_mbv_riscv_axi_periph_1_bd_e941_m03arn_0 [mbv_system_mbv_riscv_axi_periph_...]
Compiling architecture structure of entity xil_defaultlib.\mbv_system_mbv_riscv_axi_periph_1_sc_node_v1_0_19_mi_handler__parameterized0_92\ [\mbv_system_mbv_riscv_axi_periph...]
Compiling architecture structure of entity xil_defaultlib.\mbv_system_mbv_riscv_axi_periph_1_xpm_cdc_async_rst__136\ [\mbv_system_mbv_riscv_axi_periph...]
Compiling architecture structure of entity xil_defaultlib.\mbv_system_mbv_riscv_axi_periph_1_xpm_cdc_async_rst__137\ [\mbv_system_mbv_riscv_axi_periph...]
Compiling architecture structure of entity xil_defaultlib.\mbv_system_mbv_riscv_axi_periph_1_sc_node_v1_0_19_top__parameterized0__11\ [\mbv_system_mbv_riscv_axi_periph...]
Compiling architecture structure of entity xil_defaultlib.mbv_system_mbv_riscv_axi_periph_1_bd_e941_m03awn_0 [mbv_system_mbv_riscv_axi_periph_...]
Compiling architecture structure of entity xil_defaultlib.\mbv_system_mbv_riscv_axi_periph_1_sc_node_v1_0_19_mi_handler__parameterized1_91\ [\mbv_system_mbv_riscv_axi_periph...]
Compiling architecture structure of entity xil_defaultlib.\mbv_system_mbv_riscv_axi_periph_1_xpm_cdc_async_rst__110\ [\mbv_system_mbv_riscv_axi_periph...]
Compiling architecture structure of entity xil_defaultlib.\mbv_system_mbv_riscv_axi_periph_1_xpm_cdc_async_rst__111\ [\mbv_system_mbv_riscv_axi_periph...]
Compiling architecture structure of entity xil_defaultlib.\mbv_system_mbv_riscv_axi_periph_1_sc_node_v1_0_19_top__parameterized1__11\ [\mbv_system_mbv_riscv_axi_periph...]
Compiling architecture structure of entity xil_defaultlib.mbv_system_mbv_riscv_axi_periph_1_bd_e941_m03bn_0 [mbv_system_mbv_riscv_axi_periph_...]
Compiling architecture structure of entity xil_defaultlib.\mbv_system_mbv_riscv_axi_periph_1_sc_node_v1_0_19_mi_handler__parameterized2_90\ [\mbv_system_mbv_riscv_axi_periph...]
Compiling architecture structure of entity xil_defaultlib.\mbv_system_mbv_riscv_axi_periph_1_xpm_cdc_async_rst__84\ [\mbv_system_mbv_riscv_axi_periph...]
Compiling architecture structure of entity xil_defaultlib.\mbv_system_mbv_riscv_axi_periph_1_xpm_cdc_async_rst__85\ [\mbv_system_mbv_riscv_axi_periph...]
Compiling architecture structure of entity xil_defaultlib.\mbv_system_mbv_riscv_axi_periph_1_sc_node_v1_0_19_top__parameterized2__11\ [\mbv_system_mbv_riscv_axi_periph...]
Compiling architecture structure of entity xil_defaultlib.mbv_system_mbv_riscv_axi_periph_1_bd_e941_m03rn_0 [mbv_system_mbv_riscv_axi_periph_...]
Compiling architecture structure of entity xil_defaultlib.\mbv_system_mbv_riscv_axi_periph_1_sc_node_v1_0_19_mi_handler__parameterized3_89\ [\mbv_system_mbv_riscv_axi_periph...]
Compiling architecture structure of entity xil_defaultlib.\mbv_system_mbv_riscv_axi_periph_1_xpm_cdc_async_rst__58\ [\mbv_system_mbv_riscv_axi_periph...]
Compiling architecture structure of entity xil_defaultlib.\mbv_system_mbv_riscv_axi_periph_1_xpm_cdc_async_rst__59\ [\mbv_system_mbv_riscv_axi_periph...]
Compiling architecture structure of entity xil_defaultlib.\mbv_system_mbv_riscv_axi_periph_1_sc_node_v1_0_19_top__parameterized3__11\ [\mbv_system_mbv_riscv_axi_periph...]
Compiling architecture structure of entity xil_defaultlib.mbv_system_mbv_riscv_axi_periph_1_bd_e941_m03wn_0 [mbv_system_mbv_riscv_axi_periph_...]
Compiling architecture structure of entity xil_defaultlib.mbv_system_mbv_riscv_axi_periph_1_m03_nodes_imp_E5CY45 [mbv_system_mbv_riscv_axi_periph_...]
Compiling architecture structure of entity xil_defaultlib.\mbv_system_mbv_riscv_axi_periph_1_sc_sc2axi_v1_0_11_top__parameterized2\ [\mbv_system_mbv_riscv_axi_periph...]
Compiling architecture structure of entity xil_defaultlib.mbv_system_mbv_riscv_axi_periph_1_bd_e941_m03s2a_0 [mbv_system_mbv_riscv_axi_periph_...]
Compiling architecture structure of entity xil_defaultlib.mbv_system_mbv_riscv_axi_periph_1_sc_exit_v1_0_18_exit_88 [mbv_system_mbv_riscv_axi_periph_...]
Compiling architecture structure of entity xil_defaultlib.\mbv_system_mbv_riscv_axi_periph_1_xpm_cdc_async_rst__175\ [\mbv_system_mbv_riscv_axi_periph...]
Compiling architecture structure of entity xil_defaultlib.\mbv_system_mbv_riscv_axi_periph_1_sc_exit_v1_0_18_top__8\ [\mbv_system_mbv_riscv_axi_periph...]
Compiling architecture structure of entity xil_defaultlib.mbv_system_mbv_riscv_axi_periph_1_bd_e941_m04e_0 [mbv_system_mbv_riscv_axi_periph_...]
Compiling architecture structure of entity xil_defaultlib.mbv_system_mbv_riscv_axi_periph_1_m04_exit_pipeline_imp_IBPE82 [mbv_system_mbv_riscv_axi_periph_...]
Compiling architecture structure of entity xil_defaultlib.mbv_system_mbv_riscv_axi_periph_1_sc_node_v1_0_19_mi_handler_87 [mbv_system_mbv_riscv_axi_periph_...]
Compiling architecture structure of entity xil_defaultlib.\mbv_system_mbv_riscv_axi_periph_1_xpm_cdc_async_rst__160\ [\mbv_system_mbv_riscv_axi_periph...]
Compiling architecture structure of entity xil_defaultlib.\mbv_system_mbv_riscv_axi_periph_1_xpm_cdc_async_rst__161\ [\mbv_system_mbv_riscv_axi_periph...]
Compiling architecture structure of entity xil_defaultlib.\mbv_system_mbv_riscv_axi_periph_1_sc_node_v1_0_19_top__10\ [\mbv_system_mbv_riscv_axi_periph...]
Compiling architecture structure of entity xil_defaultlib.mbv_system_mbv_riscv_axi_periph_1_bd_e941_m04arn_0 [mbv_system_mbv_riscv_axi_periph_...]
Compiling architecture structure of entity xil_defaultlib.\mbv_system_mbv_riscv_axi_periph_1_sc_node_v1_0_19_mi_handler__parameterized0_86\ [\mbv_system_mbv_riscv_axi_periph...]
Compiling architecture structure of entity xil_defaultlib.\mbv_system_mbv_riscv_axi_periph_1_xpm_cdc_async_rst__134\ [\mbv_system_mbv_riscv_axi_periph...]
Compiling architecture structure of entity xil_defaultlib.\mbv_system_mbv_riscv_axi_periph_1_xpm_cdc_async_rst__135\ [\mbv_system_mbv_riscv_axi_periph...]
Compiling architecture structure of entity xil_defaultlib.\mbv_system_mbv_riscv_axi_periph_1_sc_node_v1_0_19_top__parameterized0__10\ [\mbv_system_mbv_riscv_axi_periph...]
Compiling architecture structure of entity xil_defaultlib.mbv_system_mbv_riscv_axi_periph_1_bd_e941_m04awn_0 [mbv_system_mbv_riscv_axi_periph_...]
Compiling architecture structure of entity xil_defaultlib.\mbv_system_mbv_riscv_axi_periph_1_sc_node_v1_0_19_mi_handler__parameterized1_85\ [\mbv_system_mbv_riscv_axi_periph...]
Compiling architecture structure of entity xil_defaultlib.\mbv_system_mbv_riscv_axi_periph_1_xpm_cdc_async_rst__108\ [\mbv_system_mbv_riscv_axi_periph...]
Compiling architecture structure of entity xil_defaultlib.\mbv_system_mbv_riscv_axi_periph_1_xpm_cdc_async_rst__109\ [\mbv_system_mbv_riscv_axi_periph...]
Compiling architecture structure of entity xil_defaultlib.\mbv_system_mbv_riscv_axi_periph_1_sc_node_v1_0_19_top__parameterized1__10\ [\mbv_system_mbv_riscv_axi_periph...]
Compiling architecture structure of entity xil_defaultlib.mbv_system_mbv_riscv_axi_periph_1_bd_e941_m04bn_0 [mbv_system_mbv_riscv_axi_periph_...]
Compiling architecture structure of entity xil_defaultlib.\mbv_system_mbv_riscv_axi_periph_1_sc_node_v1_0_19_mi_handler__parameterized2_84\ [\mbv_system_mbv_riscv_axi_periph...]
Compiling architecture structure of entity xil_defaultlib.\mbv_system_mbv_riscv_axi_periph_1_xpm_cdc_async_rst__82\ [\mbv_system_mbv_riscv_axi_periph...]
Compiling architecture structure of entity xil_defaultlib.\mbv_system_mbv_riscv_axi_periph_1_xpm_cdc_async_rst__83\ [\mbv_system_mbv_riscv_axi_periph...]
Compiling architecture structure of entity xil_defaultlib.\mbv_system_mbv_riscv_axi_periph_1_sc_node_v1_0_19_top__parameterized2__10\ [\mbv_system_mbv_riscv_axi_periph...]
Compiling architecture structure of entity xil_defaultlib.mbv_system_mbv_riscv_axi_periph_1_bd_e941_m04rn_0 [mbv_system_mbv_riscv_axi_periph_...]
Compiling architecture structure of entity xil_defaultlib.\mbv_system_mbv_riscv_axi_periph_1_sc_node_v1_0_19_mi_handler__parameterized3_83\ [\mbv_system_mbv_riscv_axi_periph...]
Compiling architecture structure of entity xil_defaultlib.\mbv_system_mbv_riscv_axi_periph_1_xpm_cdc_async_rst__56\ [\mbv_system_mbv_riscv_axi_periph...]
Compiling architecture structure of entity xil_defaultlib.\mbv_system_mbv_riscv_axi_periph_1_xpm_cdc_async_rst__57\ [\mbv_system_mbv_riscv_axi_periph...]
Compiling architecture structure of entity xil_defaultlib.\mbv_system_mbv_riscv_axi_periph_1_sc_node_v1_0_19_top__parameterized3__10\ [\mbv_system_mbv_riscv_axi_periph...]
Compiling architecture structure of entity xil_defaultlib.mbv_system_mbv_riscv_axi_periph_1_bd_e941_m04wn_0 [mbv_system_mbv_riscv_axi_periph_...]
Compiling architecture structure of entity xil_defaultlib.mbv_system_mbv_riscv_axi_periph_1_m04_nodes_imp_O71PIT [mbv_system_mbv_riscv_axi_periph_...]
Compiling architecture structure of entity xil_defaultlib.\mbv_system_mbv_riscv_axi_periph_1_sc_sc2axi_v1_0_11_top__8\ [\mbv_system_mbv_riscv_axi_periph...]
Compiling architecture structure of entity xil_defaultlib.mbv_system_mbv_riscv_axi_periph_1_bd_e941_m04s2a_0 [mbv_system_mbv_riscv_axi_periph_...]
Compiling architecture structure of entity xil_defaultlib.mbv_system_mbv_riscv_axi_periph_1_sc_exit_v1_0_18_exit_82 [mbv_system_mbv_riscv_axi_periph_...]
Compiling architecture structure of entity xil_defaultlib.\mbv_system_mbv_riscv_axi_periph_1_xpm_cdc_async_rst__174\ [\mbv_system_mbv_riscv_axi_periph...]
Compiling architecture structure of entity xil_defaultlib.\mbv_system_mbv_riscv_axi_periph_1_sc_exit_v1_0_18_top__7\ [\mbv_system_mbv_riscv_axi_periph...]
Compiling architecture structure of entity xil_defaultlib.mbv_system_mbv_riscv_axi_periph_1_bd_e941_m05e_0 [mbv_system_mbv_riscv_axi_periph_...]
Compiling architecture structure of entity xil_defaultlib.mbv_system_mbv_riscv_axi_periph_1_m05_exit_pipeline_imp_NMFWCI [mbv_system_mbv_riscv_axi_periph_...]
Compiling architecture structure of entity xil_defaultlib.mbv_system_mbv_riscv_axi_periph_1_sc_node_v1_0_19_mi_handler_81 [mbv_system_mbv_riscv_axi_periph_...]
Compiling architecture structure of entity xil_defaultlib.\mbv_system_mbv_riscv_axi_periph_1_xpm_cdc_async_rst__158\ [\mbv_system_mbv_riscv_axi_periph...]
Compiling architecture structure of entity xil_defaultlib.\mbv_system_mbv_riscv_axi_periph_1_xpm_cdc_async_rst__159\ [\mbv_system_mbv_riscv_axi_periph...]
Compiling architecture structure of entity xil_defaultlib.\mbv_system_mbv_riscv_axi_periph_1_sc_node_v1_0_19_top__9\ [\mbv_system_mbv_riscv_axi_periph...]
Compiling architecture structure of entity xil_defaultlib.mbv_system_mbv_riscv_axi_periph_1_bd_e941_m05arn_0 [mbv_system_mbv_riscv_axi_periph_...]
Compiling architecture structure of entity xil_defaultlib.\mbv_system_mbv_riscv_axi_periph_1_sc_node_v1_0_19_mi_handler__parameterized0_80\ [\mbv_system_mbv_riscv_axi_periph...]
Compiling architecture structure of entity xil_defaultlib.\mbv_system_mbv_riscv_axi_periph_1_xpm_cdc_async_rst__132\ [\mbv_system_mbv_riscv_axi_periph...]
Compiling architecture structure of entity xil_defaultlib.\mbv_system_mbv_riscv_axi_periph_1_xpm_cdc_async_rst__133\ [\mbv_system_mbv_riscv_axi_periph...]
Compiling architecture structure of entity xil_defaultlib.\mbv_system_mbv_riscv_axi_periph_1_sc_node_v1_0_19_top__parameterized0__9\ [\mbv_system_mbv_riscv_axi_periph...]
Compiling architecture structure of entity xil_defaultlib.mbv_system_mbv_riscv_axi_periph_1_bd_e941_m05awn_0 [mbv_system_mbv_riscv_axi_periph_...]
Compiling architecture structure of entity xil_defaultlib.\mbv_system_mbv_riscv_axi_periph_1_sc_node_v1_0_19_mi_handler__parameterized1_79\ [\mbv_system_mbv_riscv_axi_periph...]
Compiling architecture structure of entity xil_defaultlib.\mbv_system_mbv_riscv_axi_periph_1_xpm_cdc_async_rst__106\ [\mbv_system_mbv_riscv_axi_periph...]
Compiling architecture structure of entity xil_defaultlib.\mbv_system_mbv_riscv_axi_periph_1_xpm_cdc_async_rst__107\ [\mbv_system_mbv_riscv_axi_periph...]
Compiling architecture structure of entity xil_defaultlib.\mbv_system_mbv_riscv_axi_periph_1_sc_node_v1_0_19_top__parameterized1__9\ [\mbv_system_mbv_riscv_axi_periph...]
Compiling architecture structure of entity xil_defaultlib.mbv_system_mbv_riscv_axi_periph_1_bd_e941_m05bn_0 [mbv_system_mbv_riscv_axi_periph_...]
Compiling architecture structure of entity xil_defaultlib.\mbv_system_mbv_riscv_axi_periph_1_sc_node_v1_0_19_mi_handler__parameterized2_78\ [\mbv_system_mbv_riscv_axi_periph...]
Compiling architecture structure of entity xil_defaultlib.\mbv_system_mbv_riscv_axi_periph_1_xpm_cdc_async_rst__80\ [\mbv_system_mbv_riscv_axi_periph...]
Compiling architecture structure of entity xil_defaultlib.\mbv_system_mbv_riscv_axi_periph_1_xpm_cdc_async_rst__81\ [\mbv_system_mbv_riscv_axi_periph...]
Compiling architecture structure of entity xil_defaultlib.\mbv_system_mbv_riscv_axi_periph_1_sc_node_v1_0_19_top__parameterized2__9\ [\mbv_system_mbv_riscv_axi_periph...]
Compiling architecture structure of entity xil_defaultlib.mbv_system_mbv_riscv_axi_periph_1_bd_e941_m05rn_0 [mbv_system_mbv_riscv_axi_periph_...]
Compiling architecture structure of entity xil_defaultlib.\mbv_system_mbv_riscv_axi_periph_1_sc_node_v1_0_19_mi_handler__parameterized3_77\ [\mbv_system_mbv_riscv_axi_periph...]
Compiling architecture structure of entity xil_defaultlib.\mbv_system_mbv_riscv_axi_periph_1_xpm_cdc_async_rst__54\ [\mbv_system_mbv_riscv_axi_periph...]
Compiling architecture structure of entity xil_defaultlib.\mbv_system_mbv_riscv_axi_periph_1_xpm_cdc_async_rst__55\ [\mbv_system_mbv_riscv_axi_periph...]
Compiling architecture structure of entity xil_defaultlib.\mbv_system_mbv_riscv_axi_periph_1_sc_node_v1_0_19_top__parameterized3__9\ [\mbv_system_mbv_riscv_axi_periph...]
Compiling architecture structure of entity xil_defaultlib.mbv_system_mbv_riscv_axi_periph_1_bd_e941_m05wn_0 [mbv_system_mbv_riscv_axi_periph_...]
Compiling architecture structure of entity xil_defaultlib.mbv_system_mbv_riscv_axi_periph_1_m05_nodes_imp_1K42FIB [mbv_system_mbv_riscv_axi_periph_...]
Compiling architecture structure of entity xil_defaultlib.\mbv_system_mbv_riscv_axi_periph_1_sc_sc2axi_v1_0_11_top__7\ [\mbv_system_mbv_riscv_axi_periph...]
Compiling architecture structure of entity xil_defaultlib.mbv_system_mbv_riscv_axi_periph_1_bd_e941_m05s2a_0 [mbv_system_mbv_riscv_axi_periph_...]
Compiling architecture structure of entity xil_defaultlib.mbv_system_mbv_riscv_axi_periph_1_sc_exit_v1_0_18_exit_76 [mbv_system_mbv_riscv_axi_periph_...]
Compiling architecture structure of entity xil_defaultlib.\mbv_system_mbv_riscv_axi_periph_1_xpm_cdc_async_rst__173\ [\mbv_system_mbv_riscv_axi_periph...]
Compiling architecture structure of entity xil_defaultlib.\mbv_system_mbv_riscv_axi_periph_1_sc_exit_v1_0_18_top__6\ [\mbv_system_mbv_riscv_axi_periph...]
Compiling architecture structure of entity xil_defaultlib.mbv_system_mbv_riscv_axi_periph_1_bd_e941_m06e_0 [mbv_system_mbv_riscv_axi_periph_...]
Compiling architecture structure of entity xil_defaultlib.mbv_system_mbv_riscv_axi_periph_1_m06_exit_pipeline_imp_U2CEKI [mbv_system_mbv_riscv_axi_periph_...]
Compiling architecture structure of entity xil_defaultlib.mbv_system_mbv_riscv_axi_periph_1_sc_node_v1_0_19_mi_handler_75 [mbv_system_mbv_riscv_axi_periph_...]
Compiling architecture structure of entity xil_defaultlib.\mbv_system_mbv_riscv_axi_periph_1_xpm_cdc_async_rst__156\ [\mbv_system_mbv_riscv_axi_periph...]
Compiling architecture structure of entity xil_defaultlib.\mbv_system_mbv_riscv_axi_periph_1_xpm_cdc_async_rst__157\ [\mbv_system_mbv_riscv_axi_periph...]
Compiling architecture structure of entity xil_defaultlib.\mbv_system_mbv_riscv_axi_periph_1_sc_node_v1_0_19_top__8\ [\mbv_system_mbv_riscv_axi_periph...]
Compiling architecture structure of entity xil_defaultlib.mbv_system_mbv_riscv_axi_periph_1_bd_e941_m06arn_0 [mbv_system_mbv_riscv_axi_periph_...]
Compiling architecture structure of entity xil_defaultlib.\mbv_system_mbv_riscv_axi_periph_1_sc_node_v1_0_19_mi_handler__parameterized0_74\ [\mbv_system_mbv_riscv_axi_periph...]
Compiling architecture structure of entity xil_defaultlib.\mbv_system_mbv_riscv_axi_periph_1_xpm_cdc_async_rst__130\ [\mbv_system_mbv_riscv_axi_periph...]
Compiling architecture structure of entity xil_defaultlib.\mbv_system_mbv_riscv_axi_periph_1_xpm_cdc_async_rst__131\ [\mbv_system_mbv_riscv_axi_periph...]
Compiling architecture structure of entity xil_defaultlib.\mbv_system_mbv_riscv_axi_periph_1_sc_node_v1_0_19_top__parameterized0__8\ [\mbv_system_mbv_riscv_axi_periph...]
Compiling architecture structure of entity xil_defaultlib.mbv_system_mbv_riscv_axi_periph_1_bd_e941_m06awn_0 [mbv_system_mbv_riscv_axi_periph_...]
Compiling architecture structure of entity xil_defaultlib.\mbv_system_mbv_riscv_axi_periph_1_sc_node_v1_0_19_mi_handler__parameterized1_73\ [\mbv_system_mbv_riscv_axi_periph...]
Compiling architecture structure of entity xil_defaultlib.\mbv_system_mbv_riscv_axi_periph_1_xpm_cdc_async_rst__104\ [\mbv_system_mbv_riscv_axi_periph...]
Compiling architecture structure of entity xil_defaultlib.\mbv_system_mbv_riscv_axi_periph_1_xpm_cdc_async_rst__105\ [\mbv_system_mbv_riscv_axi_periph...]
Compiling architecture structure of entity xil_defaultlib.\mbv_system_mbv_riscv_axi_periph_1_sc_node_v1_0_19_top__parameterized1__8\ [\mbv_system_mbv_riscv_axi_periph...]
Compiling architecture structure of entity xil_defaultlib.mbv_system_mbv_riscv_axi_periph_1_bd_e941_m06bn_0 [mbv_system_mbv_riscv_axi_periph_...]
Compiling architecture structure of entity xil_defaultlib.\mbv_system_mbv_riscv_axi_periph_1_sc_node_v1_0_19_mi_handler__parameterized2_72\ [\mbv_system_mbv_riscv_axi_periph...]
Compiling architecture structure of entity xil_defaultlib.\mbv_system_mbv_riscv_axi_periph_1_xpm_cdc_async_rst__78\ [\mbv_system_mbv_riscv_axi_periph...]
Compiling architecture structure of entity xil_defaultlib.\mbv_system_mbv_riscv_axi_periph_1_xpm_cdc_async_rst__79\ [\mbv_system_mbv_riscv_axi_periph...]
Compiling architecture structure of entity xil_defaultlib.\mbv_system_mbv_riscv_axi_periph_1_sc_node_v1_0_19_top__parameterized2__8\ [\mbv_system_mbv_riscv_axi_periph...]
Compiling architecture structure of entity xil_defaultlib.mbv_system_mbv_riscv_axi_periph_1_bd_e941_m06rn_0 [mbv_system_mbv_riscv_axi_periph_...]
Compiling architecture structure of entity xil_defaultlib.\mbv_system_mbv_riscv_axi_periph_1_sc_node_v1_0_19_mi_handler__parameterized3_71\ [\mbv_system_mbv_riscv_axi_periph...]
Compiling architecture structure of entity xil_defaultlib.\mbv_system_mbv_riscv_axi_periph_1_xpm_cdc_async_rst__52\ [\mbv_system_mbv_riscv_axi_periph...]
Compiling architecture structure of entity xil_defaultlib.\mbv_system_mbv_riscv_axi_periph_1_xpm_cdc_async_rst__53\ [\mbv_system_mbv_riscv_axi_periph...]
Compiling architecture structure of entity xil_defaultlib.\mbv_system_mbv_riscv_axi_periph_1_sc_node_v1_0_19_top__parameterized3__8\ [\mbv_system_mbv_riscv_axi_periph...]
Compiling architecture structure of entity xil_defaultlib.mbv_system_mbv_riscv_axi_periph_1_bd_e941_m06wn_0 [mbv_system_mbv_riscv_axi_periph_...]
Compiling architecture structure of entity xil_defaultlib.mbv_system_mbv_riscv_axi_periph_1_m06_nodes_imp_1ELL23C [mbv_system_mbv_riscv_axi_periph_...]
Compiling architecture structure of entity xil_defaultlib.\mbv_system_mbv_riscv_axi_periph_1_sc_sc2axi_v1_0_11_top__6\ [\mbv_system_mbv_riscv_axi_periph...]
Compiling architecture structure of entity xil_defaultlib.mbv_system_mbv_riscv_axi_periph_1_bd_e941_m06s2a_0 [mbv_system_mbv_riscv_axi_periph_...]
Compiling architecture structure of entity xil_defaultlib.mbv_system_mbv_riscv_axi_periph_1_sc_exit_v1_0_18_exit_70 [mbv_system_mbv_riscv_axi_periph_...]
Compiling architecture structure of entity xil_defaultlib.\mbv_system_mbv_riscv_axi_periph_1_xpm_cdc_async_rst__172\ [\mbv_system_mbv_riscv_axi_periph...]
Compiling architecture structure of entity xil_defaultlib.\mbv_system_mbv_riscv_axi_periph_1_sc_exit_v1_0_18_top__5\ [\mbv_system_mbv_riscv_axi_periph...]
Compiling architecture structure of entity xil_defaultlib.mbv_system_mbv_riscv_axi_periph_1_bd_e941_m07e_0 [mbv_system_mbv_riscv_axi_periph_...]
Compiling architecture structure of entity xil_defaultlib.mbv_system_mbv_riscv_axi_periph_1_m07_exit_pipeline_imp_Y93TOI [mbv_system_mbv_riscv_axi_periph_...]
Compiling architecture structure of entity xil_defaultlib.mbv_system_mbv_riscv_axi_periph_1_sc_node_v1_0_19_mi_handler_69 [mbv_system_mbv_riscv_axi_periph_...]
Compiling architecture structure of entity xil_defaultlib.\mbv_system_mbv_riscv_axi_periph_1_xpm_cdc_async_rst__154\ [\mbv_system_mbv_riscv_axi_periph...]
Compiling architecture structure of entity xil_defaultlib.\mbv_system_mbv_riscv_axi_periph_1_xpm_cdc_async_rst__155\ [\mbv_system_mbv_riscv_axi_periph...]
Compiling architecture structure of entity xil_defaultlib.\mbv_system_mbv_riscv_axi_periph_1_sc_node_v1_0_19_top__7\ [\mbv_system_mbv_riscv_axi_periph...]
Compiling architecture structure of entity xil_defaultlib.mbv_system_mbv_riscv_axi_periph_1_bd_e941_m07arn_0 [mbv_system_mbv_riscv_axi_periph_...]
Compiling architecture structure of entity xil_defaultlib.\mbv_system_mbv_riscv_axi_periph_1_sc_node_v1_0_19_mi_handler__parameterized0_68\ [\mbv_system_mbv_riscv_axi_periph...]
Compiling architecture structure of entity xil_defaultlib.\mbv_system_mbv_riscv_axi_periph_1_xpm_cdc_async_rst__128\ [\mbv_system_mbv_riscv_axi_periph...]
Compiling architecture structure of entity xil_defaultlib.\mbv_system_mbv_riscv_axi_periph_1_xpm_cdc_async_rst__129\ [\mbv_system_mbv_riscv_axi_periph...]
Compiling architecture structure of entity xil_defaultlib.\mbv_system_mbv_riscv_axi_periph_1_sc_node_v1_0_19_top__parameterized0__7\ [\mbv_system_mbv_riscv_axi_periph...]
Compiling architecture structure of entity xil_defaultlib.mbv_system_mbv_riscv_axi_periph_1_bd_e941_m07awn_0 [mbv_system_mbv_riscv_axi_periph_...]
Compiling architecture structure of entity xil_defaultlib.\mbv_system_mbv_riscv_axi_periph_1_sc_node_v1_0_19_mi_handler__parameterized1_67\ [\mbv_system_mbv_riscv_axi_periph...]
Compiling architecture structure of entity xil_defaultlib.\mbv_system_mbv_riscv_axi_periph_1_xpm_cdc_async_rst__102\ [\mbv_system_mbv_riscv_axi_periph...]
Compiling architecture structure of entity xil_defaultlib.\mbv_system_mbv_riscv_axi_periph_1_xpm_cdc_async_rst__103\ [\mbv_system_mbv_riscv_axi_periph...]
Compiling architecture structure of entity xil_defaultlib.\mbv_system_mbv_riscv_axi_periph_1_sc_node_v1_0_19_top__parameterized1__7\ [\mbv_system_mbv_riscv_axi_periph...]
Compiling architecture structure of entity xil_defaultlib.mbv_system_mbv_riscv_axi_periph_1_bd_e941_m07bn_0 [mbv_system_mbv_riscv_axi_periph_...]
Compiling architecture structure of entity xil_defaultlib.\mbv_system_mbv_riscv_axi_periph_1_sc_node_v1_0_19_mi_handler__parameterized2_66\ [\mbv_system_mbv_riscv_axi_periph...]
Compiling architecture structure of entity xil_defaultlib.\mbv_system_mbv_riscv_axi_periph_1_xpm_cdc_async_rst__76\ [\mbv_system_mbv_riscv_axi_periph...]
Compiling architecture structure of entity xil_defaultlib.\mbv_system_mbv_riscv_axi_periph_1_xpm_cdc_async_rst__77\ [\mbv_system_mbv_riscv_axi_periph...]
Compiling architecture structure of entity xil_defaultlib.\mbv_system_mbv_riscv_axi_periph_1_sc_node_v1_0_19_top__parameterized2__7\ [\mbv_system_mbv_riscv_axi_periph...]
Compiling architecture structure of entity xil_defaultlib.mbv_system_mbv_riscv_axi_periph_1_bd_e941_m07rn_0 [mbv_system_mbv_riscv_axi_periph_...]
Compiling architecture structure of entity xil_defaultlib.\mbv_system_mbv_riscv_axi_periph_1_sc_node_v1_0_19_mi_handler__parameterized3_65\ [\mbv_system_mbv_riscv_axi_periph...]
Compiling architecture structure of entity xil_defaultlib.\mbv_system_mbv_riscv_axi_periph_1_xpm_cdc_async_rst__50\ [\mbv_system_mbv_riscv_axi_periph...]
Compiling architecture structure of entity xil_defaultlib.\mbv_system_mbv_riscv_axi_periph_1_xpm_cdc_async_rst__51\ [\mbv_system_mbv_riscv_axi_periph...]
Compiling architecture structure of entity xil_defaultlib.\mbv_system_mbv_riscv_axi_periph_1_sc_node_v1_0_19_top__parameterized3__7\ [\mbv_system_mbv_riscv_axi_periph...]
Compiling architecture structure of entity xil_defaultlib.mbv_system_mbv_riscv_axi_periph_1_bd_e941_m07wn_0 [mbv_system_mbv_riscv_axi_periph_...]
Compiling architecture structure of entity xil_defaultlib.mbv_system_mbv_riscv_axi_periph_1_m07_nodes_imp_C0QXF2 [mbv_system_mbv_riscv_axi_periph_...]
Compiling architecture structure of entity xil_defaultlib.\mbv_system_mbv_riscv_axi_periph_1_sc_sc2axi_v1_0_11_top__5\ [\mbv_system_mbv_riscv_axi_periph...]
Compiling architecture structure of entity xil_defaultlib.mbv_system_mbv_riscv_axi_periph_1_bd_e941_m07s2a_0 [mbv_system_mbv_riscv_axi_periph_...]
Compiling architecture structure of entity xil_defaultlib.mbv_system_mbv_riscv_axi_periph_1_sc_exit_v1_0_18_exit_64 [mbv_system_mbv_riscv_axi_periph_...]
Compiling architecture structure of entity xil_defaultlib.\mbv_system_mbv_riscv_axi_periph_1_xpm_cdc_async_rst__171\ [\mbv_system_mbv_riscv_axi_periph...]
Compiling architecture structure of entity xil_defaultlib.\mbv_system_mbv_riscv_axi_periph_1_sc_exit_v1_0_18_top__4\ [\mbv_system_mbv_riscv_axi_periph...]
Compiling architecture structure of entity xil_defaultlib.mbv_system_mbv_riscv_axi_periph_1_bd_e941_m08e_0 [mbv_system_mbv_riscv_axi_periph_...]
Compiling architecture structure of entity xil_defaultlib.mbv_system_mbv_riscv_axi_periph_1_m08_exit_pipeline_imp_1AL7R5U [mbv_system_mbv_riscv_axi_periph_...]
Compiling architecture structure of entity xil_defaultlib.mbv_system_mbv_riscv_axi_periph_1_sc_node_v1_0_19_mi_handler_63 [mbv_system_mbv_riscv_axi_periph_...]
Compiling architecture structure of entity xil_defaultlib.\mbv_system_mbv_riscv_axi_periph_1_xpm_cdc_async_rst__152\ [\mbv_system_mbv_riscv_axi_periph...]
Compiling architecture structure of entity xil_defaultlib.\mbv_system_mbv_riscv_axi_periph_1_xpm_cdc_async_rst__153\ [\mbv_system_mbv_riscv_axi_periph...]
Compiling architecture structure of entity xil_defaultlib.\mbv_system_mbv_riscv_axi_periph_1_sc_node_v1_0_19_top__6\ [\mbv_system_mbv_riscv_axi_periph...]
Compiling architecture structure of entity xil_defaultlib.mbv_system_mbv_riscv_axi_periph_1_bd_e941_m08arn_0 [mbv_system_mbv_riscv_axi_periph_...]
Compiling architecture structure of entity xil_defaultlib.\mbv_system_mbv_riscv_axi_periph_1_sc_node_v1_0_19_mi_handler__parameterized0_62\ [\mbv_system_mbv_riscv_axi_periph...]
Compiling architecture structure of entity xil_defaultlib.\mbv_system_mbv_riscv_axi_periph_1_xpm_cdc_async_rst__126\ [\mbv_system_mbv_riscv_axi_periph...]
Compiling architecture structure of entity xil_defaultlib.\mbv_system_mbv_riscv_axi_periph_1_xpm_cdc_async_rst__127\ [\mbv_system_mbv_riscv_axi_periph...]
Compiling architecture structure of entity xil_defaultlib.\mbv_system_mbv_riscv_axi_periph_1_sc_node_v1_0_19_top__parameterized0__6\ [\mbv_system_mbv_riscv_axi_periph...]
Compiling architecture structure of entity xil_defaultlib.mbv_system_mbv_riscv_axi_periph_1_bd_e941_m08awn_0 [mbv_system_mbv_riscv_axi_periph_...]
Compiling architecture structure of entity xil_defaultlib.\mbv_system_mbv_riscv_axi_periph_1_sc_node_v1_0_19_mi_handler__parameterized1_61\ [\mbv_system_mbv_riscv_axi_periph...]
Compiling architecture structure of entity xil_defaultlib.\mbv_system_mbv_riscv_axi_periph_1_xpm_cdc_async_rst__100\ [\mbv_system_mbv_riscv_axi_periph...]
Compiling architecture structure of entity xil_defaultlib.\mbv_system_mbv_riscv_axi_periph_1_xpm_cdc_async_rst__101\ [\mbv_system_mbv_riscv_axi_periph...]
Compiling architecture structure of entity xil_defaultlib.\mbv_system_mbv_riscv_axi_periph_1_sc_node_v1_0_19_top__parameterized1__6\ [\mbv_system_mbv_riscv_axi_periph...]
Compiling architecture structure of entity xil_defaultlib.mbv_system_mbv_riscv_axi_periph_1_bd_e941_m08bn_0 [mbv_system_mbv_riscv_axi_periph_...]
Compiling architecture structure of entity xil_defaultlib.\mbv_system_mbv_riscv_axi_periph_1_sc_node_v1_0_19_mi_handler__parameterized2_60\ [\mbv_system_mbv_riscv_axi_periph...]
Compiling architecture structure of entity xil_defaultlib.\mbv_system_mbv_riscv_axi_periph_1_xpm_cdc_async_rst__74\ [\mbv_system_mbv_riscv_axi_periph...]
Compiling architecture structure of entity xil_defaultlib.\mbv_system_mbv_riscv_axi_periph_1_xpm_cdc_async_rst__75\ [\mbv_system_mbv_riscv_axi_periph...]
Compiling architecture structure of entity xil_defaultlib.\mbv_system_mbv_riscv_axi_periph_1_sc_node_v1_0_19_top__parameterized2__6\ [\mbv_system_mbv_riscv_axi_periph...]
Compiling architecture structure of entity xil_defaultlib.mbv_system_mbv_riscv_axi_periph_1_bd_e941_m08rn_0 [mbv_system_mbv_riscv_axi_periph_...]
Compiling architecture structure of entity xil_defaultlib.\mbv_system_mbv_riscv_axi_periph_1_sc_node_v1_0_19_mi_handler__parameterized3_59\ [\mbv_system_mbv_riscv_axi_periph...]
Compiling architecture structure of entity xil_defaultlib.\mbv_system_mbv_riscv_axi_periph_1_xpm_cdc_async_rst__48\ [\mbv_system_mbv_riscv_axi_periph...]
Compiling architecture structure of entity xil_defaultlib.\mbv_system_mbv_riscv_axi_periph_1_xpm_cdc_async_rst__49\ [\mbv_system_mbv_riscv_axi_periph...]
Compiling architecture structure of entity xil_defaultlib.\mbv_system_mbv_riscv_axi_periph_1_sc_node_v1_0_19_top__parameterized3__6\ [\mbv_system_mbv_riscv_axi_periph...]
Compiling architecture structure of entity xil_defaultlib.mbv_system_mbv_riscv_axi_periph_1_bd_e941_m08wn_0 [mbv_system_mbv_riscv_axi_periph_...]
Compiling architecture structure of entity xil_defaultlib.mbv_system_mbv_riscv_axi_periph_1_m08_nodes_imp_YWBZA0 [mbv_system_mbv_riscv_axi_periph_...]
Compiling architecture structure of entity xil_defaultlib.\mbv_system_mbv_riscv_axi_periph_1_sc_sc2axi_v1_0_11_top__4\ [\mbv_system_mbv_riscv_axi_periph...]
Compiling architecture structure of entity xil_defaultlib.mbv_system_mbv_riscv_axi_periph_1_bd_e941_m08s2a_0 [mbv_system_mbv_riscv_axi_periph_...]
Compiling architecture structure of entity xil_defaultlib.mbv_system_mbv_riscv_axi_periph_1_sc_exit_v1_0_18_exit_58 [mbv_system_mbv_riscv_axi_periph_...]
Compiling architecture structure of entity xil_defaultlib.\mbv_system_mbv_riscv_axi_periph_1_xpm_cdc_async_rst__170\ [\mbv_system_mbv_riscv_axi_periph...]
Compiling architecture structure of entity xil_defaultlib.\mbv_system_mbv_riscv_axi_periph_1_sc_exit_v1_0_18_top__3\ [\mbv_system_mbv_riscv_axi_periph...]
Compiling architecture structure of entity xil_defaultlib.mbv_system_mbv_riscv_axi_periph_1_bd_e941_m09e_0 [mbv_system_mbv_riscv_axi_periph_...]
Compiling architecture structure of entity xil_defaultlib.mbv_system_mbv_riscv_axi_periph_1_m09_exit_pipeline_imp_1D1K41U [mbv_system_mbv_riscv_axi_periph_...]
Compiling architecture structure of entity xil_defaultlib.mbv_system_mbv_riscv_axi_periph_1_sc_node_v1_0_19_mi_handler_57 [mbv_system_mbv_riscv_axi_periph_...]
Compiling architecture structure of entity xil_defaultlib.\mbv_system_mbv_riscv_axi_periph_1_xpm_cdc_async_rst__150\ [\mbv_system_mbv_riscv_axi_periph...]
Compiling architecture structure of entity xil_defaultlib.\mbv_system_mbv_riscv_axi_periph_1_xpm_cdc_async_rst__151\ [\mbv_system_mbv_riscv_axi_periph...]
Compiling architecture structure of entity xil_defaultlib.\mbv_system_mbv_riscv_axi_periph_1_sc_node_v1_0_19_top__5\ [\mbv_system_mbv_riscv_axi_periph...]
Compiling architecture structure of entity xil_defaultlib.mbv_system_mbv_riscv_axi_periph_1_bd_e941_m09arn_0 [mbv_system_mbv_riscv_axi_periph_...]
Compiling architecture structure of entity xil_defaultlib.\mbv_system_mbv_riscv_axi_periph_1_sc_node_v1_0_19_mi_handler__parameterized0_56\ [\mbv_system_mbv_riscv_axi_periph...]
Compiling architecture structure of entity xil_defaultlib.\mbv_system_mbv_riscv_axi_periph_1_xpm_cdc_async_rst__124\ [\mbv_system_mbv_riscv_axi_periph...]
Compiling architecture structure of entity xil_defaultlib.\mbv_system_mbv_riscv_axi_periph_1_xpm_cdc_async_rst__125\ [\mbv_system_mbv_riscv_axi_periph...]
Compiling architecture structure of entity xil_defaultlib.\mbv_system_mbv_riscv_axi_periph_1_sc_node_v1_0_19_top__parameterized0__5\ [\mbv_system_mbv_riscv_axi_periph...]
Compiling architecture structure of entity xil_defaultlib.mbv_system_mbv_riscv_axi_periph_1_bd_e941_m09awn_0 [mbv_system_mbv_riscv_axi_periph_...]
Compiling architecture structure of entity xil_defaultlib.\mbv_system_mbv_riscv_axi_periph_1_sc_node_v1_0_19_mi_handler__parameterized1_55\ [\mbv_system_mbv_riscv_axi_periph...]
Compiling architecture structure of entity xil_defaultlib.\mbv_system_mbv_riscv_axi_periph_1_xpm_cdc_async_rst__98\ [\mbv_system_mbv_riscv_axi_periph...]
Compiling architecture structure of entity xil_defaultlib.\mbv_system_mbv_riscv_axi_periph_1_xpm_cdc_async_rst__99\ [\mbv_system_mbv_riscv_axi_periph...]
Compiling architecture structure of entity xil_defaultlib.\mbv_system_mbv_riscv_axi_periph_1_sc_node_v1_0_19_top__parameterized1__5\ [\mbv_system_mbv_riscv_axi_periph...]
Compiling architecture structure of entity xil_defaultlib.mbv_system_mbv_riscv_axi_periph_1_bd_e941_m09bn_0 [mbv_system_mbv_riscv_axi_periph_...]
Compiling architecture structure of entity xil_defaultlib.\mbv_system_mbv_riscv_axi_periph_1_sc_node_v1_0_19_mi_handler__parameterized2_54\ [\mbv_system_mbv_riscv_axi_periph...]
Compiling architecture structure of entity xil_defaultlib.\mbv_system_mbv_riscv_axi_periph_1_xpm_cdc_async_rst__72\ [\mbv_system_mbv_riscv_axi_periph...]
Compiling architecture structure of entity xil_defaultlib.\mbv_system_mbv_riscv_axi_periph_1_xpm_cdc_async_rst__73\ [\mbv_system_mbv_riscv_axi_periph...]
Compiling architecture structure of entity xil_defaultlib.\mbv_system_mbv_riscv_axi_periph_1_sc_node_v1_0_19_top__parameterized2__5\ [\mbv_system_mbv_riscv_axi_periph...]
Compiling architecture structure of entity xil_defaultlib.mbv_system_mbv_riscv_axi_periph_1_bd_e941_m09rn_0 [mbv_system_mbv_riscv_axi_periph_...]
Compiling architecture structure of entity xil_defaultlib.\mbv_system_mbv_riscv_axi_periph_1_sc_node_v1_0_19_mi_handler__parameterized3_53\ [\mbv_system_mbv_riscv_axi_periph...]
Compiling architecture structure of entity xil_defaultlib.\mbv_system_mbv_riscv_axi_periph_1_xpm_cdc_async_rst__46\ [\mbv_system_mbv_riscv_axi_periph...]
Compiling architecture structure of entity xil_defaultlib.\mbv_system_mbv_riscv_axi_periph_1_xpm_cdc_async_rst__47\ [\mbv_system_mbv_riscv_axi_periph...]
Compiling architecture structure of entity xil_defaultlib.\mbv_system_mbv_riscv_axi_periph_1_sc_node_v1_0_19_top__parameterized3__5\ [\mbv_system_mbv_riscv_axi_periph...]
Compiling architecture structure of entity xil_defaultlib.mbv_system_mbv_riscv_axi_periph_1_bd_e941_m09wn_0 [mbv_system_mbv_riscv_axi_periph_...]
Compiling architecture structure of entity xil_defaultlib.mbv_system_mbv_riscv_axi_periph_1_m09_nodes_imp_1QDC5YM [mbv_system_mbv_riscv_axi_periph_...]
Compiling architecture structure of entity xil_defaultlib.\mbv_system_mbv_riscv_axi_periph_1_sc_sc2axi_v1_0_11_top__3\ [\mbv_system_mbv_riscv_axi_periph...]
Compiling architecture structure of entity xil_defaultlib.mbv_system_mbv_riscv_axi_periph_1_bd_e941_m09s2a_0 [mbv_system_mbv_riscv_axi_periph_...]
Compiling architecture structure of entity xil_defaultlib.\mbv_system_mbv_riscv_axi_periph_1_sc_exit_v1_0_18_exit__parameterized3\ [\mbv_system_mbv_riscv_axi_periph...]
Compiling architecture structure of entity xil_defaultlib.\mbv_system_mbv_riscv_axi_periph_1_xpm_cdc_async_rst__36\ [\mbv_system_mbv_riscv_axi_periph...]
Compiling architecture structure of entity xil_defaultlib.\mbv_system_mbv_riscv_axi_periph_1_sc_exit_v1_0_18_top__parameterized3\ [\mbv_system_mbv_riscv_axi_periph...]
Compiling architecture structure of entity xil_defaultlib.mbv_system_mbv_riscv_axi_periph_1_bd_e941_m10e_0 [mbv_system_mbv_riscv_axi_periph_...]
Compiling architecture structure of entity xil_defaultlib.mbv_system_mbv_riscv_axi_periph_1_m10_exit_pipeline_imp_11507FA [mbv_system_mbv_riscv_axi_periph_...]
Compiling architecture structure of entity xil_defaultlib.mbv_system_mbv_riscv_axi_periph_1_sc_node_v1_0_19_mi_handler_52 [mbv_system_mbv_riscv_axi_periph_...]
Compiling architecture structure of entity xil_defaultlib.\mbv_system_mbv_riscv_axi_periph_1_xpm_cdc_async_rst__148\ [\mbv_system_mbv_riscv_axi_periph...]
Compiling architecture structure of entity xil_defaultlib.\mbv_system_mbv_riscv_axi_periph_1_xpm_cdc_async_rst__149\ [\mbv_system_mbv_riscv_axi_periph...]
Compiling architecture structure of entity xil_defaultlib.\mbv_system_mbv_riscv_axi_periph_1_sc_node_v1_0_19_top__4\ [\mbv_system_mbv_riscv_axi_periph...]
Compiling architecture structure of entity xil_defaultlib.mbv_system_mbv_riscv_axi_periph_1_bd_e941_m10arn_0 [mbv_system_mbv_riscv_axi_periph_...]
Compiling architecture structure of entity xil_defaultlib.\mbv_system_mbv_riscv_axi_periph_1_sc_node_v1_0_19_mi_handler__parameterized0_51\ [\mbv_system_mbv_riscv_axi_periph...]
Compiling architecture structure of entity xil_defaultlib.\mbv_system_mbv_riscv_axi_periph_1_xpm_cdc_async_rst__122\ [\mbv_system_mbv_riscv_axi_periph...]
Compiling architecture structure of entity xil_defaultlib.\mbv_system_mbv_riscv_axi_periph_1_xpm_cdc_async_rst__123\ [\mbv_system_mbv_riscv_axi_periph...]
Compiling architecture structure of entity xil_defaultlib.\mbv_system_mbv_riscv_axi_periph_1_sc_node_v1_0_19_top__parameterized0__4\ [\mbv_system_mbv_riscv_axi_periph...]
Compiling architecture structure of entity xil_defaultlib.mbv_system_mbv_riscv_axi_periph_1_bd_e941_m10awn_0 [mbv_system_mbv_riscv_axi_periph_...]
Compiling architecture structure of entity xil_defaultlib.\mbv_system_mbv_riscv_axi_periph_1_sc_node_v1_0_19_mi_handler__parameterized1_50\ [\mbv_system_mbv_riscv_axi_periph...]
Compiling architecture structure of entity xil_defaultlib.\mbv_system_mbv_riscv_axi_periph_1_xpm_cdc_async_rst__96\ [\mbv_system_mbv_riscv_axi_periph...]
Compiling architecture structure of entity xil_defaultlib.\mbv_system_mbv_riscv_axi_periph_1_xpm_cdc_async_rst__97\ [\mbv_system_mbv_riscv_axi_periph...]
Compiling architecture structure of entity xil_defaultlib.\mbv_system_mbv_riscv_axi_periph_1_sc_node_v1_0_19_top__parameterized1__4\ [\mbv_system_mbv_riscv_axi_periph...]
Compiling architecture structure of entity xil_defaultlib.mbv_system_mbv_riscv_axi_periph_1_bd_e941_m10bn_0 [mbv_system_mbv_riscv_axi_periph_...]
Compiling architecture structure of entity xil_defaultlib.\mbv_system_mbv_riscv_axi_periph_1_sc_node_v1_0_19_mi_handler__parameterized2_49\ [\mbv_system_mbv_riscv_axi_periph...]
Compiling architecture structure of entity xil_defaultlib.\mbv_system_mbv_riscv_axi_periph_1_xpm_cdc_async_rst__70\ [\mbv_system_mbv_riscv_axi_periph...]
Compiling architecture structure of entity xil_defaultlib.\mbv_system_mbv_riscv_axi_periph_1_xpm_cdc_async_rst__71\ [\mbv_system_mbv_riscv_axi_periph...]
Compiling architecture structure of entity xil_defaultlib.\mbv_system_mbv_riscv_axi_periph_1_sc_node_v1_0_19_top__parameterized2__4\ [\mbv_system_mbv_riscv_axi_periph...]
Compiling architecture structure of entity xil_defaultlib.mbv_system_mbv_riscv_axi_periph_1_bd_e941_m10rn_0 [mbv_system_mbv_riscv_axi_periph_...]
Compiling architecture structure of entity xil_defaultlib.\mbv_system_mbv_riscv_axi_periph_1_sc_node_v1_0_19_mi_handler__parameterized3_48\ [\mbv_system_mbv_riscv_axi_periph...]
Compiling architecture structure of entity xil_defaultlib.\mbv_system_mbv_riscv_axi_periph_1_xpm_cdc_async_rst__44\ [\mbv_system_mbv_riscv_axi_periph...]
Compiling architecture structure of entity xil_defaultlib.\mbv_system_mbv_riscv_axi_periph_1_xpm_cdc_async_rst__45\ [\mbv_system_mbv_riscv_axi_periph...]
Compiling architecture structure of entity xil_defaultlib.\mbv_system_mbv_riscv_axi_periph_1_sc_node_v1_0_19_top__parameterized3__4\ [\mbv_system_mbv_riscv_axi_periph...]
Compiling architecture structure of entity xil_defaultlib.mbv_system_mbv_riscv_axi_periph_1_bd_e941_m10wn_0 [mbv_system_mbv_riscv_axi_periph_...]
Compiling architecture structure of entity xil_defaultlib.mbv_system_mbv_riscv_axi_periph_1_m10_nodes_imp_1WN5406 [mbv_system_mbv_riscv_axi_periph_...]
Compiling architecture structure of entity xil_defaultlib.\mbv_system_mbv_riscv_axi_periph_1_sc_sc2axi_v1_0_11_top__parameterized3\ [\mbv_system_mbv_riscv_axi_periph...]
Compiling architecture structure of entity xil_defaultlib.mbv_system_mbv_riscv_axi_periph_1_bd_e941_m10s2a_0 [mbv_system_mbv_riscv_axi_periph_...]
Compiling architecture structure of entity xil_defaultlib.\mbv_system_mbv_riscv_axi_periph_1_sc_exit_v1_0_18_exit__parameterized2\ [\mbv_system_mbv_riscv_axi_periph...]
Compiling architecture structure of entity xil_defaultlib.\mbv_system_mbv_riscv_axi_periph_1_xpm_cdc_async_rst__176\ [\mbv_system_mbv_riscv_axi_periph...]
Compiling architecture structure of entity xil_defaultlib.\mbv_system_mbv_riscv_axi_periph_1_sc_exit_v1_0_18_top__parameterized2__1\ [\mbv_system_mbv_riscv_axi_periph...]
Compiling architecture structure of entity xil_defaultlib.mbv_system_mbv_riscv_axi_periph_1_bd_e941_m11e_0 [mbv_system_mbv_riscv_axi_periph_...]
Compiling architecture structure of entity xil_defaultlib.mbv_system_mbv_riscv_axi_periph_1_m11_exit_pipeline_imp_14RS386 [mbv_system_mbv_riscv_axi_periph_...]
Compiling architecture structure of entity xil_defaultlib.mbv_system_mbv_riscv_axi_periph_1_sc_node_v1_0_19_mi_handler_47 [mbv_system_mbv_riscv_axi_periph_...]
Compiling architecture structure of entity xil_defaultlib.\mbv_system_mbv_riscv_axi_periph_1_xpm_cdc_async_rst__146\ [\mbv_system_mbv_riscv_axi_periph...]
Compiling architecture structure of entity xil_defaultlib.\mbv_system_mbv_riscv_axi_periph_1_xpm_cdc_async_rst__147\ [\mbv_system_mbv_riscv_axi_periph...]
Compiling architecture structure of entity xil_defaultlib.\mbv_system_mbv_riscv_axi_periph_1_sc_node_v1_0_19_top__3\ [\mbv_system_mbv_riscv_axi_periph...]
Compiling architecture structure of entity xil_defaultlib.mbv_system_mbv_riscv_axi_periph_1_bd_e941_m11arn_0 [mbv_system_mbv_riscv_axi_periph_...]
Compiling architecture structure of entity xil_defaultlib.\mbv_system_mbv_riscv_axi_periph_1_sc_node_v1_0_19_mi_handler__parameterized0_46\ [\mbv_system_mbv_riscv_axi_periph...]
Compiling architecture structure of entity xil_defaultlib.\mbv_system_mbv_riscv_axi_periph_1_xpm_cdc_async_rst__120\ [\mbv_system_mbv_riscv_axi_periph...]
Compiling architecture structure of entity xil_defaultlib.\mbv_system_mbv_riscv_axi_periph_1_xpm_cdc_async_rst__121\ [\mbv_system_mbv_riscv_axi_periph...]
Compiling architecture structure of entity xil_defaultlib.\mbv_system_mbv_riscv_axi_periph_1_sc_node_v1_0_19_top__parameterized0__3\ [\mbv_system_mbv_riscv_axi_periph...]
Compiling architecture structure of entity xil_defaultlib.mbv_system_mbv_riscv_axi_periph_1_bd_e941_m11awn_0 [mbv_system_mbv_riscv_axi_periph_...]
Compiling architecture structure of entity xil_defaultlib.\mbv_system_mbv_riscv_axi_periph_1_sc_node_v1_0_19_mi_handler__parameterized1_45\ [\mbv_system_mbv_riscv_axi_periph...]
Compiling architecture structure of entity xil_defaultlib.\mbv_system_mbv_riscv_axi_periph_1_xpm_cdc_async_rst__94\ [\mbv_system_mbv_riscv_axi_periph...]
Compiling architecture structure of entity xil_defaultlib.\mbv_system_mbv_riscv_axi_periph_1_xpm_cdc_async_rst__95\ [\mbv_system_mbv_riscv_axi_periph...]
Compiling architecture structure of entity xil_defaultlib.\mbv_system_mbv_riscv_axi_periph_1_sc_node_v1_0_19_top__parameterized1__3\ [\mbv_system_mbv_riscv_axi_periph...]
Compiling architecture structure of entity xil_defaultlib.mbv_system_mbv_riscv_axi_periph_1_bd_e941_m11bn_0 [mbv_system_mbv_riscv_axi_periph_...]
Compiling architecture structure of entity xil_defaultlib.\mbv_system_mbv_riscv_axi_periph_1_sc_node_v1_0_19_mi_handler__parameterized2_44\ [\mbv_system_mbv_riscv_axi_periph...]
Compiling architecture structure of entity xil_defaultlib.\mbv_system_mbv_riscv_axi_periph_1_xpm_cdc_async_rst__68\ [\mbv_system_mbv_riscv_axi_periph...]
Compiling architecture structure of entity xil_defaultlib.\mbv_system_mbv_riscv_axi_periph_1_xpm_cdc_async_rst__69\ [\mbv_system_mbv_riscv_axi_periph...]
Compiling architecture structure of entity xil_defaultlib.\mbv_system_mbv_riscv_axi_periph_1_sc_node_v1_0_19_top__parameterized2__3\ [\mbv_system_mbv_riscv_axi_periph...]
Compiling architecture structure of entity xil_defaultlib.mbv_system_mbv_riscv_axi_periph_1_bd_e941_m11rn_0 [mbv_system_mbv_riscv_axi_periph_...]
Compiling architecture structure of entity xil_defaultlib.\mbv_system_mbv_riscv_axi_periph_1_sc_node_v1_0_19_mi_handler__parameterized3_43\ [\mbv_system_mbv_riscv_axi_periph...]
Compiling architecture structure of entity xil_defaultlib.\mbv_system_mbv_riscv_axi_periph_1_xpm_cdc_async_rst__42\ [\mbv_system_mbv_riscv_axi_periph...]
Compiling architecture structure of entity xil_defaultlib.\mbv_system_mbv_riscv_axi_periph_1_xpm_cdc_async_rst__43\ [\mbv_system_mbv_riscv_axi_periph...]
Compiling architecture structure of entity xil_defaultlib.\mbv_system_mbv_riscv_axi_periph_1_sc_node_v1_0_19_top__parameterized3__3\ [\mbv_system_mbv_riscv_axi_periph...]
Compiling architecture structure of entity xil_defaultlib.mbv_system_mbv_riscv_axi_periph_1_bd_e941_m11wn_0 [mbv_system_mbv_riscv_axi_periph_...]
Compiling architecture structure of entity xil_defaultlib.mbv_system_mbv_riscv_axi_periph_1_m11_nodes_imp_TIZOC0 [mbv_system_mbv_riscv_axi_periph_...]
Compiling architecture structure of entity xil_defaultlib.\mbv_system_mbv_riscv_axi_periph_1_sc_sc2axi_v1_0_11_top__parameterized2__1\ [\mbv_system_mbv_riscv_axi_periph...]
Compiling architecture structure of entity xil_defaultlib.mbv_system_mbv_riscv_axi_periph_1_bd_e941_m11s2a_0 [mbv_system_mbv_riscv_axi_periph_...]
Compiling architecture structure of entity xil_defaultlib.mbv_system_mbv_riscv_axi_periph_1_sc_exit_v1_0_18_exit_42 [mbv_system_mbv_riscv_axi_periph_...]
Compiling architecture structure of entity xil_defaultlib.\mbv_system_mbv_riscv_axi_periph_1_xpm_cdc_async_rst__169\ [\mbv_system_mbv_riscv_axi_periph...]
Compiling architecture structure of entity xil_defaultlib.\mbv_system_mbv_riscv_axi_periph_1_sc_exit_v1_0_18_top__2\ [\mbv_system_mbv_riscv_axi_periph...]
Compiling architecture structure of entity xil_defaultlib.mbv_system_mbv_riscv_axi_periph_1_bd_e941_m12e_0 [mbv_system_mbv_riscv_axi_periph_...]
Compiling architecture structure of entity xil_defaultlib.mbv_system_mbv_riscv_axi_periph_1_m12_exit_pipeline_imp_1BLFB4M [mbv_system_mbv_riscv_axi_periph_...]
Compiling architecture structure of entity xil_defaultlib.mbv_system_mbv_riscv_axi_periph_1_sc_node_v1_0_19_mi_handler_41 [mbv_system_mbv_riscv_axi_periph_...]
Compiling architecture structure of entity xil_defaultlib.\mbv_system_mbv_riscv_axi_periph_1_xpm_cdc_async_rst__144\ [\mbv_system_mbv_riscv_axi_periph...]
Compiling architecture structure of entity xil_defaultlib.\mbv_system_mbv_riscv_axi_periph_1_xpm_cdc_async_rst__145\ [\mbv_system_mbv_riscv_axi_periph...]
Compiling architecture structure of entity xil_defaultlib.\mbv_system_mbv_riscv_axi_periph_1_sc_node_v1_0_19_top__2\ [\mbv_system_mbv_riscv_axi_periph...]
Compiling architecture structure of entity xil_defaultlib.mbv_system_mbv_riscv_axi_periph_1_bd_e941_m12arn_0 [mbv_system_mbv_riscv_axi_periph_...]
Compiling architecture structure of entity xil_defaultlib.\mbv_system_mbv_riscv_axi_periph_1_sc_node_v1_0_19_mi_handler__parameterized0_40\ [\mbv_system_mbv_riscv_axi_periph...]
Compiling architecture structure of entity xil_defaultlib.\mbv_system_mbv_riscv_axi_periph_1_xpm_cdc_async_rst__118\ [\mbv_system_mbv_riscv_axi_periph...]
Compiling architecture structure of entity xil_defaultlib.\mbv_system_mbv_riscv_axi_periph_1_xpm_cdc_async_rst__119\ [\mbv_system_mbv_riscv_axi_periph...]
Compiling architecture structure of entity xil_defaultlib.\mbv_system_mbv_riscv_axi_periph_1_sc_node_v1_0_19_top__parameterized0__2\ [\mbv_system_mbv_riscv_axi_periph...]
Compiling architecture structure of entity xil_defaultlib.mbv_system_mbv_riscv_axi_periph_1_bd_e941_m12awn_0 [mbv_system_mbv_riscv_axi_periph_...]
Compiling architecture structure of entity xil_defaultlib.\mbv_system_mbv_riscv_axi_periph_1_sc_node_v1_0_19_mi_handler__parameterized1_39\ [\mbv_system_mbv_riscv_axi_periph...]
Compiling architecture structure of entity xil_defaultlib.\mbv_system_mbv_riscv_axi_periph_1_xpm_cdc_async_rst__92\ [\mbv_system_mbv_riscv_axi_periph...]
Compiling architecture structure of entity xil_defaultlib.\mbv_system_mbv_riscv_axi_periph_1_xpm_cdc_async_rst__93\ [\mbv_system_mbv_riscv_axi_periph...]
Compiling architecture structure of entity xil_defaultlib.\mbv_system_mbv_riscv_axi_periph_1_sc_node_v1_0_19_top__parameterized1__2\ [\mbv_system_mbv_riscv_axi_periph...]
Compiling architecture structure of entity xil_defaultlib.mbv_system_mbv_riscv_axi_periph_1_bd_e941_m12bn_0 [mbv_system_mbv_riscv_axi_periph_...]
Compiling architecture structure of entity xil_defaultlib.\mbv_system_mbv_riscv_axi_periph_1_sc_node_v1_0_19_mi_handler__parameterized2_38\ [\mbv_system_mbv_riscv_axi_periph...]
Compiling architecture structure of entity xil_defaultlib.\mbv_system_mbv_riscv_axi_periph_1_xpm_cdc_async_rst__66\ [\mbv_system_mbv_riscv_axi_periph...]
Compiling architecture structure of entity xil_defaultlib.\mbv_system_mbv_riscv_axi_periph_1_xpm_cdc_async_rst__67\ [\mbv_system_mbv_riscv_axi_periph...]
Compiling architecture structure of entity xil_defaultlib.\mbv_system_mbv_riscv_axi_periph_1_sc_node_v1_0_19_top__parameterized2__2\ [\mbv_system_mbv_riscv_axi_periph...]
Compiling architecture structure of entity xil_defaultlib.mbv_system_mbv_riscv_axi_periph_1_bd_e941_m12rn_0 [mbv_system_mbv_riscv_axi_periph_...]
Compiling architecture structure of entity xil_defaultlib.\mbv_system_mbv_riscv_axi_periph_1_sc_node_v1_0_19_mi_handler__parameterized3_37\ [\mbv_system_mbv_riscv_axi_periph...]
Compiling architecture structure of entity xil_defaultlib.\mbv_system_mbv_riscv_axi_periph_1_xpm_cdc_async_rst__40\ [\mbv_system_mbv_riscv_axi_periph...]
Compiling architecture structure of entity xil_defaultlib.\mbv_system_mbv_riscv_axi_periph_1_xpm_cdc_async_rst__41\ [\mbv_system_mbv_riscv_axi_periph...]
Compiling architecture structure of entity xil_defaultlib.\mbv_system_mbv_riscv_axi_periph_1_sc_node_v1_0_19_top__parameterized3__2\ [\mbv_system_mbv_riscv_axi_periph...]
Compiling architecture structure of entity xil_defaultlib.mbv_system_mbv_riscv_axi_periph_1_bd_e941_m12wn_0 [mbv_system_mbv_riscv_axi_periph_...]
Compiling architecture structure of entity xil_defaultlib.mbv_system_mbv_riscv_axi_periph_1_m12_nodes_imp_645PUZ [mbv_system_mbv_riscv_axi_periph_...]
Compiling architecture structure of entity xil_defaultlib.\mbv_system_mbv_riscv_axi_periph_1_sc_sc2axi_v1_0_11_top__2\ [\mbv_system_mbv_riscv_axi_periph...]
Compiling architecture structure of entity xil_defaultlib.mbv_system_mbv_riscv_axi_periph_1_bd_e941_m12s2a_0 [mbv_system_mbv_riscv_axi_periph_...]
Compiling architecture structure of entity xil_defaultlib.mbv_system_mbv_riscv_axi_periph_1_sc_exit_v1_0_18_exit [mbv_system_mbv_riscv_axi_periph_...]
Compiling architecture structure of entity xil_defaultlib.\mbv_system_mbv_riscv_axi_periph_1_xpm_cdc_async_rst__168\ [\mbv_system_mbv_riscv_axi_periph...]
Compiling architecture structure of entity xil_defaultlib.\mbv_system_mbv_riscv_axi_periph_1_sc_exit_v1_0_18_top__1\ [\mbv_system_mbv_riscv_axi_periph...]
Compiling architecture structure of entity xil_defaultlib.mbv_system_mbv_riscv_axi_periph_1_bd_e941_m13e_0 [mbv_system_mbv_riscv_axi_periph_...]
Compiling architecture structure of entity xil_defaultlib.mbv_system_mbv_riscv_axi_periph_1_m13_exit_pipeline_imp_1GC69XY [mbv_system_mbv_riscv_axi_periph_...]
Compiling architecture structure of entity xil_defaultlib.mbv_system_mbv_riscv_axi_periph_1_sc_node_v1_0_19_mi_handler [mbv_system_mbv_riscv_axi_periph_...]
Compiling architecture structure of entity xil_defaultlib.\mbv_system_mbv_riscv_axi_periph_1_xpm_cdc_async_rst__142\ [\mbv_system_mbv_riscv_axi_periph...]
Compiling architecture structure of entity xil_defaultlib.\mbv_system_mbv_riscv_axi_periph_1_xpm_cdc_async_rst__143\ [\mbv_system_mbv_riscv_axi_periph...]
Compiling architecture structure of entity xil_defaultlib.\mbv_system_mbv_riscv_axi_periph_1_sc_node_v1_0_19_top__1\ [\mbv_system_mbv_riscv_axi_periph...]
Compiling architecture structure of entity xil_defaultlib.mbv_system_mbv_riscv_axi_periph_1_bd_e941_m13arn_0 [mbv_system_mbv_riscv_axi_periph_...]
Compiling architecture structure of entity xil_defaultlib.\mbv_system_mbv_riscv_axi_periph_1_sc_node_v1_0_19_mi_handler__parameterized0\ [\mbv_system_mbv_riscv_axi_periph...]
Compiling architecture structure of entity xil_defaultlib.\mbv_system_mbv_riscv_axi_periph_1_xpm_cdc_async_rst__116\ [\mbv_system_mbv_riscv_axi_periph...]
Compiling architecture structure of entity xil_defaultlib.\mbv_system_mbv_riscv_axi_periph_1_xpm_cdc_async_rst__117\ [\mbv_system_mbv_riscv_axi_periph...]
Compiling architecture structure of entity xil_defaultlib.\mbv_system_mbv_riscv_axi_periph_1_sc_node_v1_0_19_top__parameterized0__1\ [\mbv_system_mbv_riscv_axi_periph...]
Compiling architecture structure of entity xil_defaultlib.mbv_system_mbv_riscv_axi_periph_1_bd_e941_m13awn_0 [mbv_system_mbv_riscv_axi_periph_...]
Compiling architecture structure of entity xil_defaultlib.\mbv_system_mbv_riscv_axi_periph_1_sc_node_v1_0_19_mi_handler__parameterized1\ [\mbv_system_mbv_riscv_axi_periph...]
Compiling architecture structure of entity xil_defaultlib.\mbv_system_mbv_riscv_axi_periph_1_xpm_cdc_async_rst__90\ [\mbv_system_mbv_riscv_axi_periph...]
Compiling architecture structure of entity xil_defaultlib.\mbv_system_mbv_riscv_axi_periph_1_xpm_cdc_async_rst__91\ [\mbv_system_mbv_riscv_axi_periph...]
Compiling architecture structure of entity xil_defaultlib.\mbv_system_mbv_riscv_axi_periph_1_sc_node_v1_0_19_top__parameterized1__1\ [\mbv_system_mbv_riscv_axi_periph...]
Compiling architecture structure of entity xil_defaultlib.mbv_system_mbv_riscv_axi_periph_1_bd_e941_m13bn_0 [mbv_system_mbv_riscv_axi_periph_...]
Compiling architecture structure of entity xil_defaultlib.\mbv_system_mbv_riscv_axi_periph_1_sc_node_v1_0_19_mi_handler__parameterized2\ [\mbv_system_mbv_riscv_axi_periph...]
Compiling architecture structure of entity xil_defaultlib.\mbv_system_mbv_riscv_axi_periph_1_xpm_cdc_async_rst__64\ [\mbv_system_mbv_riscv_axi_periph...]
Compiling architecture structure of entity xil_defaultlib.\mbv_system_mbv_riscv_axi_periph_1_xpm_cdc_async_rst__65\ [\mbv_system_mbv_riscv_axi_periph...]
Compiling architecture structure of entity xil_defaultlib.\mbv_system_mbv_riscv_axi_periph_1_sc_node_v1_0_19_top__parameterized2__1\ [\mbv_system_mbv_riscv_axi_periph...]
Compiling architecture structure of entity xil_defaultlib.mbv_system_mbv_riscv_axi_periph_1_bd_e941_m13rn_0 [mbv_system_mbv_riscv_axi_periph_...]
Compiling architecture structure of entity xil_defaultlib.\mbv_system_mbv_riscv_axi_periph_1_sc_node_v1_0_19_mi_handler__parameterized3\ [\mbv_system_mbv_riscv_axi_periph...]
Compiling architecture structure of entity xil_defaultlib.\mbv_system_mbv_riscv_axi_periph_1_xpm_cdc_async_rst__38\ [\mbv_system_mbv_riscv_axi_periph...]
Compiling architecture structure of entity xil_defaultlib.\mbv_system_mbv_riscv_axi_periph_1_xpm_cdc_async_rst__39\ [\mbv_system_mbv_riscv_axi_periph...]
Compiling architecture structure of entity xil_defaultlib.\mbv_system_mbv_riscv_axi_periph_1_sc_node_v1_0_19_top__parameterized3__1\ [\mbv_system_mbv_riscv_axi_periph...]
Compiling architecture structure of entity xil_defaultlib.mbv_system_mbv_riscv_axi_periph_1_bd_e941_m13wn_0 [mbv_system_mbv_riscv_axi_periph_...]
Compiling architecture structure of entity xil_defaultlib.mbv_system_mbv_riscv_axi_periph_1_m13_nodes_imp_12KNDCT [mbv_system_mbv_riscv_axi_periph_...]
Compiling architecture structure of entity xil_defaultlib.\mbv_system_mbv_riscv_axi_periph_1_sc_sc2axi_v1_0_11_top__1\ [\mbv_system_mbv_riscv_axi_periph...]
Compiling architecture structure of entity xil_defaultlib.mbv_system_mbv_riscv_axi_periph_1_bd_e941_m13s2a_0 [mbv_system_mbv_riscv_axi_periph_...]
Compiling architecture structure of entity xil_defaultlib.mbv_system_mbv_riscv_axi_periph_1_sc_axi2sc_v1_0_11_top [mbv_system_mbv_riscv_axi_periph_...]
Compiling architecture structure of entity xil_defaultlib.mbv_system_mbv_riscv_axi_periph_1_bd_e941_s00a2s_0 [mbv_system_mbv_riscv_axi_periph_...]
Compiling architecture lut5_v of entity unisim.LUT5 [\LUT5(init="01010101110111111010...]
Compiling architecture lut5_v of entity unisim.LUT5 [\LUT5(init="11111111110111111111...]
Compiling architecture lut5_v of entity unisim.LUT5 [\LUT5(init="00000000000000000000...]
Compiling architecture lut6_v of entity unisim.LUT6 [\LUT6(init="11111111111111111111...]
Compiling architecture lut4_v of entity unisim.LUT4 [\LUT4(init="0111111111111111")(0...]
Compiling architecture lut3_v of entity unisim.LUT3 [\LUT3(init="10101100")(0,7)\]
Compiling architecture lut4_v of entity unisim.LUT4 [\LUT4(init="1111101110001011")(0...]
Compiling architecture lut5_v of entity unisim.LUT5 [\LUT5(init="10101010101010100000...]
Compiling architecture lut5_v of entity unisim.LUT5 [\LUT5(init="10101010101010100000...]
Compiling architecture lut6_v of entity unisim.LUT6 [\LUT6(init="00000000000000000000...]
Compiling architecture lut4_v of entity unisim.LUT4 [\LUT4(init="1010101000001100")(0...]
Compiling architecture lut6_v of entity unisim.LUT6 [\LUT6(init="11111111111111111111...]
Compiling architecture lut6_v of entity unisim.LUT6 [\LUT6(init="11111111111111111111...]
Compiling architecture lut5_v of entity unisim.LUT5 [\LUT5(init="10101010101010101100...]
Compiling architecture lut5_v of entity unisim.LUT5 [\LUT5(init="10101010101010100000...]
Compiling architecture lut5_v of entity unisim.LUT5 [\LUT5(init="10101010101010100011...]
Compiling architecture lut4_v of entity unisim.LUT4 [\LUT4(init="1010101000000011")(0...]
Compiling architecture lut6_v of entity unisim.LUT6 [\LUT6(init="10101010101010101010...]
Compiling architecture lut6_v of entity unisim.LUT6 [\LUT6(init="11111111111111111111...]
Compiling architecture lut6_v of entity unisim.LUT6 [\LUT6(init="11111111111110101111...]
Compiling architecture lut5_v of entity unisim.LUT5 [\LUT5(init="11101000111010101010...]
Compiling architecture lut5_v of entity unisim.LUT5 [\LUT5(init="10101010101010100000...]
Compiling architecture lut4_v of entity unisim.LUT4 [\LUT4(init="0000000000100000")(0...]
Compiling architecture lut5_v of entity unisim.LUT5 [\LUT5(init="00000000000011000000...]
Compiling architecture lut5_v of entity unisim.LUT5 [\LUT5(init="00000000000000000000...]
Compiling architecture lut5_v of entity unisim.LUT5 [\LUT5(init="00000000000000000000...]
Compiling architecture lut6_v of entity unisim.LUT6 [\LUT6(init="11111111111111111111...]
Compiling architecture lut5_v of entity unisim.LUT5 [\LUT5(init="10101010101010101010...]
Compiling architecture lut6_v of entity unisim.LUT6 [\LUT6(init="10111010100010101111...]
Compiling architecture lut5_v of entity unisim.LUT5 [\LUT5(init="01010101110000000001...]
Compiling architecture lut6_v of entity unisim.LUT6 [\LUT6(init="11111111111111111111...]
Compiling architecture lut3_v of entity unisim.LUT3 [\LUT3(init="01011101")(0,7)\]
Compiling architecture lut6_v of entity unisim.LUT6 [\LUT6(init="11101111111011111110...]
Compiling architecture lut5_v of entity unisim.LUT5 [\LUT5(init="10111000111111111010...]
Compiling architecture lut5_v of entity unisim.LUT5 [\LUT5(init="11111010111111111000...]
Compiling architecture lut5_v of entity unisim.LUT5 [\LUT5(init="00000001111111110101...]
Compiling architecture lut5_v of entity unisim.LUT5 [\LUT5(init="01000011010000110100...]
Compiling architecture structure of entity xil_defaultlib.\mbv_system_mbv_riscv_axi_periph_1_sc_util_v1_0_4_axi_reg_stall__parameterized0\ [\mbv_system_mbv_riscv_axi_periph...]
Compiling architecture lut5_v of entity unisim.LUT5 [\LUT5(init="11101111111111110001...]
Compiling architecture lut6_v of entity unisim.LUT6 [\LUT6(init="11101110111011101110...]
Compiling architecture lut6_v of entity unisim.LUT6 [\LUT6(init="11111111000011110001...]
Compiling architecture lut5_v of entity unisim.LUT5 [\LUT5(init="10101000101010101010...]
Compiling architecture lut5_v of entity unisim.LUT5 [\LUT5(init="11111000100010001000...]
Compiling architecture lut6_v of entity unisim.LUT6 [\LUT6(init="01000100010001000100...]
Compiling architecture lut6_v of entity unisim.LUT6 [\LUT6(init="00010001000100010001...]
Compiling architecture lut4_v of entity unisim.LUT4 [\LUT4(init="0100000000000000")(0...]
Compiling architecture lut4_v of entity unisim.LUT4 [\LUT4(init="1100010000010101")(0...]
Compiling architecture lut4_v of entity unisim.LUT4 [\LUT4(init="0010010100001000")(0...]
Compiling architecture lut4_v of entity unisim.LUT4 [\LUT4(init="0001100000000010")(0...]
Compiling architecture lut4_v of entity unisim.LUT4 [\LUT4(init="0100001001000000")(0...]
Compiling architecture lut4_v of entity unisim.LUT4 [\LUT4(init="0000000100000000")(0...]
Compiling architecture lut4_v of entity unisim.LUT4 [\LUT4(init="0000001000000000")(0...]
Compiling architecture lut6_v of entity unisim.LUT6 [\LUT6(init="10101010101010101010...]
Compiling architecture lut6_v of entity unisim.LUT6 [\LUT6(init="10101010101010101010...]
Compiling architecture lut6_v of entity unisim.LUT6 [\LUT6(init="10101010101010101010...]
Compiling architecture lut6_v of entity unisim.LUT6 [\LUT6(init="10101010101010101010...]
Compiling architecture lut6_v of entity unisim.LUT6 [\LUT6(init="10101010101010101010...]
Compiling architecture lut6_v of entity unisim.LUT6 [\LUT6(init="00000000000000000000...]
Compiling architecture lut6_v of entity unisim.LUT6 [\LUT6(init="01000100111111110100...]
Compiling architecture lut5_v of entity unisim.LUT5 [\LUT5(init="11111111111111110100...]
Compiling architecture lut6_v of entity unisim.LUT6 [\LUT6(init="11111111111111111111...]
Compiling architecture lut6_v of entity unisim.LUT6 [\LUT6(init="11111111111111111110...]
Compiling architecture lut3_v of entity unisim.LUT3 [\LUT3(init="11010101")(0,7)\]
Compiling architecture lut6_v of entity unisim.LUT6 [\LUT6(init="10101010101010101010...]
Compiling architecture lut6_v of entity unisim.LUT6 [\LUT6(init="10101010101010101010...]
Compiling architecture lut6_v of entity unisim.LUT6 [\LUT6(init="10101010101010101010...]
Compiling architecture lut6_v of entity unisim.LUT6 [\LUT6(init="10101010101010101010...]
Compiling architecture lut6_v of entity unisim.LUT6 [\LUT6(init="10101010101010101010...]
Compiling architecture lut6_v of entity unisim.LUT6 [\LUT6(init="10101010101010101010...]
Compiling architecture lut6_v of entity unisim.LUT6 [\LUT6(init="10101010101010101010...]
Compiling architecture lut6_v of entity unisim.LUT6 [\LUT6(init="10101010101010101010...]
Compiling architecture lut6_v of entity unisim.LUT6 [\LUT6(init="00000000110111010000...]
Compiling architecture lut6_v of entity unisim.LUT6 [\LUT6(init="00000101000001010101...]
Compiling architecture lut6_v of entity unisim.LUT6 [\LUT6(init="00000000101000100000...]
Compiling architecture structure of entity xil_defaultlib.\mbv_system_mbv_riscv_axi_periph_1_sc_util_v1_0_4_axi_reg_stall__parameterized0_36\ [\mbv_system_mbv_riscv_axi_periph...]
Compiling architecture lut6_v of entity unisim.LUT6 [\LUT6(init="00000000000000000000...]
Compiling architecture lut4_v of entity unisim.LUT4 [\LUT4(init="0101000110101110")(0...]
Compiling architecture lut6_v of entity unisim.LUT6 [\LUT6(init="11000000000000000100...]
Compiling architecture lut6_v of entity unisim.LUT6 [\LUT6(init="01010000010100000101...]
Compiling architecture lut6_v of entity unisim.LUT6 [\LUT6(init="01010101010101010101...]
Compiling architecture lut6_v of entity unisim.LUT6 [\LUT6(init="11011111111111111111...]
Compiling architecture lut6_v of entity unisim.LUT6 [\LUT6(init="01011100010100000101...]
Compiling architecture lut6_v of entity unisim.LUT6 [\LUT6(init="00001101000011010000...]
Compiling architecture lut5_v of entity unisim.LUT5 [\LUT5(init="00000111011101111111...]
Compiling architecture lut4_v of entity unisim.LUT4 [\LUT4(init="1011111110000000")(0...]
Compiling architecture lut5_v of entity unisim.LUT5 [\LUT5(init="10000000100000001011...]
Compiling architecture lut5_v of entity unisim.LUT5 [\LUT5(init="10111111100000001000...]
Compiling architecture lut5_v of entity unisim.LUT5 [\LUT5(init="01010000010100000101...]
Compiling architecture structure of entity xil_defaultlib.mbv_system_mbv_riscv_axi_periph_1_sc_mmu_v1_0_16_decerr_slave [mbv_system_mbv_riscv_axi_periph_...]
Compiling architecture lut5_v of entity unisim.LUT5 [\LUT5(init="00000000000000001111...]
Compiling architecture lut4_v of entity unisim.LUT4 [\LUT4(init="0000000000010000")(0...]
Compiling architecture lut6_v of entity unisim.LUT6 [\LUT6(init="00000000000100010000...]
Compiling architecture lut5_v of entity unisim.LUT5 [\LUT5(init="00000000111011111111...]
Compiling architecture lut6_v of entity unisim.LUT6 [\LUT6(init="00000000111011111111...]
Compiling architecture lut5_v of entity unisim.LUT5 [\LUT5(init="00000111111111110000...]
Compiling architecture lut4_v of entity unisim.LUT4 [\LUT4(init="1111111111101111")(0...]
Compiling architecture lut4_v of entity unisim.LUT4 [\LUT4(init="0000000001010100")(0...]
Compiling architecture lut5_v of entity unisim.LUT5 [\LUT5(init="11111111111110111111...]
Compiling architecture lut5_v of entity unisim.LUT5 [\LUT5(init="00000000000000001111...]
Compiling architecture lut5_v of entity unisim.LUT5 [\LUT5(init="00000000000000001111...]
Compiling architecture lut5_v of entity unisim.LUT5 [\LUT5(init="10111010101110101011...]
Compiling architecture lut6_v of entity unisim.LUT6 [\LUT6(init="00000000000000000000...]
Compiling architecture lut3_v of entity unisim.LUT3 [\LUT3(init="00010101")(0,7)\]
Compiling architecture lut6_v of entity unisim.LUT6 [\LUT6(init="00000000000000000000...]
Compiling architecture structure of entity xil_defaultlib.mbv_system_mbv_riscv_axi_periph_1_sc_util_v1_0_4_axi_splitter [mbv_system_mbv_riscv_axi_periph_...]
Compiling architecture lut4_v of entity unisim.LUT4 [\LUT4(init="0000100010001000")(0...]
Compiling architecture lut3_v of entity unisim.LUT3 [\LUT3(init="11101010")(0,7)\]
Compiling architecture structure of entity xil_defaultlib.\mbv_system_mbv_riscv_axi_periph_1_xpm_cdc_async_rst__1\ [\mbv_system_mbv_riscv_axi_periph...]
Compiling architecture structure of entity xil_defaultlib.mbv_system_mbv_riscv_axi_periph_1_sc_mmu_v1_0_16_top [mbv_system_mbv_riscv_axi_periph_...]
Compiling architecture structure of entity xil_defaultlib.mbv_system_mbv_riscv_axi_periph_1_bd_e941_s00mmu_0 [mbv_system_mbv_riscv_axi_periph_...]
Compiling architecture lut6_v of entity unisim.LUT6 [\LUT6(init="10100010101010101010...]
Compiling architecture lut6_v of entity unisim.LUT6 [\LUT6(init="00001100110011001100...]
Compiling architecture structure of entity xil_defaultlib.mbv_system_mbv_riscv_axi_periph_1_sc_si_converter_v1_0_16_splitter [mbv_system_mbv_riscv_axi_periph_...]
Compiling architecture structure of entity xil_defaultlib.\mbv_system_mbv_riscv_axi_periph_1_xpm_cdc_async_rst__3\ [\mbv_system_mbv_riscv_axi_periph...]
Compiling architecture structure of entity xil_defaultlib.mbv_system_mbv_riscv_axi_periph_1_sc_si_converter_v1_0_16_top [mbv_system_mbv_riscv_axi_periph_...]
Compiling architecture structure of entity xil_defaultlib.mbv_system_mbv_riscv_axi_periph_1_bd_e941_s00sic_0 [mbv_system_mbv_riscv_axi_periph_...]
Compiling architecture structure of entity xil_defaultlib.mbv_system_mbv_riscv_axi_periph_1_sc_transaction_regulator_v1_0_12_singleorder [mbv_system_mbv_riscv_axi_periph_...]
Compiling architecture structure of entity xil_defaultlib.mbv_system_mbv_riscv_axi_periph_1_sc_transaction_regulator_v1_0_12_singleorder_35 [mbv_system_mbv_riscv_axi_periph_...]
Compiling architecture structure of entity xil_defaultlib.\mbv_system_mbv_riscv_axi_periph_1_xpm_cdc_async_rst__2\ [\mbv_system_mbv_riscv_axi_periph...]
Compiling architecture structure of entity xil_defaultlib.mbv_system_mbv_riscv_axi_periph_1_sc_transaction_regulator_v1_0_12_top [mbv_system_mbv_riscv_axi_periph_...]
Compiling architecture structure of entity xil_defaultlib.mbv_system_mbv_riscv_axi_periph_1_bd_e941_s00tr_0 [mbv_system_mbv_riscv_axi_periph_...]
Compiling architecture structure of entity xil_defaultlib.mbv_system_mbv_riscv_axi_periph_1_s00_entry_pipeline_imp_17PDLQ9 [mbv_system_mbv_riscv_axi_periph_...]
Compiling architecture structure of entity xil_defaultlib.\mbv_system_mbv_riscv_axi_periph_1_sc_node_v1_0_19_mi_handler__parameterized4\ [\mbv_system_mbv_riscv_axi_periph...]
Compiling architecture structure of entity xil_defaultlib.\mbv_system_mbv_riscv_axi_periph_1_xpm_cdc_async_rst__23\ [\mbv_system_mbv_riscv_axi_periph...]
Compiling architecture structure of entity xil_defaultlib.\mbv_system_mbv_riscv_axi_periph_1_xpm_cdc_async_rst__22\ [\mbv_system_mbv_riscv_axi_periph...]
Compiling architecture structure of entity xil_defaultlib.\mbv_system_mbv_riscv_axi_periph_1_sc_node_v1_0_19_top__parameterized4\ [\mbv_system_mbv_riscv_axi_periph...]
Compiling architecture structure of entity xil_defaultlib.mbv_system_mbv_riscv_axi_periph_1_bd_e941_sarn_0 [mbv_system_mbv_riscv_axi_periph_...]
Compiling architecture structure of entity xil_defaultlib.\mbv_system_mbv_riscv_axi_periph_1_sc_node_v1_0_19_mi_handler__parameterized5\ [\mbv_system_mbv_riscv_axi_periph...]
Compiling architecture structure of entity xil_defaultlib.\mbv_system_mbv_riscv_axi_periph_1_xpm_cdc_async_rst__21\ [\mbv_system_mbv_riscv_axi_periph...]
Compiling architecture structure of entity xil_defaultlib.\mbv_system_mbv_riscv_axi_periph_1_xpm_cdc_async_rst__20\ [\mbv_system_mbv_riscv_axi_periph...]
Compiling architecture structure of entity xil_defaultlib.\mbv_system_mbv_riscv_axi_periph_1_sc_node_v1_0_19_top__parameterized5\ [\mbv_system_mbv_riscv_axi_periph...]
Compiling architecture structure of entity xil_defaultlib.mbv_system_mbv_riscv_axi_periph_1_bd_e941_sawn_0 [mbv_system_mbv_riscv_axi_periph_...]
Compiling architecture structure of entity xil_defaultlib.\mbv_system_mbv_riscv_axi_periph_1_sc_node_v1_0_19_mi_handler__parameterized6\ [\mbv_system_mbv_riscv_axi_periph...]
Compiling architecture structure of entity xil_defaultlib.\mbv_system_mbv_riscv_axi_periph_1_xpm_cdc_async_rst__19\ [\mbv_system_mbv_riscv_axi_periph...]
Compiling architecture structure of entity xil_defaultlib.\mbv_system_mbv_riscv_axi_periph_1_xpm_cdc_async_rst__18\ [\mbv_system_mbv_riscv_axi_periph...]
Compiling architecture structure of entity xil_defaultlib.\mbv_system_mbv_riscv_axi_periph_1_sc_node_v1_0_19_top__parameterized6\ [\mbv_system_mbv_riscv_axi_periph...]
Compiling architecture structure of entity xil_defaultlib.mbv_system_mbv_riscv_axi_periph_1_bd_e941_sbn_0 [mbv_system_mbv_riscv_axi_periph_...]
Compiling architecture structure of entity xil_defaultlib.\mbv_system_mbv_riscv_axi_periph_1_sc_node_v1_0_19_mi_handler__parameterized7\ [\mbv_system_mbv_riscv_axi_periph...]
Compiling architecture structure of entity xil_defaultlib.\mbv_system_mbv_riscv_axi_periph_1_xpm_cdc_async_rst__17\ [\mbv_system_mbv_riscv_axi_periph...]
Compiling architecture structure of entity xil_defaultlib.\mbv_system_mbv_riscv_axi_periph_1_xpm_cdc_async_rst__16\ [\mbv_system_mbv_riscv_axi_periph...]
Compiling architecture structure of entity xil_defaultlib.\mbv_system_mbv_riscv_axi_periph_1_sc_node_v1_0_19_top__parameterized7\ [\mbv_system_mbv_riscv_axi_periph...]
Compiling architecture structure of entity xil_defaultlib.mbv_system_mbv_riscv_axi_periph_1_bd_e941_srn_0 [mbv_system_mbv_riscv_axi_periph_...]
Compiling architecture structure of entity xil_defaultlib.\mbv_system_mbv_riscv_axi_periph_1_sc_node_v1_0_19_mi_handler__parameterized8\ [\mbv_system_mbv_riscv_axi_periph...]
Compiling architecture structure of entity xil_defaultlib.\mbv_system_mbv_riscv_axi_periph_1_xpm_cdc_async_rst__15\ [\mbv_system_mbv_riscv_axi_periph...]
Compiling architecture structure of entity xil_defaultlib.\mbv_system_mbv_riscv_axi_periph_1_xpm_cdc_async_rst__14\ [\mbv_system_mbv_riscv_axi_periph...]
Compiling architecture structure of entity xil_defaultlib.\mbv_system_mbv_riscv_axi_periph_1_sc_node_v1_0_19_top__parameterized8\ [\mbv_system_mbv_riscv_axi_periph...]
Compiling architecture structure of entity xil_defaultlib.mbv_system_mbv_riscv_axi_periph_1_bd_e941_swn_0 [mbv_system_mbv_riscv_axi_periph_...]
Compiling architecture structure of entity xil_defaultlib.mbv_system_mbv_riscv_axi_periph_1_s00_nodes_imp_11SR9LN [mbv_system_mbv_riscv_axi_periph_...]
Compiling architecture structure of entity xil_defaultlib.mbv_system_mbv_riscv_axi_periph_1_sc_switchboard_v1_0_9_top [mbv_system_mbv_riscv_axi_periph_...]
Compiling architecture structure of entity xil_defaultlib.mbv_system_mbv_riscv_axi_periph_1_bd_e941_arinsw_0 [mbv_system_mbv_riscv_axi_periph_...]
Compiling architecture structure of entity xil_defaultlib.\mbv_system_mbv_riscv_axi_periph_1_sc_switchboard_v1_0_9_top__parameterized0\ [\mbv_system_mbv_riscv_axi_periph...]
Compiling architecture structure of entity xil_defaultlib.mbv_system_mbv_riscv_axi_periph_1_bd_e941_aroutsw_0 [mbv_system_mbv_riscv_axi_periph_...]
Compiling architecture structure of entity xil_defaultlib.\mbv_system_mbv_riscv_axi_periph_1_sc_switchboard_v1_0_9_top__1\ [\mbv_system_mbv_riscv_axi_periph...]
Compiling architecture structure of entity xil_defaultlib.mbv_system_mbv_riscv_axi_periph_1_bd_e941_awinsw_0 [mbv_system_mbv_riscv_axi_periph_...]
Compiling architecture structure of entity xil_defaultlib.\mbv_system_mbv_riscv_axi_periph_1_sc_switchboard_v1_0_9_top__parameterized0__1\ [\mbv_system_mbv_riscv_axi_periph...]
Compiling architecture structure of entity xil_defaultlib.mbv_system_mbv_riscv_axi_periph_1_bd_e941_awoutsw_0 [mbv_system_mbv_riscv_axi_periph_...]
Compiling architecture structure of entity xil_defaultlib.\mbv_system_mbv_riscv_axi_periph_1_sc_switchboard_v1_0_9_top__parameterized1\ [\mbv_system_mbv_riscv_axi_periph...]
Compiling architecture structure of entity xil_defaultlib.mbv_system_mbv_riscv_axi_periph_1_bd_e941_binsw_0 [mbv_system_mbv_riscv_axi_periph_...]
Compiling architecture lut6_v of entity unisim.LUT6 [\LUT6(init="00000000000000000000...]
Compiling architecture lut6_v of entity unisim.LUT6 [\LUT6(init="10101010101010101010...]
Compiling architecture structure of entity xil_defaultlib.\mbv_system_mbv_riscv_axi_periph_1_sc_switchboard_v1_0_9_top__parameterized2\ [\mbv_system_mbv_riscv_axi_periph...]
Compiling architecture structure of entity xil_defaultlib.mbv_system_mbv_riscv_axi_periph_1_bd_e941_boutsw_0 [mbv_system_mbv_riscv_axi_periph_...]
Compiling architecture lut6_v of entity unisim.LUT6 [\LUT6(init="11111111111111111111...]
Compiling architecture lut6_v of entity unisim.LUT6 [\LUT6(init="00000000000000000000...]
Compiling architecture lut5_v of entity unisim.LUT5 [\LUT5(init="00000000000000001111...]
Compiling architecture lut4_v of entity unisim.LUT4 [\LUT4(init="1000100000001000")(0...]
Compiling architecture lut6_v of entity unisim.LUT6 [\LUT6(init="11111111111111111111...]
Compiling architecture structure of entity xil_defaultlib.\mbv_system_mbv_riscv_axi_periph_1_sc_util_v1_0_4_counter__parameterized0_34\ [\mbv_system_mbv_riscv_axi_periph...]
Compiling architecture structure of entity xil_defaultlib.mbv_system_mbv_riscv_axi_periph_1_sc_node_v1_0_19_reg_fifo_33 [mbv_system_mbv_riscv_axi_periph_...]
Compiling architecture structure of entity xil_defaultlib.mbv_system_mbv_riscv_axi_periph_1_sc_node_v1_0_19_fifo_32 [mbv_system_mbv_riscv_axi_periph_...]
Compiling architecture structure of entity xil_defaultlib.\mbv_system_mbv_riscv_axi_periph_1_sc_node_v1_0_19_mi_handler__parameterized9\ [\mbv_system_mbv_riscv_axi_periph...]
Compiling architecture structure of entity xil_defaultlib.\mbv_system_mbv_riscv_axi_periph_1_xpm_cdc_async_rst__13\ [\mbv_system_mbv_riscv_axi_periph...]
Compiling architecture structure of entity xil_defaultlib.\mbv_system_mbv_riscv_axi_periph_1_xpm_cdc_async_rst__12\ [\mbv_system_mbv_riscv_axi_periph...]
Compiling architecture structure of entity xil_defaultlib.\mbv_system_mbv_riscv_axi_periph_1_sc_node_v1_0_19_top__parameterized9\ [\mbv_system_mbv_riscv_axi_periph...]
Compiling architecture structure of entity xil_defaultlib.mbv_system_mbv_riscv_axi_periph_1_bd_e941_arni_0 [mbv_system_mbv_riscv_axi_periph_...]
Compiling architecture structure of entity xil_defaultlib.\mbv_system_mbv_riscv_axi_periph_1_sc_util_v1_0_4_counter__parameterized0_31\ [\mbv_system_mbv_riscv_axi_periph...]
Compiling architecture structure of entity xil_defaultlib.mbv_system_mbv_riscv_axi_periph_1_sc_node_v1_0_19_reg_fifo [mbv_system_mbv_riscv_axi_periph_...]
Compiling architecture structure of entity xil_defaultlib.mbv_system_mbv_riscv_axi_periph_1_sc_node_v1_0_19_fifo [mbv_system_mbv_riscv_axi_periph_...]
Compiling architecture structure of entity xil_defaultlib.\mbv_system_mbv_riscv_axi_periph_1_sc_node_v1_0_19_mi_handler__parameterized10\ [\mbv_system_mbv_riscv_axi_periph...]
Compiling architecture structure of entity xil_defaultlib.\mbv_system_mbv_riscv_axi_periph_1_xpm_cdc_async_rst__11\ [\mbv_system_mbv_riscv_axi_periph...]
Compiling architecture structure of entity xil_defaultlib.\mbv_system_mbv_riscv_axi_periph_1_xpm_cdc_async_rst__10\ [\mbv_system_mbv_riscv_axi_periph...]
Compiling architecture structure of entity xil_defaultlib.\mbv_system_mbv_riscv_axi_periph_1_sc_node_v1_0_19_top__parameterized10\ [\mbv_system_mbv_riscv_axi_periph...]
Compiling architecture structure of entity xil_defaultlib.mbv_system_mbv_riscv_axi_periph_1_bd_e941_awni_0 [mbv_system_mbv_riscv_axi_periph_...]
Compiling architecture structure of entity xil_defaultlib.mbv_system_mbv_riscv_axi_periph_1_sc_node_v1_0_19_fi_regulator_29 [mbv_system_mbv_riscv_axi_periph_...]
Compiling architecture lut5_v of entity unisim.LUT5 [\LUT5(init="00000000000000000110...]
Compiling architecture lut5_v of entity unisim.LUT5 [\LUT5(init="11001111110011001110...]
Compiling architecture lut6_v of entity unisim.LUT6 [\LUT6(init="11101110111011101111...]
Compiling architecture lut6_v of entity unisim.LUT6 [\LUT6(init="11111111111111111111...]
Compiling architecture structure of entity xil_defaultlib.\mbv_system_mbv_riscv_axi_periph_1_sc_util_v1_0_4_counter__parameterized0_30\ [\mbv_system_mbv_riscv_axi_periph...]
Compiling architecture structure of entity xil_defaultlib.\mbv_system_mbv_riscv_axi_periph_1_sc_node_v1_0_19_reg_fifo__parameterized0\ [\mbv_system_mbv_riscv_axi_periph...]
Compiling architecture structure of entity xil_defaultlib.\mbv_system_mbv_riscv_axi_periph_1_sc_node_v1_0_19_fifo__parameterized0\ [\mbv_system_mbv_riscv_axi_periph...]
Compiling architecture structure of entity xil_defaultlib.\mbv_system_mbv_riscv_axi_periph_1_sc_node_v1_0_19_mi_handler__parameterized11\ [\mbv_system_mbv_riscv_axi_periph...]
Compiling architecture lut6_v of entity unisim.LUT6 [\LUT6(init="11111111111111111111...]
Compiling architecture lut4_v of entity unisim.LUT4 [\LUT4(init="0000000010101110")(0...]
Compiling architecture lut6_v of entity unisim.LUT6 [\LUT6(init="00000000000000000000...]
Compiling architecture lut5_v of entity unisim.LUT5 [\LUT5(init="11111111111110001111...]
Compiling architecture lut3_v of entity unisim.LUT3 [\LUT3(init="11111000")(0,7)\]
Compiling architecture lut6_v of entity unisim.LUT6 [\LUT6(init="11111111111111111111...]
Compiling architecture lut6_v of entity unisim.LUT6 [\LUT6(init="11111110111111101111...]
Compiling architecture lut4_v of entity unisim.LUT4 [\LUT4(init="0000000011101010")(0...]
Compiling architecture lut5_v of entity unisim.LUT5 [\LUT5(init="00000000000000000101...]
Compiling architecture lut6_v of entity unisim.LUT6 [\LUT6(init="11111111111111111111...]
Compiling architecture lut6_v of entity unisim.LUT6 [\LUT6(init="11111111111111111111...]
Compiling architecture lut6_v of entity unisim.LUT6 [\LUT6(init="00000000000000000000...]
Compiling architecture lut5_v of entity unisim.LUT5 [\LUT5(init="01000100010000000100...]
Compiling architecture lut6_v of entity unisim.LUT6 [\LUT6(init="00000000000000000000...]
Compiling architecture lut6_v of entity unisim.LUT6 [\LUT6(init="00000000110011000000...]
Compiling architecture lut6_v of entity unisim.LUT6 [\LUT6(init="00000000000000000000...]
Compiling architecture lut6_v of entity unisim.LUT6 [\LUT6(init="00000000000000000000...]
Compiling architecture lut6_v of entity unisim.LUT6 [\LUT6(init="11111111111111111111...]
Compiling architecture lut6_v of entity unisim.LUT6 [\LUT6(init="00000000000000000000...]
Compiling architecture structure of entity xil_defaultlib.mbv_system_mbv_riscv_axi_periph_1_sc_node_v1_0_19_arb_alg_rr_14 [mbv_system_mbv_riscv_axi_periph_...]
Compiling architecture lut5_v of entity unisim.LUT5 [\LUT5(init="10010101010101010110...]
Compiling architecture lut6_v of entity unisim.LUT6 [\LUT6(init="11010101010101011011...]
Compiling architecture lut5_v of entity unisim.LUT5 [\LUT5(init="10001111111100101000...]
Compiling architecture structure of entity xil_defaultlib.\mbv_system_mbv_riscv_axi_periph_1_sc_util_v1_0_4_counter__parameterized1_15\ [\mbv_system_mbv_riscv_axi_periph...]
Compiling architecture structure of entity xil_defaultlib.\mbv_system_mbv_riscv_axi_periph_1_sc_util_v1_0_4_counter__parameterized1_16\ [\mbv_system_mbv_riscv_axi_periph...]
Compiling architecture structure of entity xil_defaultlib.\mbv_system_mbv_riscv_axi_periph_1_sc_util_v1_0_4_counter__parameterized1_17\ [\mbv_system_mbv_riscv_axi_periph...]
Compiling architecture lut4_v of entity unisim.LUT4 [\LUT4(init="0000000010000000")(0...]
Compiling architecture lut5_v of entity unisim.LUT5 [\LUT5(init="00000000000000000100...]
Compiling architecture lut6_v of entity unisim.LUT6 [\LUT6(init="00000000000000000000...]
Compiling architecture structure of entity xil_defaultlib.\mbv_system_mbv_riscv_axi_periph_1_sc_util_v1_0_4_counter__parameterized1_18\ [\mbv_system_mbv_riscv_axi_periph...]
Compiling architecture lut4_v of entity unisim.LUT4 [\LUT4(init="1111111100010000")(0...]
Compiling architecture lut5_v of entity unisim.LUT5 [\LUT5(init="11111111111111110111...]
Compiling architecture structure of entity xil_defaultlib.\mbv_system_mbv_riscv_axi_periph_1_sc_util_v1_0_4_counter__parameterized1_19\ [\mbv_system_mbv_riscv_axi_periph...]
Compiling architecture lut6_v of entity unisim.LUT6 [\LUT6(init="01111111111111111111...]
Compiling architecture lut6_v of entity unisim.LUT6 [\LUT6(init="01000000000000000000...]
Compiling architecture structure of entity xil_defaultlib.\mbv_system_mbv_riscv_axi_periph_1_sc_util_v1_0_4_counter__parameterized1_20\ [\mbv_system_mbv_riscv_axi_periph...]
Compiling architecture structure of entity xil_defaultlib.\mbv_system_mbv_riscv_axi_periph_1_sc_util_v1_0_4_counter__parameterized1_21\ [\mbv_system_mbv_riscv_axi_periph...]
Compiling architecture structure of entity xil_defaultlib.\mbv_system_mbv_riscv_axi_periph_1_sc_util_v1_0_4_counter__parameterized1_22\ [\mbv_system_mbv_riscv_axi_periph...]
Compiling architecture structure of entity xil_defaultlib.\mbv_system_mbv_riscv_axi_periph_1_sc_util_v1_0_4_counter__parameterized1_23\ [\mbv_system_mbv_riscv_axi_periph...]
Compiling architecture structure of entity xil_defaultlib.\mbv_system_mbv_riscv_axi_periph_1_sc_util_v1_0_4_counter__parameterized1_24\ [\mbv_system_mbv_riscv_axi_periph...]
Compiling architecture structure of entity xil_defaultlib.\mbv_system_mbv_riscv_axi_periph_1_sc_util_v1_0_4_counter__parameterized1_25\ [\mbv_system_mbv_riscv_axi_periph...]
Compiling architecture structure of entity xil_defaultlib.\mbv_system_mbv_riscv_axi_periph_1_sc_util_v1_0_4_counter__parameterized1_26\ [\mbv_system_mbv_riscv_axi_periph...]
Compiling architecture structure of entity xil_defaultlib.\mbv_system_mbv_riscv_axi_periph_1_sc_util_v1_0_4_counter__parameterized1_27\ [\mbv_system_mbv_riscv_axi_periph...]
Compiling architecture structure of entity xil_defaultlib.\mbv_system_mbv_riscv_axi_periph_1_sc_util_v1_0_4_counter__parameterized1_28\ [\mbv_system_mbv_riscv_axi_periph...]
Compiling architecture structure of entity xil_defaultlib.\mbv_system_mbv_riscv_axi_periph_1_sc_node_v1_0_19_si_handler__parameterized6\ [\mbv_system_mbv_riscv_axi_periph...]
Compiling architecture structure of entity xil_defaultlib.\mbv_system_mbv_riscv_axi_periph_1_xpm_cdc_async_rst__9\ [\mbv_system_mbv_riscv_axi_periph...]
Compiling architecture structure of entity xil_defaultlib.\mbv_system_mbv_riscv_axi_periph_1_xpm_cdc_async_rst__8\ [\mbv_system_mbv_riscv_axi_periph...]
Compiling architecture structure of entity xil_defaultlib.\mbv_system_mbv_riscv_axi_periph_1_sc_node_v1_0_19_top__parameterized11\ [\mbv_system_mbv_riscv_axi_periph...]
Compiling architecture structure of entity xil_defaultlib.mbv_system_mbv_riscv_axi_periph_1_bd_e941_bni_0 [mbv_system_mbv_riscv_axi_periph_...]
Compiling architecture structure of entity xil_defaultlib.mbv_system_mbv_riscv_axi_periph_1_sc_node_v1_0_19_fi_regulator [mbv_system_mbv_riscv_axi_periph_...]
Compiling architecture structure of entity xil_defaultlib.\mbv_system_mbv_riscv_axi_periph_1_sc_util_v1_0_4_counter__parameterized0_13\ [\mbv_system_mbv_riscv_axi_periph...]
Compiling architecture structure of entity xil_defaultlib.\mbv_system_mbv_riscv_axi_periph_1_sc_node_v1_0_19_reg_fifo__parameterized1\ [\mbv_system_mbv_riscv_axi_periph...]
Compiling architecture structure of entity xil_defaultlib.\mbv_system_mbv_riscv_axi_periph_1_sc_node_v1_0_19_fifo__parameterized1\ [\mbv_system_mbv_riscv_axi_periph...]
Compiling architecture structure of entity xil_defaultlib.\mbv_system_mbv_riscv_axi_periph_1_sc_node_v1_0_19_mi_handler__parameterized12\ [\mbv_system_mbv_riscv_axi_periph...]
Compiling architecture structure of entity xil_defaultlib.mbv_system_mbv_riscv_axi_periph_1_sc_node_v1_0_19_arb_alg_rr [mbv_system_mbv_riscv_axi_periph_...]
Compiling architecture structure of entity xil_defaultlib.\mbv_system_mbv_riscv_axi_periph_1_sc_util_v1_0_4_counter__parameterized1\ [\mbv_system_mbv_riscv_axi_periph...]
Compiling architecture structure of entity xil_defaultlib.\mbv_system_mbv_riscv_axi_periph_1_sc_util_v1_0_4_counter__parameterized1_0\ [\mbv_system_mbv_riscv_axi_periph...]
Compiling architecture structure of entity xil_defaultlib.\mbv_system_mbv_riscv_axi_periph_1_sc_util_v1_0_4_counter__parameterized1_1\ [\mbv_system_mbv_riscv_axi_periph...]
Compiling architecture structure of entity xil_defaultlib.\mbv_system_mbv_riscv_axi_periph_1_sc_util_v1_0_4_counter__parameterized1_2\ [\mbv_system_mbv_riscv_axi_periph...]
Compiling architecture structure of entity xil_defaultlib.\mbv_system_mbv_riscv_axi_periph_1_sc_util_v1_0_4_counter__parameterized1_3\ [\mbv_system_mbv_riscv_axi_periph...]
Compiling architecture structure of entity xil_defaultlib.\mbv_system_mbv_riscv_axi_periph_1_sc_util_v1_0_4_counter__parameterized1_4\ [\mbv_system_mbv_riscv_axi_periph...]
Compiling architecture structure of entity xil_defaultlib.\mbv_system_mbv_riscv_axi_periph_1_sc_util_v1_0_4_counter__parameterized1_5\ [\mbv_system_mbv_riscv_axi_periph...]
Compiling architecture structure of entity xil_defaultlib.\mbv_system_mbv_riscv_axi_periph_1_sc_util_v1_0_4_counter__parameterized1_6\ [\mbv_system_mbv_riscv_axi_periph...]
Compiling architecture structure of entity xil_defaultlib.\mbv_system_mbv_riscv_axi_periph_1_sc_util_v1_0_4_counter__parameterized1_7\ [\mbv_system_mbv_riscv_axi_periph...]
Compiling architecture structure of entity xil_defaultlib.\mbv_system_mbv_riscv_axi_periph_1_sc_util_v1_0_4_counter__parameterized1_8\ [\mbv_system_mbv_riscv_axi_periph...]
Compiling architecture structure of entity xil_defaultlib.\mbv_system_mbv_riscv_axi_periph_1_sc_util_v1_0_4_counter__parameterized1_9\ [\mbv_system_mbv_riscv_axi_periph...]
Compiling architecture structure of entity xil_defaultlib.\mbv_system_mbv_riscv_axi_periph_1_sc_util_v1_0_4_counter__parameterized1_10\ [\mbv_system_mbv_riscv_axi_periph...]
Compiling architecture structure of entity xil_defaultlib.\mbv_system_mbv_riscv_axi_periph_1_sc_util_v1_0_4_counter__parameterized1_11\ [\mbv_system_mbv_riscv_axi_periph...]
Compiling architecture structure of entity xil_defaultlib.\mbv_system_mbv_riscv_axi_periph_1_sc_util_v1_0_4_counter__parameterized1_12\ [\mbv_system_mbv_riscv_axi_periph...]
Compiling architecture structure of entity xil_defaultlib.\mbv_system_mbv_riscv_axi_periph_1_sc_node_v1_0_19_si_handler__parameterized7\ [\mbv_system_mbv_riscv_axi_periph...]
Compiling architecture structure of entity xil_defaultlib.\mbv_system_mbv_riscv_axi_periph_1_xpm_cdc_async_rst__7\ [\mbv_system_mbv_riscv_axi_periph...]
Compiling architecture structure of entity xil_defaultlib.\mbv_system_mbv_riscv_axi_periph_1_xpm_cdc_async_rst__6\ [\mbv_system_mbv_riscv_axi_periph...]
Compiling architecture structure of entity xil_defaultlib.\mbv_system_mbv_riscv_axi_periph_1_sc_node_v1_0_19_top__parameterized12\ [\mbv_system_mbv_riscv_axi_periph...]
Compiling architecture structure of entity xil_defaultlib.mbv_system_mbv_riscv_axi_periph_1_bd_e941_rni_0 [mbv_system_mbv_riscv_axi_periph_...]
Compiling architecture structure of entity xil_defaultlib.\mbv_system_mbv_riscv_axi_periph_1_sc_util_v1_0_4_counter__parameterized0\ [\mbv_system_mbv_riscv_axi_periph...]
Compiling architecture structure of entity xil_defaultlib.\mbv_system_mbv_riscv_axi_periph_1_sc_node_v1_0_19_reg_fifo__parameterized2\ [\mbv_system_mbv_riscv_axi_periph...]
Compiling architecture structure of entity xil_defaultlib.\mbv_system_mbv_riscv_axi_periph_1_sc_node_v1_0_19_fifo__parameterized2\ [\mbv_system_mbv_riscv_axi_periph...]
Compiling architecture structure of entity xil_defaultlib.\mbv_system_mbv_riscv_axi_periph_1_sc_node_v1_0_19_mi_handler__parameterized13\ [\mbv_system_mbv_riscv_axi_periph...]
Compiling architecture structure of entity xil_defaultlib.\mbv_system_mbv_riscv_axi_periph_1_xpm_cdc_async_rst__5\ [\mbv_system_mbv_riscv_axi_periph...]
Compiling architecture structure of entity xil_defaultlib.\mbv_system_mbv_riscv_axi_periph_1_xpm_cdc_async_rst__4\ [\mbv_system_mbv_riscv_axi_periph...]
Compiling architecture structure of entity xil_defaultlib.\mbv_system_mbv_riscv_axi_periph_1_sc_node_v1_0_19_top__parameterized13\ [\mbv_system_mbv_riscv_axi_periph...]
Compiling architecture structure of entity xil_defaultlib.mbv_system_mbv_riscv_axi_periph_1_bd_e941_wni_0 [mbv_system_mbv_riscv_axi_periph_...]
Compiling architecture structure of entity xil_defaultlib.mbv_system_mbv_riscv_axi_periph_1_i_nodes_imp_B2R33R [mbv_system_mbv_riscv_axi_periph_...]
Compiling architecture structure of entity xil_defaultlib.\mbv_system_mbv_riscv_axi_periph_1_sc_switchboard_v1_0_9_top__parameterized3\ [\mbv_system_mbv_riscv_axi_periph...]
Compiling architecture structure of entity xil_defaultlib.mbv_system_mbv_riscv_axi_periph_1_bd_e941_rinsw_0 [mbv_system_mbv_riscv_axi_periph_...]
Compiling architecture lut4_v of entity unisim.LUT4 [\LUT4(init="0000000011100010")(0...]
Compiling architecture lut6_v of entity unisim.LUT6 [\LUT6(init="00111011111111110011...]
Compiling architecture structure of entity xil_defaultlib.\mbv_system_mbv_riscv_axi_periph_1_sc_switchboard_v1_0_9_top__parameterized4\ [\mbv_system_mbv_riscv_axi_periph...]
Compiling architecture structure of entity xil_defaultlib.mbv_system_mbv_riscv_axi_periph_1_bd_e941_routsw_0 [mbv_system_mbv_riscv_axi_periph_...]
Compiling architecture structure of entity xil_defaultlib.\mbv_system_mbv_riscv_axi_periph_1_sc_switchboard_v1_0_9_top__parameterized5\ [\mbv_system_mbv_riscv_axi_periph...]
Compiling architecture structure of entity xil_defaultlib.mbv_system_mbv_riscv_axi_periph_1_bd_e941_winsw_0 [mbv_system_mbv_riscv_axi_periph_...]
Compiling architecture structure of entity xil_defaultlib.\mbv_system_mbv_riscv_axi_periph_1_sc_switchboard_v1_0_9_top__parameterized6\ [\mbv_system_mbv_riscv_axi_periph...]
Compiling architecture structure of entity xil_defaultlib.mbv_system_mbv_riscv_axi_periph_1_bd_e941_woutsw_0 [mbv_system_mbv_riscv_axi_periph_...]
Compiling architecture structure of entity xil_defaultlib.mbv_system_mbv_riscv_axi_periph_1_switchboards_imp_1R7G2MN [mbv_system_mbv_riscv_axi_periph_...]
Compiling architecture structure of entity xil_defaultlib.mbv_system_mbv_riscv_axi_periph_1_bd_e941 [mbv_system_mbv_riscv_axi_periph_...]
Compiling architecture structure of entity xil_defaultlib.mbv_system_mbv_riscv_axi_periph_1 [mbv_system_mbv_riscv_axi_periph_...]
Compiling architecture wc_imp of entity axi_timebase_wdt_v3_0_27.window_wdt_counter [\window_wdt_counter(c_family="ar...]
Compiling architecture fc_imp of entity axi_timebase_wdt_v3_0_27.window_wdt_fail_cnt [\window_wdt_fail_cnt(c_family="a...]
Compiling architecture imp of entity axi_lite_ipif_v3_0_4.address_decoder [\address_decoder(c_bus_awidth=6,...]
Compiling architecture imp of entity axi_lite_ipif_v3_0_4.slave_attachment [\slave_attachment(c_ard_addr_ran...]
Compiling architecture imp of entity axi_lite_ipif_v3_0_4.axi_lite_ipif [\axi_lite_ipif(c_s_axi_addr_widt...]
Compiling architecture imp of entity axi_timebase_wdt_v3_0_27.axi_window_wdt [\axi_window_wdt(c_family="artix7...]
Compiling architecture top_arch of entity axi_timebase_wdt_v3_0_27.axi_timebase_wdt_top [\axi_timebase_wdt_top(c_family="...]
Compiling architecture mbv_system_axi_timebase_wdt_0_0_arch of entity xil_defaultlib.mbv_system_axi_timebase_wdt_0_0 [mbv_system_axi_timebase_wdt_0_0_...]
Compiling architecture rtl of entity axi_uartlite_v2_0_39.baudrate [\baudrate(c_ratio=41)\]
Compiling architecture imp of entity axi_uartlite_v2_0_39.srl_fifo [\srl_fifo(c_dwidth=8,c_depth=16)...]
Compiling architecture rtl of entity axi_uartlite_v2_0_39.uartlite_rx [\uartlite_rx(c_family="artix7")(...]
Compiling architecture rtl of entity axi_uartlite_v2_0_39.uartlite_tx [\uartlite_tx(c_family="artix7")(...]
Compiling architecture rtl of entity axi_uartlite_v2_0_39.uartlite_core [\uartlite_core(c_family="artix7"...]
Compiling architecture imp of entity axi_lite_ipif_v3_0_4.address_decoder [\address_decoder(c_bus_awidth=4,...]
Compiling architecture imp of entity axi_lite_ipif_v3_0_4.slave_attachment [\slave_attachment(c_ard_addr_ran...]
Compiling architecture imp of entity axi_lite_ipif_v3_0_4.axi_lite_ipif [\axi_lite_ipif(c_s_axi_addr_widt...]
Compiling architecture rtl of entity axi_uartlite_v2_0_39.axi_uartlite [\axi_uartlite(c_family="artix7",...]
Compiling architecture mbv_system_axi_uartlite_0_0_arch of entity xil_defaultlib.mbv_system_axi_uartlite_0_0 [mbv_system_axi_uartlite_0_0_defa...]
Compiling architecture mmcme2_adv_v of entity unisim.MMCME2_ADV [\MMCME2_ADV(clkfbout_mult_f=40.1...]
Compiling architecture structure of entity xil_defaultlib.mbv_system_clk_wiz_1_1_clk_wiz [mbv_system_clk_wiz_1_1_clk_wiz_d...]
Compiling architecture structure of entity xil_defaultlib.mbv_system_clk_wiz_1_1 [mbv_system_clk_wiz_1_1_default]
Compiling architecture srl16e_v of entity unisim.SRL16E [\SRL16E(init="0000000000000001")...]
Compiling architecture vhdl_rtl of entity fit_timer_v2_0_13.Divide_part [\Divide_part(ratio=15)\]
Compiling architecture vhdl_rtl of entity fit_timer_v2_0_13.Divide_part [\Divide_part(ratio=10,first=fals...]
Compiling architecture vhdl_rtl of entity fit_timer_v2_0_13.Divide_part [\Divide_part(ratio=5,first=false...]
Compiling architecture vhdl_rtl of entity fit_timer_v2_0_13.FIT_timer [\FIT_timer(c_family="artix7",c_n...]
Compiling architecture mbv_system_fit_timer_0_0_arch of entity xil_defaultlib.mbv_system_fit_timer_0_0 [mbv_system_fit_timer_0_0_default]
Compiling architecture rb36_internal_vhdl_v of entity unisim.RB36_INTERNAL_VHDL [\RB36_INTERNAL_VHDL(init_a="0000...]
Compiling architecture ramb36e1_v of entity unisim.RAMB36E1 [\RAMB36E1(read_width_a=1,read_wi...]
Compiling architecture structure of entity xil_defaultlib.mbv_system_lmb_bram_1_blk_mem_gen_prim_wrapper [mbv_system_lmb_bram_1_blk_mem_ge...]
Compiling architecture structure of entity xil_defaultlib.mbv_system_lmb_bram_1_blk_mem_gen_prim_width [mbv_system_lmb_bram_1_blk_mem_ge...]
Compiling architecture structure of entity xil_defaultlib.\mbv_system_lmb_bram_1_blk_mem_gen_prim_wrapper__parameterized9\ [\mbv_system_lmb_bram_1_blk_mem_g...]
Compiling architecture structure of entity xil_defaultlib.\mbv_system_lmb_bram_1_blk_mem_gen_prim_width__parameterized9\ [\mbv_system_lmb_bram_1_blk_mem_g...]
Compiling architecture structure of entity xil_defaultlib.\mbv_system_lmb_bram_1_blk_mem_gen_prim_wrapper__parameterized10\ [\mbv_system_lmb_bram_1_blk_mem_g...]
Compiling architecture structure of entity xil_defaultlib.\mbv_system_lmb_bram_1_blk_mem_gen_prim_width__parameterized10\ [\mbv_system_lmb_bram_1_blk_mem_g...]
Compiling architecture structure of entity xil_defaultlib.\mbv_system_lmb_bram_1_blk_mem_gen_prim_wrapper__parameterized11\ [\mbv_system_lmb_bram_1_blk_mem_g...]
Compiling architecture structure of entity xil_defaultlib.\mbv_system_lmb_bram_1_blk_mem_gen_prim_width__parameterized11\ [\mbv_system_lmb_bram_1_blk_mem_g...]
Compiling architecture structure of entity xil_defaultlib.\mbv_system_lmb_bram_1_blk_mem_gen_prim_wrapper__parameterized12\ [\mbv_system_lmb_bram_1_blk_mem_g...]
Compiling architecture structure of entity xil_defaultlib.\mbv_system_lmb_bram_1_blk_mem_gen_prim_width__parameterized12\ [\mbv_system_lmb_bram_1_blk_mem_g...]
Compiling architecture structure of entity xil_defaultlib.\mbv_system_lmb_bram_1_blk_mem_gen_prim_wrapper__parameterized13\ [\mbv_system_lmb_bram_1_blk_mem_g...]
Compiling architecture structure of entity xil_defaultlib.\mbv_system_lmb_bram_1_blk_mem_gen_prim_width__parameterized13\ [\mbv_system_lmb_bram_1_blk_mem_g...]
Compiling architecture structure of entity xil_defaultlib.\mbv_system_lmb_bram_1_blk_mem_gen_prim_wrapper__parameterized14\ [\mbv_system_lmb_bram_1_blk_mem_g...]
Compiling architecture structure of entity xil_defaultlib.\mbv_system_lmb_bram_1_blk_mem_gen_prim_width__parameterized14\ [\mbv_system_lmb_bram_1_blk_mem_g...]
Compiling architecture structure of entity xil_defaultlib.\mbv_system_lmb_bram_1_blk_mem_gen_prim_wrapper__parameterized15\ [\mbv_system_lmb_bram_1_blk_mem_g...]
Compiling architecture structure of entity xil_defaultlib.\mbv_system_lmb_bram_1_blk_mem_gen_prim_width__parameterized15\ [\mbv_system_lmb_bram_1_blk_mem_g...]
Compiling architecture structure of entity xil_defaultlib.\mbv_system_lmb_bram_1_blk_mem_gen_prim_wrapper__parameterized16\ [\mbv_system_lmb_bram_1_blk_mem_g...]
Compiling architecture structure of entity xil_defaultlib.\mbv_system_lmb_bram_1_blk_mem_gen_prim_width__parameterized16\ [\mbv_system_lmb_bram_1_blk_mem_g...]
Compiling architecture structure of entity xil_defaultlib.\mbv_system_lmb_bram_1_blk_mem_gen_prim_wrapper__parameterized17\ [\mbv_system_lmb_bram_1_blk_mem_g...]
Compiling architecture structure of entity xil_defaultlib.\mbv_system_lmb_bram_1_blk_mem_gen_prim_width__parameterized17\ [\mbv_system_lmb_bram_1_blk_mem_g...]
Compiling architecture structure of entity xil_defaultlib.\mbv_system_lmb_bram_1_blk_mem_gen_prim_wrapper__parameterized18\ [\mbv_system_lmb_bram_1_blk_mem_g...]
Compiling architecture structure of entity xil_defaultlib.\mbv_system_lmb_bram_1_blk_mem_gen_prim_width__parameterized18\ [\mbv_system_lmb_bram_1_blk_mem_g...]
Compiling architecture structure of entity xil_defaultlib.\mbv_system_lmb_bram_1_blk_mem_gen_prim_wrapper__parameterized0\ [\mbv_system_lmb_bram_1_blk_mem_g...]
Compiling architecture structure of entity xil_defaultlib.\mbv_system_lmb_bram_1_blk_mem_gen_prim_width__parameterized0\ [\mbv_system_lmb_bram_1_blk_mem_g...]
Compiling architecture structure of entity xil_defaultlib.\mbv_system_lmb_bram_1_blk_mem_gen_prim_wrapper__parameterized19\ [\mbv_system_lmb_bram_1_blk_mem_g...]
Compiling architecture structure of entity xil_defaultlib.\mbv_system_lmb_bram_1_blk_mem_gen_prim_width__parameterized19\ [\mbv_system_lmb_bram_1_blk_mem_g...]
Compiling architecture structure of entity xil_defaultlib.\mbv_system_lmb_bram_1_blk_mem_gen_prim_wrapper__parameterized20\ [\mbv_system_lmb_bram_1_blk_mem_g...]
Compiling architecture structure of entity xil_defaultlib.\mbv_system_lmb_bram_1_blk_mem_gen_prim_width__parameterized20\ [\mbv_system_lmb_bram_1_blk_mem_g...]
Compiling architecture structure of entity xil_defaultlib.\mbv_system_lmb_bram_1_blk_mem_gen_prim_wrapper__parameterized21\ [\mbv_system_lmb_bram_1_blk_mem_g...]
Compiling architecture structure of entity xil_defaultlib.\mbv_system_lmb_bram_1_blk_mem_gen_prim_width__parameterized21\ [\mbv_system_lmb_bram_1_blk_mem_g...]
Compiling architecture structure of entity xil_defaultlib.\mbv_system_lmb_bram_1_blk_mem_gen_prim_wrapper__parameterized22\ [\mbv_system_lmb_bram_1_blk_mem_g...]
Compiling architecture structure of entity xil_defaultlib.\mbv_system_lmb_bram_1_blk_mem_gen_prim_width__parameterized22\ [\mbv_system_lmb_bram_1_blk_mem_g...]
Compiling architecture structure of entity xil_defaultlib.\mbv_system_lmb_bram_1_blk_mem_gen_prim_wrapper__parameterized23\ [\mbv_system_lmb_bram_1_blk_mem_g...]
Compiling architecture structure of entity xil_defaultlib.\mbv_system_lmb_bram_1_blk_mem_gen_prim_width__parameterized23\ [\mbv_system_lmb_bram_1_blk_mem_g...]
Compiling architecture structure of entity xil_defaultlib.\mbv_system_lmb_bram_1_blk_mem_gen_prim_wrapper__parameterized24\ [\mbv_system_lmb_bram_1_blk_mem_g...]
Compiling architecture structure of entity xil_defaultlib.\mbv_system_lmb_bram_1_blk_mem_gen_prim_width__parameterized24\ [\mbv_system_lmb_bram_1_blk_mem_g...]
Compiling architecture structure of entity xil_defaultlib.\mbv_system_lmb_bram_1_blk_mem_gen_prim_wrapper__parameterized25\ [\mbv_system_lmb_bram_1_blk_mem_g...]
Compiling architecture structure of entity xil_defaultlib.\mbv_system_lmb_bram_1_blk_mem_gen_prim_width__parameterized25\ [\mbv_system_lmb_bram_1_blk_mem_g...]
Compiling architecture structure of entity xil_defaultlib.\mbv_system_lmb_bram_1_blk_mem_gen_prim_wrapper__parameterized26\ [\mbv_system_lmb_bram_1_blk_mem_g...]
Compiling architecture structure of entity xil_defaultlib.\mbv_system_lmb_bram_1_blk_mem_gen_prim_width__parameterized26\ [\mbv_system_lmb_bram_1_blk_mem_g...]
Compiling architecture structure of entity xil_defaultlib.\mbv_system_lmb_bram_1_blk_mem_gen_prim_wrapper__parameterized27\ [\mbv_system_lmb_bram_1_blk_mem_g...]
Compiling architecture structure of entity xil_defaultlib.\mbv_system_lmb_bram_1_blk_mem_gen_prim_width__parameterized27\ [\mbv_system_lmb_bram_1_blk_mem_g...]
Compiling architecture structure of entity xil_defaultlib.\mbv_system_lmb_bram_1_blk_mem_gen_prim_wrapper__parameterized28\ [\mbv_system_lmb_bram_1_blk_mem_g...]
Compiling architecture structure of entity xil_defaultlib.\mbv_system_lmb_bram_1_blk_mem_gen_prim_width__parameterized28\ [\mbv_system_lmb_bram_1_blk_mem_g...]
Compiling architecture structure of entity xil_defaultlib.\mbv_system_lmb_bram_1_blk_mem_gen_prim_wrapper__parameterized1\ [\mbv_system_lmb_bram_1_blk_mem_g...]
Compiling architecture structure of entity xil_defaultlib.\mbv_system_lmb_bram_1_blk_mem_gen_prim_width__parameterized1\ [\mbv_system_lmb_bram_1_blk_mem_g...]
Compiling architecture structure of entity xil_defaultlib.\mbv_system_lmb_bram_1_blk_mem_gen_prim_wrapper__parameterized29\ [\mbv_system_lmb_bram_1_blk_mem_g...]
Compiling architecture structure of entity xil_defaultlib.\mbv_system_lmb_bram_1_blk_mem_gen_prim_width__parameterized29\ [\mbv_system_lmb_bram_1_blk_mem_g...]
Compiling architecture structure of entity xil_defaultlib.\mbv_system_lmb_bram_1_blk_mem_gen_prim_wrapper__parameterized30\ [\mbv_system_lmb_bram_1_blk_mem_g...]
Compiling architecture structure of entity xil_defaultlib.\mbv_system_lmb_bram_1_blk_mem_gen_prim_width__parameterized30\ [\mbv_system_lmb_bram_1_blk_mem_g...]
Compiling architecture structure of entity xil_defaultlib.\mbv_system_lmb_bram_1_blk_mem_gen_prim_wrapper__parameterized2\ [\mbv_system_lmb_bram_1_blk_mem_g...]
Compiling architecture structure of entity xil_defaultlib.\mbv_system_lmb_bram_1_blk_mem_gen_prim_width__parameterized2\ [\mbv_system_lmb_bram_1_blk_mem_g...]
Compiling architecture structure of entity xil_defaultlib.\mbv_system_lmb_bram_1_blk_mem_gen_prim_wrapper__parameterized3\ [\mbv_system_lmb_bram_1_blk_mem_g...]
Compiling architecture structure of entity xil_defaultlib.\mbv_system_lmb_bram_1_blk_mem_gen_prim_width__parameterized3\ [\mbv_system_lmb_bram_1_blk_mem_g...]
Compiling architecture structure of entity xil_defaultlib.\mbv_system_lmb_bram_1_blk_mem_gen_prim_wrapper__parameterized4\ [\mbv_system_lmb_bram_1_blk_mem_g...]
Compiling architecture structure of entity xil_defaultlib.\mbv_system_lmb_bram_1_blk_mem_gen_prim_width__parameterized4\ [\mbv_system_lmb_bram_1_blk_mem_g...]
Compiling architecture structure of entity xil_defaultlib.\mbv_system_lmb_bram_1_blk_mem_gen_prim_wrapper__parameterized5\ [\mbv_system_lmb_bram_1_blk_mem_g...]
Compiling architecture structure of entity xil_defaultlib.\mbv_system_lmb_bram_1_blk_mem_gen_prim_width__parameterized5\ [\mbv_system_lmb_bram_1_blk_mem_g...]
Compiling architecture structure of entity xil_defaultlib.\mbv_system_lmb_bram_1_blk_mem_gen_prim_wrapper__parameterized6\ [\mbv_system_lmb_bram_1_blk_mem_g...]
Compiling architecture structure of entity xil_defaultlib.\mbv_system_lmb_bram_1_blk_mem_gen_prim_width__parameterized6\ [\mbv_system_lmb_bram_1_blk_mem_g...]
Compiling architecture structure of entity xil_defaultlib.\mbv_system_lmb_bram_1_blk_mem_gen_prim_wrapper__parameterized7\ [\mbv_system_lmb_bram_1_blk_mem_g...]
Compiling architecture structure of entity xil_defaultlib.\mbv_system_lmb_bram_1_blk_mem_gen_prim_width__parameterized7\ [\mbv_system_lmb_bram_1_blk_mem_g...]
Compiling architecture structure of entity xil_defaultlib.\mbv_system_lmb_bram_1_blk_mem_gen_prim_wrapper__parameterized8\ [\mbv_system_lmb_bram_1_blk_mem_g...]
Compiling architecture structure of entity xil_defaultlib.\mbv_system_lmb_bram_1_blk_mem_gen_prim_width__parameterized8\ [\mbv_system_lmb_bram_1_blk_mem_g...]
Compiling architecture structure of entity xil_defaultlib.mbv_system_lmb_bram_1_blk_mem_gen_generic_cstr [mbv_system_lmb_bram_1_blk_mem_ge...]
Compiling architecture structure of entity xil_defaultlib.mbv_system_lmb_bram_1_blk_mem_gen_top [mbv_system_lmb_bram_1_blk_mem_ge...]
Compiling architecture structure of entity xil_defaultlib.mbv_system_lmb_bram_1_blk_mem_gen_v8_4_12_synth [mbv_system_lmb_bram_1_blk_mem_ge...]
Compiling architecture structure of entity xil_defaultlib.mbv_system_lmb_bram_1_blk_mem_gen_v8_4_12 [mbv_system_lmb_bram_1_blk_mem_ge...]
Compiling architecture structure of entity xil_defaultlib.mbv_system_lmb_bram_1 [mbv_system_lmb_bram_1_default]
Compiling architecture imp of entity lmb_bram_if_cntlr_v4_0_27.pselect_mask [\pselect_mask(c_aw=34,c_bar="000...]
Compiling architecture imp of entity lmb_bram_if_cntlr_v4_0_27.lmb_mux [\lmb_mux(c_target=artix7,c_basea...]
Compiling architecture imp of entity lmb_bram_if_cntlr_v4_0_27.lmb_bram_if_cntlr [\lmb_bram_if_cntlr(c_family="art...]
Compiling architecture mbv_system_dlmb_bram_if_cntlr_1_arch of entity xil_defaultlib.mbv_system_dlmb_bram_if_cntlr_1 [mbv_system_dlmb_bram_if_cntlr_1_...]
Compiling architecture imp of entity lmb_v10_v3_0_16.lmb_v10 [\lmb_v10(c_lmb_num_slaves=1,c_lm...]
Compiling architecture mbv_system_dlmb_v10_1_arch of entity xil_defaultlib.mbv_system_dlmb_v10_1 [mbv_system_dlmb_v10_1_default]
Compiling architecture imp of entity lmb_bram_if_cntlr_v4_0_27.pselect_mask [\pselect_mask(c_aw=34,c_bar="000...]
Compiling architecture imp of entity lmb_bram_if_cntlr_v4_0_27.lmb_mux [\lmb_mux(c_target=artix7,c_basea...]
Compiling architecture imp of entity lmb_bram_if_cntlr_v4_0_27.lmb_bram_if_cntlr [\lmb_bram_if_cntlr(c_family="art...]
Compiling architecture mbv_system_ilmb_bram_if_cntlr_1_arch of entity xil_defaultlib.mbv_system_ilmb_bram_if_cntlr_1 [mbv_system_ilmb_bram_if_cntlr_1_...]
Compiling architecture mbv_system_ilmb_v10_1_arch of entity xil_defaultlib.mbv_system_ilmb_v10_1 [mbv_system_ilmb_v10_1_default]
Compiling architecture structure of entity xil_defaultlib.mbv_local_memory_imp_1NP638B [mbv_local_memory_imp_1np638b_def...]
Compiling architecture bscane2_v of entity unisim.BSCANE2 [\BSCANE2(jtag_chain=2)(1,5)\]
Compiling architecture imp of entity mdm_riscv_v1_0_7.MB_BSCANE2 [\MB_BSCANE2(c_target=artix7,jtag...]
Compiling architecture lut1_v of entity unisim.LUT1 [\LUT1(init="10")(0,1)\]
Compiling architecture imp of entity mdm_riscv_v1_0_7.MB_LUT1 [\MB_LUT1(c_target=artix7,init="1...]
Compiling architecture imp of entity mdm_riscv_v1_0_7.xil_scan_reset_control [xil_scan_reset_control_default]
Compiling architecture bufgctrl_v of entity unisim.BUFGCTRL [\BUFGCTRL(init_out=1,preselect_i...]
Compiling architecture bufgce_1_v of entity unisim.BUFGCE_1 [\BUFGCE_1(1,10)\]
Compiling architecture imp of entity mdm_riscv_v1_0_7.MB_BUFGCE_1 [\MB_BUFGCE_1(c_target=artix7)\]
Compiling architecture imp of entity mdm_riscv_v1_0_7.MB_MUXCY_XORCY [\MB_MUXCY_XORCY(c_target=artix7)...]
Compiling architecture imp of entity mdm_riscv_v1_0_7.MB_FDRE [\MB_FDRE(c_target=artix7)\]
Compiling architecture imp of entity mdm_riscv_v1_0_7.MB_XORCY [\MB_XORCY(c_target=artix7)\]
Compiling architecture srlc32e_v of entity unisim.SRLC32E [\SRLC32E(0,31)\]
Compiling architecture imp of entity mdm_riscv_v1_0_7.MB_SRLC32E [\MB_SRLC32E(c_target=artix7)(1,3...]
Compiling architecture imp of entity mdm_riscv_v1_0_7.SRL_FIFO [\SRL_FIFO(c_target=artix7,c_data...]
Compiling architecture imp of entity mdm_riscv_v1_0_7.bus_master [\bus_master(c_target=artix7,c_m_...]
Compiling architecture plle2_adv_v of entity unisim.PLLE2_ADV [\PLLE2_ADV(clkfbout_mult=4,clkin...]
Compiling architecture plle2_base_v of entity unisim.PLLE2_BASE [\PLLE2_BASE(clkfbout_mult=4,clki...]
Compiling architecture imp of entity mdm_riscv_v1_0_7.MB_PLLE2_BASE [\MB_PLLE2_BASE(c_target=artix7,c...]
Compiling architecture imp of entity mdm_riscv_v1_0_7.MB_BUFG [\MB_BUFG(c_target=artix7)\]
Compiling architecture imp of entity mdm_riscv_v1_0_7.JTAG_CONTROL [\JTAG_CONTROL(c_target=artix7,c_...]
Compiling architecture imp of entity mdm_riscv_v1_0_7.MDM_Core [\MDM_Core(c_target=artix7,c_jtag...]
Compiling architecture imp of entity mdm_riscv_v1_0_7.MDM_RISCV [\MDM_RISCV(c_family="artix7",c_d...]
Compiling architecture mbv_system_mdm_1_1_arch of entity xil_defaultlib.mbv_system_mdm_1_1 [mbv_system_mdm_1_1_default]
Compiling architecture imp of entity microblaze_v11_0_16.mb_sync_bit [mb_sync_bit_default]
Compiling architecture imp of entity microblaze_riscv_v1_0_7.saxi_interface [\saxi_interface(c_target=artix7,...]
Compiling architecture imp of entity microblaze_v11_0_16.read_data_mux [\read_data_mux(c_data_size=32,c_...]
Compiling architecture imp of entity microblaze_riscv_v1_0_7.DAXI_interface [\DAXI_interface(c_data_size=32,c...]
Compiling architecture imp of entity microblaze_riscv_v1_0_7.Async_FIFO [\Async_FIFO(c_target=artix7,c_im...]
Compiling architecture imp of entity microblaze_v11_0_16.MB_SRL16E [\MB_SRL16E(c_target=artix7,c_use...]
Compiling architecture imp of entity microblaze_v11_0_16.srl_fifo [\srl_fifo(c_target=artix7,c_use_...]
Compiling architecture imp of entity microblaze_riscv_v1_0_7.Debug_Trace [\Debug_Trace(c_target=artix7,c_d...]
Compiling architecture imp of entity microblaze_v11_0_16.debug_stat_counter [\debug_stat_counter(c_target=art...]
Compiling architecture imp of entity microblaze_v11_0_16.dsp_module [\dsp_module(c_target=artix7,c_ab...]
Compiling architecture dsp48e1_v of entity unisim.DSP48E1 [\DSP48E1(alumodereg=0,carryinreg...]
Compiling architecture imp of entity microblaze_v11_0_16.MB_DSP48E1 [\MB_DSP48E1(c_target=artix7,alum...]
Compiling architecture imp of entity microblaze_v11_0_16.dsp_module [\dsp_module(c_target=artix7,c_ab...]
Compiling architecture imp of entity microblaze_v11_0_16.debug_stat_counter [\debug_stat_counter(c_target=art...]
Compiling architecture imp of entity microblaze_riscv_v1_0_7.HW_Perf_Mon [\HW_Perf_Mon(c_target=artix7,c_d...]
Compiling architecture imp of entity microblaze_v11_0_16.mb_sync_bit [\mb_sync_bit(c_levels=1)\]
Compiling architecture imp of entity microblaze_v11_0_16.mb_sync_bit [\mb_sync_bit(c_levels=1,c_reset_...]
Compiling architecture imp of entity microblaze_v11_0_16.mb_sync_vec [\mb_sync_vec(c_width=12)\]
Compiling architecture imp of entity microblaze_v11_0_16.xil_scan_reset_control [xil_scan_reset_control_default]
Compiling architecture imp of entity microblaze_riscv_v1_0_7.riscv_debug [\riscv_debug(c_data_size=32,c_in...]
Compiling architecture imp of entity microblaze_v11_0_16.carry_compare [\carry_compare(c_target=artix7,s...]
Compiling architecture imp of entity microblaze_riscv_v1_0_7.trigger [\trigger(c_data_size=32,c_instr_...]
Compiling architecture imp of entity microblaze_v11_0_16.interrupt_mode_converter [\interrupt_mode_converter(c_edge...]
Compiling architecture imp of entity microblaze_v11_0_16.MB_LUT6 [\MB_LUT6(c_target=artix7,init="1...]
Compiling architecture imp of entity microblaze_v11_0_16.MB_LUT6 [\MB_LUT6(c_target=artix7,init="1...]
Compiling architecture imp of entity microblaze_v11_0_16.carry_or [\carry_or(c_target=artix7)\]
Compiling architecture imp of entity microblaze_v11_0_16.MB_FDRE [\MB_FDRE(c_target=artix7)\]
Compiling architecture imp of entity microblaze_v11_0_16.MB_MUXCY_XORCY [\MB_MUXCY_XORCY(c_target=artix7)...]
Compiling architecture imp of entity microblaze_v11_0_16.MB_MUXF7 [\MB_MUXF7(c_target=artix7)\]
Compiling architecture imp of entity microblaze_v11_0_16.MB_FDR [\MB_FDR(c_target=artix7)\]
Compiling architecture imp of entity microblaze_riscv_v1_0_7.PC_Module_gti [\PC_Module_gti(c_pht0_hash=7,c_p...]
Compiling architecture imp of entity microblaze_riscv_v1_0_7.OneHot_Buffer_FF [\OneHot_Buffer_FF(c_target=artix...]
Compiling architecture lut6_v of entity unisim.LUT6 [\LUT6(init="00000000000000000000...]
Compiling architecture imp of entity microblaze_v11_0_16.MB_LUT6 [\MB_LUT6(c_target=artix7,init="0...]
Compiling architecture lut6_v of entity unisim.LUT6 [\LUT6(init="11111111000000001111...]
Compiling architecture imp of entity microblaze_v11_0_16.MB_LUT6 [\MB_LUT6(c_target=artix7,init="1...]
Compiling architecture imp of entity microblaze_v11_0_16.MB_FDS [\MB_FDS(c_target=artix7)\]
Compiling architecture lut6_v of entity unisim.LUT6 [\LUT6(init="00000000111111110000...]
Compiling architecture imp of entity microblaze_v11_0_16.MB_LUT6 [\MB_LUT6(c_target=artix7,init="0...]
Compiling architecture imp of entity microblaze_riscv_v1_0_7.OneHot_Buffer_FF [\OneHot_Buffer_FF(c_target=artix...]
Compiling architecture imp of entity microblaze_riscv_v1_0_7.PreFetch_Buffer_ff [\PreFetch_Buffer_ff(c_instr_size...]
Compiling architecture imp of entity microblaze_riscv_v1_0_7.Compression [\Compression(c_data_size=32,c_in...]
Compiling architecture imp of entity microblaze_v11_0_16.MB_MUXCY [\MB_MUXCY(c_target=artix7)\]
Compiling architecture imp of entity microblaze_v11_0_16.carry_and [\carry_and(c_target=artix7)\]
Compiling architecture imp of entity microblaze_riscv_v1_0_7.jump_logic [\jump_logic(c_instr_size=32,c_ta...]
Compiling architecture imp of entity microblaze_riscv_v1_0_7.Decode_gti [\Decode_gti(c_pipe_stages=5,c_da...]
Compiling architecture imp of entity microblaze_v11_0_16.WB_Mux_Bit [\WB_Mux_Bit(c_target=artix7,c_lu...]
Compiling architecture imp of entity microblaze_v11_0_16.WB_Mux_Bit [\WB_Mux_Bit(c_target=artix7,c_lu...]
Compiling architecture imp of entity microblaze_v11_0_16.WB_Mux_Bit [\WB_Mux_Bit(c_target=artix7,c_lu...]
Compiling architecture imp of entity microblaze_v11_0_16.WB_Mux [\WB_Mux(c_data_size=32,c_daddr_s...]
Compiling architecture lut4_v of entity unisim.LUT4 [\LUT4(init="0011110001011010")(0...]
Compiling architecture imp of entity microblaze_v11_0_16.MB_LUT4 [\MB_LUT4(c_target=artix7,init="0...]
Compiling architecture lut6_2_v of entity unisim.LUT6_2 [\LUT6_2(init="000000000000000000...]
Compiling architecture imp of entity microblaze_v11_0_16.MB_LUT6_2 [\MB_LUT6_2(c_target=artix7,init=...]
Compiling architecture imp of entity microblaze_v11_0_16.MB_LUT2 [\MB_LUT2(c_target=artix7,init="0...]
Compiling architecture imp of entity microblaze_riscv_v1_0_7.Div_unit_gti [\Div_unit_gti(c_target=artix7,c_...]
Compiling architecture imp of entity microblaze_riscv_v1_0_7.Register_File_gti [\Register_File_gti(c_data_size=3...]
Compiling architecture lut4_v of entity unisim.LUT4 [\LUT4(init="0110101010100110")(0...]
Compiling architecture imp of entity microblaze_v11_0_16.MB_LUT4 [\MB_LUT4(c_target=artix7,init="0...]
Compiling architecture imp of entity microblaze_v11_0_16.MB_MULT_AND [\MB_MULT_AND(c_target=artix7)\]
Compiling architecture imp of entity microblaze_v11_0_16.carry_compare_const [\carry_compare_const(c_target=ar...]
Compiling architecture imp of entity microblaze_v11_0_16.carry_compare [\carry_compare(c_target=artix7,s...]
Compiling architecture imp of entity microblaze_v11_0_16.carry_compare [\carry_compare(c_target=artix7,s...]
Compiling architecture imp of entity microblaze_v11_0_16.find_first_bit [\find_first_bit(c_mant_size=23,c...]
Compiling architecture imp of entity microblaze_riscv_v1_0_7.FPU_ADDSUB [\FPU_ADDSUB(c_target=artix7,c_ex...]
Compiling architecture dsp48e1_v of entity unisim.DSP48E1 [\DSP48E1(acascreg=0,alumodereg=0...]
Compiling architecture imp of entity microblaze_v11_0_16.MB_DSP48E1 [\MB_DSP48E1(c_target=artix7,acas...]
Compiling architecture imp of entity microblaze_v11_0_16.dsp_module [\dsp_module(c_target=artix7,c_a_...]
Compiling architecture dsp48e1_v of entity unisim.DSP48E1 [\DSP48E1(acascreg=0,alumodereg=0...]
Compiling architecture imp of entity microblaze_v11_0_16.MB_DSP48E1 [\MB_DSP48E1(c_target=artix7,acas...]
Compiling architecture imp of entity microblaze_v11_0_16.dsp_module [\dsp_module(c_target=artix7,c_a_...]
Compiling architecture imp of entity microblaze_v11_0_16.MB_LUT6 [\MB_LUT6(c_target=artix7,init="0...]
Compiling architecture lut6_v of entity unisim.LUT6 [\LUT6(init="11111111111111111111...]
Compiling architecture imp of entity microblaze_v11_0_16.MB_LUT6 [\MB_LUT6(c_target=artix7,init="1...]
Compiling architecture lut6_v of entity unisim.LUT6 [\LUT6(init="00000000000000000000...]
Compiling architecture imp of entity microblaze_v11_0_16.MB_LUT6 [\MB_LUT6(c_target=artix7,init="0...]
Compiling architecture lut6_v of entity unisim.LUT6 [\LUT6(init="11110000111100001111...]
Compiling architecture imp of entity microblaze_v11_0_16.MB_LUT6 [\MB_LUT6(c_target=artix7,init="1...]
Compiling architecture lut6_v of entity unisim.LUT6 [\LUT6(init="11111111000000001111...]
Compiling architecture imp of entity microblaze_v11_0_16.MB_LUT6 [\MB_LUT6(c_target=artix7,init="1...]
Compiling architecture imp of entity microblaze_riscv_v1_0_7.clz_part [\clz_part(c_target=artix7,c_patt...]
Compiling architecture imp of entity microblaze_riscv_v1_0_7.clz_part [\clz_part(c_target=artix7,c_size...]
Compiling architecture imp of entity microblaze_riscv_v1_0_7.clz_part [\clz_part(c_target=artix7,c_size...]
Compiling architecture imp of entity microblaze_riscv_v1_0_7.clz_part [\clz_part(c_target=artix7,c_patt...]
Compiling architecture imp of entity microblaze_riscv_v1_0_7.clz_part [\clz_part(c_target=artix7,c_size...]
Compiling architecture imp of entity microblaze_riscv_v1_0_7.clz_part [\clz_part(c_target=artix7,c_size...]
Compiling architecture imp of entity microblaze_riscv_v1_0_7.clz_part [\clz_part(c_target=artix7,c_size...]
Compiling architecture imp of entity microblaze_riscv_v1_0_7.clz_part [\clz_part(c_target=artix7,c_size...]
Compiling architecture imp of entity microblaze_riscv_v1_0_7.clz_part [\clz_part(c_target=artix7,c_size...]
Compiling architecture imp of entity microblaze_riscv_v1_0_7.clz_part [\clz_part(c_target=artix7,c_size...]
Compiling architecture imp of entity microblaze_riscv_v1_0_7.clz_part [\clz_part(c_target=artix7,c_size...]
Compiling architecture imp of entity microblaze_riscv_v1_0_7.clz_part [\clz_part(c_target=artix7,c_size...]
Compiling architecture imp of entity microblaze_riscv_v1_0_7.clz_part [\clz_part(c_target=artix7,c_size...]
Compiling architecture imp of entity microblaze_riscv_v1_0_7.clz_part [\clz_part(c_target=artix7,c_size...]
Compiling architecture imp of entity microblaze_riscv_v1_0_7.clz_part [\clz_part(c_target=artix7,c_size...]
Compiling architecture imp of entity microblaze_riscv_v1_0_7.clz_part [\clz_part(c_target=artix7,c_size...]
Compiling architecture imp of entity microblaze_riscv_v1_0_7.clz_part [\clz_part(c_target=artix7,c_size...]
Compiling architecture imp of entity microblaze_riscv_v1_0_7.clz_part [\clz_part(c_target=artix7,c_size...]
Compiling architecture imp of entity microblaze_riscv_v1_0_7.clz_part [\clz_part(c_target=artix7,c_size...]
Compiling architecture imp of entity microblaze_riscv_v1_0_7.clz_part [\clz_part(c_target=artix7,c_size...]
Compiling architecture imp of entity microblaze_riscv_v1_0_7.clz_part [\clz_part(c_target=artix7,c_size...]
Compiling architecture imp of entity microblaze_riscv_v1_0_7.clz [\clz(c_target=artix7,c_data_size...]
Compiling architecture imp of entity microblaze_riscv_v1_0_7.FPU_MUL [\FPU_MUL(c_target=artix7,c_exp_s...]
Compiling architecture imp of entity microblaze_riscv_v1_0_7.FPU_DIV_SQRT [\FPU_DIV_SQRT(c_target=artix7,c_...]
Compiling architecture imp of entity microblaze_riscv_v1_0_7.fpu_conv [\fpu_conv(c_target=artix7,c_data...]
Compiling architecture imp of entity microblaze_riscv_v1_0_7.Fpu [\Fpu(c_data_size=32,c_target=art...]
Compiling architecture ram32m_v of entity unisim.RAM32M [ram32m_default]
Compiling architecture imp of entity microblaze_v11_0_16.MB_RAM32M [\MB_RAM32M(c_target=artix7,c_use...]
Compiling architecture imp of entity microblaze_riscv_v1_0_7.Register_File_gti [\Register_File_gti(c_data_size=3...]
Compiling architecture lut6_v of entity unisim.LUT6 [\LUT6(init="11111111000000001111...]
Compiling architecture imp of entity microblaze_v11_0_16.MB_LUT6 [\MB_LUT6(c_target=artix7,init="1...]
Compiling architecture imp of entity microblaze_riscv_v1_0_7.Mux4 [\Mux4(c_target=artix7)\]
Compiling architecture imp of entity microblaze_riscv_v1_0_7.Operand_Select_gti [\Operand_Select_gti(c_pipe_stage...]
Compiling architecture lut6_2_v of entity unisim.LUT6_2 [\LUT6_2(init="001010000111101010...]
Compiling architecture imp of entity microblaze_v11_0_16.MB_LUT6_2 [\MB_LUT6_2(c_target=artix7,init=...]
Compiling architecture imp of entity microblaze_riscv_v1_0_7.ALU_Bit [\ALU_Bit(c_target=artix7)\]
Compiling architecture imp of entity microblaze_riscv_v1_0_7.ALU [\ALU(c_data_size=32,c_use_zba=tr...]
Compiling architecture dsp48e1_v of entity unisim.DSP48E1 [\DSP48E1(acascreg=0,alumodereg=0...]
Compiling architecture imp of entity microblaze_v11_0_16.MB_DSP48E1 [\MB_DSP48E1(c_target=artix7,acas...]
Compiling architecture imp of entity microblaze_v11_0_16.dsp_module [\dsp_module(c_target=artix7,c_ab...]
Compiling architecture dsp48e1_v of entity unisim.DSP48E1 [\DSP48E1(acascreg=0,alumodereg=0...]
Compiling architecture imp of entity microblaze_v11_0_16.MB_DSP48E1 [\MB_DSP48E1(c_target=artix7,acas...]
Compiling architecture imp of entity microblaze_v11_0_16.dsp_module [\dsp_module(c_target=artix7,c_ab...]
Compiling architecture imp of entity microblaze_v11_0_16.dsp_module [\dsp_module(c_target=artix7,c_ab...]
Compiling architecture dsp48e1_v of entity unisim.DSP48E1 [\DSP48E1(acascreg=0,alumodereg=0...]
Compiling architecture imp of entity microblaze_v11_0_16.MB_DSP48E1 [\MB_DSP48E1(c_target=artix7,acas...]
Compiling architecture imp of entity microblaze_v11_0_16.dsp_module [\dsp_module(c_target=artix7,c_ab...]
Compiling architecture imp of entity microblaze_riscv_v1_0_7.mul_unit [\mul_unit(c_data_size=32,c_fast_...]
Compiling architecture imp of entity microblaze_riscv_v1_0_7.Barrel_Shifter_gti [\Barrel_Shifter_gti(c_data_size=...]
Compiling architecture lut6_v of entity unisim.LUT6 [\LUT6(init="10101010101001101010...]
Compiling architecture imp of entity microblaze_v11_0_16.MB_LUT6 [\MB_LUT6(c_target=artix7,init="1...]
Compiling architecture lut6_v of entity unisim.LUT6 [\LUT6(init="10101010011010101010...]
Compiling architecture imp of entity microblaze_v11_0_16.MB_LUT6 [\MB_LUT6(c_target=artix7,init="1...]
Compiling architecture lut6_v of entity unisim.LUT6 [\LUT6(init="10100110101010101010...]
Compiling architecture imp of entity microblaze_v11_0_16.MB_LUT6 [\MB_LUT6(c_target=artix7,init="1...]
Compiling architecture lut6_v of entity unisim.LUT6 [\LUT6(init="01101010101010100010...]
Compiling architecture imp of entity microblaze_v11_0_16.MB_LUT6 [\MB_LUT6(c_target=artix7,init="0...]
Compiling architecture lut6_2_v of entity unisim.LUT6_2 [\LUT6_2(init="000000000000001000...]
Compiling architecture imp of entity microblaze_v11_0_16.MB_LUT6_2 [\MB_LUT6_2(c_target=artix7,init=...]
Compiling architecture lut6_2_v of entity unisim.LUT6_2 [\LUT6_2(init="000000000000100000...]
Compiling architecture imp of entity microblaze_v11_0_16.MB_LUT6_2 [\MB_LUT6_2(c_target=artix7,init=...]
Compiling architecture lut6_2_v of entity unisim.LUT6_2 [\LUT6_2(init="000000000010000000...]
Compiling architecture imp of entity microblaze_v11_0_16.MB_LUT6_2 [\MB_LUT6_2(c_target=artix7,init=...]
Compiling architecture lut6_2_v of entity unisim.LUT6_2 [\LUT6_2(init="000000001000000000...]
Compiling architecture imp of entity microblaze_v11_0_16.MB_LUT6_2 [\MB_LUT6_2(c_target=artix7,init=...]
Compiling architecture imp of entity microblaze_riscv_v1_0_7.bitman [\bitman(c_data_size=32,c_target=...]
Compiling architecture imp of entity microblaze_riscv_v1_0_7.Branch_Compare [\Branch_Compare(c_target=artix7,...]
Compiling architecture imp of entity microblaze_riscv_v1_0_7.Byte_Doublet_Handle_gti [\Byte_Doublet_Handle_gti(c_data_...]
Compiling architecture imp of entity microblaze_riscv_v1_0_7.Data_Flow_Logic [\Data_Flow_Logic(c_pipe_stages=5...]
Compiling architecture imp of entity microblaze_riscv_v1_0_7.csr [\csr(c_pipe_stages=5,c_data_size...]
Compiling architecture imp of entity microblaze_riscv_v1_0_7.Data_Flow_gti [\Data_Flow_gti(c_strategy=0,c_da...]
Compiling architecture lut6_2_v of entity unisim.LUT6_2 [\LUT6_2(init="111111110000000011...]
Compiling architecture imp of entity microblaze_v11_0_16.MB_LUT6_2 [\MB_LUT6_2(c_target=artix7,init=...]
Compiling architecture imp of entity microblaze_v11_0_16.mux_bus [\mux_bus(c_target=artix7,c_allow...]
Compiling architecture imp of entity microblaze_v11_0_16.instr_mux [\instr_mux(c_instr_size=32,c_lmb...]
Compiling architecture imp of entity microblaze_v11_0_16.carry_compare [\carry_compare(c_target=artix7,s...]
Compiling architecture imp of entity microblaze_v11_0_16.MMU_UTLB_RAM [mmu_utlb_ram_default]
Compiling architecture imp of entity microblaze_v11_0_16.carry_compare_mask [\carry_compare_mask(c_target=art...]
Compiling architecture imp of entity microblaze_v11_0_16.carry_compare_mask [\carry_compare_mask(c_target=art...]
Compiling architecture imp of entity microblaze_v11_0_16.carry_compare_mask [\carry_compare_mask(c_target=art...]
Compiling architecture imp of entity microblaze_v11_0_16.carry_compare [\carry_compare(c_target=artix7,s...]
Compiling architecture imp of entity microblaze_v11_0_16.carry_compare_mask [\carry_compare_mask(c_target=art...]
Compiling architecture imp of entity microblaze_riscv_v1_0_7.MMU_UTLB [\MMU_UTLB(c_target=artix7,c_allo...]
Compiling architecture imp of entity microblaze_v11_0_16.carry_compare_mask [\carry_compare_mask(c_target=art...]
Compiling architecture imp of entity microblaze_riscv_v1_0_7.MMU_TLB [\MMU_TLB(c_target=artix7,c_allow...]
Compiling architecture imp of entity microblaze_riscv_v1_0_7.MMU_TLB [\MMU_TLB(c_target=artix7,c_allow...]
Compiling architecture imp of entity microblaze_riscv_v1_0_7.MMU [\MMU(c_pipe_stages=5,c_data_size...]
Compiling architecture imp of entity microblaze_riscv_v1_0_7.pmp_checker [\pmp_checker(c_target=artix7,c_u...]
Compiling architecture imp of entity microblaze_riscv_v1_0_7.riscv_GTi [\riscv_GTi(c_num_sync_ff_clk=2,c...]
Compiling architecture imp of entity microblaze_v11_0_16.mb_sync_bit [\mb_sync_bit(c_reset_value='1')\]
Compiling architecture imp of entity microblaze_riscv_v1_0_7.riscv_core [\riscv_core(c_freq=75000000,c_us...]
Compiling architecture imp of entity microblaze_riscv_v1_0_7.riscv [\riscv(c_freq=75000000,c_family=...]
Compiling architecture mbv_system_microblaze_riscv_0_0_arch of entity xil_defaultlib.mbv_system_microblaze_riscv_0_0 [mbv_system_microblaze_riscv_0_0_...]
Compiling architecture srl16_v of entity unisim.SRL16 [\SRL16(init="1111111111111111")(...]
Compiling architecture imp of entity proc_sys_reset_v5_0_17.lpf [\lpf(c_ext_rst_width=4,c_aux_rst...]
Compiling architecture imp of entity proc_sys_reset_v5_0_17.upcnt_n [\upcnt_n(c_size=6)\]
Compiling architecture imp of entity proc_sys_reset_v5_0_17.sequence_psr [sequence_psr_default]
Compiling architecture imp of entity proc_sys_reset_v5_0_17.proc_sys_reset [\proc_sys_reset(c_family="artix7...]
Compiling architecture mbv_system_rst_clk_wiz_1_100m_1_arch of entity xil_defaultlib.mbv_system_rst_clk_wiz_1_100M_1 [mbv_system_rst_clk_wiz_1_100m_1_...]
Compiling architecture structure of entity xil_defaultlib.mbv_system [mbv_system_default]
Compiling architecture structure of entity xil_defaultlib.mbv_system_wrapper
Built simulation snapshot mbv_system_wrapper_behav
